ISO-10303-21;
HEADER;

/* File generated by HOOPS Exchange Version 24.2.0 */

FILE_DESCRIPTION(('HOOPS Exchange Step'),'2;1');

FILE_NAME('D:\\downloads\\captioncast\\captioncast\\enclosure\\exports\\v1\\BK_PNL_GRID.stp',
'2026-06-22T22:49:50+05:30',
('sushi'),
('Unknown organisation'),
'HOOPS Exchange 2024.2',
'HOOPS Exchange',
'Unknown authorisation');

FILE_SCHEMA( ('AP203_CONFIGURATION_CONTROLLED_3D_DESIGN_OF_MECHANICAL_PARTS_AND_ASSEMBLIES_MIM_LF') );

ENDSEC;

DATA;
#3=(NAMED_UNIT(*)PLANE_ANGLE_UNIT()SI_UNIT($,.RADIAN.));
#4=PLANE_ANGLE_MEASURE_WITH_UNIT(PLANE_ANGLE_MEASURE(0.0174532925),#3);
#5=(CONVERSION_BASED_UNIT('DEGREE',#4)NAMED_UNIT(#6)PLANE_ANGLE_UNIT());
#6=DIMENSIONAL_EXPONENTS(0.,0.,0.,0.,0.,0.,0.);
#7=(NAMED_UNIT(*)SI_UNIT($,.STERADIAN.)SOLID_ANGLE_UNIT());
#8=(LENGTH_UNIT()NAMED_UNIT(*)SI_UNIT(.MILLI.,.METRE.));
#9=UNCERTAINTY_MEASURE_WITH_UNIT(LENGTH_MEASURE(1.000000E-05),#8,'DISTANCE_ACCURACY_VALUE','Maximum Tolerance applied to model');
#10=(GEOMETRIC_REPRESENTATION_CONTEXT(3)GLOBAL_UNCERTAINTY_ASSIGNED_CONTEXT((#9))GLOBAL_UNIT_ASSIGNED_CONTEXT((#8,#5,#7))REPRESENTATION_CONTEXT('','root'));
#12=CARTESIAN_POINT('',(0.,0.,0.));
#13=DIRECTION('',(0.,0.,1.));
#14=DIRECTION('',(1.,0.,0.));
#15=AXIS2_PLACEMENT_3D('',#12,#13,#14);
#27=CARTESIAN_POINT('',(-37.931178492,46.445871089,6.340146241));
#28=DIRECTION('',(-0.,-1.,0.));
#29=DIRECTION('',(0.,0.,1.));
#30=AXIS2_PLACEMENT_3D('',#27,#28,#29);
#31=CYLINDRICAL_SURFACE('',#30,6.18);
#32=CARTESIAN_POINT('',(-44.111178492,44.445871089,6.340146241));
#33=VERTEX_POINT('',#32);
#34=CARTESIAN_POINT('',(-37.931178492,44.445871089,0.160146241));
#35=VERTEX_POINT('',#34);
#36=CARTESIAN_POINT('',(-37.931178492,44.445871089,6.340146241));
#37=DIRECTION('',(0.,-1.,0.));
#38=DIRECTION('',(0.,0.,-1.));
#39=AXIS2_PLACEMENT_3D('',#36,#37,#38);
#40=CIRCLE('',#39,6.18);
#41=EDGE_CURVE('',#33,#35,#40,.T.);
#42=ORIENTED_EDGE('',*,*,#41,.F.);
#43=CARTESIAN_POINT('',(-44.111178492,46.045871089,6.340146241));
#44=VERTEX_POINT('',#43);
#45=CARTESIAN_POINT('',(-44.111178492,46.045871089,6.340146241));
#46=DIRECTION('',(-0.,-1.,0.));
#47=VECTOR('',#46,1.6);
#48=LINE('',#45,#47);
#49=EDGE_CURVE('',#44,#33,#48,.T.);
#50=ORIENTED_EDGE('',*,*,#49,.F.);
#51=CARTESIAN_POINT('',(-37.931178492,46.045871089,0.160146241));
#52=VERTEX_POINT('',#51);
#53=CARTESIAN_POINT('',(-37.931178492,46.045871089,6.340146241));
#54=DIRECTION('',(0.,1.,-0.));
#55=DIRECTION('',(0.,-0.,-1.));
#56=AXIS2_PLACEMENT_3D('',#53,#54,#55);
#57=CIRCLE('',#56,6.18);
#58=EDGE_CURVE('',#52,#44,#57,.T.);
#59=ORIENTED_EDGE('',*,*,#58,.F.);
#60=CARTESIAN_POINT('',(-37.931178492,46.045871089,0.160146241));
#61=DIRECTION('',(-0.,-1.,0.));
#62=VECTOR('',#61,1.6);
#63=LINE('',#60,#62);
#64=EDGE_CURVE('',#52,#35,#63,.T.);
#65=ORIENTED_EDGE('',*,*,#64,.T.);
#66=EDGE_LOOP('',(#42,#50,#59,#65));
#67=FACE_BOUND('',#66,.T.);
#68=ADVANCED_FACE('',(#67),#31,.T.);
#69=CARTESIAN_POINT('',(-0.,46.445871089,0.160146241));
#70=DIRECTION('',(0.,0.,1.));
#71=DIRECTION('',(-1.,0.,0.));
#72=AXIS2_PLACEMENT_3D('',#69,#70,#71);
#73=PLANE('',#72);
#74=CARTESIAN_POINT('',(37.931178492,44.445871089,0.160146241));
#75=VERTEX_POINT('',#74);
#76=CARTESIAN_POINT('',(-37.931178492,44.445871089,0.160146241));
#77=DIRECTION('',(1.,0.,-0.));
#78=VECTOR('',#77,75.862356984);
#79=LINE('',#76,#78);
#80=EDGE_CURVE('',#35,#75,#79,.T.);
#81=ORIENTED_EDGE('',*,*,#80,.F.);
#82=ORIENTED_EDGE('',*,*,#64,.F.);
#83=CARTESIAN_POINT('',(37.931178492,46.045871089,0.160146241));
#84=VERTEX_POINT('',#83);
#85=CARTESIAN_POINT('',(37.931178492,46.045871089,0.160146241));
#86=DIRECTION('',(-1.,0.,0.));
#87=VECTOR('',#86,75.862356984);
#88=LINE('',#85,#87);
#89=EDGE_CURVE('',#84,#52,#88,.T.);
#90=ORIENTED_EDGE('',*,*,#89,.F.);
#91=CARTESIAN_POINT('',(37.931178492,46.045871089,0.160146241));
#92=DIRECTION('',(-0.,-1.,0.));
#93=VECTOR('',#92,1.6);
#94=LINE('',#91,#93);
#95=EDGE_CURVE('',#84,#75,#94,.T.);
#96=ORIENTED_EDGE('',*,*,#95,.T.);
#97=EDGE_LOOP('',(#81,#82,#90,#96));
#98=FACE_BOUND('',#97,.T.);
#99=ADVANCED_FACE('',(#98),#73,.F.);
#100=CARTESIAN_POINT('',(37.931178492,46.445871089,6.340146241));
#101=DIRECTION('',(-0.,-1.,0.));
#102=DIRECTION('',(0.,0.,1.));
#103=AXIS2_PLACEMENT_3D('',#100,#101,#102);
#104=CYLINDRICAL_SURFACE('',#103,6.18);
#105=CARTESIAN_POINT('',(44.111178492,44.445871089,6.340146241));
#106=VERTEX_POINT('',#105);
#107=CARTESIAN_POINT('',(37.931178492,44.445871089,6.340146241));
#108=DIRECTION('',(0.,-1.,0.));
#109=DIRECTION('',(0.,0.,-1.));
#110=AXIS2_PLACEMENT_3D('',#107,#108,#109);
#111=CIRCLE('',#110,6.18);
#112=EDGE_CURVE('',#75,#106,#111,.T.);
#113=ORIENTED_EDGE('',*,*,#112,.F.);
#114=ORIENTED_EDGE('',*,*,#95,.F.);
#115=CARTESIAN_POINT('',(44.111178492,46.045871089,6.340146241));
#116=VERTEX_POINT('',#115);
#117=CARTESIAN_POINT('',(37.931178492,46.045871089,6.340146241));
#118=DIRECTION('',(0.,1.,-0.));
#119=DIRECTION('',(0.,-0.,-1.));
#120=AXIS2_PLACEMENT_3D('',#117,#118,#119);
#121=CIRCLE('',#120,6.18);
#122=EDGE_CURVE('',#116,#84,#121,.T.);
#123=ORIENTED_EDGE('',*,*,#122,.F.);
#124=CARTESIAN_POINT('',(44.111178492,46.045871089,6.340146241));
#125=DIRECTION('',(-0.,-1.,0.));
#126=VECTOR('',#125,1.6);
#127=LINE('',#124,#126);
#128=EDGE_CURVE('',#116,#106,#127,.T.);
#129=ORIENTED_EDGE('',*,*,#128,.T.);
#130=EDGE_LOOP('',(#113,#114,#123,#129));
#131=FACE_BOUND('',#130,.T.);
#132=ADVANCED_FACE('',(#131),#104,.T.);
#133=CARTESIAN_POINT('',(44.111178492,46.445871089,23.275080711));
#134=DIRECTION('',(-1.,0.,0.));
#135=DIRECTION('',(-0.,0.,-1.));
#136=AXIS2_PLACEMENT_3D('',#133,#134,#135);
#137=PLANE('',#136);
#138=CARTESIAN_POINT('',(44.111178492,44.445871089,40.210015182));
#139=VERTEX_POINT('',#138);
#140=CARTESIAN_POINT('',(44.111178492,44.445871089,6.340146241));
#141=DIRECTION('',(0.,0.,1.));
#142=VECTOR('',#141,33.869868941);
#143=LINE('',#140,#142);
#144=EDGE_CURVE('',#106,#139,#143,.T.);
#145=ORIENTED_EDGE('',*,*,#144,.F.);
#146=ORIENTED_EDGE('',*,*,#128,.F.);
#147=CARTESIAN_POINT('',(44.111178492,46.045871089,40.210015182));
#148=VERTEX_POINT('',#147);
#149=CARTESIAN_POINT('',(44.111178492,46.045871089,40.210015182));
#150=DIRECTION('',(-0.,-0.,-1.));
#151=VECTOR('',#150,33.869868941);
#152=LINE('',#149,#151);
#153=EDGE_CURVE('',#148,#116,#152,.T.);
#154=ORIENTED_EDGE('',*,*,#153,.F.);
#155=CARTESIAN_POINT('',(44.111178492,46.045871089,40.210015182));
#156=DIRECTION('',(-0.,-1.,0.));
#157=VECTOR('',#156,1.6);
#158=LINE('',#155,#157);
#159=EDGE_CURVE('',#148,#139,#158,.T.);
#160=ORIENTED_EDGE('',*,*,#159,.T.);
#161=EDGE_LOOP('',(#145,#146,#154,#160));
#162=FACE_BOUND('',#161,.T.);
#163=ADVANCED_FACE('',(#162),#137,.F.);
#164=CARTESIAN_POINT('',(37.931178492,46.445871089,40.210015182));
#165=DIRECTION('',(-0.,-1.,0.));
#166=DIRECTION('',(0.,0.,1.));
#167=AXIS2_PLACEMENT_3D('',#164,#165,#166);
#168=CYLINDRICAL_SURFACE('',#167,6.18);
#169=CARTESIAN_POINT('',(37.931178492,44.445871089,46.390015182));
#170=VERTEX_POINT('',#169);
#171=CARTESIAN_POINT('',(37.931178492,44.445871089,40.210015182));
#172=DIRECTION('',(0.,-1.,0.));
#173=DIRECTION('',(0.,0.,-1.));
#174=AXIS2_PLACEMENT_3D('',#171,#172,#173);
#175=CIRCLE('',#174,6.18);
#176=EDGE_CURVE('',#139,#170,#175,.T.);
#177=ORIENTED_EDGE('',*,*,#176,.F.);
#178=ORIENTED_EDGE('',*,*,#159,.F.);
#179=CARTESIAN_POINT('',(37.931178492,46.045871089,46.390015182));
#180=VERTEX_POINT('',#179);
#181=CARTESIAN_POINT('',(37.931178492,46.045871089,40.210015182));
#182=DIRECTION('',(0.,1.,-0.));
#183=DIRECTION('',(0.,-0.,-1.));
#184=AXIS2_PLACEMENT_3D('',#181,#182,#183);
#185=CIRCLE('',#184,6.18);
#186=EDGE_CURVE('',#180,#148,#185,.T.);
#187=ORIENTED_EDGE('',*,*,#186,.F.);
#188=CARTESIAN_POINT('',(37.931178492,46.045871089,46.390015182));
#189=DIRECTION('',(-0.,-1.,0.));
#190=VECTOR('',#189,1.6);
#191=LINE('',#188,#190);
#192=EDGE_CURVE('',#180,#170,#191,.T.);
#193=ORIENTED_EDGE('',*,*,#192,.T.);
#194=EDGE_LOOP('',(#177,#178,#187,#193));
#195=FACE_BOUND('',#194,.T.);
#196=ADVANCED_FACE('',(#195),#168,.T.);
#197=CARTESIAN_POINT('',(-0.,46.445871089,46.390015182));
#198=DIRECTION('',(0.,0.,-1.));
#199=DIRECTION('',(1.,-0.,0.));
#200=AXIS2_PLACEMENT_3D('',#197,#198,#199);
#201=PLANE('',#200);
#202=CARTESIAN_POINT('',(-37.931178492,44.445871089,46.390015182));
#203=VERTEX_POINT('',#202);
#204=CARTESIAN_POINT('',(37.931178492,44.445871089,46.390015182));
#205=DIRECTION('',(-1.,0.,0.));
#206=VECTOR('',#205,75.862356984);
#207=LINE('',#204,#206);
#208=EDGE_CURVE('',#170,#203,#207,.T.);
#209=ORIENTED_EDGE('',*,*,#208,.F.);
#210=ORIENTED_EDGE('',*,*,#192,.F.);
#211=CARTESIAN_POINT('',(-37.931178492,46.045871089,46.390015182));
#212=VERTEX_POINT('',#211);
#213=CARTESIAN_POINT('',(-37.931178492,46.045871089,46.390015182));
#214=DIRECTION('',(1.,-0.,0.));
#215=VECTOR('',#214,75.862356984);
#216=LINE('',#213,#215);
#217=EDGE_CURVE('',#212,#180,#216,.T.);
#218=ORIENTED_EDGE('',*,*,#217,.F.);
#219=CARTESIAN_POINT('',(-37.931178492,46.045871089,46.390015182));
#220=DIRECTION('',(-0.,-1.,0.));
#221=VECTOR('',#220,1.6);
#222=LINE('',#219,#221);
#223=EDGE_CURVE('',#212,#203,#222,.T.);
#224=ORIENTED_EDGE('',*,*,#223,.T.);
#225=EDGE_LOOP('',(#209,#210,#218,#224));
#226=FACE_BOUND('',#225,.T.);
#227=ADVANCED_FACE('',(#226),#201,.F.);
#228=CARTESIAN_POINT('',(-37.931178492,46.445871089,40.210015182));
#229=DIRECTION('',(-0.,-1.,0.));
#230=DIRECTION('',(0.,0.,1.));
#231=AXIS2_PLACEMENT_3D('',#228,#229,#230);
#232=CYLINDRICAL_SURFACE('',#231,6.18);
#233=CARTESIAN_POINT('',(-44.111178492,44.445871089,40.210015182));
#234=VERTEX_POINT('',#233);
#235=CARTESIAN_POINT('',(-37.931178492,44.445871089,40.210015182));
#236=DIRECTION('',(0.,-1.,0.));
#237=DIRECTION('',(0.,0.,-1.));
#238=AXIS2_PLACEMENT_3D('',#235,#236,#237);
#239=CIRCLE('',#238,6.18);
#240=EDGE_CURVE('',#203,#234,#239,.T.);
#241=ORIENTED_EDGE('',*,*,#240,.F.);
#242=ORIENTED_EDGE('',*,*,#223,.F.);
#243=CARTESIAN_POINT('',(-44.111178492,46.045871089,40.210015182));
#244=VERTEX_POINT('',#243);
#245=CARTESIAN_POINT('',(-37.931178492,46.045871089,40.210015182));
#246=DIRECTION('',(0.,1.,-0.));
#247=DIRECTION('',(0.,-0.,-1.));
#248=AXIS2_PLACEMENT_3D('',#245,#246,#247);
#249=CIRCLE('',#248,6.18);
#250=EDGE_CURVE('',#244,#212,#249,.T.);
#251=ORIENTED_EDGE('',*,*,#250,.F.);
#252=CARTESIAN_POINT('',(-44.111178492,46.045871089,40.210015182));
#253=DIRECTION('',(-0.,-1.,0.));
#254=VECTOR('',#253,1.6);
#255=LINE('',#252,#254);
#256=EDGE_CURVE('',#244,#234,#255,.T.);
#257=ORIENTED_EDGE('',*,*,#256,.T.);
#258=EDGE_LOOP('',(#241,#242,#251,#257));
#259=FACE_BOUND('',#258,.T.);
#260=ADVANCED_FACE('',(#259),#232,.T.);
#261=CARTESIAN_POINT('',(-44.111178492,46.445871089,23.275080711));
#262=DIRECTION('',(1.,-0.,-0.));
#263=DIRECTION('',(0.,-0.,1.));
#264=AXIS2_PLACEMENT_3D('',#261,#262,#263);
#265=PLANE('',#264);
#266=CARTESIAN_POINT('',(-44.111178492,44.445871089,40.210015182));
#267=DIRECTION('',(-0.,0.,-1.));
#268=VECTOR('',#267,33.869868941);
#269=LINE('',#266,#268);
#270=EDGE_CURVE('',#234,#33,#269,.T.);
#271=ORIENTED_EDGE('',*,*,#270,.F.);
#272=ORIENTED_EDGE('',*,*,#256,.F.);
#273=CARTESIAN_POINT('',(-44.111178492,46.045871089,6.340146241));
#274=DIRECTION('',(0.,0.,1.));
#275=VECTOR('',#274,33.869868941);
#276=LINE('',#273,#275);
#277=EDGE_CURVE('',#44,#244,#276,.T.);
#278=ORIENTED_EDGE('',*,*,#277,.F.);
#279=ORIENTED_EDGE('',*,*,#49,.T.);
#280=EDGE_LOOP('',(#271,#272,#278,#279));
#281=FACE_BOUND('',#280,.T.);
#282=ADVANCED_FACE('',(#281),#265,.F.);
#283=CARTESIAN_POINT('',(-37.340831973,202.251250808,30.858500248));
#284=DIRECTION('',(-0.,-1.,0.));
#285=DIRECTION('',(1.,-0.,0.));
#286=AXIS2_PLACEMENT_3D('',#283,#284,#285);
#287=CYLINDRICAL_SURFACE('',#286,1.54979687);
#288=CARTESIAN_POINT('',(-35.791035102,44.445871089,30.858500248));
#289=VERTEX_POINT('',#288);
#290=CARTESIAN_POINT('',(-35.791035102,45.245871089,30.858500248));
#291=VERTEX_POINT('',#290);
#292=CARTESIAN_POINT('',(-35.791035102,44.445871089,30.858500248));
#293=DIRECTION('',(0.,1.,-0.));
#294=VECTOR('',#293,0.8);
#295=LINE('',#292,#294);
#296=EDGE_CURVE('',#289,#291,#295,.T.);
#297=ORIENTED_EDGE('',*,*,#296,.F.);
#298=CARTESIAN_POINT('',(-37.340831973,44.445871089,29.308703377));
#299=VERTEX_POINT('',#298);
#300=CARTESIAN_POINT('',(-37.340831973,44.445871089,30.858500248));
#301=DIRECTION('',(-0.,1.,-0.));
#302=DIRECTION('',(0.,0.,-1.));
#303=AXIS2_PLACEMENT_3D('',#300,#301,#302);
#304=CIRCLE('',#303,1.54979687);
#305=EDGE_CURVE('',#299,#289,#304,.T.);
#306=ORIENTED_EDGE('',*,*,#305,.F.);
#307=CARTESIAN_POINT('',(-37.340831973,44.445871089,30.858500248));
#308=DIRECTION('',(-0.,1.,-0.));
#309=DIRECTION('',(0.,0.,-1.));
#310=AXIS2_PLACEMENT_3D('',#307,#308,#309);
#311=CIRCLE('',#310,1.54979687);
#312=EDGE_CURVE('',#289,#299,#311,.T.);
#313=ORIENTED_EDGE('',*,*,#312,.F.);
#314=ORIENTED_EDGE('',*,*,#296,.T.);
#315=CARTESIAN_POINT('',(-37.340831973,45.245871089,30.858500248));
#316=DIRECTION('',(0.,-1.,0.));
#317=DIRECTION('',(1.,0.,0.));
#318=AXIS2_PLACEMENT_3D('',#315,#316,#317);
#319=CIRCLE('',#318,1.54979687);
#320=EDGE_CURVE('',#291,#291,#319,.T.);
#321=ORIENTED_EDGE('',*,*,#320,.F.);
#322=EDGE_LOOP('',(#297,#306,#313,#314,#321));
#323=FACE_BOUND('',#322,.T.);
#324=ADVANCED_FACE('',(#323),#287,.F.);
#325=CARTESIAN_POINT('',(37.340831973,195.075144096,30.858500248));
#326=DIRECTION('',(-0.,-1.,0.));
#327=DIRECTION('',(1.,-0.,0.));
#328=AXIS2_PLACEMENT_3D('',#325,#326,#327);
#329=CYLINDRICAL_SURFACE('',#328,1.54979687);
#330=CARTESIAN_POINT('',(38.890628843,44.445871089,30.858500248));
#331=VERTEX_POINT('',#330);
#332=CARTESIAN_POINT('',(38.890628843,45.245871089,30.858500248));
#333=VERTEX_POINT('',#332);
#334=CARTESIAN_POINT('',(38.890628843,44.445871089,30.858500248));
#335=DIRECTION('',(0.,1.,-0.));
#336=VECTOR('',#335,0.8);
#337=LINE('',#334,#336);
#338=EDGE_CURVE('',#331,#333,#337,.T.);
#339=ORIENTED_EDGE('',*,*,#338,.F.);
#340=CARTESIAN_POINT('',(37.340831973,44.445871089,29.308703377));
#341=VERTEX_POINT('',#340);
#342=CARTESIAN_POINT('',(37.340831973,44.445871089,30.858500248));
#343=DIRECTION('',(-0.,1.,-0.));
#344=DIRECTION('',(0.,0.,-1.));
#345=AXIS2_PLACEMENT_3D('',#342,#343,#344);
#346=CIRCLE('',#345,1.54979687);
#347=EDGE_CURVE('',#341,#331,#346,.T.);
#348=ORIENTED_EDGE('',*,*,#347,.F.);
#349=CARTESIAN_POINT('',(37.340831973,44.445871089,30.858500248));
#350=DIRECTION('',(-0.,1.,-0.));
#351=DIRECTION('',(0.,0.,-1.));
#352=AXIS2_PLACEMENT_3D('',#349,#350,#351);
#353=CIRCLE('',#352,1.54979687);
#354=EDGE_CURVE('',#331,#341,#353,.T.);
#355=ORIENTED_EDGE('',*,*,#354,.F.);
#356=ORIENTED_EDGE('',*,*,#338,.T.);
#357=CARTESIAN_POINT('',(37.340831973,45.245871089,30.858500248));
#358=DIRECTION('',(-0.,-1.,0.));
#359=DIRECTION('',(1.,-0.,0.));
#360=AXIS2_PLACEMENT_3D('',#357,#358,#359);
#361=CIRCLE('',#360,1.54979687);
#362=EDGE_CURVE('',#333,#333,#361,.T.);
#363=ORIENTED_EDGE('',*,*,#362,.F.);
#364=EDGE_LOOP('',(#339,#348,#355,#356,#363));
#365=FACE_BOUND('',#364,.T.);
#366=ADVANCED_FACE('',(#365),#329,.F.);
#367=CARTESIAN_POINT('',(37.340831973,202.509440084,15.821441755));
#368=DIRECTION('',(-0.,-1.,0.));
#369=DIRECTION('',(1.,-0.,0.));
#370=AXIS2_PLACEMENT_3D('',#367,#368,#369);
#371=CYLINDRICAL_SURFACE('',#370,1.54979687);
#372=CARTESIAN_POINT('',(38.890628843,44.445871089,15.821441755));
#373=VERTEX_POINT('',#372);
#374=CARTESIAN_POINT('',(38.890628843,45.245871089,15.821441755));
#375=VERTEX_POINT('',#374);
#376=CARTESIAN_POINT('',(38.890628843,44.445871089,15.821441755));
#377=DIRECTION('',(0.,1.,-0.));
#378=VECTOR('',#377,0.8);
#379=LINE('',#376,#378);
#380=EDGE_CURVE('',#373,#375,#379,.T.);
#381=ORIENTED_EDGE('',*,*,#380,.F.);
#382=CARTESIAN_POINT('',(37.340831973,44.445871089,14.271644884));
#383=VERTEX_POINT('',#382);
#384=CARTESIAN_POINT('',(37.340831973,44.445871089,15.821441755));
#385=DIRECTION('',(-0.,1.,-0.));
#386=DIRECTION('',(0.,0.,-1.));
#387=AXIS2_PLACEMENT_3D('',#384,#385,#386);
#388=CIRCLE('',#387,1.54979687);
#389=EDGE_CURVE('',#383,#373,#388,.T.);
#390=ORIENTED_EDGE('',*,*,#389,.F.);
#391=CARTESIAN_POINT('',(37.340831973,44.445871089,15.821441755));
#392=DIRECTION('',(-0.,1.,-0.));
#393=DIRECTION('',(0.,0.,-1.));
#394=AXIS2_PLACEMENT_3D('',#391,#392,#393);
#395=CIRCLE('',#394,1.54979687);
#396=EDGE_CURVE('',#373,#383,#395,.T.);
#397=ORIENTED_EDGE('',*,*,#396,.F.);
#398=ORIENTED_EDGE('',*,*,#380,.T.);
#399=CARTESIAN_POINT('',(37.340831973,45.245871089,15.821441755));
#400=DIRECTION('',(-0.,-1.,0.));
#401=DIRECTION('',(1.,-0.,0.));
#402=AXIS2_PLACEMENT_3D('',#399,#400,#401);
#403=CIRCLE('',#402,1.54979687);
#404=EDGE_CURVE('',#375,#375,#403,.T.);
#405=ORIENTED_EDGE('',*,*,#404,.F.);
#406=EDGE_LOOP('',(#381,#390,#397,#398,#405));
#407=FACE_BOUND('',#406,.T.);
#408=ADVANCED_FACE('',(#407),#371,.F.);
#409=CARTESIAN_POINT('',(-37.340831973,194.763739977,15.821441755));
#410=DIRECTION('',(-0.,-1.,0.));
#411=DIRECTION('',(1.,-0.,0.));
#412=AXIS2_PLACEMENT_3D('',#409,#410,#411);
#413=CYLINDRICAL_SURFACE('',#412,1.54979687);
#414=CARTESIAN_POINT('',(-35.791035102,44.445871089,15.821441755));
#415=VERTEX_POINT('',#414);
#416=CARTESIAN_POINT('',(-35.791035102,45.245871089,15.821441755));
#417=VERTEX_POINT('',#416);
#418=CARTESIAN_POINT('',(-35.791035102,44.445871089,15.821441755));
#419=DIRECTION('',(0.,1.,-0.));
#420=VECTOR('',#419,0.8);
#421=LINE('',#418,#420);
#422=EDGE_CURVE('',#415,#417,#421,.T.);
#423=ORIENTED_EDGE('',*,*,#422,.F.);
#424=CARTESIAN_POINT('',(-37.340831973,44.445871089,14.271644884));
#425=VERTEX_POINT('',#424);
#426=CARTESIAN_POINT('',(-37.340831973,44.445871089,15.821441755));
#427=DIRECTION('',(-0.,1.,-0.));
#428=DIRECTION('',(0.,0.,-1.));
#429=AXIS2_PLACEMENT_3D('',#426,#427,#428);
#430=CIRCLE('',#429,1.54979687);
#431=EDGE_CURVE('',#425,#415,#430,.T.);
#432=ORIENTED_EDGE('',*,*,#431,.F.);
#433=CARTESIAN_POINT('',(-37.340831973,44.445871089,15.821441755));
#434=DIRECTION('',(-0.,1.,-0.));
#435=DIRECTION('',(0.,0.,-1.));
#436=AXIS2_PLACEMENT_3D('',#433,#434,#435);
#437=CIRCLE('',#436,1.54979687);
#438=EDGE_CURVE('',#415,#425,#437,.T.);
#439=ORIENTED_EDGE('',*,*,#438,.F.);
#440=ORIENTED_EDGE('',*,*,#422,.T.);
#441=CARTESIAN_POINT('',(-37.340831973,45.245871089,15.821441755));
#442=DIRECTION('',(0.,-1.,0.));
#443=DIRECTION('',(1.,0.,0.));
#444=AXIS2_PLACEMENT_3D('',#441,#442,#443);
#445=CIRCLE('',#444,1.54979687);
#446=EDGE_CURVE('',#417,#417,#445,.T.);
#447=ORIENTED_EDGE('',*,*,#446,.F.);
#448=EDGE_LOOP('',(#423,#432,#439,#440,#447));
#449=FACE_BOUND('',#448,.T.);
#450=ADVANCED_FACE('',(#449),#413,.F.);
#451=CARTESIAN_POINT('',(-14.411014298,60.993940984,10.008221135));
#452=DIRECTION('',(-0.,-1.,0.));
#453=DIRECTION('',(-1.,0.,0.));
#454=AXIS2_PLACEMENT_3D('',#451,#452,#453);
#455=CYLINDRICAL_SURFACE('',#454,1.54979687);
#456=CARTESIAN_POINT('',(-15.960811168,44.445871089,10.008221135));
#457=VERTEX_POINT('',#456);
#458=CARTESIAN_POINT('',(-15.960811168,45.248558941,10.008221135));
#459=VERTEX_POINT('',#458);
#460=CARTESIAN_POINT('',(-15.960811168,44.445871089,10.008221135));
#461=DIRECTION('',(0.,1.,-0.));
#462=VECTOR('',#461,0.802687852);
#463=LINE('',#460,#462);
#464=EDGE_CURVE('',#457,#459,#463,.T.);
#465=ORIENTED_EDGE('',*,*,#464,.F.);
#466=CARTESIAN_POINT('',(-14.411014298,44.445871089,8.458424264));
#467=VERTEX_POINT('',#466);
#468=CARTESIAN_POINT('',(-14.411014298,44.445871089,10.008221135));
#469=DIRECTION('',(-0.,1.,-0.));
#470=DIRECTION('',(0.,0.,-1.));
#471=AXIS2_PLACEMENT_3D('',#468,#469,#470);
#472=CIRCLE('',#471,1.54979687);
#473=EDGE_CURVE('',#467,#457,#472,.T.);
#474=ORIENTED_EDGE('',*,*,#473,.F.);
#475=CARTESIAN_POINT('',(-14.411014298,44.445871089,10.008221135));
#476=DIRECTION('',(-0.,1.,-0.));
#477=DIRECTION('',(0.,0.,-1.));
#478=AXIS2_PLACEMENT_3D('',#475,#476,#477);
#479=CIRCLE('',#478,1.54979687);
#480=EDGE_CURVE('',#457,#467,#479,.T.);
#481=ORIENTED_EDGE('',*,*,#480,.F.);
#482=ORIENTED_EDGE('',*,*,#464,.T.);
#483=CARTESIAN_POINT('',(-14.411014298,45.248558941,10.008221135));
#484=DIRECTION('',(0.,1.,-0.));
#485=DIRECTION('',(-1.,0.,0.));
#486=AXIS2_PLACEMENT_3D('',#483,#484,#485);
#487=CIRCLE('',#486,1.54979687);
#488=EDGE_CURVE('',#459,#459,#487,.T.);
#489=ORIENTED_EDGE('',*,*,#488,.T.);
#490=EDGE_LOOP('',(#465,#474,#481,#482,#489));
#491=FACE_BOUND('',#490,.T.);
#492=ADVANCED_FACE('',(#491),#455,.F.);
#493=CARTESIAN_POINT('',(14.573736489,60.993940984,10.008221135));
#494=DIRECTION('',(0.,-1.,0.));
#495=DIRECTION('',(1.,0.,0.));
#496=AXIS2_PLACEMENT_3D('',#493,#494,#495);
#497=CYLINDRICAL_SURFACE('',#496,1.54979687);
#498=CARTESIAN_POINT('',(16.123533359,44.445871089,10.008221135));
#499=VERTEX_POINT('',#498);
#500=CARTESIAN_POINT('',(16.123533359,45.248558941,10.008221135));
#501=VERTEX_POINT('',#500);
#502=CARTESIAN_POINT('',(16.123533359,44.445871089,10.008221135));
#503=DIRECTION('',(-0.,1.,-0.));
#504=VECTOR('',#503,0.802687852);
#505=LINE('',#502,#504);
#506=EDGE_CURVE('',#499,#501,#505,.T.);
#507=ORIENTED_EDGE('',*,*,#506,.F.);
#508=CARTESIAN_POINT('',(14.573736489,44.445871089,8.458424264));
#509=VERTEX_POINT('',#508);
#510=CARTESIAN_POINT('',(14.573736489,44.445871089,10.008221135));
#511=DIRECTION('',(-0.,1.,-0.));
#512=DIRECTION('',(0.,0.,-1.));
#513=AXIS2_PLACEMENT_3D('',#510,#511,#512);
#514=CIRCLE('',#513,1.54979687);
#515=EDGE_CURVE('',#509,#499,#514,.T.);
#516=ORIENTED_EDGE('',*,*,#515,.F.);
#517=CARTESIAN_POINT('',(14.573736489,44.445871089,10.008221135));
#518=DIRECTION('',(-0.,1.,-0.));
#519=DIRECTION('',(0.,0.,-1.));
#520=AXIS2_PLACEMENT_3D('',#517,#518,#519);
#521=CIRCLE('',#520,1.54979687);
#522=EDGE_CURVE('',#499,#509,#521,.T.);
#523=ORIENTED_EDGE('',*,*,#522,.F.);
#524=ORIENTED_EDGE('',*,*,#506,.T.);
#525=CARTESIAN_POINT('',(13.023939618,45.248558941,10.008221135));
#526=VERTEX_POINT('',#525);
#527=CARTESIAN_POINT('',(14.573736489,45.248558941,10.008221135));
#528=DIRECTION('',(0.,-1.,0.));
#529=DIRECTION('',(-1.,-0.,0.));
#530=AXIS2_PLACEMENT_3D('',#527,#528,#529);
#531=CIRCLE('',#530,1.54979687);
#532=EDGE_CURVE('',#526,#501,#531,.T.);
#533=ORIENTED_EDGE('',*,*,#532,.F.);
#534=CARTESIAN_POINT('',(14.573736489,45.248558941,10.008221135));
#535=DIRECTION('',(0.,-1.,0.));
#536=DIRECTION('',(-1.,-0.,0.));
#537=AXIS2_PLACEMENT_3D('',#534,#535,#536);
#538=CIRCLE('',#537,1.54979687);
#539=EDGE_CURVE('',#501,#526,#538,.T.);
#540=ORIENTED_EDGE('',*,*,#539,.F.);
#541=EDGE_LOOP('',(#507,#516,#523,#524,#533,#540));
#542=FACE_BOUND('',#541,.T.);
#543=ADVANCED_FACE('',(#542),#497,.F.);
#544=CARTESIAN_POINT('',(3.274612766,8.408012119,10.311582667));
#545=DIRECTION('',(0.,1.,-0.));
#546=DIRECTION('',(-0.,-0.,-1.));
#547=AXIS2_PLACEMENT_3D('',#544,#545,#546);
#548=CYLINDRICAL_SURFACE('',#547,1.455184966);
#549=CARTESIAN_POINT('',(3.274612766,44.445871089,11.766767633));
#550=VERTEX_POINT('',#549);
#551=CARTESIAN_POINT('',(4.729797732,44.445871089,10.311582667));
#552=VERTEX_POINT('',#551);
#553=CARTESIAN_POINT('',(3.274612766,44.445871089,10.311582667));
#554=DIRECTION('',(-0.,1.,-0.));
#555=DIRECTION('',(0.,0.,-1.));
#556=AXIS2_PLACEMENT_3D('',#553,#554,#555);
#557=CIRCLE('',#556,1.455184966);
#558=EDGE_CURVE('',#550,#552,#557,.T.);
#559=ORIENTED_EDGE('',*,*,#558,.F.);
#560=CARTESIAN_POINT('',(3.274612766,46.045871089,11.766767633));
#561=VERTEX_POINT('',#560);
#562=CARTESIAN_POINT('',(3.274612766,44.445871089,11.766767633));
#563=DIRECTION('',(0.,1.,-0.));
#564=VECTOR('',#563,1.6);
#565=LINE('',#562,#564);
#566=EDGE_CURVE('',#550,#561,#565,.T.);
#567=ORIENTED_EDGE('',*,*,#566,.T.);
#568=CARTESIAN_POINT('',(4.729797732,46.045871089,10.311582667));
#569=VERTEX_POINT('',#568);
#570=CARTESIAN_POINT('',(3.274612766,46.045871089,10.311582667));
#571=DIRECTION('',(-0.,-1.,0.));
#572=DIRECTION('',(0.,-0.,-1.));
#573=AXIS2_PLACEMENT_3D('',#570,#571,#572);
#574=CIRCLE('',#573,1.455184966);
#575=EDGE_CURVE('',#569,#561,#574,.T.);
#576=ORIENTED_EDGE('',*,*,#575,.F.);
#577=CARTESIAN_POINT('',(4.729797732,44.445871089,10.311582667));
#578=DIRECTION('',(0.,1.,-0.));
#579=VECTOR('',#578,1.6);
#580=LINE('',#577,#579);
#581=EDGE_CURVE('',#552,#569,#580,.T.);
#582=ORIENTED_EDGE('',*,*,#581,.F.);
#583=EDGE_LOOP('',(#559,#567,#576,#582));
#584=FACE_BOUND('',#583,.T.);
#585=ADVANCED_FACE('',(#584),#548,.F.);
#586=CARTESIAN_POINT('',(4.729796398,8.408012119,10.311582667));
#587=DIRECTION('',(1.,-0.,0.));
#588=DIRECTION('',(0.,0.,1.));
#589=AXIS2_PLACEMENT_3D('',#586,#587,#588);
#590=PLANE('',#589);
#591=CARTESIAN_POINT('',(4.729796398,44.445871089,9.692289471));
#592=VERTEX_POINT('',#591);
#593=CARTESIAN_POINT('',(4.729796398,44.445871089,10.311582667));
#594=DIRECTION('',(0.,0.,-1.));
#595=VECTOR('',#594,0.619293196);
#596=LINE('',#593,#595);
#597=EDGE_CURVE('',#552,#592,#596,.T.);
#598=ORIENTED_EDGE('',*,*,#597,.F.);
#599=ORIENTED_EDGE('',*,*,#581,.T.);
#600=CARTESIAN_POINT('',(4.729796398,46.045871089,9.692289471));
#601=VERTEX_POINT('',#600);
#602=CARTESIAN_POINT('',(4.729796398,46.045871089,9.692289471));
#603=DIRECTION('',(0.,0.,1.));
#604=VECTOR('',#603,0.619293196);
#605=LINE('',#602,#604);
#606=EDGE_CURVE('',#601,#569,#605,.T.);
#607=ORIENTED_EDGE('',*,*,#606,.F.);
#608=CARTESIAN_POINT('',(4.729796398,44.445871089,9.692289471));
#609=DIRECTION('',(0.,1.,-0.));
#610=VECTOR('',#609,1.6);
#611=LINE('',#608,#610);
#612=EDGE_CURVE('',#592,#601,#611,.T.);
#613=ORIENTED_EDGE('',*,*,#612,.F.);
#614=EDGE_LOOP('',(#598,#599,#607,#613));
#615=FACE_BOUND('',#614,.T.);
#616=ADVANCED_FACE('',(#615),#590,.F.);
#617=CARTESIAN_POINT('',(3.274611432,8.408012119,9.692289471));
#618=DIRECTION('',(0.,1.,-0.));
#619=DIRECTION('',(-0.,-0.,-1.));
#620=AXIS2_PLACEMENT_3D('',#617,#618,#619);
#621=CYLINDRICAL_SURFACE('',#620,1.455184966);
#622=CARTESIAN_POINT('',(3.274611432,44.445871089,8.237104505));
#623=VERTEX_POINT('',#622);
#624=CARTESIAN_POINT('',(3.274611432,44.445871089,9.692289471));
#625=DIRECTION('',(-0.,1.,-0.));
#626=DIRECTION('',(0.,0.,-1.));
#627=AXIS2_PLACEMENT_3D('',#624,#625,#626);
#628=CIRCLE('',#627,1.455184966);
#629=EDGE_CURVE('',#592,#623,#628,.T.);
#630=ORIENTED_EDGE('',*,*,#629,.F.);
#631=ORIENTED_EDGE('',*,*,#612,.T.);
#632=CARTESIAN_POINT('',(3.274611432,46.045871089,8.237104505));
#633=VERTEX_POINT('',#632);
#634=CARTESIAN_POINT('',(3.274611432,46.045871089,9.692289471));
#635=DIRECTION('',(-0.,-1.,0.));
#636=DIRECTION('',(0.,-0.,-1.));
#637=AXIS2_PLACEMENT_3D('',#634,#635,#636);
#638=CIRCLE('',#637,1.455184966);
#639=EDGE_CURVE('',#633,#601,#638,.T.);
#640=ORIENTED_EDGE('',*,*,#639,.F.);
#641=CARTESIAN_POINT('',(3.274611432,44.445871089,8.237104505));
#642=DIRECTION('',(0.,1.,-0.));
#643=VECTOR('',#642,1.6);
#644=LINE('',#641,#643);
#645=EDGE_CURVE('',#623,#633,#644,.T.);
#646=ORIENTED_EDGE('',*,*,#645,.F.);
#647=EDGE_LOOP('',(#630,#631,#640,#646));
#648=FACE_BOUND('',#647,.T.);
#649=ADVANCED_FACE('',(#648),#621,.F.);
#650=CARTESIAN_POINT('',(3.274611432,8.408012119,8.237104505));
#651=DIRECTION('',(-0.,-0.,-1.));
#652=DIRECTION('',(1.,-0.,0.));
#653=AXIS2_PLACEMENT_3D('',#650,#651,#652);
#654=PLANE('',#653);
#655=CARTESIAN_POINT('',(-3.111865161,44.445871089,8.237104505));
#656=VERTEX_POINT('',#655);
#657=CARTESIAN_POINT('',(3.274611432,44.445871089,8.237104505));
#658=DIRECTION('',(-1.,0.,0.));
#659=VECTOR('',#658,6.386476593);
#660=LINE('',#657,#659);
#661=EDGE_CURVE('',#623,#656,#660,.T.);
#662=ORIENTED_EDGE('',*,*,#661,.F.);
#663=ORIENTED_EDGE('',*,*,#645,.T.);
#664=CARTESIAN_POINT('',(-3.111865161,46.045871089,8.237104505));
#665=VERTEX_POINT('',#664);
#666=CARTESIAN_POINT('',(-3.111865161,46.045871089,8.237104505));
#667=DIRECTION('',(1.,-0.,0.));
#668=VECTOR('',#667,6.386476593);
#669=LINE('',#666,#668);
#670=EDGE_CURVE('',#665,#633,#669,.T.);
#671=ORIENTED_EDGE('',*,*,#670,.F.);
#672=CARTESIAN_POINT('',(-3.111865161,44.445871089,8.237104505));
#673=DIRECTION('',(0.,1.,-0.));
#674=VECTOR('',#673,1.6);
#675=LINE('',#672,#674);
#676=EDGE_CURVE('',#656,#665,#675,.T.);
#677=ORIENTED_EDGE('',*,*,#676,.F.);
#678=EDGE_LOOP('',(#662,#663,#671,#677));
#679=FACE_BOUND('',#678,.T.);
#680=ADVANCED_FACE('',(#679),#654,.F.);
#681=CARTESIAN_POINT('',(-3.111865161,8.408012119,9.692289471));
#682=DIRECTION('',(0.,1.,-0.));
#683=DIRECTION('',(-0.,-0.,-1.));
#684=AXIS2_PLACEMENT_3D('',#681,#682,#683);
#685=CYLINDRICAL_SURFACE('',#684,1.455184966);
#686=CARTESIAN_POINT('',(-4.567050128,44.445871089,9.692289471));
#687=VERTEX_POINT('',#686);
#688=CARTESIAN_POINT('',(-3.111865161,44.445871089,9.692289471));
#689=DIRECTION('',(-0.,1.,-0.));
#690=DIRECTION('',(0.,0.,-1.));
#691=AXIS2_PLACEMENT_3D('',#688,#689,#690);
#692=CIRCLE('',#691,1.455184966);
#693=EDGE_CURVE('',#656,#687,#692,.T.);
#694=ORIENTED_EDGE('',*,*,#693,.F.);
#695=ORIENTED_EDGE('',*,*,#676,.T.);
#696=CARTESIAN_POINT('',(-4.567050128,46.045871089,9.692289471));
#697=VERTEX_POINT('',#696);
#698=CARTESIAN_POINT('',(-3.111865161,46.045871089,9.692289471));
#699=DIRECTION('',(-0.,-1.,0.));
#700=DIRECTION('',(0.,-0.,-1.));
#701=AXIS2_PLACEMENT_3D('',#698,#699,#700);
#702=CIRCLE('',#701,1.455184966);
#703=EDGE_CURVE('',#697,#665,#702,.T.);
#704=ORIENTED_EDGE('',*,*,#703,.F.);
#705=CARTESIAN_POINT('',(-4.567050128,44.445871089,9.692289471));
#706=DIRECTION('',(0.,1.,-0.));
#707=VECTOR('',#706,1.6);
#708=LINE('',#705,#707);
#709=EDGE_CURVE('',#687,#697,#708,.T.);
#710=ORIENTED_EDGE('',*,*,#709,.F.);
#711=EDGE_LOOP('',(#694,#695,#704,#710));
#712=FACE_BOUND('',#711,.T.);
#713=ADVANCED_FACE('',(#712),#685,.F.);
#714=CARTESIAN_POINT('',(-4.567050128,8.408012119,9.692289471));
#715=DIRECTION('',(-1.,0.,-0.));
#716=DIRECTION('',(-0.,-0.,-1.));
#717=AXIS2_PLACEMENT_3D('',#714,#715,#716);
#718=PLANE('',#717);
#719=CARTESIAN_POINT('',(-4.567050128,44.445871089,10.311582667));
#720=VERTEX_POINT('',#719);
#721=CARTESIAN_POINT('',(-4.567050128,44.445871089,9.692289471));
#722=DIRECTION('',(-0.,0.,1.));
#723=VECTOR('',#722,0.619293196);
#724=LINE('',#721,#723);
#725=EDGE_CURVE('',#687,#720,#724,.T.);
#726=ORIENTED_EDGE('',*,*,#725,.F.);
#727=ORIENTED_EDGE('',*,*,#709,.T.);
#728=CARTESIAN_POINT('',(-4.567050128,46.045871089,10.311582667));
#729=VERTEX_POINT('',#728);
#730=CARTESIAN_POINT('',(-4.567050128,46.045871089,10.311582667));
#731=DIRECTION('',(-0.,-0.,-1.));
#732=VECTOR('',#731,0.619293196);
#733=LINE('',#730,#732);
#734=EDGE_CURVE('',#729,#697,#733,.T.);
#735=ORIENTED_EDGE('',*,*,#734,.F.);
#736=CARTESIAN_POINT('',(-4.567050128,44.445871089,10.311582667));
#737=DIRECTION('',(0.,1.,-0.));
#738=VECTOR('',#737,1.6);
#739=LINE('',#736,#738);
#740=EDGE_CURVE('',#720,#729,#739,.T.);
#741=ORIENTED_EDGE('',*,*,#740,.F.);
#742=EDGE_LOOP('',(#726,#727,#735,#741));
#743=FACE_BOUND('',#742,.T.);
#744=ADVANCED_FACE('',(#743),#718,.F.);
#745=CARTESIAN_POINT('',(-3.111863827,8.408012119,10.311582667));
#746=DIRECTION('',(0.,1.,-0.));
#747=DIRECTION('',(-0.,-0.,-1.));
#748=AXIS2_PLACEMENT_3D('',#745,#746,#747);
#749=CYLINDRICAL_SURFACE('',#748,1.455184966);
#750=CARTESIAN_POINT('',(-3.111863827,44.445871089,11.766767633));
#751=VERTEX_POINT('',#750);
#752=CARTESIAN_POINT('',(-3.111863827,44.445871089,10.311582667));
#753=DIRECTION('',(-0.,1.,-0.));
#754=DIRECTION('',(0.,0.,-1.));
#755=AXIS2_PLACEMENT_3D('',#752,#753,#754);
#756=CIRCLE('',#755,1.455184966);
#757=EDGE_CURVE('',#720,#751,#756,.T.);
#758=ORIENTED_EDGE('',*,*,#757,.F.);
#759=ORIENTED_EDGE('',*,*,#740,.T.);
#760=CARTESIAN_POINT('',(-3.111863827,46.045871089,11.766767633));
#761=VERTEX_POINT('',#760);
#762=CARTESIAN_POINT('',(-3.111863827,46.045871089,10.311582667));
#763=DIRECTION('',(-0.,-1.,0.));
#764=DIRECTION('',(0.,-0.,-1.));
#765=AXIS2_PLACEMENT_3D('',#762,#763,#764);
#766=CIRCLE('',#765,1.455184966);
#767=EDGE_CURVE('',#761,#729,#766,.T.);
#768=ORIENTED_EDGE('',*,*,#767,.F.);
#769=CARTESIAN_POINT('',(-3.111863827,44.445871089,11.766767633));
#770=DIRECTION('',(0.,1.,-0.));
#771=VECTOR('',#770,1.6);
#772=LINE('',#769,#771);
#773=EDGE_CURVE('',#751,#761,#772,.T.);
#774=ORIENTED_EDGE('',*,*,#773,.F.);
#775=EDGE_LOOP('',(#758,#759,#768,#774));
#776=FACE_BOUND('',#775,.T.);
#777=ADVANCED_FACE('',(#776),#749,.F.);
#778=CARTESIAN_POINT('',(-3.111863827,8.408012119,11.766767633));
#779=DIRECTION('',(0.,0.,1.));
#780=DIRECTION('',(-1.,0.,0.));
#781=AXIS2_PLACEMENT_3D('',#778,#779,#780);
#782=PLANE('',#781);
#783=CARTESIAN_POINT('',(-3.111863827,44.445871089,11.766767633));
#784=DIRECTION('',(1.,0.,-0.));
#785=VECTOR('',#784,6.386476593);
#786=LINE('',#783,#785);
#787=EDGE_CURVE('',#751,#550,#786,.T.);
#788=ORIENTED_EDGE('',*,*,#787,.F.);
#789=ORIENTED_EDGE('',*,*,#773,.T.);
#790=CARTESIAN_POINT('',(3.274612766,46.045871089,11.766767633));
#791=DIRECTION('',(-1.,0.,0.));
#792=VECTOR('',#791,6.386476593);
#793=LINE('',#790,#792);
#794=EDGE_CURVE('',#561,#761,#793,.T.);
#795=ORIENTED_EDGE('',*,*,#794,.F.);
#796=ORIENTED_EDGE('',*,*,#566,.F.);
#797=EDGE_LOOP('',(#788,#789,#795,#796));
#798=FACE_BOUND('',#797,.T.);
#799=ADVANCED_FACE('',(#798),#782,.F.);
#800=CARTESIAN_POINT('',(9.261335682,46.045871089,7.876742556));
#801=DIRECTION('',(-0.,-1.,0.));
#802=DIRECTION('',(-0.,0.,1.));
#803=AXIS2_PLACEMENT_3D('',#800,#801,#802);
#804=PLANE('',#803);
#805=ORIENTED_EDGE('',*,*,#606,.T.);
#806=ORIENTED_EDGE('',*,*,#575,.T.);
#807=ORIENTED_EDGE('',*,*,#794,.T.);
#808=ORIENTED_EDGE('',*,*,#767,.T.);
#809=ORIENTED_EDGE('',*,*,#734,.T.);
#810=ORIENTED_EDGE('',*,*,#703,.T.);
#811=ORIENTED_EDGE('',*,*,#670,.T.);
#812=ORIENTED_EDGE('',*,*,#639,.T.);
#813=EDGE_LOOP('',(#805,#806,#807,#808,#809,#810,#811,#812));
#814=FACE_BOUND('',#813,.T.);
#815=CARTESIAN_POINT('',(-14.411014298,46.045871089,7.508221135));
#816=VERTEX_POINT('',#815);
#817=CARTESIAN_POINT('',(-11.911014298,46.045871089,10.008221135));
#818=VERTEX_POINT('',#817);
#819=CARTESIAN_POINT('',(-14.411014298,46.045871089,10.008221135));
#820=DIRECTION('',(-0.,-1.,0.));
#821=DIRECTION('',(0.,-0.,-1.));
#822=AXIS2_PLACEMENT_3D('',#819,#820,#821);
#823=CIRCLE('',#822,2.5);
#824=EDGE_CURVE('',#816,#818,#823,.T.);
#825=ORIENTED_EDGE('',*,*,#824,.T.);
#826=CARTESIAN_POINT('',(-14.411014298,46.045871089,10.008221135));
#827=DIRECTION('',(-0.,-1.,0.));
#828=DIRECTION('',(0.,-0.,-1.));
#829=AXIS2_PLACEMENT_3D('',#826,#827,#828);
#830=CIRCLE('',#829,2.5);
#831=EDGE_CURVE('',#818,#816,#830,.T.);
#832=ORIENTED_EDGE('',*,*,#831,.T.);
#833=EDGE_LOOP('',(#825,#832));
#834=FACE_BOUND('',#833,.T.);
#835=CARTESIAN_POINT('',(12.073736489,46.045871089,10.008221135));
#836=VERTEX_POINT('',#835);
#837=CARTESIAN_POINT('',(14.573736489,46.045871089,7.508221135));
#838=VERTEX_POINT('',#837);
#839=CARTESIAN_POINT('',(14.573736489,46.045871089,10.008221135));
#840=DIRECTION('',(0.,1.,-0.));
#841=DIRECTION('',(0.,-0.,-1.));
#842=AXIS2_PLACEMENT_3D('',#839,#840,#841);
#843=CIRCLE('',#842,2.5);
#844=EDGE_CURVE('',#836,#838,#843,.T.);
#845=ORIENTED_EDGE('',*,*,#844,.F.);
#846=CARTESIAN_POINT('',(14.573736489,46.045871089,10.008221135));
#847=DIRECTION('',(0.,1.,-0.));
#848=DIRECTION('',(0.,-0.,-1.));
#849=AXIS2_PLACEMENT_3D('',#846,#847,#848);
#850=CIRCLE('',#849,2.5);
#851=EDGE_CURVE('',#838,#836,#850,.T.);
#852=ORIENTED_EDGE('',*,*,#851,.F.);
#853=EDGE_LOOP('',(#845,#852));
#854=FACE_BOUND('',#853,.T.);
#855=CARTESIAN_POINT('',(9.550088806,46.045871089,4.408221135));
#856=VERTEX_POINT('',#855);
#857=CARTESIAN_POINT('',(11.7981637,46.045871089,2.160146241));
#858=VERTEX_POINT('',#857);
#859=CARTESIAN_POINT('',(9.550088806,46.045871089,4.408221135));
#860=DIRECTION('',(0.707106781,-0.,-0.707106781));
#861=VECTOR('',#860,3.179258004);
#862=LINE('',#859,#861);
#863=EDGE_CURVE('',#856,#858,#862,.T.);
#864=ORIENTED_EDGE('',*,*,#863,.F.);
#865=CARTESIAN_POINT('',(7.049612909,46.045871089,4.408221135));
#866=VERTEX_POINT('',#865);
#867=CARTESIAN_POINT('',(7.049612909,46.045871089,4.408221135));
#868=DIRECTION('',(1.,-0.,0.));
#869=VECTOR('',#868,2.500475897);
#870=LINE('',#867,#869);
#871=EDGE_CURVE('',#866,#856,#870,.T.);
#872=ORIENTED_EDGE('',*,*,#871,.F.);
#873=CARTESIAN_POINT('',(9.297687803,46.045871089,2.160146241));
#874=VERTEX_POINT('',#873);
#875=CARTESIAN_POINT('',(9.297687803,46.045871089,2.160146241));
#876=DIRECTION('',(-0.707106781,0.,0.707106781));
#877=VECTOR('',#876,3.179258004);
#878=LINE('',#875,#877);
#879=EDGE_CURVE('',#874,#866,#878,.T.);
#880=ORIENTED_EDGE('',*,*,#879,.F.);
#881=CARTESIAN_POINT('',(11.7981637,46.045871089,2.160146241));
#882=DIRECTION('',(-1.,0.,0.));
#883=VECTOR('',#882,2.500475897);
#884=LINE('',#881,#883);
#885=EDGE_CURVE('',#858,#874,#884,.T.);
#886=ORIENTED_EDGE('',*,*,#885,.F.);
#887=EDGE_LOOP('',(#864,#872,#880,#886));
#888=FACE_BOUND('',#887,.T.);
#889=CARTESIAN_POINT('',(1.178515931,46.045871089,15.608221135));
#890=VERTEX_POINT('',#889);
#891=CARTESIAN_POINT('',(-27.603278116,46.045871089,44.390015182));
#892=VERTEX_POINT('',#891);
#893=CARTESIAN_POINT('',(1.178515931,46.045871089,15.608221135));
#894=DIRECTION('',(-0.707106781,0.,0.707106781));
#895=VECTOR('',#894,40.703603491);
#896=LINE('',#893,#895);
#897=EDGE_CURVE('',#890,#892,#896,.T.);
#898=ORIENTED_EDGE('',*,*,#897,.F.);
#899=CARTESIAN_POINT('',(3.678991829,46.045871089,15.608221135));
#900=VERTEX_POINT('',#899);
#901=CARTESIAN_POINT('',(3.678991829,46.045871089,15.608221135));
#902=DIRECTION('',(-1.,0.,-0.));
#903=VECTOR('',#902,2.500475897);
#904=LINE('',#901,#903);
#905=EDGE_CURVE('',#900,#890,#904,.T.);
#906=ORIENTED_EDGE('',*,*,#905,.F.);
#907=CARTESIAN_POINT('',(-25.102802218,46.045871089,44.390015182));
#908=VERTEX_POINT('',#907);
#909=CARTESIAN_POINT('',(-25.102802218,46.045871089,44.390015182));
#910=DIRECTION('',(0.707106781,-0.,-0.707106781));
#911=VECTOR('',#910,40.703603491);
#912=LINE('',#909,#911);
#913=EDGE_CURVE('',#908,#900,#912,.T.);
#914=ORIENTED_EDGE('',*,*,#913,.F.);
#915=CARTESIAN_POINT('',(-27.603278116,46.045871089,44.390015182));
#916=DIRECTION('',(1.,-0.,0.));
#917=VECTOR('',#916,2.500475897);
#918=LINE('',#915,#917);
#919=EDGE_CURVE('',#892,#908,#918,.T.);
#920=ORIENTED_EDGE('',*,*,#919,.F.);
#921=EDGE_LOOP('',(#898,#906,#914,#920));
#922=FACE_BOUND('',#921,.T.);
#923=CARTESIAN_POINT('',(-4.150387091,46.045871089,15.608221135));
#924=VERTEX_POINT('',#923);
#925=CARTESIAN_POINT('',(-32.932181138,46.045871089,44.390015182));
#926=VERTEX_POINT('',#925);
#927=CARTESIAN_POINT('',(-4.150387091,46.045871089,15.608221135));
#928=DIRECTION('',(-0.707106781,0.,0.707106781));
#929=VECTOR('',#928,40.703603491);
#930=LINE('',#927,#929);
#931=EDGE_CURVE('',#924,#926,#930,.T.);
#932=ORIENTED_EDGE('',*,*,#931,.F.);
#933=CARTESIAN_POINT('',(-1.649911194,46.045871089,15.608221135));
#934=VERTEX_POINT('',#933);
#935=CARTESIAN_POINT('',(-1.649911194,46.045871089,15.608221135));
#936=DIRECTION('',(-1.,0.,-0.));
#937=VECTOR('',#936,2.500475897);
#938=LINE('',#935,#937);
#939=EDGE_CURVE('',#934,#924,#938,.T.);
#940=ORIENTED_EDGE('',*,*,#939,.F.);
#941=CARTESIAN_POINT('',(-30.43170524,46.045871089,44.390015182));
#942=VERTEX_POINT('',#941);
#943=CARTESIAN_POINT('',(-30.43170524,46.045871089,44.390015182));
#944=DIRECTION('',(0.707106781,-0.,-0.707106781));
#945=VECTOR('',#944,40.703603491);
#946=LINE('',#943,#945);
#947=EDGE_CURVE('',#942,#934,#946,.T.);
#948=ORIENTED_EDGE('',*,*,#947,.F.);
#949=CARTESIAN_POINT('',(-32.932181138,46.045871089,44.390015182));
#950=DIRECTION('',(1.,-0.,0.));
#951=VECTOR('',#950,2.500475897);
#952=LINE('',#949,#951);
#953=EDGE_CURVE('',#926,#942,#952,.T.);
#954=ORIENTED_EDGE('',*,*,#953,.F.);
#955=EDGE_LOOP('',(#932,#940,#948,#954));
#956=FACE_BOUND('',#955,.T.);
#957=CARTESIAN_POINT('',(-9.479290113,46.045871089,15.608221135));
#958=VERTEX_POINT('',#957);
#959=CARTESIAN_POINT('',(-38.24898518,46.045871089,44.377916201));
#960=VERTEX_POINT('',#959);
#961=CARTESIAN_POINT('',(-9.479290113,46.045871089,15.608221135));
#962=DIRECTION('',(-0.707106781,0.,0.707106781));
#963=VECTOR('',#962,40.686492948);
#964=LINE('',#961,#963);
#965=EDGE_CURVE('',#958,#960,#964,.T.);
#966=ORIENTED_EDGE('',*,*,#965,.F.);
#967=CARTESIAN_POINT('',(-6.978814216,46.045871089,15.608221135));
#968=VERTEX_POINT('',#967);
#969=CARTESIAN_POINT('',(-6.978814216,46.045871089,15.608221135));
#970=DIRECTION('',(-1.,0.,-0.));
#971=VECTOR('',#970,2.500475897);
#972=LINE('',#969,#971);
#973=EDGE_CURVE('',#968,#958,#972,.T.);
#974=ORIENTED_EDGE('',*,*,#973,.F.);
#975=CARTESIAN_POINT('',(-35.760608263,46.045871089,44.390015182));
#976=VERTEX_POINT('',#975);
#977=CARTESIAN_POINT('',(-35.760608263,46.045871089,44.390015182));
#978=DIRECTION('',(0.707106781,-0.,-0.707106781));
#979=VECTOR('',#978,40.703603491);
#980=LINE('',#977,#979);
#981=EDGE_CURVE('',#976,#968,#980,.T.);
#982=ORIENTED_EDGE('',*,*,#981,.F.);
#983=CARTESIAN_POINT('',(-37.931178492,46.045871089,44.390015182));
#984=VERTEX_POINT('',#983);
#985=CARTESIAN_POINT('',(-37.931178492,46.045871089,44.390015182));
#986=DIRECTION('',(1.,-0.,0.));
#987=VECTOR('',#986,2.170570229);
#988=LINE('',#985,#987);
#989=EDGE_CURVE('',#984,#976,#988,.T.);
#990=ORIENTED_EDGE('',*,*,#989,.F.);
#991=CARTESIAN_POINT('',(-37.931178492,46.045871089,40.210015182));
#992=DIRECTION('',(0.,1.,-0.));
#993=DIRECTION('',(0.,-0.,-1.));
#994=AXIS2_PLACEMENT_3D('',#991,#992,#993);
#995=CIRCLE('',#994,4.18);
#996=EDGE_CURVE('',#960,#984,#995,.T.);
#997=ORIENTED_EDGE('',*,*,#996,.F.);
#998=EDGE_LOOP('',(#966,#974,#982,#990,#997));
#999=FACE_BOUND('',#998,.T.);
#1000=CARTESIAN_POINT('',(-18.433351357,46.045871089,13.904476334));
#1001=VERTEX_POINT('',#1000);
#1002=CARTESIAN_POINT('',(-33.835835397,46.045871089,29.306960375));
#1003=VERTEX_POINT('',#1002);
#1004=CARTESIAN_POINT('',(-18.433351357,46.045871089,13.904476334));
#1005=DIRECTION('',(-0.707106781,0.,0.707106781));
#1006=VECTOR('',#1005,21.782401824);
#1007=LINE('',#1004,#1006);
#1008=EDGE_CURVE('',#1001,#1003,#1007,.T.);
#1009=ORIENTED_EDGE('',*,*,#1008,.F.);
#1010=CARTESIAN_POINT('',(-17.001457182,46.045871089,14.973058057));
#1011=VERTEX_POINT('',#1010);
#1012=CARTESIAN_POINT('',(-14.411014298,46.045871089,10.008221135));
#1013=DIRECTION('',(-0.,-1.,0.));
#1014=DIRECTION('',(0.,-0.,-1.));
#1015=AXIS2_PLACEMENT_3D('',#1012,#1013,#1014);
#1016=CIRCLE('',#1015,5.6);
#1017=EDGE_CURVE('',#1011,#1001,#1016,.T.);
#1018=ORIENTED_EDGE('',*,*,#1017,.F.);
#1019=CARTESIAN_POINT('',(-34.02658996,46.045871089,31.998190834));
#1020=VERTEX_POINT('',#1019);
#1021=CARTESIAN_POINT('',(-34.02658996,46.045871089,31.998190834));
#1022=DIRECTION('',(0.707106781,-0.,-0.707106781));
#1023=VECTOR('',#1022,24.077173675);
#1024=LINE('',#1021,#1023);
#1025=EDGE_CURVE('',#1020,#1011,#1024,.T.);
#1026=ORIENTED_EDGE('',*,*,#1025,.F.);
#1027=CARTESIAN_POINT('',(-33.835835397,46.045871089,30.858500248));
#1028=VERTEX_POINT('',#1027);
#1029=CARTESIAN_POINT('',(-37.335835397,46.045871089,30.858500248));
#1030=DIRECTION('',(0.,1.,-0.));
#1031=DIRECTION('',(0.,-0.,-1.));
#1032=AXIS2_PLACEMENT_3D('',#1029,#1030,#1031);
#1033=CIRCLE('',#1032,3.5);
#1034=EDGE_CURVE('',#1020,#1028,#1033,.T.);
#1035=ORIENTED_EDGE('',*,*,#1034,.T.);
#1036=CARTESIAN_POINT('',(-33.835835397,46.045871089,30.858500248));
#1037=DIRECTION('',(0.,-0.,-1.));
#1038=VECTOR('',#1037,1.551539873);
#1039=LINE('',#1036,#1038);
#1040=EDGE_CURVE('',#1028,#1003,#1039,.T.);
#1041=ORIENTED_EDGE('',*,*,#1040,.T.);
#1042=EDGE_LOOP('',(#1009,#1018,#1026,#1035,#1041));
#1043=FACE_BOUND('',#1042,.T.);
#1044=CARTESIAN_POINT('',(-20.009183486,46.045871089,10.151405441));
#1045=VERTEX_POINT('',#1044);
#1046=CARTESIAN_POINT('',(-33.835835397,46.045871089,23.978057352));
#1047=VERTEX_POINT('',#1046);
#1048=CARTESIAN_POINT('',(-20.009183486,46.045871089,10.151405441));
#1049=DIRECTION('',(-0.707106781,0.,0.707106781));
#1050=VECTOR('',#1049,19.553838656);
#1051=LINE('',#1048,#1050);
#1052=EDGE_CURVE('',#1045,#1047,#1051,.T.);
#1053=ORIENTED_EDGE('',*,*,#1052,.F.);
#1054=CARTESIAN_POINT('',(-19.562193009,46.045871089,12.204890861));
#1055=VERTEX_POINT('',#1054);
#1056=CARTESIAN_POINT('',(-14.411014298,46.045871089,10.008221135));
#1057=DIRECTION('',(-0.,-1.,0.));
#1058=DIRECTION('',(0.,-0.,-1.));
#1059=AXIS2_PLACEMENT_3D('',#1056,#1057,#1058);
#1060=CIRCLE('',#1059,5.6);
#1061=EDGE_CURVE('',#1055,#1045,#1060,.T.);
#1062=ORIENTED_EDGE('',*,*,#1061,.F.);
#1063=CARTESIAN_POINT('',(-33.835835397,46.045871089,26.47853325));
#1064=VERTEX_POINT('',#1063);
#1065=CARTESIAN_POINT('',(-33.835835397,46.045871089,26.47853325));
#1066=DIRECTION('',(0.707106781,-0.,-0.707106781));
#1067=VECTOR('',#1066,20.18597865);
#1068=LINE('',#1065,#1067);
#1069=EDGE_CURVE('',#1064,#1055,#1068,.T.);
#1070=ORIENTED_EDGE('',*,*,#1069,.F.);
#1071=CARTESIAN_POINT('',(-33.835835397,46.045871089,26.47853325));
#1072=DIRECTION('',(0.,-0.,-1.));
#1073=VECTOR('',#1072,2.500475897);
#1074=LINE('',#1071,#1073);
#1075=EDGE_CURVE('',#1064,#1047,#1074,.T.);
#1076=ORIENTED_EDGE('',*,*,#1075,.T.);
#1077=EDGE_LOOP('',(#1053,#1062,#1070,#1076));
#1078=FACE_BOUND('',#1077,.T.);
#1079=CARTESIAN_POINT('',(-14.265999179,46.045871089,4.408221135));
#1080=VERTEX_POINT('',#1079);
#1081=CARTESIAN_POINT('',(-11.765523282,46.045871089,4.408221135));
#1082=VERTEX_POINT('',#1081);
#1083=CARTESIAN_POINT('',(-14.265999179,46.045871089,4.408221135));
#1084=DIRECTION('',(1.,-0.,0.));
#1085=VECTOR('',#1084,2.500475897);
#1086=LINE('',#1083,#1085);
#1087=EDGE_CURVE('',#1080,#1082,#1086,.T.);
#1088=ORIENTED_EDGE('',*,*,#1087,.F.);
#1089=CARTESIAN_POINT('',(-12.017924286,46.045871089,2.160146241));
#1090=VERTEX_POINT('',#1089);
#1091=CARTESIAN_POINT('',(-12.017924286,46.045871089,2.160146241));
#1092=DIRECTION('',(-0.707106781,0.,0.707106781));
#1093=VECTOR('',#1092,3.179258004);
#1094=LINE('',#1091,#1093);
#1095=EDGE_CURVE('',#1090,#1080,#1094,.T.);
#1096=ORIENTED_EDGE('',*,*,#1095,.F.);
#1097=CARTESIAN_POINT('',(-9.517448388,46.045871089,2.160146241));
#1098=VERTEX_POINT('',#1097);
#1099=CARTESIAN_POINT('',(-9.517448388,46.045871089,2.160146241));
#1100=DIRECTION('',(-1.,0.,0.));
#1101=VECTOR('',#1100,2.500475897);
#1102=LINE('',#1099,#1101);
#1103=EDGE_CURVE('',#1098,#1090,#1102,.T.);
#1104=ORIENTED_EDGE('',*,*,#1103,.F.);
#1105=CARTESIAN_POINT('',(-11.765523282,46.045871089,4.408221135));
#1106=DIRECTION('',(0.707106781,-0.,-0.707106781));
#1107=VECTOR('',#1106,3.179258004);
#1108=LINE('',#1105,#1107);
#1109=EDGE_CURVE('',#1082,#1098,#1108,.T.);
#1110=ORIENTED_EDGE('',*,*,#1109,.F.);
#1111=EDGE_LOOP('',(#1088,#1096,#1104,#1110));
#1112=FACE_BOUND('',#1111,.T.);
#1113=CARTESIAN_POINT('',(-6.43662026,46.045871089,4.408221135));
#1114=VERTEX_POINT('',#1113);
#1115=CARTESIAN_POINT('',(-4.188545366,46.045871089,2.160146241));
#1116=VERTEX_POINT('',#1115);
#1117=CARTESIAN_POINT('',(-6.43662026,46.045871089,4.408221135));
#1118=DIRECTION('',(0.707106781,-0.,-0.707106781));
#1119=VECTOR('',#1118,3.179258004);
#1120=LINE('',#1117,#1119);
#1121=EDGE_CURVE('',#1114,#1116,#1120,.T.);
#1122=ORIENTED_EDGE('',*,*,#1121,.F.);
#1123=CARTESIAN_POINT('',(-8.937096157,46.045871089,4.408221135));
#1124=VERTEX_POINT('',#1123);
#1125=CARTESIAN_POINT('',(-8.937096157,46.045871089,4.408221135));
#1126=DIRECTION('',(1.,-0.,0.));
#1127=VECTOR('',#1126,2.500475897);
#1128=LINE('',#1125,#1127);
#1129=EDGE_CURVE('',#1124,#1114,#1128,.T.);
#1130=ORIENTED_EDGE('',*,*,#1129,.F.);
#1131=CARTESIAN_POINT('',(-6.689021264,46.045871089,2.160146241));
#1132=VERTEX_POINT('',#1131);
#1133=CARTESIAN_POINT('',(-6.689021264,46.045871089,2.160146241));
#1134=DIRECTION('',(-0.707106781,0.,0.707106781));
#1135=VECTOR('',#1134,3.179258004);
#1136=LINE('',#1133,#1135);
#1137=EDGE_CURVE('',#1132,#1124,#1136,.T.);
#1138=ORIENTED_EDGE('',*,*,#1137,.F.);
#1139=CARTESIAN_POINT('',(-4.188545366,46.045871089,2.160146241));
#1140=DIRECTION('',(-1.,0.,0.));
#1141=VECTOR('',#1140,2.500475897);
#1142=LINE('',#1139,#1141);
#1143=EDGE_CURVE('',#1116,#1132,#1142,.T.);
#1144=ORIENTED_EDGE('',*,*,#1143,.F.);
#1145=EDGE_LOOP('',(#1122,#1130,#1138,#1144));
#1146=FACE_BOUND('',#1145,.T.);
#1147=CARTESIAN_POINT('',(12.378515931,46.045871089,4.408221135));
#1148=VERTEX_POINT('',#1147);
#1149=CARTESIAN_POINT('',(14.573736489,46.045871089,4.408221135));
#1150=VERTEX_POINT('',#1149);
#1151=CARTESIAN_POINT('',(12.378515931,46.045871089,4.408221135));
#1152=DIRECTION('',(1.,-0.,0.));
#1153=VECTOR('',#1152,2.195220558);
#1154=LINE('',#1151,#1153);
#1155=EDGE_CURVE('',#1148,#1150,#1154,.T.);
#1156=ORIENTED_EDGE('',*,*,#1155,.F.);
#1157=CARTESIAN_POINT('',(14.626590825,46.045871089,2.160146241));
#1158=VERTEX_POINT('',#1157);
#1159=CARTESIAN_POINT('',(14.626590825,46.045871089,2.160146241));
#1160=DIRECTION('',(-0.707106781,0.,0.707106781));
#1161=VECTOR('',#1160,3.179258004);
#1162=LINE('',#1159,#1161);
#1163=EDGE_CURVE('',#1158,#1148,#1162,.T.);
#1164=ORIENTED_EDGE('',*,*,#1163,.F.);
#1165=CARTESIAN_POINT('',(17.127066722,46.045871089,2.160146241));
#1166=VERTEX_POINT('',#1165);
#1167=CARTESIAN_POINT('',(17.127066722,46.045871089,2.160146241));
#1168=DIRECTION('',(-1.,0.,0.));
#1169=VECTOR('',#1168,2.500475897);
#1170=LINE('',#1167,#1169);
#1171=EDGE_CURVE('',#1166,#1158,#1170,.T.);
#1172=ORIENTED_EDGE('',*,*,#1171,.F.);
#1173=CARTESIAN_POINT('',(14.871091607,46.045871089,4.416121356));
#1174=VERTEX_POINT('',#1173);
#1175=CARTESIAN_POINT('',(14.871091607,46.045871089,4.416121356));
#1176=DIRECTION('',(0.707106781,-0.,-0.707106781));
#1177=VECTOR('',#1176,3.190430604);
#1178=LINE('',#1175,#1177);
#1179=EDGE_CURVE('',#1174,#1166,#1178,.T.);
#1180=ORIENTED_EDGE('',*,*,#1179,.F.);
#1181=CARTESIAN_POINT('',(14.573736489,46.045871089,10.008221135));
#1182=DIRECTION('',(-0.,-1.,0.));
#1183=DIRECTION('',(0.,-0.,-1.));
#1184=AXIS2_PLACEMENT_3D('',#1181,#1182,#1183);
#1185=CIRCLE('',#1184,5.6);
#1186=EDGE_CURVE('',#1150,#1174,#1185,.T.);
#1187=ORIENTED_EDGE('',*,*,#1186,.F.);
#1188=EDGE_LOOP('',(#1156,#1164,#1172,#1180,#1187));
#1189=FACE_BOUND('',#1188,.T.);
#1190=CARTESIAN_POINT('',(17.103464838,46.045871089,5.01217525));
#1191=VERTEX_POINT('',#1190);
#1192=CARTESIAN_POINT('',(18.550576812,46.045871089,6.065539174));
#1193=VERTEX_POINT('',#1192);
#1194=CARTESIAN_POINT('',(14.573736489,46.045871089,10.008221135));
#1195=DIRECTION('',(-0.,-1.,0.));
#1196=DIRECTION('',(0.,-0.,-1.));
#1197=AXIS2_PLACEMENT_3D('',#1194,#1195,#1196);
#1198=CIRCLE('',#1197,5.6);
#1199=EDGE_CURVE('',#1191,#1193,#1198,.T.);
#1200=ORIENTED_EDGE('',*,*,#1199,.F.);
#1201=CARTESIAN_POINT('',(19.955493847,46.045871089,2.160146241));
#1202=VERTEX_POINT('',#1201);
#1203=CARTESIAN_POINT('',(19.955493847,46.045871089,2.160146241));
#1204=DIRECTION('',(-0.707106781,0.,0.707106781));
#1205=VECTOR('',#1204,4.033378105);
#1206=LINE('',#1203,#1205);
#1207=EDGE_CURVE('',#1202,#1191,#1206,.T.);
#1208=ORIENTED_EDGE('',*,*,#1207,.F.);
#1209=CARTESIAN_POINT('',(22.455969744,46.045871089,2.160146241));
#1210=VERTEX_POINT('',#1209);
#1211=CARTESIAN_POINT('',(22.455969744,46.045871089,2.160146241));
#1212=DIRECTION('',(-1.,0.,0.));
#1213=VECTOR('',#1212,2.500475897);
#1214=LINE('',#1211,#1213);
#1215=EDGE_CURVE('',#1210,#1202,#1214,.T.);
#1216=ORIENTED_EDGE('',*,*,#1215,.F.);
#1217=CARTESIAN_POINT('',(18.550576812,46.045871089,6.065539174));
#1218=DIRECTION('',(0.707106781,-0.,-0.707106781));
#1219=VECTOR('',#1218,5.523059652);
#1220=LINE('',#1217,#1219);
#1221=EDGE_CURVE('',#1193,#1210,#1220,.T.);
#1222=ORIENTED_EDGE('',*,*,#1221,.F.);
#1223=EDGE_LOOP('',(#1200,#1208,#1216,#1222));
#1224=FACE_BOUND('',#1223,.T.);
#1225=CARTESIAN_POINT('',(20.1689235,46.045871089,9.776095507));
#1226=VERTEX_POINT('',#1225);
#1227=CARTESIAN_POINT('',(27.784872767,46.045871089,2.160146241));
#1228=VERTEX_POINT('',#1227);
#1229=CARTESIAN_POINT('',(20.1689235,46.045871089,9.776095507));
#1230=DIRECTION('',(0.707106781,-0.,-0.707106781));
#1231=VECTOR('',#1230,10.770578743);
#1232=LINE('',#1229,#1231);
#1233=EDGE_CURVE('',#1226,#1228,#1232,.T.);
#1234=ORIENTED_EDGE('',*,*,#1233,.F.);
#1235=CARTESIAN_POINT('',(19.697101967,46.045871089,7.747441143));
#1236=VERTEX_POINT('',#1235);
#1237=CARTESIAN_POINT('',(14.573736489,46.045871089,10.008221135));
#1238=DIRECTION('',(-0.,-1.,0.));
#1239=DIRECTION('',(0.,-0.,-1.));
#1240=AXIS2_PLACEMENT_3D('',#1237,#1238,#1239);
#1241=CIRCLE('',#1240,5.6);
#1242=EDGE_CURVE('',#1236,#1226,#1241,.T.);
#1243=ORIENTED_EDGE('',*,*,#1242,.F.);
#1244=CARTESIAN_POINT('',(25.284396869,46.045871089,2.160146241));
#1245=VERTEX_POINT('',#1244);
#1246=CARTESIAN_POINT('',(25.284396869,46.045871089,2.160146241));
#1247=DIRECTION('',(-0.707106781,0.,0.707106781));
#1248=VECTOR('',#1247,7.901628227);
#1249=LINE('',#1246,#1248);
#1250=EDGE_CURVE('',#1245,#1236,#1249,.T.);
#1251=ORIENTED_EDGE('',*,*,#1250,.F.);
#1252=CARTESIAN_POINT('',(27.784872767,46.045871089,2.160146241));
#1253=DIRECTION('',(-1.,0.,0.));
#1254=VECTOR('',#1253,2.500475897);
#1255=LINE('',#1252,#1254);
#1256=EDGE_CURVE('',#1228,#1245,#1255,.T.);
#1257=ORIENTED_EDGE('',*,*,#1256,.F.);
#1258=EDGE_LOOP('',(#1234,#1243,#1251,#1257));
#1259=FACE_BOUND('',#1258,.T.);
#1260=CARTESIAN_POINT('',(14.336797873,46.045871089,15.608221135));
#1261=VERTEX_POINT('',#1260);
#1262=CARTESIAN_POINT('',(11.836321975,46.045871089,15.608221135));
#1263=VERTEX_POINT('',#1262);
#1264=CARTESIAN_POINT('',(14.336797873,46.045871089,15.608221135));
#1265=DIRECTION('',(-1.,0.,-0.));
#1266=VECTOR('',#1265,2.500475897);
#1267=LINE('',#1264,#1266);
#1268=EDGE_CURVE('',#1261,#1263,#1267,.T.);
#1269=ORIENTED_EDGE('',*,*,#1268,.F.);
#1270=CARTESIAN_POINT('',(-14.444996174,46.045871089,44.390015182));
#1271=VERTEX_POINT('',#1270);
#1272=CARTESIAN_POINT('',(-14.444996174,46.045871089,44.390015182));
#1273=DIRECTION('',(0.707106781,-0.,-0.707106781));
#1274=VECTOR('',#1273,40.703603491);
#1275=LINE('',#1272,#1274);
#1276=EDGE_CURVE('',#1271,#1261,#1275,.T.);
#1277=ORIENTED_EDGE('',*,*,#1276,.F.);
#1278=CARTESIAN_POINT('',(-16.945472071,46.045871089,44.390015182));
#1279=VERTEX_POINT('',#1278);
#1280=CARTESIAN_POINT('',(-16.945472071,46.045871089,44.390015182));
#1281=DIRECTION('',(1.,-0.,0.));
#1282=VECTOR('',#1281,2.500475897);
#1283=LINE('',#1280,#1282);
#1284=EDGE_CURVE('',#1279,#1271,#1283,.T.);
#1285=ORIENTED_EDGE('',*,*,#1284,.F.);
#1286=CARTESIAN_POINT('',(11.836321975,46.045871089,15.608221135));
#1287=DIRECTION('',(-0.707106781,0.,0.707106781));
#1288=VECTOR('',#1287,40.703603491);
#1289=LINE('',#1286,#1288);
#1290=EDGE_CURVE('',#1263,#1279,#1289,.T.);
#1291=ORIENTED_EDGE('',*,*,#1290,.F.);
#1292=EDGE_LOOP('',(#1269,#1277,#1285,#1291));
#1293=FACE_BOUND('',#1292,.T.);
#1294=CARTESIAN_POINT('',(6.507418953,46.045871089,15.608221135));
#1295=VERTEX_POINT('',#1294);
#1296=CARTESIAN_POINT('',(-22.274375094,46.045871089,44.390015182));
#1297=VERTEX_POINT('',#1296);
#1298=CARTESIAN_POINT('',(6.507418953,46.045871089,15.608221135));
#1299=DIRECTION('',(-0.707106781,0.,0.707106781));
#1300=VECTOR('',#1299,40.703603491);
#1301=LINE('',#1298,#1300);
#1302=EDGE_CURVE('',#1295,#1297,#1301,.T.);
#1303=ORIENTED_EDGE('',*,*,#1302,.F.);
#1304=CARTESIAN_POINT('',(9.007894851,46.045871089,15.608221135));
#1305=VERTEX_POINT('',#1304);
#1306=CARTESIAN_POINT('',(9.007894851,46.045871089,15.608221135));
#1307=DIRECTION('',(-1.,0.,-0.));
#1308=VECTOR('',#1307,2.500475897);
#1309=LINE('',#1306,#1308);
#1310=EDGE_CURVE('',#1305,#1295,#1309,.T.);
#1311=ORIENTED_EDGE('',*,*,#1310,.F.);
#1312=CARTESIAN_POINT('',(-19.773899196,46.045871089,44.390015182));
#1313=VERTEX_POINT('',#1312);
#1314=CARTESIAN_POINT('',(-19.773899196,46.045871089,44.390015182));
#1315=DIRECTION('',(0.707106781,-0.,-0.707106781));
#1316=VECTOR('',#1315,40.703603491);
#1317=LINE('',#1314,#1316);
#1318=EDGE_CURVE('',#1313,#1305,#1317,.T.);
#1319=ORIENTED_EDGE('',*,*,#1318,.F.);
#1320=CARTESIAN_POINT('',(-22.274375094,46.045871089,44.390015182));
#1321=DIRECTION('',(1.,-0.,0.));
#1322=VECTOR('',#1321,2.500475897);
#1323=LINE('',#1320,#1322);
#1324=EDGE_CURVE('',#1297,#1313,#1323,.T.);
#1325=ORIENTED_EDGE('',*,*,#1324,.F.);
#1326=EDGE_LOOP('',(#1303,#1311,#1319,#1325));
#1327=FACE_BOUND('',#1326,.T.);
#1328=CARTESIAN_POINT('',(-12.307717238,46.045871089,15.608221135));
#1329=VERTEX_POINT('',#1328);
#1330=CARTESIAN_POINT('',(-14.411014298,46.045871089,15.608221135));
#1331=VERTEX_POINT('',#1330);
#1332=CARTESIAN_POINT('',(-12.307717238,46.045871089,15.608221135));
#1333=DIRECTION('',(-1.,0.,-0.));
#1334=VECTOR('',#1333,2.10329706);
#1335=LINE('',#1332,#1334);
#1336=EDGE_CURVE('',#1329,#1331,#1335,.T.);
#1337=ORIENTED_EDGE('',*,*,#1336,.F.);
#1338=CARTESIAN_POINT('',(-40.331572985,46.045871089,43.632076882));
#1339=VERTEX_POINT('',#1338);
#1340=CARTESIAN_POINT('',(-40.331572985,46.045871089,43.632076882));
#1341=DIRECTION('',(0.707106781,-0.,-0.707106781));
#1342=VECTOR('',#1341,39.631716867);
#1343=LINE('',#1340,#1342);
#1344=EDGE_CURVE('',#1339,#1329,#1343,.T.);
#1345=ORIENTED_EDGE('',*,*,#1344,.F.);
#1346=CARTESIAN_POINT('',(-41.532309801,46.045871089,42.3323378));
#1347=VERTEX_POINT('',#1346);
#1348=CARTESIAN_POINT('',(-37.931178492,46.045871089,40.210015182));
#1349=DIRECTION('',(0.,1.,-0.));
#1350=DIRECTION('',(0.,-0.,-1.));
#1351=AXIS2_PLACEMENT_3D('',#1348,#1349,#1350);
#1352=CIRCLE('',#1351,4.18);
#1353=EDGE_CURVE('',#1347,#1339,#1352,.T.);
#1354=ORIENTED_EDGE('',*,*,#1353,.F.);
#1355=CARTESIAN_POINT('',(-14.795012062,46.045871089,15.595040061));
#1356=VERTEX_POINT('',#1355);
#1357=CARTESIAN_POINT('',(-14.795012062,46.045871089,15.595040061));
#1358=DIRECTION('',(-0.707106781,0.,0.707106781));
#1359=VECTOR('',#1358,37.812249084);
#1360=LINE('',#1357,#1359);
#1361=EDGE_CURVE('',#1356,#1347,#1360,.T.);
#1362=ORIENTED_EDGE('',*,*,#1361,.F.);
#1363=CARTESIAN_POINT('',(-14.411014298,46.045871089,10.008221135));
#1364=DIRECTION('',(-0.,-1.,0.));
#1365=DIRECTION('',(0.,-0.,-1.));
#1366=AXIS2_PLACEMENT_3D('',#1363,#1364,#1365);
#1367=CIRCLE('',#1366,5.6);
#1368=EDGE_CURVE('',#1331,#1356,#1367,.T.);
#1369=ORIENTED_EDGE('',*,*,#1368,.F.);
#1370=EDGE_LOOP('',(#1337,#1345,#1354,#1362,#1369));
#1371=FACE_BOUND('',#1370,.T.);
#1372=CARTESIAN_POINT('',(-1.107717238,46.045871089,4.408221135));
#1373=VERTEX_POINT('',#1372);
#1374=CARTESIAN_POINT('',(-3.608193135,46.045871089,4.408221135));
#1375=VERTEX_POINT('',#1374);
#1376=CARTESIAN_POINT('',(-1.107717238,46.045871089,4.408221135));
#1377=DIRECTION('',(-1.,0.,0.));
#1378=VECTOR('',#1377,2.500475897);
#1379=LINE('',#1376,#1378);
#1380=EDGE_CURVE('',#1373,#1375,#1379,.T.);
#1381=ORIENTED_EDGE('',*,*,#1380,.T.);
#1382=CARTESIAN_POINT('',(-1.360118242,46.045871089,2.160146241));
#1383=VERTEX_POINT('',#1382);
#1384=CARTESIAN_POINT('',(-1.360118242,46.045871089,2.160146241));
#1385=DIRECTION('',(-0.707106781,0.,0.707106781));
#1386=VECTOR('',#1385,3.179258004);
#1387=LINE('',#1384,#1386);
#1388=EDGE_CURVE('',#1383,#1375,#1387,.T.);
#1389=ORIENTED_EDGE('',*,*,#1388,.F.);
#1390=CARTESIAN_POINT('',(1.140357656,46.045871089,2.160146241));
#1391=VERTEX_POINT('',#1390);
#1392=CARTESIAN_POINT('',(1.140357656,46.045871089,2.160146241));
#1393=DIRECTION('',(-1.,0.,0.));
#1394=VECTOR('',#1393,2.500475897);
#1395=LINE('',#1392,#1394);
#1396=EDGE_CURVE('',#1391,#1383,#1395,.T.);
#1397=ORIENTED_EDGE('',*,*,#1396,.F.);
#1398=CARTESIAN_POINT('',(-1.107717238,46.045871089,4.408221135));
#1399=DIRECTION('',(0.707106781,-0.,-0.707106781));
#1400=VECTOR('',#1399,3.179258004);
#1401=LINE('',#1398,#1400);
#1402=EDGE_CURVE('',#1373,#1391,#1401,.T.);
#1403=ORIENTED_EDGE('',*,*,#1402,.F.);
#1404=EDGE_LOOP('',(#1381,#1389,#1397,#1403));
#1405=FACE_BOUND('',#1404,.T.);
#1406=CARTESIAN_POINT('',(4.221185784,46.045871089,4.408221135));
#1407=VERTEX_POINT('',#1406);
#1408=CARTESIAN_POINT('',(1.720709887,46.045871089,4.408221135));
#1409=VERTEX_POINT('',#1408);
#1410=CARTESIAN_POINT('',(4.221185784,46.045871089,4.408221135));
#1411=DIRECTION('',(-1.,0.,0.));
#1412=VECTOR('',#1411,2.500475897);
#1413=LINE('',#1410,#1412);
#1414=EDGE_CURVE('',#1407,#1409,#1413,.T.);
#1415=ORIENTED_EDGE('',*,*,#1414,.T.);
#1416=CARTESIAN_POINT('',(3.968784781,46.045871089,2.160146241));
#1417=VERTEX_POINT('',#1416);
#1418=CARTESIAN_POINT('',(3.968784781,46.045871089,2.160146241));
#1419=DIRECTION('',(-0.707106781,0.,0.707106781));
#1420=VECTOR('',#1419,3.179258004);
#1421=LINE('',#1418,#1420);
#1422=EDGE_CURVE('',#1417,#1409,#1421,.T.);
#1423=ORIENTED_EDGE('',*,*,#1422,.F.);
#1424=CARTESIAN_POINT('',(6.469260678,46.045871089,2.160146241));
#1425=VERTEX_POINT('',#1424);
#1426=CARTESIAN_POINT('',(6.469260678,46.045871089,2.160146241));
#1427=DIRECTION('',(-1.,0.,0.));
#1428=VECTOR('',#1427,2.500475897);
#1429=LINE('',#1426,#1428);
#1430=EDGE_CURVE('',#1425,#1417,#1429,.T.);
#1431=ORIENTED_EDGE('',*,*,#1430,.F.);
#1432=CARTESIAN_POINT('',(4.221185784,46.045871089,4.408221135));
#1433=DIRECTION('',(0.707106781,-0.,-0.707106781));
#1434=VECTOR('',#1433,3.179258004);
#1435=LINE('',#1432,#1434);
#1436=EDGE_CURVE('',#1407,#1425,#1435,.T.);
#1437=ORIENTED_EDGE('',*,*,#1436,.F.);
#1438=EDGE_LOOP('',(#1415,#1423,#1431,#1437));
#1439=FACE_BOUND('',#1438,.T.);
#1440=CARTESIAN_POINT('',(-0.958763005,46.045871089,44.390015182));
#1441=VERTEX_POINT('',#1440);
#1442=CARTESIAN_POINT('',(1.541712892,46.045871089,44.390015182));
#1443=VERTEX_POINT('',#1442);
#1444=CARTESIAN_POINT('',(-0.958763005,46.045871089,44.390015182));
#1445=DIRECTION('',(1.,-0.,0.));
#1446=VECTOR('',#1445,2.500475897);
#1447=LINE('',#1444,#1446);
#1448=EDGE_CURVE('',#1441,#1443,#1447,.T.);
#1449=ORIENTED_EDGE('',*,*,#1448,.F.);
#1450=CARTESIAN_POINT('',(40.436850594,46.045871089,2.994401583));
#1451=VERTEX_POINT('',#1450);
#1452=CARTESIAN_POINT('',(40.436850594,46.045871089,2.994401583));
#1453=DIRECTION('',(-0.707106781,0.,0.707106781));
#1454=VECTOR('',#1453,58.542238174);
#1455=LINE('',#1452,#1454);
#1456=EDGE_CURVE('',#1451,#1441,#1455,.T.);
#1457=ORIENTED_EDGE('',*,*,#1456,.F.);
#1458=CARTESIAN_POINT('',(41.598097488,46.045871089,4.333630586));
#1459=VERTEX_POINT('',#1458);
#1460=CARTESIAN_POINT('',(37.931178492,46.045871089,6.340146241));
#1461=DIRECTION('',(0.,1.,-0.));
#1462=DIRECTION('',(0.,-0.,-1.));
#1463=AXIS2_PLACEMENT_3D('',#1460,#1461,#1462);
#1464=CIRCLE('',#1463,4.18);
#1465=EDGE_CURVE('',#1459,#1451,#1464,.T.);
#1466=ORIENTED_EDGE('',*,*,#1465,.F.);
#1467=CARTESIAN_POINT('',(1.541712892,46.045871089,44.390015182));
#1468=DIRECTION('',(0.707106781,-0.,-0.707106781));
#1469=VECTOR('',#1468,56.648282355);
#1470=LINE('',#1467,#1469);
#1471=EDGE_CURVE('',#1443,#1459,#1470,.T.);
#1472=ORIENTED_EDGE('',*,*,#1471,.F.);
#1473=EDGE_LOOP('',(#1449,#1457,#1466,#1472));
#1474=FACE_BOUND('',#1473,.T.);
#1475=CARTESIAN_POINT('',(42.111178492,46.045871089,33.293491818));
#1476=VERTEX_POINT('',#1475);
#1477=CARTESIAN_POINT('',(31.014655128,46.045871089,44.390015182));
#1478=VERTEX_POINT('',#1477);
#1479=CARTESIAN_POINT('',(42.111178492,46.045871089,33.293491818));
#1480=DIRECTION('',(-0.707106781,0.,0.707106781));
#1481=VECTOR('',#1480,15.692853837);
#1482=LINE('',#1479,#1481);
#1483=EDGE_CURVE('',#1476,#1478,#1482,.T.);
#1484=ORIENTED_EDGE('',*,*,#1483,.F.);
#1485=CARTESIAN_POINT('',(42.111178492,46.045871089,35.793967715));
#1486=VERTEX_POINT('',#1485);
#1487=CARTESIAN_POINT('',(42.111178492,46.045871089,35.793967715));
#1488=DIRECTION('',(-0.,-0.,-1.));
#1489=VECTOR('',#1488,2.500475897);
#1490=LINE('',#1487,#1489);
#1491=EDGE_CURVE('',#1486,#1476,#1490,.T.);
#1492=ORIENTED_EDGE('',*,*,#1491,.F.);
#1493=CARTESIAN_POINT('',(33.515131025,46.045871089,44.390015182));
#1494=VERTEX_POINT('',#1493);
#1495=CARTESIAN_POINT('',(33.515131025,46.045871089,44.390015182));
#1496=DIRECTION('',(0.707106781,-0.,-0.707106781));
#1497=VECTOR('',#1496,12.15664691);
#1498=LINE('',#1495,#1497);
#1499=EDGE_CURVE('',#1494,#1486,#1498,.T.);
#1500=ORIENTED_EDGE('',*,*,#1499,.F.);
#1501=CARTESIAN_POINT('',(31.014655128,46.045871089,44.390015182));
#1502=DIRECTION('',(1.,-0.,0.));
#1503=VECTOR('',#1502,2.500475897);
#1504=LINE('',#1501,#1503);
#1505=EDGE_CURVE('',#1478,#1494,#1504,.T.);
#1506=ORIENTED_EDGE('',*,*,#1505,.F.);
#1507=EDGE_LOOP('',(#1484,#1492,#1500,#1506));
#1508=FACE_BOUND('',#1507,.T.);
#1509=CARTESIAN_POINT('',(35.987434851,46.045871089,34.088332436));
#1510=VERTEX_POINT('',#1509);
#1511=CARTESIAN_POINT('',(25.685752106,46.045871089,44.390015182));
#1512=VERTEX_POINT('',#1511);
#1513=CARTESIAN_POINT('',(35.987434851,46.045871089,34.088332436));
#1514=DIRECTION('',(-0.707106781,0.,0.707106781));
#1515=VECTOR('',#1514,14.568779454);
#1516=LINE('',#1513,#1515);
#1517=EDGE_CURVE('',#1510,#1512,#1516,.T.);
#1518=ORIENTED_EDGE('',*,*,#1517,.F.);
#1519=CARTESIAN_POINT('',(38.375823669,46.045871089,34.200419516));
#1520=VERTEX_POINT('',#1519);
#1521=CARTESIAN_POINT('',(37.335835397,46.045871089,30.858500248));
#1522=DIRECTION('',(-0.,-1.,0.));
#1523=DIRECTION('',(0.,-0.,-1.));
#1524=AXIS2_PLACEMENT_3D('',#1521,#1522,#1523);
#1525=CIRCLE('',#1524,3.5);
#1526=EDGE_CURVE('',#1520,#1510,#1525,.T.);
#1527=ORIENTED_EDGE('',*,*,#1526,.F.);
#1528=CARTESIAN_POINT('',(28.186228003,46.045871089,44.390015182));
#1529=VERTEX_POINT('',#1528);
#1530=CARTESIAN_POINT('',(28.186228003,46.045871089,44.390015182));
#1531=DIRECTION('',(0.707106781,-0.,-0.707106781));
#1532=VECTOR('',#1531,14.410264386);
#1533=LINE('',#1530,#1532);
#1534=EDGE_CURVE('',#1529,#1520,#1533,.T.);
#1535=ORIENTED_EDGE('',*,*,#1534,.F.);
#1536=CARTESIAN_POINT('',(25.685752106,46.045871089,44.390015182));
#1537=DIRECTION('',(1.,-0.,0.));
#1538=VECTOR('',#1537,2.500475897);
#1539=LINE('',#1536,#1538);
#1540=EDGE_CURVE('',#1512,#1529,#1539,.T.);
#1541=ORIENTED_EDGE('',*,*,#1540,.F.);
#1542=EDGE_LOOP('',(#1518,#1527,#1535,#1541));
#1543=FACE_BOUND('',#1542,.T.);
#1544=CARTESIAN_POINT('',(33.836223791,46.045871089,30.910640474));
#1545=VERTEX_POINT('',#1544);
#1546=CARTESIAN_POINT('',(20.356849083,46.045871089,44.390015182));
#1547=VERTEX_POINT('',#1546);
#1548=CARTESIAN_POINT('',(33.836223791,46.045871089,30.910640474));
#1549=DIRECTION('',(-0.707106781,0.,0.707106781));
#1550=VECTOR('',#1549,19.062714523);
#1551=LINE('',#1548,#1550);
#1552=EDGE_CURVE('',#1545,#1547,#1551,.T.);
#1553=ORIENTED_EDGE('',*,*,#1552,.F.);
#1554=CARTESIAN_POINT('',(34.433181447,46.045871089,32.814158716));
#1555=VERTEX_POINT('',#1554);
#1556=CARTESIAN_POINT('',(37.335835397,46.045871089,30.858500248));
#1557=DIRECTION('',(-0.,-1.,0.));
#1558=DIRECTION('',(0.,-0.,-1.));
#1559=AXIS2_PLACEMENT_3D('',#1556,#1557,#1558);
#1560=CIRCLE('',#1559,3.5);
#1561=EDGE_CURVE('',#1555,#1545,#1560,.T.);
#1562=ORIENTED_EDGE('',*,*,#1561,.F.);
#1563=CARTESIAN_POINT('',(22.857324981,46.045871089,44.390015182));
#1564=VERTEX_POINT('',#1563);
#1565=CARTESIAN_POINT('',(22.857324981,46.045871089,44.390015182));
#1566=DIRECTION('',(0.707106781,-0.,-0.707106781));
#1567=VECTOR('',#1566,16.37073321);
#1568=LINE('',#1565,#1567);
#1569=EDGE_CURVE('',#1564,#1555,#1568,.T.);
#1570=ORIENTED_EDGE('',*,*,#1569,.F.);
#1571=CARTESIAN_POINT('',(20.356849083,46.045871089,44.390015182));
#1572=DIRECTION('',(1.,-0.,0.));
#1573=VECTOR('',#1572,2.500475897);
#1574=LINE('',#1571,#1573);
#1575=EDGE_CURVE('',#1547,#1564,#1574,.T.);
#1576=ORIENTED_EDGE('',*,*,#1575,.F.);
#1577=EDGE_LOOP('',(#1553,#1562,#1570,#1576));
#1578=FACE_BOUND('',#1577,.T.);
#1579=CARTESIAN_POINT('',(33.835835397,46.045871089,25.582125846));
#1580=VERTEX_POINT('',#1579);
#1581=CARTESIAN_POINT('',(15.027946061,46.045871089,44.390015182));
#1582=VERTEX_POINT('',#1581);
#1583=CARTESIAN_POINT('',(33.835835397,46.045871089,25.582125846));
#1584=DIRECTION('',(-0.707106781,0.,0.707106781));
#1585=VECTOR('',#1584,26.598372178);
#1586=LINE('',#1583,#1585);
#1587=EDGE_CURVE('',#1580,#1582,#1586,.T.);
#1588=ORIENTED_EDGE('',*,*,#1587,.F.);
#1589=CARTESIAN_POINT('',(33.835835397,46.045871089,28.082601743));
#1590=VERTEX_POINT('',#1589);
#1591=CARTESIAN_POINT('',(33.835835397,46.045871089,28.082601743));
#1592=DIRECTION('',(-0.,-0.,-1.));
#1593=VECTOR('',#1592,2.500475897);
#1594=LINE('',#1591,#1593);
#1595=EDGE_CURVE('',#1590,#1580,#1594,.T.);
#1596=ORIENTED_EDGE('',*,*,#1595,.F.);
#1597=CARTESIAN_POINT('',(17.528421959,46.045871089,44.390015182));
#1598=VERTEX_POINT('',#1597);
#1599=CARTESIAN_POINT('',(17.528421959,46.045871089,44.390015182));
#1600=DIRECTION('',(0.707106781,-0.,-0.707106781));
#1601=VECTOR('',#1600,23.062165252);
#1602=LINE('',#1599,#1601);
#1603=EDGE_CURVE('',#1598,#1590,#1602,.T.);
#1604=ORIENTED_EDGE('',*,*,#1603,.F.);
#1605=CARTESIAN_POINT('',(15.027946061,46.045871089,44.390015182));
#1606=DIRECTION('',(1.,-0.,0.));
#1607=VECTOR('',#1606,2.500475897);
#1608=LINE('',#1605,#1607);
#1609=EDGE_CURVE('',#1582,#1598,#1608,.T.);
#1610=ORIENTED_EDGE('',*,*,#1609,.F.);
#1611=EDGE_LOOP('',(#1588,#1596,#1604,#1610));
#1612=FACE_BOUND('',#1611,.T.);
#1613=CARTESIAN_POINT('',(33.835835397,46.045871089,20.253222824));
#1614=VERTEX_POINT('',#1613);
#1615=CARTESIAN_POINT('',(9.699043039,46.045871089,44.390015182));
#1616=VERTEX_POINT('',#1615);
#1617=CARTESIAN_POINT('',(33.835835397,46.045871089,20.253222824));
#1618=DIRECTION('',(-0.707106781,0.,0.707106781));
#1619=VECTOR('',#1618,34.134579105);
#1620=LINE('',#1617,#1619);
#1621=EDGE_CURVE('',#1614,#1616,#1620,.T.);
#1622=ORIENTED_EDGE('',*,*,#1621,.F.);
#1623=CARTESIAN_POINT('',(33.835835397,46.045871089,22.753698721));
#1624=VERTEX_POINT('',#1623);
#1625=CARTESIAN_POINT('',(33.835835397,46.045871089,22.753698721));
#1626=DIRECTION('',(-0.,-0.,-1.));
#1627=VECTOR('',#1626,2.500475897);
#1628=LINE('',#1625,#1627);
#1629=EDGE_CURVE('',#1624,#1614,#1628,.T.);
#1630=ORIENTED_EDGE('',*,*,#1629,.F.);
#1631=CARTESIAN_POINT('',(12.199518937,46.045871089,44.390015182));
#1632=VERTEX_POINT('',#1631);
#1633=CARTESIAN_POINT('',(12.199518937,46.045871089,44.390015182));
#1634=DIRECTION('',(0.707106781,-0.,-0.707106781));
#1635=VECTOR('',#1634,30.598372178);
#1636=LINE('',#1633,#1635);
#1637=EDGE_CURVE('',#1632,#1624,#1636,.T.);
#1638=ORIENTED_EDGE('',*,*,#1637,.F.);
#1639=CARTESIAN_POINT('',(9.699043039,46.045871089,44.390015182));
#1640=DIRECTION('',(1.,-0.,0.));
#1641=VECTOR('',#1640,2.500475897);
#1642=LINE('',#1639,#1641);
#1643=EDGE_CURVE('',#1616,#1632,#1642,.T.);
#1644=ORIENTED_EDGE('',*,*,#1643,.F.);
#1645=EDGE_LOOP('',(#1622,#1630,#1638,#1644));
#1646=FACE_BOUND('',#1645,.T.);
#1647=CARTESIAN_POINT('',(34.000907564,46.045871089,14.759247634));
#1648=VERTEX_POINT('',#1647);
#1649=CARTESIAN_POINT('',(4.370140017,46.045871089,44.390015182));
#1650=VERTEX_POINT('',#1649);
#1651=CARTESIAN_POINT('',(34.000907564,46.045871089,14.759247634));
#1652=DIRECTION('',(-0.707106781,0.,0.707106781));
#1653=VECTOR('',#1652,41.904233329);
#1654=LINE('',#1651,#1653);
#1655=EDGE_CURVE('',#1648,#1650,#1654,.T.);
#1656=ORIENTED_EDGE('',*,*,#1655,.F.);
#1657=CARTESIAN_POINT('',(33.835835397,46.045871089,15.821441755));
#1658=VERTEX_POINT('',#1657);
#1659=CARTESIAN_POINT('',(37.335835397,46.045871089,15.821441755));
#1660=DIRECTION('',(-0.,-1.,0.));
#1661=DIRECTION('',(0.,-0.,-1.));
#1662=AXIS2_PLACEMENT_3D('',#1659,#1660,#1661);
#1663=CIRCLE('',#1662,3.5);
#1664=EDGE_CURVE('',#1658,#1648,#1663,.T.);
#1665=ORIENTED_EDGE('',*,*,#1664,.F.);
#1666=CARTESIAN_POINT('',(33.835835397,46.045871089,17.424795699));
#1667=VERTEX_POINT('',#1666);
#1668=CARTESIAN_POINT('',(33.835835397,46.045871089,17.424795699));
#1669=DIRECTION('',(-0.,-0.,-1.));
#1670=VECTOR('',#1669,1.603353944);
#1671=LINE('',#1668,#1670);
#1672=EDGE_CURVE('',#1667,#1658,#1671,.T.);
#1673=ORIENTED_EDGE('',*,*,#1672,.F.);
#1674=CARTESIAN_POINT('',(6.870615914,46.045871089,44.390015182));
#1675=VERTEX_POINT('',#1674);
#1676=CARTESIAN_POINT('',(6.870615914,46.045871089,44.390015182));
#1677=DIRECTION('',(0.707106781,-0.,-0.707106781));
#1678=VECTOR('',#1677,38.134579105);
#1679=LINE('',#1676,#1678);
#1680=EDGE_CURVE('',#1675,#1667,#1679,.T.);
#1681=ORIENTED_EDGE('',*,*,#1680,.F.);
#1682=CARTESIAN_POINT('',(4.370140017,46.045871089,44.390015182));
#1683=DIRECTION('',(1.,-0.,0.));
#1684=VECTOR('',#1683,2.500475897);
#1685=LINE('',#1682,#1684);
#1686=EDGE_CURVE('',#1650,#1675,#1685,.T.);
#1687=ORIENTED_EDGE('',*,*,#1686,.F.);
#1688=EDGE_LOOP('',(#1656,#1665,#1673,#1681,#1687));
#1689=FACE_BOUND('',#1688,.T.);
#1690=CARTESIAN_POINT('',(-3.78719013,46.045871089,44.390015182));
#1691=VERTEX_POINT('',#1690);
#1692=CARTESIAN_POINT('',(38.414627407,46.045871089,2.188197645));
#1693=VERTEX_POINT('',#1692);
#1694=CARTESIAN_POINT('',(-3.78719013,46.045871089,44.390015182));
#1695=DIRECTION('',(0.707106781,-0.,-0.707106781));
#1696=VECTOR('',#1695,59.682382717);
#1697=LINE('',#1694,#1696);
#1698=EDGE_CURVE('',#1691,#1693,#1697,.T.);
#1699=ORIENTED_EDGE('',*,*,#1698,.F.);
#1700=CARTESIAN_POINT('',(-6.287666027,46.045871089,44.390015182));
#1701=VERTEX_POINT('',#1700);
#1702=CARTESIAN_POINT('',(-6.287666027,46.045871089,44.390015182));
#1703=DIRECTION('',(1.,-0.,0.));
#1704=VECTOR('',#1703,2.500475897);
#1705=LINE('',#1702,#1704);
#1706=EDGE_CURVE('',#1701,#1691,#1705,.T.);
#1707=ORIENTED_EDGE('',*,*,#1706,.F.);
#1708=CARTESIAN_POINT('',(35.942202913,46.045871089,2.160146241));
#1709=VERTEX_POINT('',#1708);
#1710=CARTESIAN_POINT('',(35.942202913,46.045871089,2.160146241));
#1711=DIRECTION('',(-0.707106781,0.,0.707106781));
#1712=VECTOR('',#1711,59.722053393);
#1713=LINE('',#1710,#1712);
#1714=EDGE_CURVE('',#1709,#1701,#1713,.T.);
#1715=ORIENTED_EDGE('',*,*,#1714,.F.);
#1716=CARTESIAN_POINT('',(37.931178492,46.045871089,2.160146241));
#1717=VERTEX_POINT('',#1716);
#1718=CARTESIAN_POINT('',(37.931178492,46.045871089,2.160146241));
#1719=DIRECTION('',(-1.,0.,0.));
#1720=VECTOR('',#1719,1.988975578);
#1721=LINE('',#1718,#1720);
#1722=EDGE_CURVE('',#1717,#1709,#1721,.T.);
#1723=ORIENTED_EDGE('',*,*,#1722,.F.);
#1724=CARTESIAN_POINT('',(37.931178492,46.045871089,6.340146241));
#1725=DIRECTION('',(0.,1.,-0.));
#1726=DIRECTION('',(0.,-0.,-1.));
#1727=AXIS2_PLACEMENT_3D('',#1724,#1725,#1726);
#1728=CIRCLE('',#1727,4.18);
#1729=EDGE_CURVE('',#1693,#1717,#1728,.T.);
#1730=ORIENTED_EDGE('',*,*,#1729,.F.);
#1731=EDGE_LOOP('',(#1699,#1707,#1715,#1723,#1730));
#1732=FACE_BOUND('',#1731,.T.);
#1733=CARTESIAN_POINT('',(42.111178492,46.045871089,9.149452604));
#1734=VERTEX_POINT('',#1733);
#1735=CARTESIAN_POINT('',(42.111178492,46.045871089,6.648976707));
#1736=VERTEX_POINT('',#1735);
#1737=CARTESIAN_POINT('',(42.111178492,46.045871089,9.149452604));
#1738=DIRECTION('',(-0.,-0.,-1.));
#1739=VECTOR('',#1738,2.500475897);
#1740=LINE('',#1737,#1739);
#1741=EDGE_CURVE('',#1734,#1736,#1740,.T.);
#1742=ORIENTED_EDGE('',*,*,#1741,.F.);
#1743=CARTESIAN_POINT('',(38.673487749,46.045871089,12.587143347));
#1744=VERTEX_POINT('',#1743);
#1745=CARTESIAN_POINT('',(38.673487749,46.045871089,12.587143347));
#1746=DIRECTION('',(0.707106781,-0.,-0.707106781));
#1747=VECTOR('',#1746,4.861628872);
#1748=LINE('',#1745,#1747);
#1749=EDGE_CURVE('',#1744,#1734,#1748,.T.);
#1750=ORIENTED_EDGE('',*,*,#1749,.F.);
#1751=CARTESIAN_POINT('',(36.273641277,46.045871089,12.486513922));
#1752=VERTEX_POINT('',#1751);
#1753=CARTESIAN_POINT('',(37.335835397,46.045871089,15.821441755));
#1754=DIRECTION('',(-0.,-1.,0.));
#1755=DIRECTION('',(0.,-0.,-1.));
#1756=AXIS2_PLACEMENT_3D('',#1753,#1754,#1755);
#1757=CIRCLE('',#1756,3.5);
#1758=EDGE_CURVE('',#1752,#1744,#1757,.T.);
#1759=ORIENTED_EDGE('',*,*,#1758,.F.);
#1760=CARTESIAN_POINT('',(42.111178492,46.045871089,6.648976707));
#1761=DIRECTION('',(-0.707106781,0.,0.707106781));
#1762=VECTOR('',#1761,8.2555243);
#1763=LINE('',#1760,#1762);
#1764=EDGE_CURVE('',#1736,#1752,#1763,.T.);
#1765=ORIENTED_EDGE('',*,*,#1764,.F.);
#1766=EDGE_LOOP('',(#1742,#1750,#1759,#1765));
#1767=FACE_BOUND('',#1766,.T.);
#1768=CARTESIAN_POINT('',(-42.111178492,46.045871089,10.937788358));
#1769=VERTEX_POINT('',#1768);
#1770=CARTESIAN_POINT('',(-42.111178492,46.045871089,13.438264256));
#1771=VERTEX_POINT('',#1770);
#1772=CARTESIAN_POINT('',(-42.111178492,46.045871089,10.937788358));
#1773=DIRECTION('',(0.,0.,1.));
#1774=VECTOR('',#1773,2.500475897);
#1775=LINE('',#1772,#1774);
#1776=EDGE_CURVE('',#1769,#1771,#1775,.T.);
#1777=ORIENTED_EDGE('',*,*,#1776,.F.);
#1778=CARTESIAN_POINT('',(-33.333536374,46.045871089,2.160146241));
#1779=VERTEX_POINT('',#1778);
#1780=CARTESIAN_POINT('',(-33.333536374,46.045871089,2.160146241));
#1781=DIRECTION('',(-0.707106781,0.,0.707106781));
#1782=VECTOR('',#1781,12.413460528);
#1783=LINE('',#1780,#1782);
#1784=EDGE_CURVE('',#1779,#1769,#1783,.T.);
#1785=ORIENTED_EDGE('',*,*,#1784,.F.);
#1786=CARTESIAN_POINT('',(-30.833060477,46.045871089,2.160146241));
#1787=VERTEX_POINT('',#1786);
#1788=CARTESIAN_POINT('',(-30.833060477,46.045871089,2.160146241));
#1789=DIRECTION('',(-1.,0.,0.));
#1790=VECTOR('',#1789,2.500475897);
#1791=LINE('',#1788,#1790);
#1792=EDGE_CURVE('',#1787,#1779,#1791,.T.);
#1793=ORIENTED_EDGE('',*,*,#1792,.F.);
#1794=CARTESIAN_POINT('',(-42.111178492,46.045871089,13.438264256));
#1795=DIRECTION('',(0.707106781,-0.,-0.707106781));
#1796=VECTOR('',#1795,15.949667455);
#1797=LINE('',#1794,#1796);
#1798=EDGE_CURVE('',#1771,#1787,#1797,.T.);
#1799=ORIENTED_EDGE('',*,*,#1798,.F.);
#1800=EDGE_LOOP('',(#1777,#1785,#1793,#1799));
#1801=FACE_BOUND('',#1800,.T.);
#1802=CARTESIAN_POINT('',(-35.951051852,46.045871089,12.607040639));
#1803=VERTEX_POINT('',#1802);
#1804=CARTESIAN_POINT('',(-38.301893959,46.045871089,12.457406847));
#1805=VERTEX_POINT('',#1804);
#1806=CARTESIAN_POINT('',(-37.335835397,46.045871089,15.821441755));
#1807=DIRECTION('',(0.,1.,-0.));
#1808=DIRECTION('',(0.,-0.,-1.));
#1809=AXIS2_PLACEMENT_3D('',#1806,#1807,#1808);
#1810=CIRCLE('',#1809,3.5);
#1811=EDGE_CURVE('',#1803,#1805,#1810,.T.);
#1812=ORIENTED_EDGE('',*,*,#1811,.T.);
#1813=CARTESIAN_POINT('',(-28.004633352,46.045871089,2.160146241));
#1814=VERTEX_POINT('',#1813);
#1815=CARTESIAN_POINT('',(-28.004633352,46.045871089,2.160146241));
#1816=DIRECTION('',(-0.707106781,0.,0.707106781));
#1817=VECTOR('',#1816,14.562525605);
#1818=LINE('',#1815,#1817);
#1819=EDGE_CURVE('',#1814,#1805,#1818,.T.);
#1820=ORIENTED_EDGE('',*,*,#1819,.F.);
#1821=CARTESIAN_POINT('',(-25.504157455,46.045871089,2.160146241));
#1822=VERTEX_POINT('',#1821);
#1823=CARTESIAN_POINT('',(-25.504157455,46.045871089,2.160146241));
#1824=DIRECTION('',(-1.,0.,0.));
#1825=VECTOR('',#1824,2.500475897);
#1826=LINE('',#1823,#1825);
#1827=EDGE_CURVE('',#1822,#1814,#1826,.T.);
#1828=ORIENTED_EDGE('',*,*,#1827,.F.);
#1829=CARTESIAN_POINT('',(-35.951051852,46.045871089,12.607040639));
#1830=DIRECTION('',(0.707106781,-0.,-0.707106781));
#1831=VECTOR('',#1830,14.774139742);
#1832=LINE('',#1829,#1831);
#1833=EDGE_CURVE('',#1803,#1822,#1832,.T.);
#1834=ORIENTED_EDGE('',*,*,#1833,.F.);
#1835=EDGE_LOOP('',(#1812,#1820,#1828,#1834));
#1836=FACE_BOUND('',#1835,.T.);
#1837=CARTESIAN_POINT('',(-33.83583547,46.045871089,15.820727278));
#1838=VERTEX_POINT('',#1837);
#1839=CARTESIAN_POINT('',(-34.412467983,46.045871089,13.896883894));
#1840=VERTEX_POINT('',#1839);
#1841=CARTESIAN_POINT('',(-37.335835397,46.045871089,15.821441755));
#1842=DIRECTION('',(0.,1.,-0.));
#1843=DIRECTION('',(0.,-0.,-1.));
#1844=AXIS2_PLACEMENT_3D('',#1841,#1842,#1843);
#1845=CIRCLE('',#1844,3.5);
#1846=EDGE_CURVE('',#1838,#1840,#1845,.T.);
#1847=ORIENTED_EDGE('',*,*,#1846,.T.);
#1848=CARTESIAN_POINT('',(-22.67573033,46.045871089,2.160146241));
#1849=VERTEX_POINT('',#1848);
#1850=CARTESIAN_POINT('',(-22.67573033,46.045871089,2.160146241));
#1851=DIRECTION('',(-0.707106781,0.,0.707106781));
#1852=VECTOR('',#1851,16.598253566);
#1853=LINE('',#1850,#1852);
#1854=EDGE_CURVE('',#1849,#1840,#1853,.T.);
#1855=ORIENTED_EDGE('',*,*,#1854,.F.);
#1856=CARTESIAN_POINT('',(-20.175254433,46.045871089,2.160146241));
#1857=VERTEX_POINT('',#1856);
#1858=CARTESIAN_POINT('',(-20.175254433,46.045871089,2.160146241));
#1859=DIRECTION('',(-1.,0.,0.));
#1860=VECTOR('',#1859,2.500475897);
#1861=LINE('',#1858,#1860);
#1862=EDGE_CURVE('',#1857,#1849,#1861,.T.);
#1863=ORIENTED_EDGE('',*,*,#1862,.F.);
#1864=CARTESIAN_POINT('',(-33.83583547,46.045871089,15.820727278));
#1865=DIRECTION('',(0.707106781,-0.,-0.707106781));
#1866=VECTOR('',#1865,19.318978973);
#1867=LINE('',#1864,#1866);
#1868=EDGE_CURVE('',#1838,#1857,#1867,.T.);
#1869=ORIENTED_EDGE('',*,*,#1868,.F.);
#1870=EDGE_LOOP('',(#1847,#1855,#1863,#1869));
#1871=FACE_BOUND('',#1870,.T.);
#1872=CARTESIAN_POINT('',(-33.835835397,46.045871089,21.149630228));
#1873=VERTEX_POINT('',#1872);
#1874=CARTESIAN_POINT('',(-33.835835397,46.045871089,18.64915433));
#1875=VERTEX_POINT('',#1874);
#1876=CARTESIAN_POINT('',(-33.835835397,46.045871089,21.149630228));
#1877=DIRECTION('',(0.,-0.,-1.));
#1878=VECTOR('',#1877,2.500475897);
#1879=LINE('',#1876,#1878);
#1880=EDGE_CURVE('',#1873,#1875,#1879,.T.);
#1881=ORIENTED_EDGE('',*,*,#1880,.T.);
#1882=CARTESIAN_POINT('',(-17.346827308,46.045871089,2.160146241));
#1883=VERTEX_POINT('',#1882);
#1884=CARTESIAN_POINT('',(-17.346827308,46.045871089,2.160146241));
#1885=DIRECTION('',(-0.707106781,0.,0.707106781));
#1886=VECTOR('',#1885,23.31897887);
#1887=LINE('',#1884,#1886);
#1888=EDGE_CURVE('',#1883,#1875,#1887,.T.);
#1889=ORIENTED_EDGE('',*,*,#1888,.F.);
#1890=CARTESIAN_POINT('',(-14.846351411,46.045871089,2.160146241));
#1891=VERTEX_POINT('',#1890);
#1892=CARTESIAN_POINT('',(-14.846351411,46.045871089,2.160146241));
#1893=DIRECTION('',(-1.,0.,0.));
#1894=VECTOR('',#1893,2.500475897);
#1895=LINE('',#1892,#1894);
#1896=EDGE_CURVE('',#1891,#1883,#1895,.T.);
#1897=ORIENTED_EDGE('',*,*,#1896,.F.);
#1898=CARTESIAN_POINT('',(-33.835835397,46.045871089,21.149630228));
#1899=DIRECTION('',(0.707106781,-0.,-0.707106781));
#1900=VECTOR('',#1899,26.855185796);
#1901=LINE('',#1898,#1900);
#1902=EDGE_CURVE('',#1873,#1891,#1901,.T.);
#1903=ORIENTED_EDGE('',*,*,#1902,.F.);
#1904=EDGE_LOOP('',(#1881,#1889,#1897,#1903));
#1905=FACE_BOUND('',#1904,.T.);
#1906=CARTESIAN_POINT('',(-38.63666045,46.045871089,34.107785428));
#1907=VERTEX_POINT('',#1906);
#1908=CARTESIAN_POINT('',(-36.196144811,46.045871089,34.167745685));
#1909=VERTEX_POINT('',#1908);
#1910=CARTESIAN_POINT('',(-37.335835397,46.045871089,30.858500248));
#1911=DIRECTION('',(0.,1.,-0.));
#1912=DIRECTION('',(0.,-0.,-1.));
#1913=AXIS2_PLACEMENT_3D('',#1910,#1911,#1912);
#1914=CIRCLE('',#1913,3.5);
#1915=EDGE_CURVE('',#1907,#1909,#1914,.T.);
#1916=ORIENTED_EDGE('',*,*,#1915,.T.);
#1917=CARTESIAN_POINT('',(-42.111178492,46.045871089,40.082779366));
#1918=VERTEX_POINT('',#1917);
#1919=CARTESIAN_POINT('',(-42.111178492,46.045871089,40.082779366));
#1920=DIRECTION('',(0.707106781,-0.,-0.707106781));
#1921=VECTOR('',#1920,8.365120854);
#1922=LINE('',#1919,#1921);
#1923=EDGE_CURVE('',#1918,#1909,#1922,.T.);
#1924=ORIENTED_EDGE('',*,*,#1923,.F.);
#1925=CARTESIAN_POINT('',(-42.111178492,46.045871089,37.582303469));
#1926=VERTEX_POINT('',#1925);
#1927=CARTESIAN_POINT('',(-42.111178492,46.045871089,37.582303469));
#1928=DIRECTION('',(0.,0.,1.));
#1929=VECTOR('',#1928,2.500475897);
#1930=LINE('',#1927,#1929);
#1931=EDGE_CURVE('',#1926,#1918,#1930,.T.);
#1932=ORIENTED_EDGE('',*,*,#1931,.F.);
#1933=CARTESIAN_POINT('',(-38.63666045,46.045871089,34.107785428));
#1934=DIRECTION('',(-0.707106781,0.,0.707106781));
#1935=VECTOR('',#1934,4.913710537);
#1936=LINE('',#1933,#1935);
#1937=EDGE_CURVE('',#1907,#1926,#1936,.T.);
#1938=ORIENTED_EDGE('',*,*,#1937,.F.);
#1939=EDGE_LOOP('',(#1916,#1924,#1932,#1938));
#1940=FACE_BOUND('',#1939,.T.);
#1941=CARTESIAN_POINT('',(-11.616569049,46.045871089,44.390015182));
#1942=VERTEX_POINT('',#1941);
#1943=CARTESIAN_POINT('',(-9.116093152,46.045871089,44.390015182));
#1944=VERTEX_POINT('',#1943);
#1945=CARTESIAN_POINT('',(-11.616569049,46.045871089,44.390015182));
#1946=DIRECTION('',(1.,-0.,0.));
#1947=VECTOR('',#1946,2.500475897);
#1948=LINE('',#1945,#1947);
#1949=EDGE_CURVE('',#1942,#1944,#1948,.T.);
#1950=ORIENTED_EDGE('',*,*,#1949,.F.);
#1951=CARTESIAN_POINT('',(30.613299891,46.045871089,2.160146241));
#1952=VERTEX_POINT('',#1951);
#1953=CARTESIAN_POINT('',(30.613299891,46.045871089,2.160146241));
#1954=DIRECTION('',(-0.707106781,0.,0.707106781));
#1955=VECTOR('',#1954,59.722053393);
#1956=LINE('',#1953,#1955);
#1957=EDGE_CURVE('',#1952,#1942,#1956,.T.);
#1958=ORIENTED_EDGE('',*,*,#1957,.F.);
#1959=CARTESIAN_POINT('',(33.113775789,46.045871089,2.160146241));
#1960=VERTEX_POINT('',#1959);
#1961=CARTESIAN_POINT('',(33.113775789,46.045871089,2.160146241));
#1962=DIRECTION('',(-1.,0.,0.));
#1963=VECTOR('',#1962,2.500475897);
#1964=LINE('',#1961,#1963);
#1965=EDGE_CURVE('',#1960,#1952,#1964,.T.);
#1966=ORIENTED_EDGE('',*,*,#1965,.F.);
#1967=CARTESIAN_POINT('',(-9.116093152,46.045871089,44.390015182));
#1968=DIRECTION('',(0.707106781,-0.,-0.707106781));
#1969=VECTOR('',#1968,59.722053393);
#1970=LINE('',#1967,#1969);
#1971=EDGE_CURVE('',#1944,#1960,#1970,.T.);
#1972=ORIENTED_EDGE('',*,*,#1971,.F.);
#1973=EDGE_LOOP('',(#1950,#1958,#1966,#1972));
#1974=FACE_BOUND('',#1973,.T.);
#1975=CARTESIAN_POINT('',(36.34355815,46.045871089,44.390015182));
#1976=VERTEX_POINT('',#1975);
#1977=CARTESIAN_POINT('',(37.931178492,46.045871089,44.390015182));
#1978=VERTEX_POINT('',#1977);
#1979=CARTESIAN_POINT('',(36.34355815,46.045871089,44.390015182));
#1980=DIRECTION('',(1.,-0.,0.));
#1981=VECTOR('',#1980,1.587620342);
#1982=LINE('',#1979,#1981);
#1983=EDGE_CURVE('',#1976,#1978,#1982,.T.);
#1984=ORIENTED_EDGE('',*,*,#1983,.F.);
#1985=CARTESIAN_POINT('',(42.111178492,46.045871089,38.62239484));
#1986=VERTEX_POINT('',#1985);
#1987=CARTESIAN_POINT('',(42.111178492,46.045871089,38.62239484));
#1988=DIRECTION('',(-0.707106781,0.,0.707106781));
#1989=VECTOR('',#1988,8.15664691);
#1990=LINE('',#1987,#1989);
#1991=EDGE_CURVE('',#1986,#1976,#1990,.T.);
#1992=ORIENTED_EDGE('',*,*,#1991,.F.);
#1993=CARTESIAN_POINT('',(42.111178492,46.045871089,40.210015182));
#1994=VERTEX_POINT('',#1993);
#1995=CARTESIAN_POINT('',(42.111178492,46.045871089,40.210015182));
#1996=DIRECTION('',(-0.,-0.,-1.));
#1997=VECTOR('',#1996,1.587620342);
#1998=LINE('',#1995,#1997);
#1999=EDGE_CURVE('',#1994,#1986,#1998,.T.);
#2000=ORIENTED_EDGE('',*,*,#1999,.F.);
#2001=CARTESIAN_POINT('',(37.931178492,46.045871089,40.210015182));
#2002=DIRECTION('',(0.,1.,-0.));
#2003=DIRECTION('',(0.,-0.,-1.));
#2004=AXIS2_PLACEMENT_3D('',#2001,#2002,#2003);
#2005=CIRCLE('',#2004,4.18);
#2006=EDGE_CURVE('',#1978,#1994,#2005,.T.);
#2007=ORIENTED_EDGE('',*,*,#2006,.F.);
#2008=EDGE_LOOP('',(#1984,#1992,#2000,#2007));
#2009=FACE_BOUND('',#2008,.T.);
#2010=CARTESIAN_POINT('',(-42.111178492,46.045871089,6.340146241));
#2011=VERTEX_POINT('',#2010);
#2012=CARTESIAN_POINT('',(-42.111178492,46.045871089,8.109361234));
#2013=VERTEX_POINT('',#2012);
#2014=CARTESIAN_POINT('',(-42.111178492,46.045871089,6.340146241));
#2015=DIRECTION('',(0.,0.,1.));
#2016=VECTOR('',#2015,1.769214993);
#2017=LINE('',#2014,#2016);
#2018=EDGE_CURVE('',#2011,#2013,#2017,.T.);
#2019=ORIENTED_EDGE('',*,*,#2018,.F.);
#2020=CARTESIAN_POINT('',(-37.931178492,46.045871089,2.160146241));
#2021=VERTEX_POINT('',#2020);
#2022=CARTESIAN_POINT('',(-37.931178492,46.045871089,6.340146241));
#2023=DIRECTION('',(0.,1.,-0.));
#2024=DIRECTION('',(0.,-0.,-1.));
#2025=AXIS2_PLACEMENT_3D('',#2022,#2023,#2024);
#2026=CIRCLE('',#2025,4.18);
#2027=EDGE_CURVE('',#2021,#2011,#2026,.T.);
#2028=ORIENTED_EDGE('',*,*,#2027,.F.);
#2029=CARTESIAN_POINT('',(-36.161963499,46.045871089,2.160146241));
#2030=VERTEX_POINT('',#2029);
#2031=CARTESIAN_POINT('',(-36.161963499,46.045871089,2.160146241));
#2032=DIRECTION('',(-1.,0.,0.));
#2033=VECTOR('',#2032,1.769214993);
#2034=LINE('',#2031,#2033);
#2035=EDGE_CURVE('',#2030,#2021,#2034,.T.);
#2036=ORIENTED_EDGE('',*,*,#2035,.F.);
#2037=CARTESIAN_POINT('',(-42.111178492,46.045871089,8.109361234));
#2038=DIRECTION('',(0.707106781,-0.,-0.707106781));
#2039=VECTOR('',#2038,8.413460528);
#2040=LINE('',#2037,#2039);
#2041=EDGE_CURVE('',#2013,#2030,#2040,.T.);
#2042=ORIENTED_EDGE('',*,*,#2041,.F.);
#2043=EDGE_LOOP('',(#2019,#2028,#2036,#2042));
#2044=FACE_BOUND('',#2043,.T.);
#2045=ORIENTED_EDGE('',*,*,#186,.T.);
#2046=ORIENTED_EDGE('',*,*,#153,.T.);
#2047=ORIENTED_EDGE('',*,*,#122,.T.);
#2048=ORIENTED_EDGE('',*,*,#89,.T.);
#2049=ORIENTED_EDGE('',*,*,#58,.T.);
#2050=ORIENTED_EDGE('',*,*,#277,.T.);
#2051=ORIENTED_EDGE('',*,*,#250,.T.);
#2052=ORIENTED_EDGE('',*,*,#217,.T.);
#2053=EDGE_LOOP('',(#2045,#2046,#2047,#2048,#2049,#2050,#2051,#2052));
#2054=FACE_BOUND('',#2053,.T.);
#2055=CARTESIAN_POINT('',(-40.835835397,46.045871089,25.64915433));
#2056=VERTEX_POINT('',#2055);
#2057=CARTESIAN_POINT('',(-42.111178492,46.045871089,26.924497425));
#2058=VERTEX_POINT('',#2057);
#2059=CARTESIAN_POINT('',(-40.835835397,46.045871089,25.64915433));
#2060=DIRECTION('',(-0.707106781,0.,0.707106781));
#2061=VECTOR('',#2060,1.803607501);
#2062=LINE('',#2059,#2061);
#2063=EDGE_CURVE('',#2056,#2058,#2062,.T.);
#2064=ORIENTED_EDGE('',*,*,#2063,.F.);
#2065=CARTESIAN_POINT('',(-40.835835397,46.045871089,28.149630228));
#2066=VERTEX_POINT('',#2065);
#2067=CARTESIAN_POINT('',(-40.835835397,46.045871089,25.64915433));
#2068=DIRECTION('',(-0.,0.,1.));
#2069=VECTOR('',#2068,2.500475897);
#2070=LINE('',#2067,#2069);
#2071=EDGE_CURVE('',#2056,#2066,#2070,.T.);
#2072=ORIENTED_EDGE('',*,*,#2071,.T.);
#2073=CARTESIAN_POINT('',(-42.111178492,46.045871089,29.424973322));
#2074=VERTEX_POINT('',#2073);
#2075=CARTESIAN_POINT('',(-42.111178492,46.045871089,29.424973322));
#2076=DIRECTION('',(0.707106781,-0.,-0.707106781));
#2077=VECTOR('',#2076,1.803607501);
#2078=LINE('',#2075,#2077);
#2079=EDGE_CURVE('',#2074,#2066,#2078,.T.);
#2080=ORIENTED_EDGE('',*,*,#2079,.F.);
#2081=CARTESIAN_POINT('',(-42.111178492,46.045871089,26.924497425));
#2082=DIRECTION('',(0.,0.,1.));
#2083=VECTOR('',#2082,2.500475897);
#2084=LINE('',#2081,#2083);
#2085=EDGE_CURVE('',#2058,#2074,#2084,.T.);
#2086=ORIENTED_EDGE('',*,*,#2085,.F.);
#2087=EDGE_LOOP('',(#2064,#2072,#2080,#2086));
#2088=FACE_BOUND('',#2087,.T.);
#2089=CARTESIAN_POINT('',(-40.835835397,46.045871089,15.821441755));
#2090=VERTEX_POINT('',#2089);
#2091=CARTESIAN_POINT('',(-40.835835397,46.045871089,17.491824183));
#2092=VERTEX_POINT('',#2091);
#2093=CARTESIAN_POINT('',(-40.835835397,46.045871089,15.821441755));
#2094=DIRECTION('',(-0.,0.,1.));
#2095=VECTOR('',#2094,1.670382429);
#2096=LINE('',#2093,#2095);
#2097=EDGE_CURVE('',#2090,#2092,#2096,.T.);
#2098=ORIENTED_EDGE('',*,*,#2097,.T.);
#2099=CARTESIAN_POINT('',(-42.111178492,46.045871089,18.767167278));
#2100=VERTEX_POINT('',#2099);
#2101=CARTESIAN_POINT('',(-42.111178492,46.045871089,18.767167278));
#2102=DIRECTION('',(0.707106781,-0.,-0.707106781));
#2103=VECTOR('',#2102,1.803607501);
#2104=LINE('',#2101,#2103);
#2105=EDGE_CURVE('',#2100,#2092,#2104,.T.);
#2106=ORIENTED_EDGE('',*,*,#2105,.F.);
#2107=CARTESIAN_POINT('',(-42.111178492,46.045871089,16.266691381));
#2108=VERTEX_POINT('',#2107);
#2109=CARTESIAN_POINT('',(-42.111178492,46.045871089,16.266691381));
#2110=DIRECTION('',(0.,0.,1.));
#2111=VECTOR('',#2110,2.500475897);
#2112=LINE('',#2109,#2111);
#2113=EDGE_CURVE('',#2108,#2100,#2112,.T.);
#2114=ORIENTED_EDGE('',*,*,#2113,.F.);
#2115=CARTESIAN_POINT('',(-40.699870304,46.045871089,14.855383193));
#2116=VERTEX_POINT('',#2115);
#2117=CARTESIAN_POINT('',(-40.699870304,46.045871089,14.855383193));
#2118=DIRECTION('',(-0.707106781,0.,0.707106781));
#2119=VECTOR('',#2118,1.995891179);
#2120=LINE('',#2117,#2119);
#2121=EDGE_CURVE('',#2116,#2108,#2120,.T.);
#2122=ORIENTED_EDGE('',*,*,#2121,.F.);
#2123=CARTESIAN_POINT('',(-37.335835397,46.045871089,15.821441755));
#2124=DIRECTION('',(0.,1.,-0.));
#2125=DIRECTION('',(0.,-0.,-1.));
#2126=AXIS2_PLACEMENT_3D('',#2123,#2124,#2125);
#2127=CIRCLE('',#2126,3.5);
#2128=EDGE_CURVE('',#2116,#2090,#2127,.T.);
#2129=ORIENTED_EDGE('',*,*,#2128,.T.);
#2130=EDGE_LOOP('',(#2098,#2106,#2114,#2122,#2129));
#2131=FACE_BOUND('',#2130,.T.);
#2132=CARTESIAN_POINT('',(-40.835835397,46.045871089,20.320251308));
#2133=VERTEX_POINT('',#2132);
#2134=CARTESIAN_POINT('',(-40.835835397,46.045871089,22.820727206));
#2135=VERTEX_POINT('',#2134);
#2136=CARTESIAN_POINT('',(-40.835835397,46.045871089,20.320251308));
#2137=DIRECTION('',(-0.,0.,1.));
#2138=VECTOR('',#2137,2.500475897);
#2139=LINE('',#2136,#2138);
#2140=EDGE_CURVE('',#2133,#2135,#2139,.T.);
#2141=ORIENTED_EDGE('',*,*,#2140,.T.);
#2142=CARTESIAN_POINT('',(-42.111178492,46.045871089,24.0960703));
#2143=VERTEX_POINT('',#2142);
#2144=CARTESIAN_POINT('',(-42.111178492,46.045871089,24.0960703));
#2145=DIRECTION('',(0.707106781,-0.,-0.707106781));
#2146=VECTOR('',#2145,1.803607501);
#2147=LINE('',#2144,#2146);
#2148=EDGE_CURVE('',#2143,#2135,#2147,.T.);
#2149=ORIENTED_EDGE('',*,*,#2148,.F.);
#2150=CARTESIAN_POINT('',(-42.111178492,46.045871089,21.595594403));
#2151=VERTEX_POINT('',#2150);
#2152=CARTESIAN_POINT('',(-42.111178492,46.045871089,21.595594403));
#2153=DIRECTION('',(0.,0.,1.));
#2154=VECTOR('',#2153,2.500475897);
#2155=LINE('',#2152,#2154);
#2156=EDGE_CURVE('',#2151,#2143,#2155,.T.);
#2157=ORIENTED_EDGE('',*,*,#2156,.F.);
#2158=CARTESIAN_POINT('',(-40.835835397,46.045871089,20.320251308));
#2159=DIRECTION('',(-0.707106781,0.,0.707106781));
#2160=VECTOR('',#2159,1.803607501);
#2161=LINE('',#2158,#2160);
#2162=EDGE_CURVE('',#2133,#2151,#2161,.T.);
#2163=ORIENTED_EDGE('',*,*,#2162,.F.);
#2164=EDGE_LOOP('',(#2141,#2149,#2157,#2163));
#2165=FACE_BOUND('',#2164,.T.);
#2166=CARTESIAN_POINT('',(-40.833859782,46.045871089,30.976081737));
#2167=VERTEX_POINT('',#2166);
#2168=CARTESIAN_POINT('',(-40.211268448,46.045871089,32.853966301));
#2169=VERTEX_POINT('',#2168);
#2170=CARTESIAN_POINT('',(-37.335835397,46.045871089,30.858500248));
#2171=DIRECTION('',(0.,1.,-0.));
#2172=DIRECTION('',(0.,-0.,-1.));
#2173=AXIS2_PLACEMENT_3D('',#2170,#2171,#2172);
#2174=CIRCLE('',#2173,3.5);
#2175=EDGE_CURVE('',#2167,#2169,#2174,.T.);
#2176=ORIENTED_EDGE('',*,*,#2175,.T.);
#2177=CARTESIAN_POINT('',(-42.111178492,46.045871089,34.753876344));
#2178=VERTEX_POINT('',#2177);
#2179=CARTESIAN_POINT('',(-42.111178492,46.045871089,34.753876344));
#2180=DIRECTION('',(0.707106781,-0.,-0.707106781));
#2181=VECTOR('',#2180,2.686878551);
#2182=LINE('',#2179,#2181);
#2183=EDGE_CURVE('',#2178,#2169,#2182,.T.);
#2184=ORIENTED_EDGE('',*,*,#2183,.F.);
#2185=CARTESIAN_POINT('',(-42.111178492,46.045871089,32.253400447));
#2186=VERTEX_POINT('',#2185);
#2187=CARTESIAN_POINT('',(-42.111178492,46.045871089,32.253400447));
#2188=DIRECTION('',(0.,0.,1.));
#2189=VECTOR('',#2188,2.500475897);
#2190=LINE('',#2187,#2189);
#2191=EDGE_CURVE('',#2186,#2178,#2190,.T.);
#2192=ORIENTED_EDGE('',*,*,#2191,.F.);
#2193=CARTESIAN_POINT('',(-40.833859782,46.045871089,30.976081737));
#2194=DIRECTION('',(-0.707106781,0.,0.707106781));
#2195=VECTOR('',#2194,1.806401443);
#2196=LINE('',#2193,#2195);
#2197=EDGE_CURVE('',#2167,#2186,#2196,.T.);
#2198=ORIENTED_EDGE('',*,*,#2197,.F.);
#2199=EDGE_LOOP('',(#2176,#2184,#2192,#2198));
#2200=FACE_BOUND('',#2199,.T.);
#2201=CARTESIAN_POINT('',(-37.340831973,46.045871089,13.321441755));
#2202=VERTEX_POINT('',#2201);
#2203=CARTESIAN_POINT('',(-37.340831973,46.045871089,18.321441755));
#2204=VERTEX_POINT('',#2203);
#2205=CARTESIAN_POINT('',(-37.340831973,46.045871089,15.821441755));
#2206=DIRECTION('',(-0.,-1.,0.));
#2207=DIRECTION('',(0.,-0.,-1.));
#2208=AXIS2_PLACEMENT_3D('',#2205,#2206,#2207);
#2209=CIRCLE('',#2208,2.5);
#2210=EDGE_CURVE('',#2202,#2204,#2209,.T.);
#2211=ORIENTED_EDGE('',*,*,#2210,.T.);
#2212=CARTESIAN_POINT('',(-37.340831973,46.045871089,15.821441755));
#2213=DIRECTION('',(-0.,-1.,0.));
#2214=DIRECTION('',(0.,-0.,-1.));
#2215=AXIS2_PLACEMENT_3D('',#2212,#2213,#2214);
#2216=CIRCLE('',#2215,2.5);
#2217=EDGE_CURVE('',#2204,#2202,#2216,.T.);
#2218=ORIENTED_EDGE('',*,*,#2217,.T.);
#2219=EDGE_LOOP('',(#2211,#2218));
#2220=FACE_BOUND('',#2219,.T.);
#2221=CARTESIAN_POINT('',(-37.340831973,46.045871089,28.358500248));
#2222=VERTEX_POINT('',#2221);
#2223=CARTESIAN_POINT('',(-37.340831973,46.045871089,33.358500248));
#2224=VERTEX_POINT('',#2223);
#2225=CARTESIAN_POINT('',(-37.340831973,46.045871089,30.858500248));
#2226=DIRECTION('',(-0.,-1.,0.));
#2227=DIRECTION('',(0.,-0.,-1.));
#2228=AXIS2_PLACEMENT_3D('',#2225,#2226,#2227);
#2229=CIRCLE('',#2228,2.5);
#2230=EDGE_CURVE('',#2222,#2224,#2229,.T.);
#2231=ORIENTED_EDGE('',*,*,#2230,.T.);
#2232=CARTESIAN_POINT('',(-37.340831973,46.045871089,30.858500248));
#2233=DIRECTION('',(-0.,-1.,0.));
#2234=DIRECTION('',(0.,-0.,-1.));
#2235=AXIS2_PLACEMENT_3D('',#2232,#2233,#2234);
#2236=CIRCLE('',#2235,2.5);
#2237=EDGE_CURVE('',#2224,#2222,#2236,.T.);
#2238=ORIENTED_EDGE('',*,*,#2237,.T.);
#2239=EDGE_LOOP('',(#2231,#2238));
#2240=FACE_BOUND('',#2239,.T.);
#2241=CARTESIAN_POINT('',(37.340831973,46.045871089,18.321441755));
#2242=VERTEX_POINT('',#2241);
#2243=CARTESIAN_POINT('',(37.340831973,46.045871089,13.321441755));
#2244=VERTEX_POINT('',#2243);
#2245=CARTESIAN_POINT('',(37.340831973,46.045871089,15.821441755));
#2246=DIRECTION('',(0.,1.,-0.));
#2247=DIRECTION('',(0.,-0.,-1.));
#2248=AXIS2_PLACEMENT_3D('',#2245,#2246,#2247);
#2249=CIRCLE('',#2248,2.5);
#2250=EDGE_CURVE('',#2242,#2244,#2249,.T.);
#2251=ORIENTED_EDGE('',*,*,#2250,.F.);
#2252=CARTESIAN_POINT('',(37.340831973,46.045871089,15.821441755));
#2253=DIRECTION('',(0.,1.,-0.));
#2254=DIRECTION('',(0.,-0.,-1.));
#2255=AXIS2_PLACEMENT_3D('',#2252,#2253,#2254);
#2256=CIRCLE('',#2255,2.5);
#2257=EDGE_CURVE('',#2244,#2242,#2256,.T.);
#2258=ORIENTED_EDGE('',*,*,#2257,.F.);
#2259=EDGE_LOOP('',(#2251,#2258));
#2260=FACE_BOUND('',#2259,.T.);
#2261=CARTESIAN_POINT('',(37.340831973,46.045871089,33.358500248));
#2262=VERTEX_POINT('',#2261);
#2263=CARTESIAN_POINT('',(37.340831973,46.045871089,28.358500248));
#2264=VERTEX_POINT('',#2263);
#2265=CARTESIAN_POINT('',(37.340831973,46.045871089,30.858500248));
#2266=DIRECTION('',(0.,1.,-0.));
#2267=DIRECTION('',(0.,-0.,-1.));
#2268=AXIS2_PLACEMENT_3D('',#2265,#2266,#2267);
#2269=CIRCLE('',#2268,2.5);
#2270=EDGE_CURVE('',#2262,#2264,#2269,.T.);
#2271=ORIENTED_EDGE('',*,*,#2270,.F.);
#2272=CARTESIAN_POINT('',(37.340831973,46.045871089,30.858500248));
#2273=DIRECTION('',(0.,1.,-0.));
#2274=DIRECTION('',(0.,-0.,-1.));
#2275=AXIS2_PLACEMENT_3D('',#2272,#2273,#2274);
#2276=CIRCLE('',#2275,2.5);
#2277=EDGE_CURVE('',#2264,#2262,#2276,.T.);
#2278=ORIENTED_EDGE('',*,*,#2277,.F.);
#2279=EDGE_LOOP('',(#2271,#2278));
#2280=FACE_BOUND('',#2279,.T.);
#2281=CARTESIAN_POINT('',(40.232352602,46.045871089,13.856705619));
#2282=VERTEX_POINT('',#2281);
#2283=CARTESIAN_POINT('',(40.835192141,46.045871089,15.754341977));
#2284=VERTEX_POINT('',#2283);
#2285=CARTESIAN_POINT('',(37.335835397,46.045871089,15.821441755));
#2286=DIRECTION('',(-0.,-1.,0.));
#2287=DIRECTION('',(0.,-0.,-1.));
#2288=AXIS2_PLACEMENT_3D('',#2285,#2286,#2287);
#2289=CIRCLE('',#2288,3.5);
#2290=EDGE_CURVE('',#2282,#2284,#2289,.T.);
#2291=ORIENTED_EDGE('',*,*,#2290,.F.);
#2292=CARTESIAN_POINT('',(42.111178492,46.045871089,11.977879729));
#2293=VERTEX_POINT('',#2292);
#2294=CARTESIAN_POINT('',(42.111178492,46.045871089,11.977879729));
#2295=DIRECTION('',(-0.707106781,0.,0.707106781));
#2296=VECTOR('',#2295,2.657061055);
#2297=LINE('',#2294,#2296);
#2298=EDGE_CURVE('',#2293,#2282,#2297,.T.);
#2299=ORIENTED_EDGE('',*,*,#2298,.F.);
#2300=CARTESIAN_POINT('',(42.111178492,46.045871089,14.478355626));
#2301=VERTEX_POINT('',#2300);
#2302=CARTESIAN_POINT('',(42.111178492,46.045871089,14.478355626));
#2303=DIRECTION('',(-0.,-0.,-1.));
#2304=VECTOR('',#2303,2.500475897);
#2305=LINE('',#2302,#2304);
#2306=EDGE_CURVE('',#2301,#2293,#2305,.T.);
#2307=ORIENTED_EDGE('',*,*,#2306,.F.);
#2308=CARTESIAN_POINT('',(40.835192141,46.045871089,15.754341977));
#2309=DIRECTION('',(0.707106781,-0.,-0.707106781));
#2310=VECTOR('',#2309,1.804517203);
#2311=LINE('',#2308,#2310);
#2312=EDGE_CURVE('',#2284,#2301,#2311,.T.);
#2313=ORIENTED_EDGE('',*,*,#2312,.F.);
#2314=EDGE_LOOP('',(#2291,#2299,#2307,#2313));
#2315=FACE_BOUND('',#2314,.T.);
#2316=CARTESIAN_POINT('',(40.835835397,46.045871089,18.582125846));
#2317=VERTEX_POINT('',#2316);
#2318=CARTESIAN_POINT('',(40.835835397,46.045871089,21.082601743));
#2319=VERTEX_POINT('',#2318);
#2320=CARTESIAN_POINT('',(40.835835397,46.045871089,18.582125846));
#2321=DIRECTION('',(0.,0.,1.));
#2322=VECTOR('',#2321,2.500475897);
#2323=LINE('',#2320,#2322);
#2324=EDGE_CURVE('',#2317,#2319,#2323,.T.);
#2325=ORIENTED_EDGE('',*,*,#2324,.F.);
#2326=CARTESIAN_POINT('',(42.111178492,46.045871089,17.306782751));
#2327=VERTEX_POINT('',#2326);
#2328=CARTESIAN_POINT('',(42.111178492,46.045871089,17.306782751));
#2329=DIRECTION('',(-0.707106781,0.,0.707106781));
#2330=VECTOR('',#2329,1.803607501);
#2331=LINE('',#2328,#2330);
#2332=EDGE_CURVE('',#2327,#2317,#2331,.T.);
#2333=ORIENTED_EDGE('',*,*,#2332,.F.);
#2334=CARTESIAN_POINT('',(42.111178492,46.045871089,19.807258648));
#2335=VERTEX_POINT('',#2334);
#2336=CARTESIAN_POINT('',(42.111178492,46.045871089,19.807258648));
#2337=DIRECTION('',(-0.,-0.,-1.));
#2338=VECTOR('',#2337,2.500475897);
#2339=LINE('',#2336,#2338);
#2340=EDGE_CURVE('',#2335,#2327,#2339,.T.);
#2341=ORIENTED_EDGE('',*,*,#2340,.F.);
#2342=CARTESIAN_POINT('',(40.835835397,46.045871089,21.082601743));
#2343=DIRECTION('',(0.707106781,-0.,-0.707106781));
#2344=VECTOR('',#2343,1.803607501);
#2345=LINE('',#2342,#2344);
#2346=EDGE_CURVE('',#2319,#2335,#2345,.T.);
#2347=ORIENTED_EDGE('',*,*,#2346,.F.);
#2348=EDGE_LOOP('',(#2325,#2333,#2341,#2347));
#2349=FACE_BOUND('',#2348,.T.);
#2350=CARTESIAN_POINT('',(40.835835397,46.045871089,23.911028868));
#2351=VERTEX_POINT('',#2350);
#2352=CARTESIAN_POINT('',(40.835835397,46.045871089,26.411504765));
#2353=VERTEX_POINT('',#2352);
#2354=CARTESIAN_POINT('',(40.835835397,46.045871089,23.911028868));
#2355=DIRECTION('',(0.,0.,1.));
#2356=VECTOR('',#2355,2.500475897);
#2357=LINE('',#2354,#2356);
#2358=EDGE_CURVE('',#2351,#2353,#2357,.T.);
#2359=ORIENTED_EDGE('',*,*,#2358,.F.);
#2360=CARTESIAN_POINT('',(42.111178492,46.045871089,22.635685773));
#2361=VERTEX_POINT('',#2360);
#2362=CARTESIAN_POINT('',(42.111178492,46.045871089,22.635685773));
#2363=DIRECTION('',(-0.707106781,0.,0.707106781));
#2364=VECTOR('',#2363,1.803607501);
#2365=LINE('',#2362,#2364);
#2366=EDGE_CURVE('',#2361,#2351,#2365,.T.);
#2367=ORIENTED_EDGE('',*,*,#2366,.F.);
#2368=CARTESIAN_POINT('',(42.111178492,46.045871089,25.136161671));
#2369=VERTEX_POINT('',#2368);
#2370=CARTESIAN_POINT('',(42.111178492,46.045871089,25.136161671));
#2371=DIRECTION('',(-0.,-0.,-1.));
#2372=VECTOR('',#2371,2.500475897);
#2373=LINE('',#2370,#2372);
#2374=EDGE_CURVE('',#2369,#2361,#2373,.T.);
#2375=ORIENTED_EDGE('',*,*,#2374,.F.);
#2376=CARTESIAN_POINT('',(40.835835397,46.045871089,26.411504765));
#2377=DIRECTION('',(0.707106781,-0.,-0.707106781));
#2378=VECTOR('',#2377,1.803607501);
#2379=LINE('',#2376,#2378);
#2380=EDGE_CURVE('',#2353,#2369,#2379,.T.);
#2381=ORIENTED_EDGE('',*,*,#2380,.F.);
#2382=EDGE_LOOP('',(#2359,#2367,#2375,#2381));
#2383=FACE_BOUND('',#2382,.T.);
#2384=CARTESIAN_POINT('',(40.835835397,46.045871089,29.23993189));
#2385=VERTEX_POINT('',#2384);
#2386=CARTESIAN_POINT('',(40.835835397,46.045871089,30.858500248));
#2387=VERTEX_POINT('',#2386);
#2388=CARTESIAN_POINT('',(40.835835397,46.045871089,29.23993189));
#2389=DIRECTION('',(0.,0.,1.));
#2390=VECTOR('',#2389,1.618568358);
#2391=LINE('',#2388,#2390);
#2392=EDGE_CURVE('',#2385,#2387,#2391,.T.);
#2393=ORIENTED_EDGE('',*,*,#2392,.F.);
#2394=CARTESIAN_POINT('',(42.111178492,46.045871089,27.964588795));
#2395=VERTEX_POINT('',#2394);
#2396=CARTESIAN_POINT('',(42.111178492,46.045871089,27.964588795));
#2397=DIRECTION('',(-0.707106781,0.,0.707106781));
#2398=VECTOR('',#2397,1.803607501);
#2399=LINE('',#2396,#2398);
#2400=EDGE_CURVE('',#2395,#2385,#2399,.T.);
#2401=ORIENTED_EDGE('',*,*,#2400,.F.);
#2402=CARTESIAN_POINT('',(42.111178492,46.045871089,30.465064693));
#2403=VERTEX_POINT('',#2402);
#2404=CARTESIAN_POINT('',(42.111178492,46.045871089,30.465064693));
#2405=DIRECTION('',(-0.,-0.,-1.));
#2406=VECTOR('',#2405,2.500475897);
#2407=LINE('',#2404,#2406);
#2408=EDGE_CURVE('',#2403,#2395,#2407,.T.);
#2409=ORIENTED_EDGE('',*,*,#2408,.F.);
#2410=CARTESIAN_POINT('',(40.677754665,46.045871089,31.898488519));
#2411=VERTEX_POINT('',#2410);
#2412=CARTESIAN_POINT('',(40.677754665,46.045871089,31.898488519));
#2413=DIRECTION('',(0.707106781,-0.,-0.707106781));
#2414=VECTOR('',#2413,2.027167416);
#2415=LINE('',#2412,#2414);
#2416=EDGE_CURVE('',#2411,#2403,#2415,.T.);
#2417=ORIENTED_EDGE('',*,*,#2416,.F.);
#2418=CARTESIAN_POINT('',(37.335835397,46.045871089,30.858500248));
#2419=DIRECTION('',(-0.,-1.,0.));
#2420=DIRECTION('',(0.,-0.,-1.));
#2421=AXIS2_PLACEMENT_3D('',#2418,#2419,#2420);
#2422=CIRCLE('',#2421,3.5);
#2423=EDGE_CURVE('',#2387,#2411,#2422,.T.);
#2424=ORIENTED_EDGE('',*,*,#2423,.F.);
#2425=EDGE_LOOP('',(#2393,#2401,#2409,#2417,#2424));
#2426=FACE_BOUND('',#2425,.T.);
#2427=ADVANCED_FACE('',(#814,#834,#854,#888,#922,#956,#999,#1043,#1078,#1112,#1146,#1189,#1224,#1259,#1293,#1327,#1371,#1405,#1439,#1474,#1508,#1543,#1578,#1612,#1646,#1689,
#1732,#1767,#1801,#1836,#1871,#1905,#1940,#1974,#2009,#2044,#2054,#2088,#2131,#2165,#2200,#2220,#2240,#2260,#2280,#2315,#2349,#2383,#2426),#804,.F.);
#2428=CARTESIAN_POINT('',(48.77047012,45.248558941,10.008221135));
#2429=DIRECTION('',(0.,1.,-0.));
#2430=DIRECTION('',(1.,-0.,-0.));
#2431=AXIS2_PLACEMENT_3D('',#2428,#2429,#2430);
#2432=PLANE('',#2431);
#2433=ORIENTED_EDGE('',*,*,#488,.F.);
#2434=EDGE_LOOP('',(#2433));
#2435=FACE_BOUND('',#2434,.T.);
#2436=CARTESIAN_POINT('',(-11.911014298,45.248558941,10.008221135));
#2437=VERTEX_POINT('',#2436);
#2438=CARTESIAN_POINT('',(-16.911014298,45.248558941,10.008221135));
#2439=VERTEX_POINT('',#2438);
#2440=CARTESIAN_POINT('',(-14.411014298,45.248558941,10.008221135));
#2441=DIRECTION('',(-0.,-1.,0.));
#2442=DIRECTION('',(-1.,0.,0.));
#2443=AXIS2_PLACEMENT_3D('',#2440,#2441,#2442);
#2444=CIRCLE('',#2443,2.5);
#2445=EDGE_CURVE('',#2437,#2439,#2444,.T.);
#2446=ORIENTED_EDGE('',*,*,#2445,.F.);
#2447=CARTESIAN_POINT('',(-14.411014298,45.248558941,10.008221135));
#2448=DIRECTION('',(-0.,-1.,0.));
#2449=DIRECTION('',(-1.,0.,0.));
#2450=AXIS2_PLACEMENT_3D('',#2447,#2448,#2449);
#2451=CIRCLE('',#2450,2.5);
#2452=EDGE_CURVE('',#2439,#2437,#2451,.T.);
#2453=ORIENTED_EDGE('',*,*,#2452,.F.);
#2454=EDGE_LOOP('',(#2446,#2453));
#2455=FACE_BOUND('',#2454,.T.);
#2456=ADVANCED_FACE('',(#2435,#2455),#2432,.T.);
#2457=CARTESIAN_POINT('',(-14.411014298,44.648558941,10.008221135));
#2458=DIRECTION('',(0.,1.,-0.));
#2459=DIRECTION('',(1.,-0.,-0.));
#2460=AXIS2_PLACEMENT_3D('',#2457,#2458,#2459);
#2461=CYLINDRICAL_SURFACE('',#2460,2.5);
#2462=CARTESIAN_POINT('',(-11.911014298,46.045871089,10.008221135));
#2463=DIRECTION('',(-0.,-1.,0.));
#2464=VECTOR('',#2463,0.797312148);
#2465=LINE('',#2462,#2464);
#2466=EDGE_CURVE('',#818,#2437,#2465,.T.);
#2467=ORIENTED_EDGE('',*,*,#2466,.F.);
#2468=ORIENTED_EDGE('',*,*,#824,.F.);
#2469=ORIENTED_EDGE('',*,*,#831,.F.);
#2470=ORIENTED_EDGE('',*,*,#2466,.T.);
#2471=ORIENTED_EDGE('',*,*,#2445,.T.);
#2472=ORIENTED_EDGE('',*,*,#2452,.T.);
#2473=EDGE_LOOP('',(#2467,#2468,#2469,#2470,#2471,#2472));
#2474=FACE_BOUND('',#2473,.T.);
#2475=ADVANCED_FACE('',(#2474),#2461,.F.);
#2476=CARTESIAN_POINT('',(-48.607747929,45.248558941,10.008221135));
#2477=DIRECTION('',(-0.,1.,-0.));
#2478=DIRECTION('',(-1.,-0.,-0.));
#2479=AXIS2_PLACEMENT_3D('',#2476,#2477,#2478);
#2480=PLANE('',#2479);
#2481=ORIENTED_EDGE('',*,*,#532,.T.);
#2482=ORIENTED_EDGE('',*,*,#539,.T.);
#2483=EDGE_LOOP('',(#2481,#2482));
#2484=FACE_BOUND('',#2483,.T.);
#2485=CARTESIAN_POINT('',(12.073736489,45.248558941,10.008221135));
#2486=VERTEX_POINT('',#2485);
#2487=CARTESIAN_POINT('',(14.573736489,45.248558941,10.008221135));
#2488=DIRECTION('',(-0.,1.,-0.));
#2489=DIRECTION('',(-1.,-0.,0.));
#2490=AXIS2_PLACEMENT_3D('',#2487,#2488,#2489);
#2491=CIRCLE('',#2490,2.5);
#2492=EDGE_CURVE('',#2486,#2486,#2491,.T.);
#2493=ORIENTED_EDGE('',*,*,#2492,.T.);
#2494=EDGE_LOOP('',(#2493));
#2495=FACE_BOUND('',#2494,.T.);
#2496=ADVANCED_FACE('',(#2484,#2495),#2480,.T.);
#2497=CARTESIAN_POINT('',(14.573736489,44.648558941,10.008221135));
#2498=DIRECTION('',(-0.,1.,-0.));
#2499=DIRECTION('',(-1.,-0.,-0.));
#2500=AXIS2_PLACEMENT_3D('',#2497,#2498,#2499);
#2501=CYLINDRICAL_SURFACE('',#2500,2.5);
#2502=CARTESIAN_POINT('',(12.073736489,46.045871089,10.008221135));
#2503=DIRECTION('',(0.,-1.,0.));
#2504=VECTOR('',#2503,0.797312148);
#2505=LINE('',#2502,#2504);
#2506=EDGE_CURVE('',#836,#2486,#2505,.T.);
#2507=ORIENTED_EDGE('',*,*,#2506,.F.);
#2508=ORIENTED_EDGE('',*,*,#844,.T.);
#2509=ORIENTED_EDGE('',*,*,#851,.T.);
#2510=ORIENTED_EDGE('',*,*,#2506,.T.);
#2511=ORIENTED_EDGE('',*,*,#2492,.F.);
#2512=EDGE_LOOP('',(#2507,#2508,#2509,#2510,#2511));
#2513=FACE_BOUND('',#2512,.T.);
#2514=ADVANCED_FACE('',(#2513),#2501,.F.);
#2515=CARTESIAN_POINT('',(-0.,41.445871089,4.408221135));
#2516=DIRECTION('',(0.,0.,-1.));
#2517=DIRECTION('',(-1.,0.,0.));
#2518=AXIS2_PLACEMENT_3D('',#2515,#2516,#2517);
#2519=PLANE('',#2518);
#2520=CARTESIAN_POINT('',(-14.265999179,44.445871089,4.408221135));
#2521=VERTEX_POINT('',#2520);
#2522=CARTESIAN_POINT('',(-11.765523282,44.445871089,4.408221135));
#2523=VERTEX_POINT('',#2522);
#2524=CARTESIAN_POINT('',(-14.265999179,44.445871089,4.408221135));
#2525=DIRECTION('',(1.,-0.,0.));
#2526=VECTOR('',#2525,2.500475897);
#2527=LINE('',#2524,#2526);
#2528=EDGE_CURVE('',#2521,#2523,#2527,.T.);
#2529=ORIENTED_EDGE('',*,*,#2528,.F.);
#2530=CARTESIAN_POINT('',(-14.265999179,46.045871089,4.408221135));
#2531=DIRECTION('',(0.,-1.,0.));
#2532=VECTOR('',#2531,1.6);
#2533=LINE('',#2530,#2532);
#2534=EDGE_CURVE('',#1080,#2521,#2533,.T.);
#2535=ORIENTED_EDGE('',*,*,#2534,.F.);
#2536=ORIENTED_EDGE('',*,*,#1087,.T.);
#2537=CARTESIAN_POINT('',(-11.765523282,44.445871089,4.408221135));
#2538=DIRECTION('',(-0.,1.,-0.));
#2539=VECTOR('',#2538,1.6);
#2540=LINE('',#2537,#2539);
#2541=EDGE_CURVE('',#2523,#1082,#2540,.T.);
#2542=ORIENTED_EDGE('',*,*,#2541,.F.);
#2543=EDGE_LOOP('',(#2529,#2535,#2536,#2542));
#2544=FACE_BOUND('',#2543,.T.);
#2545=ADVANCED_FACE('',(#2544),#2519,.T.);
#2546=CARTESIAN_POINT('',(-0.,41.445871089,4.408221135));
#2547=DIRECTION('',(0.,0.,-1.));
#2548=DIRECTION('',(-1.,0.,0.));
#2549=AXIS2_PLACEMENT_3D('',#2546,#2547,#2548);
#2550=PLANE('',#2549);
#2551=CARTESIAN_POINT('',(-8.937096157,44.445871089,4.408221135));
#2552=VERTEX_POINT('',#2551);
#2553=CARTESIAN_POINT('',(-6.43662026,44.445871089,4.408221135));
#2554=VERTEX_POINT('',#2553);
#2555=CARTESIAN_POINT('',(-8.937096157,44.445871089,4.408221135));
#2556=DIRECTION('',(1.,-0.,0.));
#2557=VECTOR('',#2556,2.500475897);
#2558=LINE('',#2555,#2557);
#2559=EDGE_CURVE('',#2552,#2554,#2558,.T.);
#2560=ORIENTED_EDGE('',*,*,#2559,.F.);
#2561=CARTESIAN_POINT('',(-8.937096157,46.045871089,4.408221135));
#2562=DIRECTION('',(0.,-1.,0.));
#2563=VECTOR('',#2562,1.6);
#2564=LINE('',#2561,#2563);
#2565=EDGE_CURVE('',#1124,#2552,#2564,.T.);
#2566=ORIENTED_EDGE('',*,*,#2565,.F.);
#2567=ORIENTED_EDGE('',*,*,#1129,.T.);
#2568=CARTESIAN_POINT('',(-6.43662026,44.445871089,4.408221135));
#2569=DIRECTION('',(-0.,1.,-0.));
#2570=VECTOR('',#2569,1.6);
#2571=LINE('',#2568,#2570);
#2572=EDGE_CURVE('',#2554,#1114,#2571,.T.);
#2573=ORIENTED_EDGE('',*,*,#2572,.F.);
#2574=EDGE_LOOP('',(#2560,#2566,#2567,#2573));
#2575=FACE_BOUND('',#2574,.T.);
#2576=ADVANCED_FACE('',(#2575),#2550,.T.);
#2577=CARTESIAN_POINT('',(-0.,41.445871089,4.408221135));
#2578=DIRECTION('',(0.,0.,-1.));
#2579=DIRECTION('',(-1.,0.,0.));
#2580=AXIS2_PLACEMENT_3D('',#2577,#2578,#2579);
#2581=PLANE('',#2580);
#2582=CARTESIAN_POINT('',(-3.608193135,44.445871089,4.408221135));
#2583=VERTEX_POINT('',#2582);
#2584=CARTESIAN_POINT('',(-1.107717238,44.445871089,4.408221135));
#2585=VERTEX_POINT('',#2584);
#2586=CARTESIAN_POINT('',(-3.608193135,44.445871089,4.408221135));
#2587=DIRECTION('',(1.,-0.,0.));
#2588=VECTOR('',#2587,2.500475897);
#2589=LINE('',#2586,#2588);
#2590=EDGE_CURVE('',#2583,#2585,#2589,.T.);
#2591=ORIENTED_EDGE('',*,*,#2590,.F.);
#2592=CARTESIAN_POINT('',(-3.608193135,44.445871089,4.408221135));
#2593=DIRECTION('',(-0.,1.,0.));
#2594=VECTOR('',#2593,1.6);
#2595=LINE('',#2592,#2594);
#2596=EDGE_CURVE('',#2583,#1375,#2595,.T.);
#2597=ORIENTED_EDGE('',*,*,#2596,.T.);
#2598=ORIENTED_EDGE('',*,*,#1380,.F.);
#2599=CARTESIAN_POINT('',(-1.107717238,46.045871089,4.408221135));
#2600=DIRECTION('',(0.,-1.,0.));
#2601=VECTOR('',#2600,1.6);
#2602=LINE('',#2599,#2601);
#2603=EDGE_CURVE('',#1373,#2585,#2602,.T.);
#2604=ORIENTED_EDGE('',*,*,#2603,.T.);
#2605=EDGE_LOOP('',(#2591,#2597,#2598,#2604));
#2606=FACE_BOUND('',#2605,.T.);
#2607=ADVANCED_FACE('',(#2606),#2581,.T.);
#2608=CARTESIAN_POINT('',(-0.,41.445871089,4.408221135));
#2609=DIRECTION('',(0.,0.,-1.));
#2610=DIRECTION('',(-1.,0.,0.));
#2611=AXIS2_PLACEMENT_3D('',#2608,#2609,#2610);
#2612=PLANE('',#2611);
#2613=CARTESIAN_POINT('',(1.720709887,44.445871089,4.408221135));
#2614=VERTEX_POINT('',#2613);
#2615=CARTESIAN_POINT('',(4.221185784,44.445871089,4.408221135));
#2616=VERTEX_POINT('',#2615);
#2617=CARTESIAN_POINT('',(1.720709887,44.445871089,4.408221135));
#2618=DIRECTION('',(1.,-0.,0.));
#2619=VECTOR('',#2618,2.500475897);
#2620=LINE('',#2617,#2619);
#2621=EDGE_CURVE('',#2614,#2616,#2620,.T.);
#2622=ORIENTED_EDGE('',*,*,#2621,.F.);
#2623=CARTESIAN_POINT('',(1.720709887,44.445871089,4.408221135));
#2624=DIRECTION('',(-0.,1.,0.));
#2625=VECTOR('',#2624,1.6);
#2626=LINE('',#2623,#2625);
#2627=EDGE_CURVE('',#2614,#1409,#2626,.T.);
#2628=ORIENTED_EDGE('',*,*,#2627,.T.);
#2629=ORIENTED_EDGE('',*,*,#1414,.F.);
#2630=CARTESIAN_POINT('',(4.221185784,46.045871089,4.408221135));
#2631=DIRECTION('',(0.,-1.,0.));
#2632=VECTOR('',#2631,1.6);
#2633=LINE('',#2630,#2632);
#2634=EDGE_CURVE('',#1407,#2616,#2633,.T.);
#2635=ORIENTED_EDGE('',*,*,#2634,.T.);
#2636=EDGE_LOOP('',(#2622,#2628,#2629,#2635));
#2637=FACE_BOUND('',#2636,.T.);
#2638=ADVANCED_FACE('',(#2637),#2612,.T.);
#2639=CARTESIAN_POINT('',(-0.,41.445871089,4.408221135));
#2640=DIRECTION('',(0.,0.,-1.));
#2641=DIRECTION('',(-1.,0.,0.));
#2642=AXIS2_PLACEMENT_3D('',#2639,#2640,#2641);
#2643=PLANE('',#2642);
#2644=CARTESIAN_POINT('',(7.049612909,44.445871089,4.408221135));
#2645=VERTEX_POINT('',#2644);
#2646=CARTESIAN_POINT('',(9.550088806,44.445871089,4.408221135));
#2647=VERTEX_POINT('',#2646);
#2648=CARTESIAN_POINT('',(7.049612909,44.445871089,4.408221135));
#2649=DIRECTION('',(1.,-0.,0.));
#2650=VECTOR('',#2649,2.500475897);
#2651=LINE('',#2648,#2650);
#2652=EDGE_CURVE('',#2645,#2647,#2651,.T.);
#2653=ORIENTED_EDGE('',*,*,#2652,.F.);
#2654=CARTESIAN_POINT('',(7.049612909,46.045871089,4.408221135));
#2655=DIRECTION('',(0.,-1.,0.));
#2656=VECTOR('',#2655,1.6);
#2657=LINE('',#2654,#2656);
#2658=EDGE_CURVE('',#866,#2645,#2657,.T.);
#2659=ORIENTED_EDGE('',*,*,#2658,.F.);
#2660=ORIENTED_EDGE('',*,*,#871,.T.);
#2661=CARTESIAN_POINT('',(9.550088806,44.445871089,4.408221135));
#2662=DIRECTION('',(-0.,1.,-0.));
#2663=VECTOR('',#2662,1.6);
#2664=LINE('',#2661,#2663);
#2665=EDGE_CURVE('',#2647,#856,#2664,.T.);
#2666=ORIENTED_EDGE('',*,*,#2665,.F.);
#2667=EDGE_LOOP('',(#2653,#2659,#2660,#2666));
#2668=FACE_BOUND('',#2667,.T.);
#2669=ADVANCED_FACE('',(#2668),#2643,.T.);
#2670=CARTESIAN_POINT('',(-0.,41.445871089,4.408221135));
#2671=DIRECTION('',(0.,0.,-1.));
#2672=DIRECTION('',(-1.,0.,0.));
#2673=AXIS2_PLACEMENT_3D('',#2670,#2671,#2672);
#2674=PLANE('',#2673);
#2675=CARTESIAN_POINT('',(12.378515931,44.445871089,4.408221135));
#2676=VERTEX_POINT('',#2675);
#2677=CARTESIAN_POINT('',(14.573736489,44.445871089,4.408221135));
#2678=VERTEX_POINT('',#2677);
#2679=CARTESIAN_POINT('',(12.378515931,44.445871089,4.408221135));
#2680=DIRECTION('',(1.,-0.,0.));
#2681=VECTOR('',#2680,2.195220558);
#2682=LINE('',#2679,#2681);
#2683=EDGE_CURVE('',#2676,#2678,#2682,.T.);
#2684=ORIENTED_EDGE('',*,*,#2683,.F.);
#2685=CARTESIAN_POINT('',(12.378515931,46.045871089,4.408221135));
#2686=DIRECTION('',(0.,-1.,0.));
#2687=VECTOR('',#2686,1.6);
#2688=LINE('',#2685,#2687);
#2689=EDGE_CURVE('',#1148,#2676,#2688,.T.);
#2690=ORIENTED_EDGE('',*,*,#2689,.F.);
#2691=ORIENTED_EDGE('',*,*,#1155,.T.);
#2692=CARTESIAN_POINT('',(14.573736489,44.445871089,4.408221135));
#2693=DIRECTION('',(0.,1.,0.));
#2694=VECTOR('',#2693,1.6);
#2695=LINE('',#2692,#2694);
#2696=EDGE_CURVE('',#2678,#1150,#2695,.T.);
#2697=ORIENTED_EDGE('',*,*,#2696,.F.);
#2698=EDGE_LOOP('',(#2684,#2690,#2691,#2697));
#2699=FACE_BOUND('',#2698,.T.);
#2700=ADVANCED_FACE('',(#2699),#2674,.T.);
#2701=CARTESIAN_POINT('',(14.573736489,41.445871089,10.008221135));
#2702=DIRECTION('',(0.,1.,0.));
#2703=DIRECTION('',(0.,-0.,1.));
#2704=AXIS2_PLACEMENT_3D('',#2701,#2702,#2703);
#2705=CYLINDRICAL_SURFACE('',#2704,5.6);
#2706=CARTESIAN_POINT('',(20.1689235,44.445871089,9.776095507));
#2707=VERTEX_POINT('',#2706);
#2708=CARTESIAN_POINT('',(20.1689235,44.445871089,9.776095507));
#2709=DIRECTION('',(0.,1.,0.));
#2710=VECTOR('',#2709,1.6);
#2711=LINE('',#2708,#2710);
#2712=EDGE_CURVE('',#2707,#1226,#2711,.T.);
#2713=ORIENTED_EDGE('',*,*,#2712,.F.);
#2714=CARTESIAN_POINT('',(19.697101967,44.445871089,7.747441143));
#2715=VERTEX_POINT('',#2714);
#2716=CARTESIAN_POINT('',(14.573736489,44.445871089,10.008221135));
#2717=DIRECTION('',(0.,1.,-0.));
#2718=DIRECTION('',(1.,-0.,0.));
#2719=AXIS2_PLACEMENT_3D('',#2716,#2717,#2718);
#2720=CIRCLE('',#2719,5.6);
#2721=EDGE_CURVE('',#2707,#2715,#2720,.T.);
#2722=ORIENTED_EDGE('',*,*,#2721,.T.);
#2723=CARTESIAN_POINT('',(19.697101967,46.045871089,7.747441143));
#2724=DIRECTION('',(-0.,-1.,-0.));
#2725=VECTOR('',#2724,1.6);
#2726=LINE('',#2723,#2725);
#2727=EDGE_CURVE('',#1236,#2715,#2726,.T.);
#2728=ORIENTED_EDGE('',*,*,#2727,.F.);
#2729=ORIENTED_EDGE('',*,*,#1242,.T.);
#2730=EDGE_LOOP('',(#2713,#2722,#2728,#2729));
#2731=FACE_BOUND('',#2730,.T.);
#2732=ADVANCED_FACE('',(#2731),#2705,.T.);
#2733=CARTESIAN_POINT('',(14.573736489,41.445871089,10.008221135));
#2734=DIRECTION('',(0.,1.,0.));
#2735=DIRECTION('',(0.,-0.,1.));
#2736=AXIS2_PLACEMENT_3D('',#2733,#2734,#2735);
#2737=CYLINDRICAL_SURFACE('',#2736,5.6);
#2738=CARTESIAN_POINT('',(18.550576812,44.445871089,6.065539174));
#2739=VERTEX_POINT('',#2738);
#2740=CARTESIAN_POINT('',(18.550576812,44.445871089,6.065539174));
#2741=DIRECTION('',(0.,1.,0.));
#2742=VECTOR('',#2741,1.6);
#2743=LINE('',#2740,#2742);
#2744=EDGE_CURVE('',#2739,#1193,#2743,.T.);
#2745=ORIENTED_EDGE('',*,*,#2744,.F.);
#2746=CARTESIAN_POINT('',(17.103464838,44.445871089,5.01217525));
#2747=VERTEX_POINT('',#2746);
#2748=CARTESIAN_POINT('',(14.573736489,44.445871089,10.008221135));
#2749=DIRECTION('',(0.,1.,-0.));
#2750=DIRECTION('',(1.,-0.,0.));
#2751=AXIS2_PLACEMENT_3D('',#2748,#2749,#2750);
#2752=CIRCLE('',#2751,5.6);
#2753=EDGE_CURVE('',#2739,#2747,#2752,.T.);
#2754=ORIENTED_EDGE('',*,*,#2753,.T.);
#2755=CARTESIAN_POINT('',(17.103464838,46.045871089,5.01217525));
#2756=DIRECTION('',(-0.,-1.,-0.));
#2757=VECTOR('',#2756,1.6);
#2758=LINE('',#2755,#2757);
#2759=EDGE_CURVE('',#1191,#2747,#2758,.T.);
#2760=ORIENTED_EDGE('',*,*,#2759,.F.);
#2761=ORIENTED_EDGE('',*,*,#1199,.T.);
#2762=EDGE_LOOP('',(#2745,#2754,#2760,#2761));
#2763=FACE_BOUND('',#2762,.T.);
#2764=ADVANCED_FACE('',(#2763),#2737,.T.);
#2765=CARTESIAN_POINT('',(14.573736489,41.445871089,10.008221135));
#2766=DIRECTION('',(0.,1.,0.));
#2767=DIRECTION('',(0.,-0.,1.));
#2768=AXIS2_PLACEMENT_3D('',#2765,#2766,#2767);
#2769=CYLINDRICAL_SURFACE('',#2768,5.6);
#2770=CARTESIAN_POINT('',(14.871091607,44.445871089,4.416121356));
#2771=VERTEX_POINT('',#2770);
#2772=CARTESIAN_POINT('',(14.871091607,44.445871089,4.416121356));
#2773=DIRECTION('',(0.,1.,0.));
#2774=VECTOR('',#2773,1.6);
#2775=LINE('',#2772,#2774);
#2776=EDGE_CURVE('',#2771,#1174,#2775,.T.);
#2777=ORIENTED_EDGE('',*,*,#2776,.F.);
#2778=CARTESIAN_POINT('',(14.573736489,44.445871089,10.008221135));
#2779=DIRECTION('',(0.,1.,-0.));
#2780=DIRECTION('',(1.,-0.,0.));
#2781=AXIS2_PLACEMENT_3D('',#2778,#2779,#2780);
#2782=CIRCLE('',#2781,5.6);
#2783=EDGE_CURVE('',#2771,#2678,#2782,.T.);
#2784=ORIENTED_EDGE('',*,*,#2783,.T.);
#2785=ORIENTED_EDGE('',*,*,#2696,.T.);
#2786=ORIENTED_EDGE('',*,*,#1186,.T.);
#2787=EDGE_LOOP('',(#2777,#2784,#2785,#2786));
#2788=FACE_BOUND('',#2787,.T.);
#2789=ADVANCED_FACE('',(#2788),#2769,.T.);
#2790=CARTESIAN_POINT('',(14.573736489,41.445871089,15.608221135));
#2791=DIRECTION('',(0.,0.,-1.));
#2792=DIRECTION('',(-1.,0.,-0.));
#2793=AXIS2_PLACEMENT_3D('',#2790,#2791,#2792);
#2794=PLANE('',#2793);
#2795=CARTESIAN_POINT('',(-14.411014298,44.445871089,15.608221135));
#2796=VERTEX_POINT('',#2795);
#2797=CARTESIAN_POINT('',(-14.411014298,44.445871089,15.608221135));
#2798=DIRECTION('',(0.,1.,0.));
#2799=VECTOR('',#2798,1.6);
#2800=LINE('',#2797,#2799);
#2801=EDGE_CURVE('',#2796,#1331,#2800,.T.);
#2802=ORIENTED_EDGE('',*,*,#2801,.F.);
#2803=CARTESIAN_POINT('',(-12.307717238,44.445871089,15.608221135));
#2804=VERTEX_POINT('',#2803);
#2805=CARTESIAN_POINT('',(-14.411014298,44.445871089,15.608221135));
#2806=DIRECTION('',(1.,-0.,0.));
#2807=VECTOR('',#2806,2.10329706);
#2808=LINE('',#2805,#2807);
#2809=EDGE_CURVE('',#2796,#2804,#2808,.T.);
#2810=ORIENTED_EDGE('',*,*,#2809,.T.);
#2811=CARTESIAN_POINT('',(-12.307717238,46.045871089,15.608221135));
#2812=DIRECTION('',(0.,-1.,0.));
#2813=VECTOR('',#2812,1.6);
#2814=LINE('',#2811,#2813);
#2815=EDGE_CURVE('',#1329,#2804,#2814,.T.);
#2816=ORIENTED_EDGE('',*,*,#2815,.F.);
#2817=ORIENTED_EDGE('',*,*,#1336,.T.);
#2818=EDGE_LOOP('',(#2802,#2810,#2816,#2817));
#2819=FACE_BOUND('',#2818,.T.);
#2820=ADVANCED_FACE('',(#2819),#2794,.F.);
#2821=CARTESIAN_POINT('',(14.573736489,41.445871089,15.608221135));
#2822=DIRECTION('',(0.,0.,-1.));
#2823=DIRECTION('',(-1.,0.,-0.));
#2824=AXIS2_PLACEMENT_3D('',#2821,#2822,#2823);
#2825=PLANE('',#2824);
#2826=CARTESIAN_POINT('',(-9.479290113,44.445871089,15.608221135));
#2827=VERTEX_POINT('',#2826);
#2828=CARTESIAN_POINT('',(-9.479290113,44.445871089,15.608221135));
#2829=DIRECTION('',(-0.,1.,-0.));
#2830=VECTOR('',#2829,1.6);
#2831=LINE('',#2828,#2830);
#2832=EDGE_CURVE('',#2827,#958,#2831,.T.);
#2833=ORIENTED_EDGE('',*,*,#2832,.F.);
#2834=CARTESIAN_POINT('',(-6.978814216,44.445871089,15.608221135));
#2835=VERTEX_POINT('',#2834);
#2836=CARTESIAN_POINT('',(-9.479290113,44.445871089,15.608221135));
#2837=DIRECTION('',(1.,-0.,0.));
#2838=VECTOR('',#2837,2.500475897);
#2839=LINE('',#2836,#2838);
#2840=EDGE_CURVE('',#2827,#2835,#2839,.T.);
#2841=ORIENTED_EDGE('',*,*,#2840,.T.);
#2842=CARTESIAN_POINT('',(-6.978814216,46.045871089,15.608221135));
#2843=DIRECTION('',(0.,-1.,0.));
#2844=VECTOR('',#2843,1.6);
#2845=LINE('',#2842,#2844);
#2846=EDGE_CURVE('',#968,#2835,#2845,.T.);
#2847=ORIENTED_EDGE('',*,*,#2846,.F.);
#2848=ORIENTED_EDGE('',*,*,#973,.T.);
#2849=EDGE_LOOP('',(#2833,#2841,#2847,#2848));
#2850=FACE_BOUND('',#2849,.T.);
#2851=ADVANCED_FACE('',(#2850),#2825,.F.);
#2852=CARTESIAN_POINT('',(14.573736489,41.445871089,15.608221135));
#2853=DIRECTION('',(0.,0.,-1.));
#2854=DIRECTION('',(-1.,0.,-0.));
#2855=AXIS2_PLACEMENT_3D('',#2852,#2853,#2854);
#2856=PLANE('',#2855);
#2857=CARTESIAN_POINT('',(-4.150387091,44.445871089,15.608221135));
#2858=VERTEX_POINT('',#2857);
#2859=CARTESIAN_POINT('',(-4.150387091,44.445871089,15.608221135));
#2860=DIRECTION('',(-0.,1.,-0.));
#2861=VECTOR('',#2860,1.6);
#2862=LINE('',#2859,#2861);
#2863=EDGE_CURVE('',#2858,#924,#2862,.T.);
#2864=ORIENTED_EDGE('',*,*,#2863,.F.);
#2865=CARTESIAN_POINT('',(-1.649911194,44.445871089,15.608221135));
#2866=VERTEX_POINT('',#2865);
#2867=CARTESIAN_POINT('',(-4.150387091,44.445871089,15.608221135));
#2868=DIRECTION('',(1.,-0.,0.));
#2869=VECTOR('',#2868,2.500475897);
#2870=LINE('',#2867,#2869);
#2871=EDGE_CURVE('',#2858,#2866,#2870,.T.);
#2872=ORIENTED_EDGE('',*,*,#2871,.T.);
#2873=CARTESIAN_POINT('',(-1.649911194,46.045871089,15.608221135));
#2874=DIRECTION('',(0.,-1.,0.));
#2875=VECTOR('',#2874,1.6);
#2876=LINE('',#2873,#2875);
#2877=EDGE_CURVE('',#934,#2866,#2876,.T.);
#2878=ORIENTED_EDGE('',*,*,#2877,.F.);
#2879=ORIENTED_EDGE('',*,*,#939,.T.);
#2880=EDGE_LOOP('',(#2864,#2872,#2878,#2879));
#2881=FACE_BOUND('',#2880,.T.);
#2882=ADVANCED_FACE('',(#2881),#2856,.F.);
#2883=CARTESIAN_POINT('',(14.573736489,41.445871089,15.608221135));
#2884=DIRECTION('',(0.,0.,-1.));
#2885=DIRECTION('',(-1.,0.,-0.));
#2886=AXIS2_PLACEMENT_3D('',#2883,#2884,#2885);
#2887=PLANE('',#2886);
#2888=CARTESIAN_POINT('',(1.178515931,44.445871089,15.608221135));
#2889=VERTEX_POINT('',#2888);
#2890=CARTESIAN_POINT('',(1.178515931,44.445871089,15.608221135));
#2891=DIRECTION('',(-0.,1.,-0.));
#2892=VECTOR('',#2891,1.6);
#2893=LINE('',#2890,#2892);
#2894=EDGE_CURVE('',#2889,#890,#2893,.T.);
#2895=ORIENTED_EDGE('',*,*,#2894,.F.);
#2896=CARTESIAN_POINT('',(3.678991829,44.445871089,15.608221135));
#2897=VERTEX_POINT('',#2896);
#2898=CARTESIAN_POINT('',(1.178515931,44.445871089,15.608221135));
#2899=DIRECTION('',(1.,-0.,0.));
#2900=VECTOR('',#2899,2.500475897);
#2901=LINE('',#2898,#2900);
#2902=EDGE_CURVE('',#2889,#2897,#2901,.T.);
#2903=ORIENTED_EDGE('',*,*,#2902,.T.);
#2904=CARTESIAN_POINT('',(3.678991829,46.045871089,15.608221135));
#2905=DIRECTION('',(0.,-1.,0.));
#2906=VECTOR('',#2905,1.6);
#2907=LINE('',#2904,#2906);
#2908=EDGE_CURVE('',#900,#2897,#2907,.T.);
#2909=ORIENTED_EDGE('',*,*,#2908,.F.);
#2910=ORIENTED_EDGE('',*,*,#905,.T.);
#2911=EDGE_LOOP('',(#2895,#2903,#2909,#2910));
#2912=FACE_BOUND('',#2911,.T.);
#2913=ADVANCED_FACE('',(#2912),#2887,.F.);
#2914=CARTESIAN_POINT('',(14.573736489,41.445871089,15.608221135));
#2915=DIRECTION('',(0.,0.,-1.));
#2916=DIRECTION('',(-1.,0.,-0.));
#2917=AXIS2_PLACEMENT_3D('',#2914,#2915,#2916);
#2918=PLANE('',#2917);
#2919=CARTESIAN_POINT('',(6.507418953,44.445871089,15.608221135));
#2920=VERTEX_POINT('',#2919);
#2921=CARTESIAN_POINT('',(6.507418953,44.445871089,15.608221135));
#2922=DIRECTION('',(-0.,1.,-0.));
#2923=VECTOR('',#2922,1.6);
#2924=LINE('',#2921,#2923);
#2925=EDGE_CURVE('',#2920,#1295,#2924,.T.);
#2926=ORIENTED_EDGE('',*,*,#2925,.F.);
#2927=CARTESIAN_POINT('',(9.007894851,44.445871089,15.608221135));
#2928=VERTEX_POINT('',#2927);
#2929=CARTESIAN_POINT('',(6.507418953,44.445871089,15.608221135));
#2930=DIRECTION('',(1.,-0.,0.));
#2931=VECTOR('',#2930,2.500475897);
#2932=LINE('',#2929,#2931);
#2933=EDGE_CURVE('',#2920,#2928,#2932,.T.);
#2934=ORIENTED_EDGE('',*,*,#2933,.T.);
#2935=CARTESIAN_POINT('',(9.007894851,46.045871089,15.608221135));
#2936=DIRECTION('',(0.,-1.,0.));
#2937=VECTOR('',#2936,1.6);
#2938=LINE('',#2935,#2937);
#2939=EDGE_CURVE('',#1305,#2928,#2938,.T.);
#2940=ORIENTED_EDGE('',*,*,#2939,.F.);
#2941=ORIENTED_EDGE('',*,*,#1310,.T.);
#2942=EDGE_LOOP('',(#2926,#2934,#2940,#2941));
#2943=FACE_BOUND('',#2942,.T.);
#2944=ADVANCED_FACE('',(#2943),#2918,.F.);
#2945=CARTESIAN_POINT('',(14.573736489,41.445871089,15.608221135));
#2946=DIRECTION('',(0.,0.,-1.));
#2947=DIRECTION('',(-1.,0.,-0.));
#2948=AXIS2_PLACEMENT_3D('',#2945,#2946,#2947);
#2949=PLANE('',#2948);
#2950=CARTESIAN_POINT('',(11.836321975,44.445871089,15.608221135));
#2951=VERTEX_POINT('',#2950);
#2952=CARTESIAN_POINT('',(11.836321975,44.445871089,15.608221135));
#2953=DIRECTION('',(-0.,1.,-0.));
#2954=VECTOR('',#2953,1.6);
#2955=LINE('',#2952,#2954);
#2956=EDGE_CURVE('',#2951,#1263,#2955,.T.);
#2957=ORIENTED_EDGE('',*,*,#2956,.F.);
#2958=CARTESIAN_POINT('',(14.336797873,44.445871089,15.608221135));
#2959=VERTEX_POINT('',#2958);
#2960=CARTESIAN_POINT('',(11.836321975,44.445871089,15.608221135));
#2961=DIRECTION('',(1.,-0.,0.));
#2962=VECTOR('',#2961,2.500475897);
#2963=LINE('',#2960,#2962);
#2964=EDGE_CURVE('',#2951,#2959,#2963,.T.);
#2965=ORIENTED_EDGE('',*,*,#2964,.T.);
#2966=CARTESIAN_POINT('',(14.336797873,46.045871089,15.608221135));
#2967=DIRECTION('',(0.,-1.,0.));
#2968=VECTOR('',#2967,1.6);
#2969=LINE('',#2966,#2968);
#2970=EDGE_CURVE('',#1261,#2959,#2969,.T.);
#2971=ORIENTED_EDGE('',*,*,#2970,.F.);
#2972=ORIENTED_EDGE('',*,*,#1268,.T.);
#2973=EDGE_LOOP('',(#2957,#2965,#2971,#2972));
#2974=FACE_BOUND('',#2973,.T.);
#2975=ADVANCED_FACE('',(#2974),#2949,.F.);
#2976=CARTESIAN_POINT('',(-14.411014298,41.445871089,10.008221135));
#2977=DIRECTION('',(0.,1.,0.));
#2978=DIRECTION('',(0.,-0.,1.));
#2979=AXIS2_PLACEMENT_3D('',#2976,#2977,#2978);
#2980=CYLINDRICAL_SURFACE('',#2979,5.6);
#2981=CARTESIAN_POINT('',(-20.009183486,44.445871089,10.151405441));
#2982=VERTEX_POINT('',#2981);
#2983=CARTESIAN_POINT('',(-20.009183486,44.445871089,10.151405441));
#2984=DIRECTION('',(0.,1.,0.));
#2985=VECTOR('',#2984,1.6);
#2986=LINE('',#2983,#2985);
#2987=EDGE_CURVE('',#2982,#1045,#2986,.T.);
#2988=ORIENTED_EDGE('',*,*,#2987,.F.);
#2989=CARTESIAN_POINT('',(-19.562193009,44.445871089,12.204890861));
#2990=VERTEX_POINT('',#2989);
#2991=CARTESIAN_POINT('',(-14.411014298,44.445871089,10.008221135));
#2992=DIRECTION('',(0.,1.,-0.));
#2993=DIRECTION('',(1.,-0.,0.));
#2994=AXIS2_PLACEMENT_3D('',#2991,#2992,#2993);
#2995=CIRCLE('',#2994,5.6);
#2996=EDGE_CURVE('',#2982,#2990,#2995,.T.);
#2997=ORIENTED_EDGE('',*,*,#2996,.T.);
#2998=CARTESIAN_POINT('',(-19.562193009,46.045871089,12.204890861));
#2999=DIRECTION('',(-0.,-1.,-0.));
#3000=VECTOR('',#2999,1.6);
#3001=LINE('',#2998,#3000);
#3002=EDGE_CURVE('',#1055,#2990,#3001,.T.);
#3003=ORIENTED_EDGE('',*,*,#3002,.F.);
#3004=ORIENTED_EDGE('',*,*,#1061,.T.);
#3005=EDGE_LOOP('',(#2988,#2997,#3003,#3004));
#3006=FACE_BOUND('',#3005,.T.);
#3007=ADVANCED_FACE('',(#3006),#2980,.T.);
#3008=CARTESIAN_POINT('',(-14.411014298,41.445871089,10.008221135));
#3009=DIRECTION('',(0.,1.,0.));
#3010=DIRECTION('',(0.,-0.,1.));
#3011=AXIS2_PLACEMENT_3D('',#3008,#3009,#3010);
#3012=CYLINDRICAL_SURFACE('',#3011,5.6);
#3013=CARTESIAN_POINT('',(-18.433351357,44.445871089,13.904476334));
#3014=VERTEX_POINT('',#3013);
#3015=CARTESIAN_POINT('',(-18.433351357,44.445871089,13.904476334));
#3016=DIRECTION('',(0.,1.,0.));
#3017=VECTOR('',#3016,1.6);
#3018=LINE('',#3015,#3017);
#3019=EDGE_CURVE('',#3014,#1001,#3018,.T.);
#3020=ORIENTED_EDGE('',*,*,#3019,.F.);
#3021=CARTESIAN_POINT('',(-17.001457182,44.445871089,14.973058057));
#3022=VERTEX_POINT('',#3021);
#3023=CARTESIAN_POINT('',(-14.411014298,44.445871089,10.008221135));
#3024=DIRECTION('',(0.,1.,-0.));
#3025=DIRECTION('',(1.,-0.,0.));
#3026=AXIS2_PLACEMENT_3D('',#3023,#3024,#3025);
#3027=CIRCLE('',#3026,5.6);
#3028=EDGE_CURVE('',#3014,#3022,#3027,.T.);
#3029=ORIENTED_EDGE('',*,*,#3028,.T.);
#3030=CARTESIAN_POINT('',(-17.001457182,46.045871089,14.973058057));
#3031=DIRECTION('',(-0.,-1.,-0.));
#3032=VECTOR('',#3031,1.6);
#3033=LINE('',#3030,#3032);
#3034=EDGE_CURVE('',#1011,#3022,#3033,.T.);
#3035=ORIENTED_EDGE('',*,*,#3034,.F.);
#3036=ORIENTED_EDGE('',*,*,#1017,.T.);
#3037=EDGE_LOOP('',(#3020,#3029,#3035,#3036));
#3038=FACE_BOUND('',#3037,.T.);
#3039=ADVANCED_FACE('',(#3038),#3012,.T.);
#3040=CARTESIAN_POINT('',(-14.411014298,41.445871089,10.008221135));
#3041=DIRECTION('',(0.,1.,0.));
#3042=DIRECTION('',(0.,-0.,1.));
#3043=AXIS2_PLACEMENT_3D('',#3040,#3041,#3042);
#3044=CYLINDRICAL_SURFACE('',#3043,5.6);
#3045=CARTESIAN_POINT('',(-14.795012062,44.445871089,15.595040061));
#3046=VERTEX_POINT('',#3045);
#3047=CARTESIAN_POINT('',(-14.795012062,44.445871089,15.595040061));
#3048=DIRECTION('',(0.,1.,0.));
#3049=VECTOR('',#3048,1.6);
#3050=LINE('',#3047,#3049);
#3051=EDGE_CURVE('',#3046,#1356,#3050,.T.);
#3052=ORIENTED_EDGE('',*,*,#3051,.F.);
#3053=CARTESIAN_POINT('',(-14.411014298,44.445871089,10.008221135));
#3054=DIRECTION('',(0.,1.,-0.));
#3055=DIRECTION('',(1.,-0.,0.));
#3056=AXIS2_PLACEMENT_3D('',#3053,#3054,#3055);
#3057=CIRCLE('',#3056,5.6);
#3058=EDGE_CURVE('',#3046,#2796,#3057,.T.);
#3059=ORIENTED_EDGE('',*,*,#3058,.T.);
#3060=ORIENTED_EDGE('',*,*,#2801,.T.);
#3061=ORIENTED_EDGE('',*,*,#1368,.T.);
#3062=EDGE_LOOP('',(#3052,#3059,#3060,#3061));
#3063=FACE_BOUND('',#3062,.T.);
#3064=ADVANCED_FACE('',(#3063),#3044,.T.);
#3065=CARTESIAN_POINT('',(30.248775764,46.445871089,-2.804232654));
#3066=DIRECTION('',(0.707106781,0.,0.707106781));
#3067=DIRECTION('',(-0.707106781,0.,0.707106781));
#3068=AXIS2_PLACEMENT_3D('',#3065,#3066,#3067);
#3069=PLANE('',#3068);
#3070=ORIENTED_EDGE('',*,*,#1250,.T.);
#3071=ORIENTED_EDGE('',*,*,#2727,.T.);
#3072=CARTESIAN_POINT('',(25.284396869,44.445871089,2.160146241));
#3073=VERTEX_POINT('',#3072);
#3074=CARTESIAN_POINT('',(25.284396869,44.445871089,2.160146241));
#3075=DIRECTION('',(-0.707106781,0.,0.707106781));
#3076=VECTOR('',#3075,7.901628227);
#3077=LINE('',#3074,#3076);
#3078=EDGE_CURVE('',#3073,#2715,#3077,.T.);
#3079=ORIENTED_EDGE('',*,*,#3078,.F.);
#3080=CARTESIAN_POINT('',(25.284396869,46.045871089,2.160146241));
#3081=DIRECTION('',(-0.,-1.,0.));
#3082=VECTOR('',#3081,1.6);
#3083=LINE('',#3080,#3082);
#3084=EDGE_CURVE('',#1245,#3073,#3083,.T.);
#3085=ORIENTED_EDGE('',*,*,#3084,.F.);
#3086=EDGE_LOOP('',(#3070,#3071,#3079,#3085));
#3087=FACE_BOUND('',#3086,.T.);
#3088=ADVANCED_FACE('',(#3087),#3069,.T.);
#3089=CARTESIAN_POINT('',(-56.711696224,46.445871089,49.354394076));
#3090=DIRECTION('',(-0.707106781,-0.,-0.707106781));
#3091=DIRECTION('',(0.707106781,-0.,-0.707106781));
#3092=AXIS2_PLACEMENT_3D('',#3089,#3090,#3091);
#3093=PLANE('',#3092);
#3094=ORIENTED_EDGE('',*,*,#1069,.T.);
#3095=ORIENTED_EDGE('',*,*,#3002,.T.);
#3096=CARTESIAN_POINT('',(-33.835835397,44.445871089,26.47853325));
#3097=VERTEX_POINT('',#3096);
#3098=CARTESIAN_POINT('',(-33.835835397,44.445871089,26.47853325));
#3099=DIRECTION('',(0.707106781,-0.,-0.707106781));
#3100=VECTOR('',#3099,20.18597865);
#3101=LINE('',#3098,#3100);
#3102=EDGE_CURVE('',#3097,#2990,#3101,.T.);
#3103=ORIENTED_EDGE('',*,*,#3102,.F.);
#3104=CARTESIAN_POINT('',(-33.835835397,44.445871089,26.47853325));
#3105=DIRECTION('',(-0.,1.,0.));
#3106=VECTOR('',#3105,1.6);
#3107=LINE('',#3104,#3106);
#3108=EDGE_CURVE('',#3097,#1064,#3107,.T.);
#3109=ORIENTED_EDGE('',*,*,#3108,.T.);
#3110=EDGE_LOOP('',(#3094,#3095,#3103,#3109));
#3111=FACE_BOUND('',#3110,.T.);
#3112=ADVANCED_FACE('',(#3111),#3093,.T.);
#3113=CARTESIAN_POINT('',(-24.738278091,46.445871089,49.354394076));
#3114=DIRECTION('',(-0.707106781,-0.,-0.707106781));
#3115=DIRECTION('',(0.707106781,-0.,-0.707106781));
#3116=AXIS2_PLACEMENT_3D('',#3113,#3114,#3115);
#3117=PLANE('',#3116);
#3118=CARTESIAN_POINT('',(22.455969744,44.445871089,2.160146241));
#3119=VERTEX_POINT('',#3118);
#3120=CARTESIAN_POINT('',(18.550576812,44.445871089,6.065539174));
#3121=DIRECTION('',(0.707106781,-0.,-0.707106781));
#3122=VECTOR('',#3121,5.523059652);
#3123=LINE('',#3120,#3122);
#3124=EDGE_CURVE('',#2739,#3119,#3123,.T.);
#3125=ORIENTED_EDGE('',*,*,#3124,.F.);
#3126=ORIENTED_EDGE('',*,*,#2744,.T.);
#3127=ORIENTED_EDGE('',*,*,#1221,.T.);
#3128=CARTESIAN_POINT('',(22.455969744,46.045871089,2.160146241));
#3129=DIRECTION('',(-0.,-1.,0.));
#3130=VECTOR('',#3129,1.6);
#3131=LINE('',#3128,#3130);
#3132=EDGE_CURVE('',#1210,#3119,#3131,.T.);
#3133=ORIENTED_EDGE('',*,*,#3132,.T.);
#3134=EDGE_LOOP('',(#3125,#3126,#3127,#3133));
#3135=FACE_BOUND('',#3134,.T.);
#3136=ADVANCED_FACE('',(#3135),#3117,.T.);
#3137=CARTESIAN_POINT('',(-1.724642369,46.445871089,-2.804232654));
#3138=DIRECTION('',(0.707106781,0.,0.707106781));
#3139=DIRECTION('',(-0.707106781,0.,0.707106781));
#3140=AXIS2_PLACEMENT_3D('',#3137,#3138,#3139);
#3141=PLANE('',#3140);
#3142=CARTESIAN_POINT('',(-33.835835397,44.445871089,29.306960375));
#3143=VERTEX_POINT('',#3142);
#3144=CARTESIAN_POINT('',(-18.433351357,44.445871089,13.904476334));
#3145=DIRECTION('',(-0.707106781,0.,0.707106781));
#3146=VECTOR('',#3145,21.782401824);
#3147=LINE('',#3144,#3146);
#3148=EDGE_CURVE('',#3014,#3143,#3147,.T.);
#3149=ORIENTED_EDGE('',*,*,#3148,.F.);
#3150=ORIENTED_EDGE('',*,*,#3019,.T.);
#3151=ORIENTED_EDGE('',*,*,#1008,.T.);
#3152=CARTESIAN_POINT('',(-33.835835397,46.045871089,29.306960375));
#3153=DIRECTION('',(0.,-1.,-0.));
#3154=VECTOR('',#3153,1.6);
#3155=LINE('',#3152,#3154);
#3156=EDGE_CURVE('',#1003,#3143,#3155,.T.);
#3157=ORIENTED_EDGE('',*,*,#3156,.T.);
#3158=EDGE_LOOP('',(#3149,#3150,#3151,#3157));
#3159=FACE_BOUND('',#3158,.T.);
#3160=ADVANCED_FACE('',(#3159),#3141,.T.);
#3161=CARTESIAN_POINT('',(-19.409375069,46.445871089,49.354394076));
#3162=DIRECTION('',(-0.707106781,-0.,-0.707106781));
#3163=DIRECTION('',(0.707106781,-0.,-0.707106781));
#3164=AXIS2_PLACEMENT_3D('',#3161,#3162,#3163);
#3165=PLANE('',#3164);
#3166=CARTESIAN_POINT('',(27.784872767,44.445871089,2.160146241));
#3167=VERTEX_POINT('',#3166);
#3168=CARTESIAN_POINT('',(20.1689235,44.445871089,9.776095507));
#3169=DIRECTION('',(0.707106781,-0.,-0.707106781));
#3170=VECTOR('',#3169,10.770578743);
#3171=LINE('',#3168,#3170);
#3172=EDGE_CURVE('',#2707,#3167,#3171,.T.);
#3173=ORIENTED_EDGE('',*,*,#3172,.F.);
#3174=ORIENTED_EDGE('',*,*,#2712,.T.);
#3175=ORIENTED_EDGE('',*,*,#1233,.T.);
#3176=CARTESIAN_POINT('',(27.784872767,46.045871089,2.160146241));
#3177=DIRECTION('',(-0.,-1.,0.));
#3178=VECTOR('',#3177,1.6);
#3179=LINE('',#3176,#3178);
#3180=EDGE_CURVE('',#1228,#3167,#3179,.T.);
#3181=ORIENTED_EDGE('',*,*,#3180,.T.);
#3182=EDGE_LOOP('',(#3173,#3174,#3175,#3181));
#3183=FACE_BOUND('',#3182,.T.);
#3184=ADVANCED_FACE('',(#3183),#3165,.T.);
#3185=CARTESIAN_POINT('',(-19.409375069,46.445871089,49.354394076));
#3186=DIRECTION('',(-0.707106781,-0.,-0.707106781));
#3187=DIRECTION('',(0.707106781,-0.,-0.707106781));
#3188=AXIS2_PLACEMENT_3D('',#3185,#3186,#3187);
#3189=PLANE('',#3188);
#3190=ORIENTED_EDGE('',*,*,#1276,.T.);
#3191=ORIENTED_EDGE('',*,*,#2970,.T.);
#3192=CARTESIAN_POINT('',(-14.444996174,44.445871089,44.390015182));
#3193=VERTEX_POINT('',#3192);
#3194=CARTESIAN_POINT('',(-14.444996174,44.445871089,44.390015182));
#3195=DIRECTION('',(0.707106781,-0.,-0.707106781));
#3196=VECTOR('',#3195,40.703603491);
#3197=LINE('',#3194,#3196);
#3198=EDGE_CURVE('',#3193,#2959,#3197,.T.);
#3199=ORIENTED_EDGE('',*,*,#3198,.F.);
#3200=CARTESIAN_POINT('',(-14.444996174,46.045871089,44.390015182));
#3201=DIRECTION('',(-0.,-1.,0.));
#3202=VECTOR('',#3201,1.6);
#3203=LINE('',#3200,#3202);
#3204=EDGE_CURVE('',#1271,#3193,#3203,.T.);
#3205=ORIENTED_EDGE('',*,*,#3204,.F.);
#3206=EDGE_LOOP('',(#3190,#3191,#3199,#3205));
#3207=FACE_BOUND('',#3206,.T.);
#3208=ADVANCED_FACE('',(#3207),#3189,.T.);
#3209=CARTESIAN_POINT('',(30.248775764,46.445871089,-2.804232654));
#3210=DIRECTION('',(0.707106781,0.,0.707106781));
#3211=DIRECTION('',(-0.707106781,0.,0.707106781));
#3212=AXIS2_PLACEMENT_3D('',#3209,#3210,#3211);
#3213=PLANE('',#3212);
#3214=CARTESIAN_POINT('',(-16.945472071,44.445871089,44.390015182));
#3215=VERTEX_POINT('',#3214);
#3216=CARTESIAN_POINT('',(11.836321975,44.445871089,15.608221135));
#3217=DIRECTION('',(-0.707106781,0.,0.707106781));
#3218=VECTOR('',#3217,40.703603491);
#3219=LINE('',#3216,#3218);
#3220=EDGE_CURVE('',#2951,#3215,#3219,.T.);
#3221=ORIENTED_EDGE('',*,*,#3220,.F.);
#3222=ORIENTED_EDGE('',*,*,#2956,.T.);
#3223=ORIENTED_EDGE('',*,*,#1290,.T.);
#3224=CARTESIAN_POINT('',(-16.945472071,46.045871089,44.390015182));
#3225=DIRECTION('',(-0.,-1.,0.));
#3226=VECTOR('',#3225,1.6);
#3227=LINE('',#3224,#3226);
#3228=EDGE_CURVE('',#1279,#3215,#3227,.T.);
#3229=ORIENTED_EDGE('',*,*,#3228,.T.);
#3230=EDGE_LOOP('',(#3221,#3222,#3223,#3229));
#3231=FACE_BOUND('',#3230,.T.);
#3232=ADVANCED_FACE('',(#3231),#3213,.T.);
#3233=CARTESIAN_POINT('',(-56.711696224,46.445871089,49.354394076));
#3234=DIRECTION('',(-0.707106781,-0.,-0.707106781));
#3235=DIRECTION('',(0.707106781,-0.,-0.707106781));
#3236=AXIS2_PLACEMENT_3D('',#3233,#3234,#3235);
#3237=PLANE('',#3236);
#3238=CARTESIAN_POINT('',(-9.517448388,44.445871089,2.160146241));
#3239=VERTEX_POINT('',#3238);
#3240=CARTESIAN_POINT('',(-11.765523282,44.445871089,4.408221135));
#3241=DIRECTION('',(0.707106781,-0.,-0.707106781));
#3242=VECTOR('',#3241,3.179258004);
#3243=LINE('',#3240,#3242);
#3244=EDGE_CURVE('',#2523,#3239,#3243,.T.);
#3245=ORIENTED_EDGE('',*,*,#3244,.F.);
#3246=ORIENTED_EDGE('',*,*,#2541,.T.);
#3247=ORIENTED_EDGE('',*,*,#1109,.T.);
#3248=CARTESIAN_POINT('',(-9.517448388,46.045871089,2.160146241));
#3249=DIRECTION('',(-0.,-1.,0.));
#3250=VECTOR('',#3249,1.6);
#3251=LINE('',#3248,#3250);
#3252=EDGE_CURVE('',#1098,#3239,#3251,.T.);
#3253=ORIENTED_EDGE('',*,*,#3252,.T.);
#3254=EDGE_LOOP('',(#3245,#3246,#3247,#3253));
#3255=FACE_BOUND('',#3254,.T.);
#3256=ADVANCED_FACE('',(#3255),#3237,.T.);
#3257=CARTESIAN_POINT('',(-7.053545391,46.445871089,-2.804232654));
#3258=DIRECTION('',(0.707106781,0.,0.707106781));
#3259=DIRECTION('',(-0.707106781,0.,0.707106781));
#3260=AXIS2_PLACEMENT_3D('',#3257,#3258,#3259);
#3261=PLANE('',#3260);
#3262=ORIENTED_EDGE('',*,*,#1095,.T.);
#3263=ORIENTED_EDGE('',*,*,#2534,.T.);
#3264=CARTESIAN_POINT('',(-12.017924286,44.445871089,2.160146241));
#3265=VERTEX_POINT('',#3264);
#3266=CARTESIAN_POINT('',(-12.017924286,44.445871089,2.160146241));
#3267=DIRECTION('',(-0.707106781,0.,0.707106781));
#3268=VECTOR('',#3267,3.179258004);
#3269=LINE('',#3266,#3268);
#3270=EDGE_CURVE('',#3265,#2521,#3269,.T.);
#3271=ORIENTED_EDGE('',*,*,#3270,.F.);
#3272=CARTESIAN_POINT('',(-12.017924286,46.045871089,2.160146241));
#3273=DIRECTION('',(-0.,-1.,0.));
#3274=VECTOR('',#3273,1.6);
#3275=LINE('',#3272,#3274);
#3276=EDGE_CURVE('',#1090,#3265,#3275,.T.);
#3277=ORIENTED_EDGE('',*,*,#3276,.F.);
#3278=EDGE_LOOP('',(#3262,#3263,#3271,#3277));
#3279=FACE_BOUND('',#3278,.T.);
#3280=ADVANCED_FACE('',(#3279),#3261,.T.);
#3281=CARTESIAN_POINT('',(-7.053545391,46.445871089,-2.804232654));
#3282=DIRECTION('',(0.707106781,0.,0.707106781));
#3283=DIRECTION('',(-0.707106781,0.,0.707106781));
#3284=AXIS2_PLACEMENT_3D('',#3281,#3282,#3283);
#3285=PLANE('',#3284);
#3286=CARTESIAN_POINT('',(-33.835835397,44.445871089,23.978057352));
#3287=VERTEX_POINT('',#3286);
#3288=CARTESIAN_POINT('',(-20.009183486,44.445871089,10.151405441));
#3289=DIRECTION('',(-0.707106781,0.,0.707106781));
#3290=VECTOR('',#3289,19.553838656);
#3291=LINE('',#3288,#3290);
#3292=EDGE_CURVE('',#2982,#3287,#3291,.T.);
#3293=ORIENTED_EDGE('',*,*,#3292,.F.);
#3294=ORIENTED_EDGE('',*,*,#2987,.T.);
#3295=ORIENTED_EDGE('',*,*,#1052,.T.);
#3296=CARTESIAN_POINT('',(-33.835835397,46.045871089,23.978057352));
#3297=DIRECTION('',(0.,-1.,-0.));
#3298=VECTOR('',#3297,1.6);
#3299=LINE('',#3296,#3298);
#3300=EDGE_CURVE('',#1047,#3287,#3299,.T.);
#3301=ORIENTED_EDGE('',*,*,#3300,.T.);
#3302=EDGE_LOOP('',(#3293,#3294,#3295,#3301));
#3303=FACE_BOUND('',#3302,.T.);
#3304=ADVANCED_FACE('',(#3303),#3285,.T.);
#3305=CARTESIAN_POINT('',(-24.738278091,46.445871089,49.354394076));
#3306=DIRECTION('',(-0.707106781,-0.,-0.707106781));
#3307=DIRECTION('',(0.707106781,-0.,-0.707106781));
#3308=AXIS2_PLACEMENT_3D('',#3305,#3306,#3307);
#3309=PLANE('',#3308);
#3310=ORIENTED_EDGE('',*,*,#1318,.T.);
#3311=ORIENTED_EDGE('',*,*,#2939,.T.);
#3312=CARTESIAN_POINT('',(-19.773899196,44.445871089,44.390015182));
#3313=VERTEX_POINT('',#3312);
#3314=CARTESIAN_POINT('',(-19.773899196,44.445871089,44.390015182));
#3315=DIRECTION('',(0.707106781,-0.,-0.707106781));
#3316=VECTOR('',#3315,40.703603491);
#3317=LINE('',#3314,#3316);
#3318=EDGE_CURVE('',#3313,#2928,#3317,.T.);
#3319=ORIENTED_EDGE('',*,*,#3318,.F.);
#3320=CARTESIAN_POINT('',(-19.773899196,46.045871089,44.390015182));
#3321=DIRECTION('',(-0.,-1.,0.));
#3322=VECTOR('',#3321,1.6);
#3323=LINE('',#3320,#3322);
#3324=EDGE_CURVE('',#1313,#3313,#3323,.T.);
#3325=ORIENTED_EDGE('',*,*,#3324,.F.);
#3326=EDGE_LOOP('',(#3310,#3311,#3319,#3325));
#3327=FACE_BOUND('',#3326,.T.);
#3328=ADVANCED_FACE('',(#3327),#3309,.T.);
#3329=CARTESIAN_POINT('',(24.919872742,46.445871089,-2.804232654));
#3330=DIRECTION('',(0.707106781,0.,0.707106781));
#3331=DIRECTION('',(-0.707106781,0.,0.707106781));
#3332=AXIS2_PLACEMENT_3D('',#3329,#3330,#3331);
#3333=PLANE('',#3332);
#3334=CARTESIAN_POINT('',(-22.274375094,44.445871089,44.390015182));
#3335=VERTEX_POINT('',#3334);
#3336=CARTESIAN_POINT('',(6.507418953,44.445871089,15.608221135));
#3337=DIRECTION('',(-0.707106781,0.,0.707106781));
#3338=VECTOR('',#3337,40.703603491);
#3339=LINE('',#3336,#3338);
#3340=EDGE_CURVE('',#2920,#3335,#3339,.T.);
#3341=ORIENTED_EDGE('',*,*,#3340,.F.);
#3342=ORIENTED_EDGE('',*,*,#2925,.T.);
#3343=ORIENTED_EDGE('',*,*,#1302,.T.);
#3344=CARTESIAN_POINT('',(-22.274375094,46.045871089,44.390015182));
#3345=DIRECTION('',(-0.,-1.,0.));
#3346=VECTOR('',#3345,1.6);
#3347=LINE('',#3344,#3346);
#3348=EDGE_CURVE('',#1297,#3335,#3347,.T.);
#3349=ORIENTED_EDGE('',*,*,#3348,.T.);
#3350=EDGE_LOOP('',(#3341,#3342,#3343,#3349));
#3351=FACE_BOUND('',#3350,.T.);
#3352=ADVANCED_FACE('',(#3351),#3333,.T.);
#3353=CARTESIAN_POINT('',(24.919872742,46.445871089,-2.804232654));
#3354=DIRECTION('',(0.707106781,0.,0.707106781));
#3355=DIRECTION('',(-0.707106781,0.,0.707106781));
#3356=AXIS2_PLACEMENT_3D('',#3353,#3354,#3355);
#3357=PLANE('',#3356);
#3358=ORIENTED_EDGE('',*,*,#1207,.T.);
#3359=ORIENTED_EDGE('',*,*,#2759,.T.);
#3360=CARTESIAN_POINT('',(19.955493847,44.445871089,2.160146241));
#3361=VERTEX_POINT('',#3360);
#3362=CARTESIAN_POINT('',(19.955493847,44.445871089,2.160146241));
#3363=DIRECTION('',(-0.707106781,0.,0.707106781));
#3364=VECTOR('',#3363,4.033378105);
#3365=LINE('',#3362,#3364);
#3366=EDGE_CURVE('',#3361,#2747,#3365,.T.);
#3367=ORIENTED_EDGE('',*,*,#3366,.F.);
#3368=CARTESIAN_POINT('',(19.955493847,46.045871089,2.160146241));
#3369=DIRECTION('',(-0.,-1.,0.));
#3370=VECTOR('',#3369,1.6);
#3371=LINE('',#3368,#3370);
#3372=EDGE_CURVE('',#1202,#3361,#3371,.T.);
#3373=ORIENTED_EDGE('',*,*,#3372,.F.);
#3374=EDGE_LOOP('',(#3358,#3359,#3367,#3373));
#3375=FACE_BOUND('',#3374,.T.);
#3376=ADVANCED_FACE('',(#3375),#3357,.T.);
#3377=CARTESIAN_POINT('',(-1.724642369,46.445871089,-2.804232654));
#3378=DIRECTION('',(0.707106781,0.,0.707106781));
#3379=DIRECTION('',(-0.707106781,0.,0.707106781));
#3380=AXIS2_PLACEMENT_3D('',#3377,#3378,#3379);
#3381=PLANE('',#3380);
#3382=ORIENTED_EDGE('',*,*,#1137,.T.);
#3383=ORIENTED_EDGE('',*,*,#2565,.T.);
#3384=CARTESIAN_POINT('',(-6.689021264,44.445871089,2.160146241));
#3385=VERTEX_POINT('',#3384);
#3386=CARTESIAN_POINT('',(-6.689021264,44.445871089,2.160146241));
#3387=DIRECTION('',(-0.707106781,0.,0.707106781));
#3388=VECTOR('',#3387,3.179258004);
#3389=LINE('',#3386,#3388);
#3390=EDGE_CURVE('',#3385,#2552,#3389,.T.);
#3391=ORIENTED_EDGE('',*,*,#3390,.F.);
#3392=CARTESIAN_POINT('',(-6.689021264,46.045871089,2.160146241));
#3393=DIRECTION('',(-0.,-1.,0.));
#3394=VECTOR('',#3393,1.6);
#3395=LINE('',#3392,#3394);
#3396=EDGE_CURVE('',#1132,#3385,#3395,.T.);
#3397=ORIENTED_EDGE('',*,*,#3396,.F.);
#3398=EDGE_LOOP('',(#3382,#3383,#3391,#3397));
#3399=FACE_BOUND('',#3398,.T.);
#3400=ADVANCED_FACE('',(#3399),#3381,.T.);
#3401=CARTESIAN_POINT('',(-51.382793202,46.445871089,49.354394076));
#3402=DIRECTION('',(-0.707106781,-0.,-0.707106781));
#3403=DIRECTION('',(0.707106781,-0.,-0.707106781));
#3404=AXIS2_PLACEMENT_3D('',#3401,#3402,#3403);
#3405=PLANE('',#3404);
#3406=CARTESIAN_POINT('',(-4.188545366,44.445871089,2.160146241));
#3407=VERTEX_POINT('',#3406);
#3408=CARTESIAN_POINT('',(-6.43662026,44.445871089,4.408221135));
#3409=DIRECTION('',(0.707106781,-0.,-0.707106781));
#3410=VECTOR('',#3409,3.179258004);
#3411=LINE('',#3408,#3410);
#3412=EDGE_CURVE('',#2554,#3407,#3411,.T.);
#3413=ORIENTED_EDGE('',*,*,#3412,.F.);
#3414=ORIENTED_EDGE('',*,*,#2572,.T.);
#3415=ORIENTED_EDGE('',*,*,#1121,.T.);
#3416=CARTESIAN_POINT('',(-4.188545366,46.045871089,2.160146241));
#3417=DIRECTION('',(-0.,-1.,0.));
#3418=VECTOR('',#3417,1.6);
#3419=LINE('',#3416,#3418);
#3420=EDGE_CURVE('',#1116,#3407,#3419,.T.);
#3421=ORIENTED_EDGE('',*,*,#3420,.T.);
#3422=EDGE_LOOP('',(#3413,#3414,#3415,#3421));
#3423=FACE_BOUND('',#3422,.T.);
#3424=ADVANCED_FACE('',(#3423),#3405,.T.);
#3425=CARTESIAN_POINT('',(-51.382793202,46.445871089,49.354394076));
#3426=DIRECTION('',(-0.707106781,-0.,-0.707106781));
#3427=DIRECTION('',(0.707106781,-0.,-0.707106781));
#3428=AXIS2_PLACEMENT_3D('',#3425,#3426,#3427);
#3429=PLANE('',#3428);
#3430=ORIENTED_EDGE('',*,*,#1025,.T.);
#3431=ORIENTED_EDGE('',*,*,#3034,.T.);
#3432=CARTESIAN_POINT('',(-34.02658996,44.445871089,31.998190834));
#3433=VERTEX_POINT('',#3432);
#3434=CARTESIAN_POINT('',(-34.02658996,44.445871089,31.998190834));
#3435=DIRECTION('',(0.707106781,-0.,-0.707106781));
#3436=VECTOR('',#3435,24.077173675);
#3437=LINE('',#3434,#3436);
#3438=EDGE_CURVE('',#3433,#3022,#3437,.T.);
#3439=ORIENTED_EDGE('',*,*,#3438,.F.);
#3440=CARTESIAN_POINT('',(-34.02658996,44.445871089,31.998190834));
#3441=DIRECTION('',(-0.,1.,-0.));
#3442=VECTOR('',#3441,1.6);
#3443=LINE('',#3440,#3442);
#3444=EDGE_CURVE('',#3433,#1020,#3443,.T.);
#3445=ORIENTED_EDGE('',*,*,#3444,.T.);
#3446=EDGE_LOOP('',(#3430,#3431,#3439,#3445));
#3447=FACE_BOUND('',#3446,.T.);
#3448=ADVANCED_FACE('',(#3447),#3429,.T.);
#3449=CARTESIAN_POINT('',(8.933163675,46.445871089,-2.804232654));
#3450=DIRECTION('',(0.707106781,0.,0.707106781));
#3451=DIRECTION('',(-0.707106781,0.,0.707106781));
#3452=AXIS2_PLACEMENT_3D('',#3449,#3450,#3451);
#3453=PLANE('',#3452);
#3454=CARTESIAN_POINT('',(-38.24898518,44.445871089,44.377916201));
#3455=VERTEX_POINT('',#3454);
#3456=CARTESIAN_POINT('',(-9.479290113,44.445871089,15.608221135));
#3457=DIRECTION('',(-0.707106781,0.,0.707106781));
#3458=VECTOR('',#3457,40.686492948);
#3459=LINE('',#3456,#3458);
#3460=EDGE_CURVE('',#2827,#3455,#3459,.T.);
#3461=ORIENTED_EDGE('',*,*,#3460,.F.);
#3462=ORIENTED_EDGE('',*,*,#2832,.T.);
#3463=ORIENTED_EDGE('',*,*,#965,.T.);
#3464=CARTESIAN_POINT('',(-38.24898518,46.045871089,44.377916201));
#3465=DIRECTION('',(-0.,-1.,0.));
#3466=VECTOR('',#3465,1.6);
#3467=LINE('',#3464,#3466);
#3468=EDGE_CURVE('',#960,#3455,#3467,.T.);
#3469=ORIENTED_EDGE('',*,*,#3468,.T.);
#3470=EDGE_LOOP('',(#3461,#3462,#3463,#3469));
#3471=FACE_BOUND('',#3470,.T.);
#3472=ADVANCED_FACE('',(#3471),#3453,.T.);
#3473=CARTESIAN_POINT('',(-40.724987157,46.445871089,49.354394076));
#3474=DIRECTION('',(-0.707106781,-0.,-0.707106781));
#3475=DIRECTION('',(0.707106781,-0.,-0.707106781));
#3476=AXIS2_PLACEMENT_3D('',#3473,#3474,#3475);
#3477=PLANE('',#3476);
#3478=ORIENTED_EDGE('',*,*,#981,.T.);
#3479=ORIENTED_EDGE('',*,*,#2846,.T.);
#3480=CARTESIAN_POINT('',(-35.760608263,44.445871089,44.390015182));
#3481=VERTEX_POINT('',#3480);
#3482=CARTESIAN_POINT('',(-35.760608263,44.445871089,44.390015182));
#3483=DIRECTION('',(0.707106781,-0.,-0.707106781));
#3484=VECTOR('',#3483,40.703603491);
#3485=LINE('',#3482,#3484);
#3486=EDGE_CURVE('',#3481,#2835,#3485,.T.);
#3487=ORIENTED_EDGE('',*,*,#3486,.F.);
#3488=CARTESIAN_POINT('',(-35.760608263,46.045871089,44.390015182));
#3489=DIRECTION('',(-0.,-1.,0.));
#3490=VECTOR('',#3489,1.6);
#3491=LINE('',#3488,#3490);
#3492=EDGE_CURVE('',#976,#3481,#3491,.T.);
#3493=ORIENTED_EDGE('',*,*,#3492,.F.);
#3494=EDGE_LOOP('',(#3478,#3479,#3487,#3493));
#3495=FACE_BOUND('',#3494,.T.);
#3496=ADVANCED_FACE('',(#3495),#3477,.T.);
#3497=CARTESIAN_POINT('',(14.262066698,46.445871089,-2.804232654));
#3498=DIRECTION('',(0.707106781,0.,0.707106781));
#3499=DIRECTION('',(-0.707106781,0.,0.707106781));
#3500=AXIS2_PLACEMENT_3D('',#3497,#3498,#3499);
#3501=PLANE('',#3500);
#3502=CARTESIAN_POINT('',(-32.932181138,44.445871089,44.390015182));
#3503=VERTEX_POINT('',#3502);
#3504=CARTESIAN_POINT('',(-4.150387091,44.445871089,15.608221135));
#3505=DIRECTION('',(-0.707106781,0.,0.707106781));
#3506=VECTOR('',#3505,40.703603491);
#3507=LINE('',#3504,#3506);
#3508=EDGE_CURVE('',#2858,#3503,#3507,.T.);
#3509=ORIENTED_EDGE('',*,*,#3508,.F.);
#3510=ORIENTED_EDGE('',*,*,#2863,.T.);
#3511=ORIENTED_EDGE('',*,*,#931,.T.);
#3512=CARTESIAN_POINT('',(-32.932181138,46.045871089,44.390015182));
#3513=DIRECTION('',(-0.,-1.,0.));
#3514=VECTOR('',#3513,1.6);
#3515=LINE('',#3512,#3514);
#3516=EDGE_CURVE('',#926,#3503,#3515,.T.);
#3517=ORIENTED_EDGE('',*,*,#3516,.T.);
#3518=EDGE_LOOP('',(#3509,#3510,#3511,#3517));
#3519=FACE_BOUND('',#3518,.T.);
#3520=ADVANCED_FACE('',(#3519),#3501,.T.);
#3521=CARTESIAN_POINT('',(-35.396084135,46.445871089,49.354394076));
#3522=DIRECTION('',(-0.707106781,-0.,-0.707106781));
#3523=DIRECTION('',(0.707106781,-0.,-0.707106781));
#3524=AXIS2_PLACEMENT_3D('',#3521,#3522,#3523);
#3525=PLANE('',#3524);
#3526=ORIENTED_EDGE('',*,*,#947,.T.);
#3527=ORIENTED_EDGE('',*,*,#2877,.T.);
#3528=CARTESIAN_POINT('',(-30.43170524,44.445871089,44.390015182));
#3529=VERTEX_POINT('',#3528);
#3530=CARTESIAN_POINT('',(-30.43170524,44.445871089,44.390015182));
#3531=DIRECTION('',(0.707106781,-0.,-0.707106781));
#3532=VECTOR('',#3531,40.703603491);
#3533=LINE('',#3530,#3532);
#3534=EDGE_CURVE('',#3529,#2866,#3533,.T.);
#3535=ORIENTED_EDGE('',*,*,#3534,.F.);
#3536=CARTESIAN_POINT('',(-30.43170524,46.045871089,44.390015182));
#3537=DIRECTION('',(-0.,-1.,0.));
#3538=VECTOR('',#3537,1.6);
#3539=LINE('',#3536,#3538);
#3540=EDGE_CURVE('',#942,#3529,#3539,.T.);
#3541=ORIENTED_EDGE('',*,*,#3540,.F.);
#3542=EDGE_LOOP('',(#3526,#3527,#3535,#3541));
#3543=FACE_BOUND('',#3542,.T.);
#3544=ADVANCED_FACE('',(#3543),#3525,.T.);
#3545=CARTESIAN_POINT('',(19.59096972,46.445871089,-2.804232654));
#3546=DIRECTION('',(0.707106781,0.,0.707106781));
#3547=DIRECTION('',(-0.707106781,0.,0.707106781));
#3548=AXIS2_PLACEMENT_3D('',#3545,#3546,#3547);
#3549=PLANE('',#3548);
#3550=CARTESIAN_POINT('',(-27.603278116,44.445871089,44.390015182));
#3551=VERTEX_POINT('',#3550);
#3552=CARTESIAN_POINT('',(1.178515931,44.445871089,15.608221135));
#3553=DIRECTION('',(-0.707106781,0.,0.707106781));
#3554=VECTOR('',#3553,40.703603491);
#3555=LINE('',#3552,#3554);
#3556=EDGE_CURVE('',#2889,#3551,#3555,.T.);
#3557=ORIENTED_EDGE('',*,*,#3556,.F.);
#3558=ORIENTED_EDGE('',*,*,#2894,.T.);
#3559=ORIENTED_EDGE('',*,*,#897,.T.);
#3560=CARTESIAN_POINT('',(-27.603278116,46.045871089,44.390015182));
#3561=DIRECTION('',(-0.,-1.,0.));
#3562=VECTOR('',#3561,1.6);
#3563=LINE('',#3560,#3562);
#3564=EDGE_CURVE('',#892,#3551,#3563,.T.);
#3565=ORIENTED_EDGE('',*,*,#3564,.T.);
#3566=EDGE_LOOP('',(#3557,#3558,#3559,#3565));
#3567=FACE_BOUND('',#3566,.T.);
#3568=ADVANCED_FACE('',(#3567),#3549,.T.);
#3569=CARTESIAN_POINT('',(-30.067181113,46.445871089,49.354394076));
#3570=DIRECTION('',(-0.707106781,-0.,-0.707106781));
#3571=DIRECTION('',(0.707106781,-0.,-0.707106781));
#3572=AXIS2_PLACEMENT_3D('',#3569,#3570,#3571);
#3573=PLANE('',#3572);
#3574=ORIENTED_EDGE('',*,*,#913,.T.);
#3575=ORIENTED_EDGE('',*,*,#2908,.T.);
#3576=CARTESIAN_POINT('',(-25.102802218,44.445871089,44.390015182));
#3577=VERTEX_POINT('',#3576);
#3578=CARTESIAN_POINT('',(-25.102802218,44.445871089,44.390015182));
#3579=DIRECTION('',(0.707106781,-0.,-0.707106781));
#3580=VECTOR('',#3579,40.703603491);
#3581=LINE('',#3578,#3580);
#3582=EDGE_CURVE('',#3577,#2897,#3581,.T.);
#3583=ORIENTED_EDGE('',*,*,#3582,.F.);
#3584=CARTESIAN_POINT('',(-25.102802218,46.045871089,44.390015182));
#3585=DIRECTION('',(-0.,-1.,0.));
#3586=VECTOR('',#3585,1.6);
#3587=LINE('',#3584,#3586);
#3588=EDGE_CURVE('',#908,#3577,#3587,.T.);
#3589=ORIENTED_EDGE('',*,*,#3588,.F.);
#3590=EDGE_LOOP('',(#3574,#3575,#3583,#3589));
#3591=FACE_BOUND('',#3590,.T.);
#3592=ADVANCED_FACE('',(#3591),#3573,.T.);
#3593=CARTESIAN_POINT('',(-30.067181113,46.445871089,49.354394076));
#3594=DIRECTION('',(-0.707106781,-0.,-0.707106781));
#3595=DIRECTION('',(0.707106781,-0.,-0.707106781));
#3596=AXIS2_PLACEMENT_3D('',#3593,#3594,#3595);
#3597=PLANE('',#3596);
#3598=CARTESIAN_POINT('',(17.127066722,44.445871089,2.160146241));
#3599=VERTEX_POINT('',#3598);
#3600=CARTESIAN_POINT('',(14.871091607,44.445871089,4.416121356));
#3601=DIRECTION('',(0.707106781,-0.,-0.707106781));
#3602=VECTOR('',#3601,3.190430604);
#3603=LINE('',#3600,#3602);
#3604=EDGE_CURVE('',#2771,#3599,#3603,.T.);
#3605=ORIENTED_EDGE('',*,*,#3604,.F.);
#3606=ORIENTED_EDGE('',*,*,#2776,.T.);
#3607=ORIENTED_EDGE('',*,*,#1179,.T.);
#3608=CARTESIAN_POINT('',(17.127066722,46.045871089,2.160146241));
#3609=DIRECTION('',(-0.,-1.,0.));
#3610=VECTOR('',#3609,1.6);
#3611=LINE('',#3608,#3610);
#3612=EDGE_CURVE('',#1166,#3599,#3611,.T.);
#3613=ORIENTED_EDGE('',*,*,#3612,.T.);
#3614=EDGE_LOOP('',(#3605,#3606,#3607,#3613));
#3615=FACE_BOUND('',#3614,.T.);
#3616=ADVANCED_FACE('',(#3615),#3597,.T.);
#3617=CARTESIAN_POINT('',(19.59096972,46.445871089,-2.804232654));
#3618=DIRECTION('',(0.707106781,0.,0.707106781));
#3619=DIRECTION('',(-0.707106781,0.,0.707106781));
#3620=AXIS2_PLACEMENT_3D('',#3617,#3618,#3619);
#3621=PLANE('',#3620);
#3622=ORIENTED_EDGE('',*,*,#1163,.T.);
#3623=ORIENTED_EDGE('',*,*,#2689,.T.);
#3624=CARTESIAN_POINT('',(14.626590825,44.445871089,2.160146241));
#3625=VERTEX_POINT('',#3624);
#3626=CARTESIAN_POINT('',(14.626590825,44.445871089,2.160146241));
#3627=DIRECTION('',(-0.707106781,0.,0.707106781));
#3628=VECTOR('',#3627,3.179258004);
#3629=LINE('',#3626,#3628);
#3630=EDGE_CURVE('',#3625,#2676,#3629,.T.);
#3631=ORIENTED_EDGE('',*,*,#3630,.F.);
#3632=CARTESIAN_POINT('',(14.626590825,46.045871089,2.160146241));
#3633=DIRECTION('',(-0.,-1.,0.));
#3634=VECTOR('',#3633,1.6);
#3635=LINE('',#3632,#3634);
#3636=EDGE_CURVE('',#1158,#3625,#3635,.T.);
#3637=ORIENTED_EDGE('',*,*,#3636,.F.);
#3638=EDGE_LOOP('',(#3622,#3623,#3631,#3637));
#3639=FACE_BOUND('',#3638,.T.);
#3640=ADVANCED_FACE('',(#3639),#3621,.T.);
#3641=CARTESIAN_POINT('',(-35.396084135,46.445871089,49.354394076));
#3642=DIRECTION('',(-0.707106781,-0.,-0.707106781));
#3643=DIRECTION('',(0.707106781,-0.,-0.707106781));
#3644=AXIS2_PLACEMENT_3D('',#3641,#3642,#3643);
#3645=PLANE('',#3644);
#3646=CARTESIAN_POINT('',(11.7981637,44.445871089,2.160146241));
#3647=VERTEX_POINT('',#3646);
#3648=CARTESIAN_POINT('',(9.550088806,44.445871089,4.408221135));
#3649=DIRECTION('',(0.707106781,-0.,-0.707106781));
#3650=VECTOR('',#3649,3.179258004);
#3651=LINE('',#3648,#3650);
#3652=EDGE_CURVE('',#2647,#3647,#3651,.T.);
#3653=ORIENTED_EDGE('',*,*,#3652,.F.);
#3654=ORIENTED_EDGE('',*,*,#2665,.T.);
#3655=ORIENTED_EDGE('',*,*,#863,.T.);
#3656=CARTESIAN_POINT('',(11.7981637,46.045871089,2.160146241));
#3657=DIRECTION('',(-0.,-1.,0.));
#3658=VECTOR('',#3657,1.6);
#3659=LINE('',#3656,#3658);
#3660=EDGE_CURVE('',#858,#3647,#3659,.T.);
#3661=ORIENTED_EDGE('',*,*,#3660,.T.);
#3662=EDGE_LOOP('',(#3653,#3654,#3655,#3661));
#3663=FACE_BOUND('',#3662,.T.);
#3664=ADVANCED_FACE('',(#3663),#3645,.T.);
#3665=CARTESIAN_POINT('',(14.262066698,46.445871089,-2.804232654));
#3666=DIRECTION('',(0.707106781,0.,0.707106781));
#3667=DIRECTION('',(-0.707106781,0.,0.707106781));
#3668=AXIS2_PLACEMENT_3D('',#3665,#3666,#3667);
#3669=PLANE('',#3668);
#3670=ORIENTED_EDGE('',*,*,#879,.T.);
#3671=ORIENTED_EDGE('',*,*,#2658,.T.);
#3672=CARTESIAN_POINT('',(9.297687803,44.445871089,2.160146241));
#3673=VERTEX_POINT('',#3672);
#3674=CARTESIAN_POINT('',(9.297687803,44.445871089,2.160146241));
#3675=DIRECTION('',(-0.707106781,0.,0.707106781));
#3676=VECTOR('',#3675,3.179258004);
#3677=LINE('',#3674,#3676);
#3678=EDGE_CURVE('',#3673,#2645,#3677,.T.);
#3679=ORIENTED_EDGE('',*,*,#3678,.F.);
#3680=CARTESIAN_POINT('',(9.297687803,46.045871089,2.160146241));
#3681=DIRECTION('',(-0.,-1.,0.));
#3682=VECTOR('',#3681,1.6);
#3683=LINE('',#3680,#3682);
#3684=EDGE_CURVE('',#874,#3673,#3683,.T.);
#3685=ORIENTED_EDGE('',*,*,#3684,.F.);
#3686=EDGE_LOOP('',(#3670,#3671,#3679,#3685));
#3687=FACE_BOUND('',#3686,.T.);
#3688=ADVANCED_FACE('',(#3687),#3669,.T.);
#3689=CARTESIAN_POINT('',(3.604260653,46.445871089,-2.804232654));
#3690=DIRECTION('',(0.707106781,0.,0.707106781));
#3691=DIRECTION('',(-0.707106781,0.,0.707106781));
#3692=AXIS2_PLACEMENT_3D('',#3689,#3690,#3691);
#3693=PLANE('',#3692);
#3694=CARTESIAN_POINT('',(-41.532309801,44.445871089,42.3323378));
#3695=VERTEX_POINT('',#3694);
#3696=CARTESIAN_POINT('',(-14.795012062,44.445871089,15.595040061));
#3697=DIRECTION('',(-0.707106781,0.,0.707106781));
#3698=VECTOR('',#3697,37.812249084);
#3699=LINE('',#3696,#3698);
#3700=EDGE_CURVE('',#3046,#3695,#3699,.T.);
#3701=ORIENTED_EDGE('',*,*,#3700,.F.);
#3702=ORIENTED_EDGE('',*,*,#3051,.T.);
#3703=ORIENTED_EDGE('',*,*,#1361,.T.);
#3704=CARTESIAN_POINT('',(-41.532309801,46.045871089,42.3323378));
#3705=DIRECTION('',(-0.,-1.,0.));
#3706=VECTOR('',#3705,1.6);
#3707=LINE('',#3704,#3706);
#3708=EDGE_CURVE('',#1347,#3695,#3707,.T.);
#3709=ORIENTED_EDGE('',*,*,#3708,.T.);
#3710=EDGE_LOOP('',(#3701,#3702,#3703,#3709));
#3711=FACE_BOUND('',#3710,.T.);
#3712=ADVANCED_FACE('',(#3711),#3693,.T.);
#3713=CARTESIAN_POINT('',(-46.05389018,46.445871089,49.354394076));
#3714=DIRECTION('',(-0.707106781,-0.,-0.707106781));
#3715=DIRECTION('',(0.707106781,-0.,-0.707106781));
#3716=AXIS2_PLACEMENT_3D('',#3713,#3714,#3715);
#3717=PLANE('',#3716);
#3718=ORIENTED_EDGE('',*,*,#1344,.T.);
#3719=ORIENTED_EDGE('',*,*,#2815,.T.);
#3720=CARTESIAN_POINT('',(-40.331572985,44.445871089,43.632076882));
#3721=VERTEX_POINT('',#3720);
#3722=CARTESIAN_POINT('',(-40.331572985,44.445871089,43.632076882));
#3723=DIRECTION('',(0.707106781,-0.,-0.707106781));
#3724=VECTOR('',#3723,39.631716867);
#3725=LINE('',#3722,#3724);
#3726=EDGE_CURVE('',#3721,#2804,#3725,.T.);
#3727=ORIENTED_EDGE('',*,*,#3726,.F.);
#3728=CARTESIAN_POINT('',(-40.331572985,46.045871089,43.632076882));
#3729=DIRECTION('',(-0.,-1.,0.));
#3730=VECTOR('',#3729,1.6);
#3731=LINE('',#3728,#3730);
#3732=EDGE_CURVE('',#1339,#3721,#3731,.T.);
#3733=ORIENTED_EDGE('',*,*,#3732,.F.);
#3734=EDGE_LOOP('',(#3718,#3719,#3727,#3733));
#3735=FACE_BOUND('',#3734,.T.);
#3736=ADVANCED_FACE('',(#3735),#3717,.T.);
#3737=CARTESIAN_POINT('',(40.835835397,40.445871089,30.858500248));
#3738=DIRECTION('',(-1.,0.,0.));
#3739=DIRECTION('',(-0.,-1.,0.));
#3740=AXIS2_PLACEMENT_3D('',#3737,#3738,#3739);
#3741=PLANE('',#3740);
#3742=CARTESIAN_POINT('',(40.835835397,44.445871089,29.23993189));
#3743=VERTEX_POINT('',#3742);
#3744=CARTESIAN_POINT('',(40.835835397,44.445871089,30.858500248));
#3745=VERTEX_POINT('',#3744);
#3746=CARTESIAN_POINT('',(40.835835397,44.445871089,29.23993189));
#3747=DIRECTION('',(0.,0.,1.));
#3748=VECTOR('',#3747,1.618568358);
#3749=LINE('',#3746,#3748);
#3750=EDGE_CURVE('',#3743,#3745,#3749,.T.);
#3751=ORIENTED_EDGE('',*,*,#3750,.F.);
#3752=CARTESIAN_POINT('',(40.835835397,46.045871089,29.23993189));
#3753=DIRECTION('',(-0.,-1.,0.));
#3754=VECTOR('',#3753,1.6);
#3755=LINE('',#3752,#3754);
#3756=EDGE_CURVE('',#2385,#3743,#3755,.T.);
#3757=ORIENTED_EDGE('',*,*,#3756,.F.);
#3758=ORIENTED_EDGE('',*,*,#2392,.T.);
#3759=CARTESIAN_POINT('',(40.835835397,44.445871089,30.858500248));
#3760=DIRECTION('',(0.,1.,0.));
#3761=VECTOR('',#3760,1.6);
#3762=LINE('',#3759,#3761);
#3763=EDGE_CURVE('',#3745,#2387,#3762,.T.);
#3764=ORIENTED_EDGE('',*,*,#3763,.F.);
#3765=EDGE_LOOP('',(#3751,#3757,#3758,#3764));
#3766=FACE_BOUND('',#3765,.T.);
#3767=ADVANCED_FACE('',(#3766),#3741,.F.);
#3768=CARTESIAN_POINT('',(72.879999941,46.445871089,-2.804232654));
#3769=DIRECTION('',(0.707106781,0.,0.707106781));
#3770=DIRECTION('',(-0.707106781,0.,0.707106781));
#3771=AXIS2_PLACEMENT_3D('',#3768,#3769,#3770);
#3772=PLANE('',#3771);
#3773=ORIENTED_EDGE('',*,*,#2400,.T.);
#3774=ORIENTED_EDGE('',*,*,#3756,.T.);
#3775=CARTESIAN_POINT('',(42.111178492,44.445871089,27.964588795));
#3776=VERTEX_POINT('',#3775);
#3777=CARTESIAN_POINT('',(42.111178492,44.445871089,27.964588795));
#3778=DIRECTION('',(-0.707106781,0.,0.707106781));
#3779=VECTOR('',#3778,1.803607501);
#3780=LINE('',#3777,#3779);
#3781=EDGE_CURVE('',#3776,#3743,#3780,.T.);
#3782=ORIENTED_EDGE('',*,*,#3781,.F.);
#3783=CARTESIAN_POINT('',(42.111178492,46.045871089,27.964588795));
#3784=DIRECTION('',(-0.,-1.,0.));
#3785=VECTOR('',#3784,1.6);
#3786=LINE('',#3783,#3785);
#3787=EDGE_CURVE('',#2395,#3776,#3786,.T.);
#3788=ORIENTED_EDGE('',*,*,#3787,.F.);
#3789=EDGE_LOOP('',(#3773,#3774,#3782,#3788));
#3790=FACE_BOUND('',#3789,.T.);
#3791=ADVANCED_FACE('',(#3790),#3772,.T.);
#3792=CARTESIAN_POINT('',(42.111178492,46.445871089,6.340146241));
#3793=DIRECTION('',(-1.,0.,0.));
#3794=DIRECTION('',(-0.,0.,-1.));
#3795=AXIS2_PLACEMENT_3D('',#3792,#3793,#3794);
#3796=PLANE('',#3795);
#3797=ORIENTED_EDGE('',*,*,#2408,.T.);
#3798=ORIENTED_EDGE('',*,*,#3787,.T.);
#3799=CARTESIAN_POINT('',(42.111178492,44.445871089,30.465064693));
#3800=VERTEX_POINT('',#3799);
#3801=CARTESIAN_POINT('',(42.111178492,44.445871089,30.465064693));
#3802=DIRECTION('',(-0.,-0.,-1.));
#3803=VECTOR('',#3802,2.500475897);
#3804=LINE('',#3801,#3803);
#3805=EDGE_CURVE('',#3800,#3776,#3804,.T.);
#3806=ORIENTED_EDGE('',*,*,#3805,.F.);
#3807=CARTESIAN_POINT('',(42.111178492,46.045871089,30.465064693));
#3808=DIRECTION('',(-0.,-1.,0.));
#3809=VECTOR('',#3808,1.6);
#3810=LINE('',#3807,#3809);
#3811=EDGE_CURVE('',#2403,#3800,#3810,.T.);
#3812=ORIENTED_EDGE('',*,*,#3811,.F.);
#3813=EDGE_LOOP('',(#3797,#3798,#3806,#3812));
#3814=FACE_BOUND('',#3813,.T.);
#3815=ADVANCED_FACE('',(#3814),#3796,.T.);
#3816=CARTESIAN_POINT('',(23.221849108,46.445871089,49.354394076));
#3817=DIRECTION('',(-0.707106781,-0.,-0.707106781));
#3818=DIRECTION('',(0.707106781,-0.,-0.707106781));
#3819=AXIS2_PLACEMENT_3D('',#3816,#3817,#3818);
#3820=PLANE('',#3819);
#3821=CARTESIAN_POINT('',(40.677754665,44.445871089,31.898488519));
#3822=VERTEX_POINT('',#3821);
#3823=CARTESIAN_POINT('',(40.677754665,44.445871089,31.898488519));
#3824=DIRECTION('',(0.707106781,-0.,-0.707106781));
#3825=VECTOR('',#3824,2.027167416);
#3826=LINE('',#3823,#3825);
#3827=EDGE_CURVE('',#3822,#3800,#3826,.T.);
#3828=ORIENTED_EDGE('',*,*,#3827,.F.);
#3829=CARTESIAN_POINT('',(40.677754665,44.445871089,31.898488519));
#3830=DIRECTION('',(0.,1.,0.));
#3831=VECTOR('',#3830,1.6);
#3832=LINE('',#3829,#3831);
#3833=EDGE_CURVE('',#3822,#2411,#3832,.T.);
#3834=ORIENTED_EDGE('',*,*,#3833,.T.);
#3835=ORIENTED_EDGE('',*,*,#2416,.T.);
#3836=ORIENTED_EDGE('',*,*,#3811,.T.);
#3837=EDGE_LOOP('',(#3828,#3834,#3835,#3836));
#3838=FACE_BOUND('',#3837,.T.);
#3839=ADVANCED_FACE('',(#3838),#3820,.T.);
#3840=CARTESIAN_POINT('',(37.335835397,40.445871089,30.858500248));
#3841=DIRECTION('',(0.,1.,0.));
#3842=DIRECTION('',(-1.,0.,0.));
#3843=AXIS2_PLACEMENT_3D('',#3840,#3841,#3842);
#3844=CYLINDRICAL_SURFACE('',#3843,3.5);
#3845=CARTESIAN_POINT('',(37.335835397,44.445871089,30.858500248));
#3846=DIRECTION('',(-0.,-1.,0.));
#3847=DIRECTION('',(0.,0.,1.));
#3848=AXIS2_PLACEMENT_3D('',#3845,#3846,#3847);
#3849=CIRCLE('',#3848,3.5);
#3850=EDGE_CURVE('',#3745,#3822,#3849,.T.);
#3851=ORIENTED_EDGE('',*,*,#3850,.F.);
#3852=ORIENTED_EDGE('',*,*,#3763,.T.);
#3853=ORIENTED_EDGE('',*,*,#2423,.T.);
#3854=ORIENTED_EDGE('',*,*,#3833,.F.);
#3855=EDGE_LOOP('',(#3851,#3852,#3853,#3854));
#3856=FACE_BOUND('',#3855,.T.);
#3857=ADVANCED_FACE('',(#3856),#3844,.T.);
#3858=CARTESIAN_POINT('',(67.551096919,46.445871089,-2.804232654));
#3859=DIRECTION('',(0.707106781,0.,0.707106781));
#3860=DIRECTION('',(-0.707106781,0.,0.707106781));
#3861=AXIS2_PLACEMENT_3D('',#3858,#3859,#3860);
#3862=PLANE('',#3861);
#3863=ORIENTED_EDGE('',*,*,#2366,.T.);
#3864=CARTESIAN_POINT('',(40.835835397,44.445871089,23.911028868));
#3865=VERTEX_POINT('',#3864);
#3866=CARTESIAN_POINT('',(40.835835397,46.045871089,23.911028868));
#3867=DIRECTION('',(-0.,-1.,0.));
#3868=VECTOR('',#3867,1.6);
#3869=LINE('',#3866,#3868);
#3870=EDGE_CURVE('',#2351,#3865,#3869,.T.);
#3871=ORIENTED_EDGE('',*,*,#3870,.T.);
#3872=CARTESIAN_POINT('',(42.111178492,44.445871089,22.635685773));
#3873=VERTEX_POINT('',#3872);
#3874=CARTESIAN_POINT('',(42.111178492,44.445871089,22.635685773));
#3875=DIRECTION('',(-0.707106781,0.,0.707106781));
#3876=VECTOR('',#3875,1.803607501);
#3877=LINE('',#3874,#3876);
#3878=EDGE_CURVE('',#3873,#3865,#3877,.T.);
#3879=ORIENTED_EDGE('',*,*,#3878,.F.);
#3880=CARTESIAN_POINT('',(42.111178492,46.045871089,22.635685773));
#3881=DIRECTION('',(-0.,-1.,0.));
#3882=VECTOR('',#3881,1.6);
#3883=LINE('',#3880,#3882);
#3884=EDGE_CURVE('',#2361,#3873,#3883,.T.);
#3885=ORIENTED_EDGE('',*,*,#3884,.F.);
#3886=EDGE_LOOP('',(#3863,#3871,#3879,#3885));
#3887=FACE_BOUND('',#3886,.T.);
#3888=ADVANCED_FACE('',(#3887),#3862,.T.);
#3889=CARTESIAN_POINT('',(42.111178492,46.445871089,6.340146241));
#3890=DIRECTION('',(-1.,0.,0.));
#3891=DIRECTION('',(-0.,0.,-1.));
#3892=AXIS2_PLACEMENT_3D('',#3889,#3890,#3891);
#3893=PLANE('',#3892);
#3894=ORIENTED_EDGE('',*,*,#2374,.T.);
#3895=ORIENTED_EDGE('',*,*,#3884,.T.);
#3896=CARTESIAN_POINT('',(42.111178492,44.445871089,25.136161671));
#3897=VERTEX_POINT('',#3896);
#3898=CARTESIAN_POINT('',(42.111178492,44.445871089,25.136161671));
#3899=DIRECTION('',(-0.,-0.,-1.));
#3900=VECTOR('',#3899,2.500475897);
#3901=LINE('',#3898,#3900);
#3902=EDGE_CURVE('',#3897,#3873,#3901,.T.);
#3903=ORIENTED_EDGE('',*,*,#3902,.F.);
#3904=CARTESIAN_POINT('',(42.111178492,46.045871089,25.136161671));
#3905=DIRECTION('',(-0.,-1.,0.));
#3906=VECTOR('',#3905,1.6);
#3907=LINE('',#3904,#3906);
#3908=EDGE_CURVE('',#2369,#3897,#3907,.T.);
#3909=ORIENTED_EDGE('',*,*,#3908,.F.);
#3910=EDGE_LOOP('',(#3894,#3895,#3903,#3909));
#3911=FACE_BOUND('',#3910,.T.);
#3912=ADVANCED_FACE('',(#3911),#3893,.T.);
#3913=CARTESIAN_POINT('',(17.892946086,46.445871089,49.354394076));
#3914=DIRECTION('',(-0.707106781,-0.,-0.707106781));
#3915=DIRECTION('',(0.707106781,-0.,-0.707106781));
#3916=AXIS2_PLACEMENT_3D('',#3913,#3914,#3915);
#3917=PLANE('',#3916);
#3918=CARTESIAN_POINT('',(40.835835397,44.445871089,26.411504765));
#3919=VERTEX_POINT('',#3918);
#3920=CARTESIAN_POINT('',(40.835835397,44.445871089,26.411504765));
#3921=DIRECTION('',(0.707106781,-0.,-0.707106781));
#3922=VECTOR('',#3921,1.803607501);
#3923=LINE('',#3920,#3922);
#3924=EDGE_CURVE('',#3919,#3897,#3923,.T.);
#3925=ORIENTED_EDGE('',*,*,#3924,.F.);
#3926=CARTESIAN_POINT('',(40.835835397,44.445871089,26.411504765));
#3927=DIRECTION('',(0.,1.,-0.));
#3928=VECTOR('',#3927,1.6);
#3929=LINE('',#3926,#3928);
#3930=EDGE_CURVE('',#3919,#2353,#3929,.T.);
#3931=ORIENTED_EDGE('',*,*,#3930,.T.);
#3932=ORIENTED_EDGE('',*,*,#2380,.T.);
#3933=ORIENTED_EDGE('',*,*,#3908,.T.);
#3934=EDGE_LOOP('',(#3925,#3931,#3932,#3933));
#3935=FACE_BOUND('',#3934,.T.);
#3936=ADVANCED_FACE('',(#3935),#3917,.T.);
#3937=CARTESIAN_POINT('',(40.835835397,40.445871089,30.858500248));
#3938=DIRECTION('',(-1.,0.,0.));
#3939=DIRECTION('',(-0.,-1.,0.));
#3940=AXIS2_PLACEMENT_3D('',#3937,#3938,#3939);
#3941=PLANE('',#3940);
#3942=CARTESIAN_POINT('',(40.835835397,44.445871089,23.911028868));
#3943=DIRECTION('',(0.,0.,1.));
#3944=VECTOR('',#3943,2.500475897);
#3945=LINE('',#3942,#3944);
#3946=EDGE_CURVE('',#3865,#3919,#3945,.T.);
#3947=ORIENTED_EDGE('',*,*,#3946,.F.);
#3948=ORIENTED_EDGE('',*,*,#3870,.F.);
#3949=ORIENTED_EDGE('',*,*,#2358,.T.);
#3950=ORIENTED_EDGE('',*,*,#3930,.F.);
#3951=EDGE_LOOP('',(#3947,#3948,#3949,#3950));
#3952=FACE_BOUND('',#3951,.T.);
#3953=ADVANCED_FACE('',(#3952),#3941,.F.);
#3954=CARTESIAN_POINT('',(62.222193897,46.445871089,-2.804232654));
#3955=DIRECTION('',(0.707106781,0.,0.707106781));
#3956=DIRECTION('',(-0.707106781,0.,0.707106781));
#3957=AXIS2_PLACEMENT_3D('',#3954,#3955,#3956);
#3958=PLANE('',#3957);
#3959=ORIENTED_EDGE('',*,*,#2332,.T.);
#3960=CARTESIAN_POINT('',(40.835835397,44.445871089,18.582125846));
#3961=VERTEX_POINT('',#3960);
#3962=CARTESIAN_POINT('',(40.835835397,46.045871089,18.582125846));
#3963=DIRECTION('',(-0.,-1.,0.));
#3964=VECTOR('',#3963,1.6);
#3965=LINE('',#3962,#3964);
#3966=EDGE_CURVE('',#2317,#3961,#3965,.T.);
#3967=ORIENTED_EDGE('',*,*,#3966,.T.);
#3968=CARTESIAN_POINT('',(42.111178492,44.445871089,17.306782751));
#3969=VERTEX_POINT('',#3968);
#3970=CARTESIAN_POINT('',(42.111178492,44.445871089,17.306782751));
#3971=DIRECTION('',(-0.707106781,0.,0.707106781));
#3972=VECTOR('',#3971,1.803607501);
#3973=LINE('',#3970,#3972);
#3974=EDGE_CURVE('',#3969,#3961,#3973,.T.);
#3975=ORIENTED_EDGE('',*,*,#3974,.F.);
#3976=CARTESIAN_POINT('',(42.111178492,46.045871089,17.306782751));
#3977=DIRECTION('',(-0.,-1.,0.));
#3978=VECTOR('',#3977,1.6);
#3979=LINE('',#3976,#3978);
#3980=EDGE_CURVE('',#2327,#3969,#3979,.T.);
#3981=ORIENTED_EDGE('',*,*,#3980,.F.);
#3982=EDGE_LOOP('',(#3959,#3967,#3975,#3981));
#3983=FACE_BOUND('',#3982,.T.);
#3984=ADVANCED_FACE('',(#3983),#3958,.T.);
#3985=CARTESIAN_POINT('',(42.111178492,46.445871089,6.340146241));
#3986=DIRECTION('',(-1.,0.,0.));
#3987=DIRECTION('',(-0.,0.,-1.));
#3988=AXIS2_PLACEMENT_3D('',#3985,#3986,#3987);
#3989=PLANE('',#3988);
#3990=CARTESIAN_POINT('',(42.111178492,44.445871089,19.807258648));
#3991=VERTEX_POINT('',#3990);
#3992=CARTESIAN_POINT('',(42.111178492,46.045871089,19.807258648));
#3993=DIRECTION('',(-0.,-1.,0.));
#3994=VECTOR('',#3993,1.6);
#3995=LINE('',#3992,#3994);
#3996=EDGE_CURVE('',#2335,#3991,#3995,.T.);
#3997=ORIENTED_EDGE('',*,*,#3996,.F.);
#3998=ORIENTED_EDGE('',*,*,#2340,.T.);
#3999=ORIENTED_EDGE('',*,*,#3980,.T.);
#4000=CARTESIAN_POINT('',(42.111178492,44.445871089,19.807258648));
#4001=DIRECTION('',(-0.,-0.,-1.));
#4002=VECTOR('',#4001,2.500475897);
#4003=LINE('',#4000,#4002);
#4004=EDGE_CURVE('',#3991,#3969,#4003,.T.);
#4005=ORIENTED_EDGE('',*,*,#4004,.F.);
#4006=EDGE_LOOP('',(#3997,#3998,#3999,#4005));
#4007=FACE_BOUND('',#4006,.T.);
#4008=ADVANCED_FACE('',(#4007),#3989,.T.);
#4009=CARTESIAN_POINT('',(12.564043064,46.445871089,49.354394076));
#4010=DIRECTION('',(-0.707106781,-0.,-0.707106781));
#4011=DIRECTION('',(0.707106781,-0.,-0.707106781));
#4012=AXIS2_PLACEMENT_3D('',#4009,#4010,#4011);
#4013=PLANE('',#4012);
#4014=CARTESIAN_POINT('',(40.835835397,44.445871089,21.082601743));
#4015=VERTEX_POINT('',#4014);
#4016=CARTESIAN_POINT('',(40.835835397,44.445871089,21.082601743));
#4017=DIRECTION('',(0.707106781,-0.,-0.707106781));
#4018=VECTOR('',#4017,1.803607501);
#4019=LINE('',#4016,#4018);
#4020=EDGE_CURVE('',#4015,#3991,#4019,.T.);
#4021=ORIENTED_EDGE('',*,*,#4020,.F.);
#4022=CARTESIAN_POINT('',(40.835835397,44.445871089,21.082601743));
#4023=DIRECTION('',(0.,1.,-0.));
#4024=VECTOR('',#4023,1.6);
#4025=LINE('',#4022,#4024);
#4026=EDGE_CURVE('',#4015,#2319,#4025,.T.);
#4027=ORIENTED_EDGE('',*,*,#4026,.T.);
#4028=ORIENTED_EDGE('',*,*,#2346,.T.);
#4029=ORIENTED_EDGE('',*,*,#3996,.T.);
#4030=EDGE_LOOP('',(#4021,#4027,#4028,#4029));
#4031=FACE_BOUND('',#4030,.T.);
#4032=ADVANCED_FACE('',(#4031),#4013,.T.);
#4033=CARTESIAN_POINT('',(40.835835397,40.445871089,30.858500248));
#4034=DIRECTION('',(-1.,0.,0.));
#4035=DIRECTION('',(-0.,-1.,0.));
#4036=AXIS2_PLACEMENT_3D('',#4033,#4034,#4035);
#4037=PLANE('',#4036);
#4038=CARTESIAN_POINT('',(40.835835397,44.445871089,18.582125846));
#4039=DIRECTION('',(0.,0.,1.));
#4040=VECTOR('',#4039,2.500475897);
#4041=LINE('',#4038,#4040);
#4042=EDGE_CURVE('',#3961,#4015,#4041,.T.);
#4043=ORIENTED_EDGE('',*,*,#4042,.F.);
#4044=ORIENTED_EDGE('',*,*,#3966,.F.);
#4045=ORIENTED_EDGE('',*,*,#2324,.T.);
#4046=ORIENTED_EDGE('',*,*,#4026,.F.);
#4047=EDGE_LOOP('',(#4043,#4044,#4045,#4046));
#4048=FACE_BOUND('',#4047,.T.);
#4049=ADVANCED_FACE('',(#4048),#4037,.F.);
#4050=CARTESIAN_POINT('',(56.893290875,46.445871089,-2.804232654));
#4051=DIRECTION('',(0.707106781,0.,0.707106781));
#4052=DIRECTION('',(-0.707106781,0.,0.707106781));
#4053=AXIS2_PLACEMENT_3D('',#4050,#4051,#4052);
#4054=PLANE('',#4053);
#4055=ORIENTED_EDGE('',*,*,#2298,.T.);
#4056=CARTESIAN_POINT('',(40.232352602,44.445871089,13.856705619));
#4057=VERTEX_POINT('',#4056);
#4058=CARTESIAN_POINT('',(40.232352602,46.045871089,13.856705619));
#4059=DIRECTION('',(-0.,-1.,-0.));
#4060=VECTOR('',#4059,1.6);
#4061=LINE('',#4058,#4060);
#4062=EDGE_CURVE('',#2282,#4057,#4061,.T.);
#4063=ORIENTED_EDGE('',*,*,#4062,.T.);
#4064=CARTESIAN_POINT('',(42.111178492,44.445871089,11.977879729));
#4065=VERTEX_POINT('',#4064);
#4066=CARTESIAN_POINT('',(42.111178492,44.445871089,11.977879729));
#4067=DIRECTION('',(-0.707106781,0.,0.707106781));
#4068=VECTOR('',#4067,2.657061055);
#4069=LINE('',#4066,#4068);
#4070=EDGE_CURVE('',#4065,#4057,#4069,.T.);
#4071=ORIENTED_EDGE('',*,*,#4070,.F.);
#4072=CARTESIAN_POINT('',(42.111178492,46.045871089,11.977879729));
#4073=DIRECTION('',(-0.,-1.,0.));
#4074=VECTOR('',#4073,1.6);
#4075=LINE('',#4072,#4074);
#4076=EDGE_CURVE('',#2293,#4065,#4075,.T.);
#4077=ORIENTED_EDGE('',*,*,#4076,.F.);
#4078=EDGE_LOOP('',(#4055,#4063,#4071,#4077));
#4079=FACE_BOUND('',#4078,.T.);
#4080=ADVANCED_FACE('',(#4079),#4054,.T.);
#4081=CARTESIAN_POINT('',(42.111178492,46.445871089,6.340146241));
#4082=DIRECTION('',(-1.,0.,0.));
#4083=DIRECTION('',(-0.,0.,-1.));
#4084=AXIS2_PLACEMENT_3D('',#4081,#4082,#4083);
#4085=PLANE('',#4084);
#4086=CARTESIAN_POINT('',(42.111178492,44.445871089,14.478355626));
#4087=VERTEX_POINT('',#4086);
#4088=CARTESIAN_POINT('',(42.111178492,46.045871089,14.478355626));
#4089=DIRECTION('',(-0.,-1.,0.));
#4090=VECTOR('',#4089,1.6);
#4091=LINE('',#4088,#4090);
#4092=EDGE_CURVE('',#2301,#4087,#4091,.T.);
#4093=ORIENTED_EDGE('',*,*,#4092,.F.);
#4094=ORIENTED_EDGE('',*,*,#2306,.T.);
#4095=ORIENTED_EDGE('',*,*,#4076,.T.);
#4096=CARTESIAN_POINT('',(42.111178492,44.445871089,14.478355626));
#4097=DIRECTION('',(-0.,-0.,-1.));
#4098=VECTOR('',#4097,2.500475897);
#4099=LINE('',#4096,#4098);
#4100=EDGE_CURVE('',#4087,#4065,#4099,.T.);
#4101=ORIENTED_EDGE('',*,*,#4100,.F.);
#4102=EDGE_LOOP('',(#4093,#4094,#4095,#4101));
#4103=FACE_BOUND('',#4102,.T.);
#4104=ADVANCED_FACE('',(#4103),#4085,.T.);
#4105=CARTESIAN_POINT('',(7.235140042,46.445871089,49.354394076));
#4106=DIRECTION('',(-0.707106781,-0.,-0.707106781));
#4107=DIRECTION('',(0.707106781,-0.,-0.707106781));
#4108=AXIS2_PLACEMENT_3D('',#4105,#4106,#4107);
#4109=PLANE('',#4108);
#4110=CARTESIAN_POINT('',(40.835192141,44.445871089,15.754341977));
#4111=VERTEX_POINT('',#4110);
#4112=CARTESIAN_POINT('',(40.835192141,44.445871089,15.754341977));
#4113=DIRECTION('',(0.707106781,-0.,-0.707106781));
#4114=VECTOR('',#4113,1.804517203);
#4115=LINE('',#4112,#4114);
#4116=EDGE_CURVE('',#4111,#4087,#4115,.T.);
#4117=ORIENTED_EDGE('',*,*,#4116,.F.);
#4118=CARTESIAN_POINT('',(40.835192141,44.445871089,15.754341977));
#4119=DIRECTION('',(0.,1.,0.));
#4120=VECTOR('',#4119,1.6);
#4121=LINE('',#4118,#4120);
#4122=EDGE_CURVE('',#4111,#2284,#4121,.T.);
#4123=ORIENTED_EDGE('',*,*,#4122,.T.);
#4124=ORIENTED_EDGE('',*,*,#2312,.T.);
#4125=ORIENTED_EDGE('',*,*,#4092,.T.);
#4126=EDGE_LOOP('',(#4117,#4123,#4124,#4125));
#4127=FACE_BOUND('',#4126,.T.);
#4128=ADVANCED_FACE('',(#4127),#4109,.T.);
#4129=CARTESIAN_POINT('',(37.335835397,40.445871089,15.821441755));
#4130=DIRECTION('',(0.,1.,0.));
#4131=DIRECTION('',(-1.,0.,0.));
#4132=AXIS2_PLACEMENT_3D('',#4129,#4130,#4131);
#4133=CYLINDRICAL_SURFACE('',#4132,3.5);
#4134=CARTESIAN_POINT('',(37.335835397,44.445871089,15.821441755));
#4135=DIRECTION('',(-0.,-1.,0.));
#4136=DIRECTION('',(0.,0.,1.));
#4137=AXIS2_PLACEMENT_3D('',#4134,#4135,#4136);
#4138=CIRCLE('',#4137,3.5);
#4139=EDGE_CURVE('',#4057,#4111,#4138,.T.);
#4140=ORIENTED_EDGE('',*,*,#4139,.F.);
#4141=ORIENTED_EDGE('',*,*,#4062,.F.);
#4142=ORIENTED_EDGE('',*,*,#2290,.T.);
#4143=ORIENTED_EDGE('',*,*,#4122,.F.);
#4144=EDGE_LOOP('',(#4140,#4141,#4142,#4143));
#4145=FACE_BOUND('',#4144,.T.);
#4146=ADVANCED_FACE('',(#4145),#4133,.T.);
#4147=CARTESIAN_POINT('',(-42.111178492,46.445871089,40.210015182));
#4148=DIRECTION('',(1.,-0.,-0.));
#4149=DIRECTION('',(0.,-0.,1.));
#4150=AXIS2_PLACEMENT_3D('',#4147,#4148,#4149);
#4151=PLANE('',#4150);
#4152=ORIENTED_EDGE('',*,*,#2191,.T.);
#4153=CARTESIAN_POINT('',(-42.111178492,44.445871089,34.753876344));
#4154=VERTEX_POINT('',#4153);
#4155=CARTESIAN_POINT('',(-42.111178492,46.045871089,34.753876344));
#4156=DIRECTION('',(-0.,-1.,0.));
#4157=VECTOR('',#4156,1.6);
#4158=LINE('',#4155,#4157);
#4159=EDGE_CURVE('',#2178,#4154,#4158,.T.);
#4160=ORIENTED_EDGE('',*,*,#4159,.T.);
#4161=CARTESIAN_POINT('',(-42.111178492,44.445871089,32.253400447));
#4162=VERTEX_POINT('',#4161);
#4163=CARTESIAN_POINT('',(-42.111178492,44.445871089,32.253400447));
#4164=DIRECTION('',(0.,0.,1.));
#4165=VECTOR('',#4164,2.500475897);
#4166=LINE('',#4163,#4165);
#4167=EDGE_CURVE('',#4162,#4154,#4166,.T.);
#4168=ORIENTED_EDGE('',*,*,#4167,.F.);
#4169=CARTESIAN_POINT('',(-42.111178492,46.045871089,32.253400447));
#4170=DIRECTION('',(-0.,-1.,0.));
#4171=VECTOR('',#4170,1.6);
#4172=LINE('',#4169,#4171);
#4173=EDGE_CURVE('',#2186,#4162,#4172,.T.);
#4174=ORIENTED_EDGE('',*,*,#4173,.F.);
#4175=EDGE_LOOP('',(#4152,#4160,#4168,#4174));
#4176=FACE_BOUND('',#4175,.T.);
#4177=ADVANCED_FACE('',(#4176),#4151,.T.);
#4178=CARTESIAN_POINT('',(-7.053545391,46.445871089,-2.804232654));
#4179=DIRECTION('',(0.707106781,0.,0.707106781));
#4180=DIRECTION('',(-0.707106781,0.,0.707106781));
#4181=AXIS2_PLACEMENT_3D('',#4178,#4179,#4180);
#4182=PLANE('',#4181);
#4183=CARTESIAN_POINT('',(-40.833859782,44.445871089,30.976081737));
#4184=VERTEX_POINT('',#4183);
#4185=CARTESIAN_POINT('',(-40.833859782,44.445871089,30.976081737));
#4186=DIRECTION('',(-0.707106781,0.,0.707106781));
#4187=VECTOR('',#4186,1.806401443);
#4188=LINE('',#4185,#4187);
#4189=EDGE_CURVE('',#4184,#4162,#4188,.T.);
#4190=ORIENTED_EDGE('',*,*,#4189,.F.);
#4191=CARTESIAN_POINT('',(-40.833859782,44.445871089,30.976081737));
#4192=DIRECTION('',(-0.,1.,-0.));
#4193=VECTOR('',#4192,1.6);
#4194=LINE('',#4191,#4193);
#4195=EDGE_CURVE('',#4184,#2167,#4194,.T.);
#4196=ORIENTED_EDGE('',*,*,#4195,.T.);
#4197=ORIENTED_EDGE('',*,*,#2197,.T.);
#4198=ORIENTED_EDGE('',*,*,#4173,.T.);
#4199=EDGE_LOOP('',(#4190,#4196,#4197,#4198));
#4200=FACE_BOUND('',#4199,.T.);
#4201=ADVANCED_FACE('',(#4200),#4182,.T.);
#4202=CARTESIAN_POINT('',(-37.335835397,40.445871089,30.858500248));
#4203=DIRECTION('',(-0.,1.,-0.));
#4204=DIRECTION('',(1.,0.,0.));
#4205=AXIS2_PLACEMENT_3D('',#4202,#4203,#4204);
#4206=CYLINDRICAL_SURFACE('',#4205,3.5);
#4207=CARTESIAN_POINT('',(-40.211268448,44.445871089,32.853966301));
#4208=VERTEX_POINT('',#4207);
#4209=CARTESIAN_POINT('',(-37.335835397,44.445871089,30.858500248));
#4210=DIRECTION('',(-0.,-1.,0.));
#4211=DIRECTION('',(0.,0.,1.));
#4212=AXIS2_PLACEMENT_3D('',#4209,#4210,#4211);
#4213=CIRCLE('',#4212,3.5);
#4214=EDGE_CURVE('',#4208,#4184,#4213,.T.);
#4215=ORIENTED_EDGE('',*,*,#4214,.F.);
#4216=CARTESIAN_POINT('',(-40.211268448,46.045871089,32.853966301));
#4217=DIRECTION('',(0.,-1.,0.));
#4218=VECTOR('',#4217,1.6);
#4219=LINE('',#4216,#4218);
#4220=EDGE_CURVE('',#2169,#4208,#4219,.T.);
#4221=ORIENTED_EDGE('',*,*,#4220,.F.);
#4222=ORIENTED_EDGE('',*,*,#2175,.F.);
#4223=ORIENTED_EDGE('',*,*,#4195,.F.);
#4224=EDGE_LOOP('',(#4215,#4221,#4222,#4223));
#4225=FACE_BOUND('',#4224,.T.);
#4226=ADVANCED_FACE('',(#4225),#4206,.T.);
#4227=CARTESIAN_POINT('',(-56.711696224,46.445871089,49.354394076));
#4228=DIRECTION('',(-0.707106781,-0.,-0.707106781));
#4229=DIRECTION('',(0.707106781,-0.,-0.707106781));
#4230=AXIS2_PLACEMENT_3D('',#4227,#4228,#4229);
#4231=PLANE('',#4230);
#4232=ORIENTED_EDGE('',*,*,#2183,.T.);
#4233=ORIENTED_EDGE('',*,*,#4220,.T.);
#4234=CARTESIAN_POINT('',(-42.111178492,44.445871089,34.753876344));
#4235=DIRECTION('',(0.707106781,-0.,-0.707106781));
#4236=VECTOR('',#4235,2.686878551);
#4237=LINE('',#4234,#4236);
#4238=EDGE_CURVE('',#4154,#4208,#4237,.T.);
#4239=ORIENTED_EDGE('',*,*,#4238,.F.);
#4240=ORIENTED_EDGE('',*,*,#4159,.F.);
#4241=EDGE_LOOP('',(#4232,#4233,#4239,#4240));
#4242=FACE_BOUND('',#4241,.T.);
#4243=ADVANCED_FACE('',(#4242),#4231,.T.);
#4244=CARTESIAN_POINT('',(-67.369502268,46.445871089,49.354394076));
#4245=DIRECTION('',(-0.707106781,-0.,-0.707106781));
#4246=DIRECTION('',(0.707106781,-0.,-0.707106781));
#4247=AXIS2_PLACEMENT_3D('',#4244,#4245,#4246);
#4248=PLANE('',#4247);
#4249=ORIENTED_EDGE('',*,*,#2148,.T.);
#4250=CARTESIAN_POINT('',(-40.835835397,44.445871089,22.820727206));
#4251=VERTEX_POINT('',#4250);
#4252=CARTESIAN_POINT('',(-40.835835397,46.045871089,22.820727206));
#4253=DIRECTION('',(0.,-1.,-0.));
#4254=VECTOR('',#4253,1.6);
#4255=LINE('',#4252,#4254);
#4256=EDGE_CURVE('',#2135,#4251,#4255,.T.);
#4257=ORIENTED_EDGE('',*,*,#4256,.T.);
#4258=CARTESIAN_POINT('',(-42.111178492,44.445871089,24.0960703));
#4259=VERTEX_POINT('',#4258);
#4260=CARTESIAN_POINT('',(-42.111178492,44.445871089,24.0960703));
#4261=DIRECTION('',(0.707106781,-0.,-0.707106781));
#4262=VECTOR('',#4261,1.803607501);
#4263=LINE('',#4260,#4262);
#4264=EDGE_CURVE('',#4259,#4251,#4263,.T.);
#4265=ORIENTED_EDGE('',*,*,#4264,.F.);
#4266=CARTESIAN_POINT('',(-42.111178492,46.045871089,24.0960703));
#4267=DIRECTION('',(-0.,-1.,0.));
#4268=VECTOR('',#4267,1.6);
#4269=LINE('',#4266,#4268);
#4270=EDGE_CURVE('',#2143,#4259,#4269,.T.);
#4271=ORIENTED_EDGE('',*,*,#4270,.F.);
#4272=EDGE_LOOP('',(#4249,#4257,#4265,#4271));
#4273=FACE_BOUND('',#4272,.T.);
#4274=ADVANCED_FACE('',(#4273),#4248,.T.);
#4275=CARTESIAN_POINT('',(-42.111178492,46.445871089,40.210015182));
#4276=DIRECTION('',(1.,-0.,-0.));
#4277=DIRECTION('',(0.,-0.,1.));
#4278=AXIS2_PLACEMENT_3D('',#4275,#4276,#4277);
#4279=PLANE('',#4278);
#4280=ORIENTED_EDGE('',*,*,#2156,.T.);
#4281=ORIENTED_EDGE('',*,*,#4270,.T.);
#4282=CARTESIAN_POINT('',(-42.111178492,44.445871089,21.595594403));
#4283=VERTEX_POINT('',#4282);
#4284=CARTESIAN_POINT('',(-42.111178492,44.445871089,21.595594403));
#4285=DIRECTION('',(0.,0.,1.));
#4286=VECTOR('',#4285,2.500475897);
#4287=LINE('',#4284,#4286);
#4288=EDGE_CURVE('',#4283,#4259,#4287,.T.);
#4289=ORIENTED_EDGE('',*,*,#4288,.F.);
#4290=CARTESIAN_POINT('',(-42.111178492,46.045871089,21.595594403));
#4291=DIRECTION('',(-0.,-1.,0.));
#4292=VECTOR('',#4291,1.6);
#4293=LINE('',#4290,#4292);
#4294=EDGE_CURVE('',#2151,#4283,#4293,.T.);
#4295=ORIENTED_EDGE('',*,*,#4294,.F.);
#4296=EDGE_LOOP('',(#4280,#4281,#4289,#4295));
#4297=FACE_BOUND('',#4296,.T.);
#4298=ADVANCED_FACE('',(#4297),#4279,.T.);
#4299=CARTESIAN_POINT('',(-17.711351435,46.445871089,-2.804232654));
#4300=DIRECTION('',(0.707106781,0.,0.707106781));
#4301=DIRECTION('',(-0.707106781,0.,0.707106781));
#4302=AXIS2_PLACEMENT_3D('',#4299,#4300,#4301);
#4303=PLANE('',#4302);
#4304=CARTESIAN_POINT('',(-40.835835397,44.445871089,20.320251308));
#4305=VERTEX_POINT('',#4304);
#4306=CARTESIAN_POINT('',(-40.835835397,44.445871089,20.320251308));
#4307=DIRECTION('',(-0.707106781,0.,0.707106781));
#4308=VECTOR('',#4307,1.803607501);
#4309=LINE('',#4306,#4308);
#4310=EDGE_CURVE('',#4305,#4283,#4309,.T.);
#4311=ORIENTED_EDGE('',*,*,#4310,.F.);
#4312=CARTESIAN_POINT('',(-40.835835397,44.445871089,20.320251308));
#4313=DIRECTION('',(-0.,1.,0.));
#4314=VECTOR('',#4313,1.6);
#4315=LINE('',#4312,#4314);
#4316=EDGE_CURVE('',#4305,#2133,#4315,.T.);
#4317=ORIENTED_EDGE('',*,*,#4316,.T.);
#4318=ORIENTED_EDGE('',*,*,#2162,.T.);
#4319=ORIENTED_EDGE('',*,*,#4294,.T.);
#4320=EDGE_LOOP('',(#4311,#4317,#4318,#4319));
#4321=FACE_BOUND('',#4320,.T.);
#4322=ADVANCED_FACE('',(#4321),#4303,.T.);
#4323=CARTESIAN_POINT('',(-40.835835397,40.445871089,30.858500248));
#4324=DIRECTION('',(1.,0.,0.));
#4325=DIRECTION('',(0.,-1.,0.));
#4326=AXIS2_PLACEMENT_3D('',#4323,#4324,#4325);
#4327=PLANE('',#4326);
#4328=CARTESIAN_POINT('',(-40.835835397,44.445871089,22.820727206));
#4329=DIRECTION('',(0.,-0.,-1.));
#4330=VECTOR('',#4329,2.500475897);
#4331=LINE('',#4328,#4330);
#4332=EDGE_CURVE('',#4251,#4305,#4331,.T.);
#4333=ORIENTED_EDGE('',*,*,#4332,.F.);
#4334=ORIENTED_EDGE('',*,*,#4256,.F.);
#4335=ORIENTED_EDGE('',*,*,#2140,.F.);
#4336=ORIENTED_EDGE('',*,*,#4316,.F.);
#4337=EDGE_LOOP('',(#4333,#4334,#4335,#4336));
#4338=FACE_BOUND('',#4337,.T.);
#4339=ADVANCED_FACE('',(#4338),#4327,.F.);
#4340=CARTESIAN_POINT('',(-40.835835397,40.445871089,30.858500248));
#4341=DIRECTION('',(1.,0.,0.));
#4342=DIRECTION('',(0.,-1.,0.));
#4343=AXIS2_PLACEMENT_3D('',#4340,#4341,#4342);
#4344=PLANE('',#4343);
#4345=CARTESIAN_POINT('',(-40.835835397,44.445871089,17.491824183));
#4346=VERTEX_POINT('',#4345);
#4347=CARTESIAN_POINT('',(-40.835835397,44.445871089,15.821441755));
#4348=VERTEX_POINT('',#4347);
#4349=CARTESIAN_POINT('',(-40.835835397,44.445871089,17.491824183));
#4350=DIRECTION('',(0.,-0.,-1.));
#4351=VECTOR('',#4350,1.670382429);
#4352=LINE('',#4349,#4351);
#4353=EDGE_CURVE('',#4346,#4348,#4352,.T.);
#4354=ORIENTED_EDGE('',*,*,#4353,.F.);
#4355=CARTESIAN_POINT('',(-40.835835397,46.045871089,17.491824183));
#4356=DIRECTION('',(0.,-1.,-0.));
#4357=VECTOR('',#4356,1.6);
#4358=LINE('',#4355,#4357);
#4359=EDGE_CURVE('',#2092,#4346,#4358,.T.);
#4360=ORIENTED_EDGE('',*,*,#4359,.F.);
#4361=ORIENTED_EDGE('',*,*,#2097,.F.);
#4362=CARTESIAN_POINT('',(-40.835835397,44.445871089,15.821441755));
#4363=DIRECTION('',(-0.,1.,-0.));
#4364=VECTOR('',#4363,1.6);
#4365=LINE('',#4362,#4364);
#4366=EDGE_CURVE('',#4348,#2090,#4365,.T.);
#4367=ORIENTED_EDGE('',*,*,#4366,.F.);
#4368=EDGE_LOOP('',(#4354,#4360,#4361,#4367));
#4369=FACE_BOUND('',#4368,.T.);
#4370=ADVANCED_FACE('',(#4369),#4344,.F.);
#4371=CARTESIAN_POINT('',(-72.69840529,46.445871089,49.354394076));
#4372=DIRECTION('',(-0.707106781,-0.,-0.707106781));
#4373=DIRECTION('',(0.707106781,-0.,-0.707106781));
#4374=AXIS2_PLACEMENT_3D('',#4371,#4372,#4373);
#4375=PLANE('',#4374);
#4376=ORIENTED_EDGE('',*,*,#2105,.T.);
#4377=ORIENTED_EDGE('',*,*,#4359,.T.);
#4378=CARTESIAN_POINT('',(-42.111178492,44.445871089,18.767167278));
#4379=VERTEX_POINT('',#4378);
#4380=CARTESIAN_POINT('',(-42.111178492,44.445871089,18.767167278));
#4381=DIRECTION('',(0.707106781,-0.,-0.707106781));
#4382=VECTOR('',#4381,1.803607501);
#4383=LINE('',#4380,#4382);
#4384=EDGE_CURVE('',#4379,#4346,#4383,.T.);
#4385=ORIENTED_EDGE('',*,*,#4384,.F.);
#4386=CARTESIAN_POINT('',(-42.111178492,46.045871089,18.767167278));
#4387=DIRECTION('',(-0.,-1.,0.));
#4388=VECTOR('',#4387,1.6);
#4389=LINE('',#4386,#4388);
#4390=EDGE_CURVE('',#2100,#4379,#4389,.T.);
#4391=ORIENTED_EDGE('',*,*,#4390,.F.);
#4392=EDGE_LOOP('',(#4376,#4377,#4385,#4391));
#4393=FACE_BOUND('',#4392,.T.);
#4394=ADVANCED_FACE('',(#4393),#4375,.T.);
#4395=CARTESIAN_POINT('',(-42.111178492,46.445871089,40.210015182));
#4396=DIRECTION('',(1.,-0.,-0.));
#4397=DIRECTION('',(0.,-0.,1.));
#4398=AXIS2_PLACEMENT_3D('',#4395,#4396,#4397);
#4399=PLANE('',#4398);
#4400=ORIENTED_EDGE('',*,*,#2113,.T.);
#4401=ORIENTED_EDGE('',*,*,#4390,.T.);
#4402=CARTESIAN_POINT('',(-42.111178492,44.445871089,16.266691381));
#4403=VERTEX_POINT('',#4402);
#4404=CARTESIAN_POINT('',(-42.111178492,44.445871089,16.266691381));
#4405=DIRECTION('',(0.,0.,1.));
#4406=VECTOR('',#4405,2.500475897);
#4407=LINE('',#4404,#4406);
#4408=EDGE_CURVE('',#4403,#4379,#4407,.T.);
#4409=ORIENTED_EDGE('',*,*,#4408,.F.);
#4410=CARTESIAN_POINT('',(-42.111178492,46.045871089,16.266691381));
#4411=DIRECTION('',(-0.,-1.,0.));
#4412=VECTOR('',#4411,1.6);
#4413=LINE('',#4410,#4412);
#4414=EDGE_CURVE('',#2108,#4403,#4413,.T.);
#4415=ORIENTED_EDGE('',*,*,#4414,.F.);
#4416=EDGE_LOOP('',(#4400,#4401,#4409,#4415));
#4417=FACE_BOUND('',#4416,.T.);
#4418=ADVANCED_FACE('',(#4417),#4399,.T.);
#4419=CARTESIAN_POINT('',(-23.040254457,46.445871089,-2.804232654));
#4420=DIRECTION('',(0.707106781,0.,0.707106781));
#4421=DIRECTION('',(-0.707106781,0.,0.707106781));
#4422=AXIS2_PLACEMENT_3D('',#4419,#4420,#4421);
#4423=PLANE('',#4422);
#4424=CARTESIAN_POINT('',(-40.699870304,44.445871089,14.855383193));
#4425=VERTEX_POINT('',#4424);
#4426=CARTESIAN_POINT('',(-40.699870304,44.445871089,14.855383193));
#4427=DIRECTION('',(-0.707106781,0.,0.707106781));
#4428=VECTOR('',#4427,1.995891179);
#4429=LINE('',#4426,#4428);
#4430=EDGE_CURVE('',#4425,#4403,#4429,.T.);
#4431=ORIENTED_EDGE('',*,*,#4430,.F.);
#4432=CARTESIAN_POINT('',(-40.699870304,44.445871089,14.855383193));
#4433=DIRECTION('',(-0.,1.,-0.));
#4434=VECTOR('',#4433,1.6);
#4435=LINE('',#4432,#4434);
#4436=EDGE_CURVE('',#4425,#2116,#4435,.T.);
#4437=ORIENTED_EDGE('',*,*,#4436,.T.);
#4438=ORIENTED_EDGE('',*,*,#2121,.T.);
#4439=ORIENTED_EDGE('',*,*,#4414,.T.);
#4440=EDGE_LOOP('',(#4431,#4437,#4438,#4439));
#4441=FACE_BOUND('',#4440,.T.);
#4442=ADVANCED_FACE('',(#4441),#4423,.T.);
#4443=CARTESIAN_POINT('',(-37.335835397,40.445871089,15.821441755));
#4444=DIRECTION('',(-0.,1.,-0.));
#4445=DIRECTION('',(1.,0.,0.));
#4446=AXIS2_PLACEMENT_3D('',#4443,#4444,#4445);
#4447=CYLINDRICAL_SURFACE('',#4446,3.5);
#4448=CARTESIAN_POINT('',(-37.335835397,44.445871089,15.821441755));
#4449=DIRECTION('',(-0.,-1.,0.));
#4450=DIRECTION('',(0.,0.,1.));
#4451=AXIS2_PLACEMENT_3D('',#4448,#4449,#4450);
#4452=CIRCLE('',#4451,3.5);
#4453=EDGE_CURVE('',#4348,#4425,#4452,.T.);
#4454=ORIENTED_EDGE('',*,*,#4453,.F.);
#4455=ORIENTED_EDGE('',*,*,#4366,.T.);
#4456=ORIENTED_EDGE('',*,*,#2128,.F.);
#4457=ORIENTED_EDGE('',*,*,#4436,.F.);
#4458=EDGE_LOOP('',(#4454,#4455,#4456,#4457));
#4459=FACE_BOUND('',#4458,.T.);
#4460=ADVANCED_FACE('',(#4459),#4447,.T.);
#4461=CARTESIAN_POINT('',(-62.040599246,46.445871089,49.354394076));
#4462=DIRECTION('',(-0.707106781,-0.,-0.707106781));
#4463=DIRECTION('',(0.707106781,-0.,-0.707106781));
#4464=AXIS2_PLACEMENT_3D('',#4461,#4462,#4463);
#4465=PLANE('',#4464);
#4466=ORIENTED_EDGE('',*,*,#2079,.T.);
#4467=CARTESIAN_POINT('',(-40.835835397,44.445871089,28.149630228));
#4468=VERTEX_POINT('',#4467);
#4469=CARTESIAN_POINT('',(-40.835835397,46.045871089,28.149630228));
#4470=DIRECTION('',(0.,-1.,-0.));
#4471=VECTOR('',#4470,1.6);
#4472=LINE('',#4469,#4471);
#4473=EDGE_CURVE('',#2066,#4468,#4472,.T.);
#4474=ORIENTED_EDGE('',*,*,#4473,.T.);
#4475=CARTESIAN_POINT('',(-42.111178492,44.445871089,29.424973322));
#4476=VERTEX_POINT('',#4475);
#4477=CARTESIAN_POINT('',(-42.111178492,44.445871089,29.424973322));
#4478=DIRECTION('',(0.707106781,-0.,-0.707106781));
#4479=VECTOR('',#4478,1.803607501);
#4480=LINE('',#4477,#4479);
#4481=EDGE_CURVE('',#4476,#4468,#4480,.T.);
#4482=ORIENTED_EDGE('',*,*,#4481,.F.);
#4483=CARTESIAN_POINT('',(-42.111178492,46.045871089,29.424973322));
#4484=DIRECTION('',(-0.,-1.,0.));
#4485=VECTOR('',#4484,1.6);
#4486=LINE('',#4483,#4485);
#4487=EDGE_CURVE('',#2074,#4476,#4486,.T.);
#4488=ORIENTED_EDGE('',*,*,#4487,.F.);
#4489=EDGE_LOOP('',(#4466,#4474,#4482,#4488));
#4490=FACE_BOUND('',#4489,.T.);
#4491=ADVANCED_FACE('',(#4490),#4465,.T.);
#4492=CARTESIAN_POINT('',(-42.111178492,46.445871089,40.210015182));
#4493=DIRECTION('',(1.,-0.,-0.));
#4494=DIRECTION('',(0.,-0.,1.));
#4495=AXIS2_PLACEMENT_3D('',#4492,#4493,#4494);
#4496=PLANE('',#4495);
#4497=CARTESIAN_POINT('',(-42.111178492,44.445871089,26.924497425));
#4498=VERTEX_POINT('',#4497);
#4499=CARTESIAN_POINT('',(-42.111178492,46.045871089,26.924497425));
#4500=DIRECTION('',(-0.,-1.,0.));
#4501=VECTOR('',#4500,1.6);
#4502=LINE('',#4499,#4501);
#4503=EDGE_CURVE('',#2058,#4498,#4502,.T.);
#4504=ORIENTED_EDGE('',*,*,#4503,.F.);
#4505=ORIENTED_EDGE('',*,*,#2085,.T.);
#4506=ORIENTED_EDGE('',*,*,#4487,.T.);
#4507=CARTESIAN_POINT('',(-42.111178492,44.445871089,26.924497425));
#4508=DIRECTION('',(0.,0.,1.));
#4509=VECTOR('',#4508,2.500475897);
#4510=LINE('',#4507,#4509);
#4511=EDGE_CURVE('',#4498,#4476,#4510,.T.);
#4512=ORIENTED_EDGE('',*,*,#4511,.F.);
#4513=EDGE_LOOP('',(#4504,#4505,#4506,#4512));
#4514=FACE_BOUND('',#4513,.T.);
#4515=ADVANCED_FACE('',(#4514),#4496,.T.);
#4516=CARTESIAN_POINT('',(-12.382448413,46.445871089,-2.804232654));
#4517=DIRECTION('',(0.707106781,0.,0.707106781));
#4518=DIRECTION('',(-0.707106781,0.,0.707106781));
#4519=AXIS2_PLACEMENT_3D('',#4516,#4517,#4518);
#4520=PLANE('',#4519);
#4521=CARTESIAN_POINT('',(-40.835835397,44.445871089,25.64915433));
#4522=VERTEX_POINT('',#4521);
#4523=CARTESIAN_POINT('',(-40.835835397,44.445871089,25.64915433));
#4524=DIRECTION('',(-0.707106781,0.,0.707106781));
#4525=VECTOR('',#4524,1.803607501);
#4526=LINE('',#4523,#4525);
#4527=EDGE_CURVE('',#4522,#4498,#4526,.T.);
#4528=ORIENTED_EDGE('',*,*,#4527,.F.);
#4529=CARTESIAN_POINT('',(-40.835835397,44.445871089,25.64915433));
#4530=DIRECTION('',(-0.,1.,0.));
#4531=VECTOR('',#4530,1.6);
#4532=LINE('',#4529,#4531);
#4533=EDGE_CURVE('',#4522,#2056,#4532,.T.);
#4534=ORIENTED_EDGE('',*,*,#4533,.T.);
#4535=ORIENTED_EDGE('',*,*,#2063,.T.);
#4536=ORIENTED_EDGE('',*,*,#4503,.T.);
#4537=EDGE_LOOP('',(#4528,#4534,#4535,#4536));
#4538=FACE_BOUND('',#4537,.T.);
#4539=ADVANCED_FACE('',(#4538),#4520,.T.);
#4540=CARTESIAN_POINT('',(-40.835835397,40.445871089,30.858500248));
#4541=DIRECTION('',(1.,0.,0.));
#4542=DIRECTION('',(0.,-1.,0.));
#4543=AXIS2_PLACEMENT_3D('',#4540,#4541,#4542);
#4544=PLANE('',#4543);
#4545=CARTESIAN_POINT('',(-40.835835397,44.445871089,28.149630228));
#4546=DIRECTION('',(0.,-0.,-1.));
#4547=VECTOR('',#4546,2.500475897);
#4548=LINE('',#4545,#4547);
#4549=EDGE_CURVE('',#4468,#4522,#4548,.T.);
#4550=ORIENTED_EDGE('',*,*,#4549,.F.);
#4551=ORIENTED_EDGE('',*,*,#4473,.F.);
#4552=ORIENTED_EDGE('',*,*,#2071,.F.);
#4553=ORIENTED_EDGE('',*,*,#4533,.F.);
#4554=EDGE_LOOP('',(#4550,#4551,#4552,#4553));
#4555=FACE_BOUND('',#4554,.T.);
#4556=ADVANCED_FACE('',(#4555),#4544,.F.);
#4557=CARTESIAN_POINT('',(-83.356211334,46.445871089,49.354394076));
#4558=DIRECTION('',(-0.707106781,-0.,-0.707106781));
#4559=DIRECTION('',(0.707106781,-0.,-0.707106781));
#4560=AXIS2_PLACEMENT_3D('',#4557,#4558,#4559);
#4561=PLANE('',#4560);
#4562=CARTESIAN_POINT('',(-42.111178492,44.445871089,8.109361234));
#4563=VERTEX_POINT('',#4562);
#4564=CARTESIAN_POINT('',(-36.161963499,44.445871089,2.160146241));
#4565=VERTEX_POINT('',#4564);
#4566=CARTESIAN_POINT('',(-42.111178492,44.445871089,8.109361234));
#4567=DIRECTION('',(0.707106781,-0.,-0.707106781));
#4568=VECTOR('',#4567,8.413460528);
#4569=LINE('',#4566,#4568);
#4570=EDGE_CURVE('',#4563,#4565,#4569,.T.);
#4571=ORIENTED_EDGE('',*,*,#4570,.F.);
#4572=CARTESIAN_POINT('',(-42.111178492,46.045871089,8.109361234));
#4573=DIRECTION('',(-0.,-1.,0.));
#4574=VECTOR('',#4573,1.6);
#4575=LINE('',#4572,#4574);
#4576=EDGE_CURVE('',#2013,#4563,#4575,.T.);
#4577=ORIENTED_EDGE('',*,*,#4576,.F.);
#4578=ORIENTED_EDGE('',*,*,#2041,.T.);
#4579=CARTESIAN_POINT('',(-36.161963499,46.045871089,2.160146241));
#4580=DIRECTION('',(-0.,-1.,0.));
#4581=VECTOR('',#4580,1.6);
#4582=LINE('',#4579,#4581);
#4583=EDGE_CURVE('',#2030,#4565,#4582,.T.);
#4584=ORIENTED_EDGE('',*,*,#4583,.T.);
#4585=EDGE_LOOP('',(#4571,#4577,#4578,#4584));
#4586=FACE_BOUND('',#4585,.T.);
#4587=ADVANCED_FACE('',(#4586),#4561,.T.);
#4588=CARTESIAN_POINT('',(-42.111178492,46.445871089,40.210015182));
#4589=DIRECTION('',(1.,-0.,-0.));
#4590=DIRECTION('',(0.,-0.,1.));
#4591=AXIS2_PLACEMENT_3D('',#4588,#4589,#4590);
#4592=PLANE('',#4591);
#4593=ORIENTED_EDGE('',*,*,#2018,.T.);
#4594=ORIENTED_EDGE('',*,*,#4576,.T.);
#4595=CARTESIAN_POINT('',(-42.111178492,44.445871089,6.340146241));
#4596=VERTEX_POINT('',#4595);
#4597=CARTESIAN_POINT('',(-42.111178492,44.445871089,6.340146241));
#4598=DIRECTION('',(0.,0.,1.));
#4599=VECTOR('',#4598,1.769214993);
#4600=LINE('',#4597,#4599);
#4601=EDGE_CURVE('',#4596,#4563,#4600,.T.);
#4602=ORIENTED_EDGE('',*,*,#4601,.F.);
#4603=CARTESIAN_POINT('',(-42.111178492,46.045871089,6.340146241));
#4604=DIRECTION('',(-0.,-1.,0.));
#4605=VECTOR('',#4604,1.6);
#4606=LINE('',#4603,#4605);
#4607=EDGE_CURVE('',#2011,#4596,#4606,.T.);
#4608=ORIENTED_EDGE('',*,*,#4607,.F.);
#4609=EDGE_LOOP('',(#4593,#4594,#4602,#4608));
#4610=FACE_BOUND('',#4609,.T.);
#4611=ADVANCED_FACE('',(#4610),#4592,.T.);
#4612=CARTESIAN_POINT('',(-37.931178492,46.445871089,6.340146241));
#4613=DIRECTION('',(-0.,-1.,0.));
#4614=DIRECTION('',(0.,0.,1.));
#4615=AXIS2_PLACEMENT_3D('',#4612,#4613,#4614);
#4616=CYLINDRICAL_SURFACE('',#4615,4.18);
#4617=CARTESIAN_POINT('',(-37.931178492,44.445871089,2.160146241));
#4618=VERTEX_POINT('',#4617);
#4619=CARTESIAN_POINT('',(-37.931178492,44.445871089,6.340146241));
#4620=DIRECTION('',(0.,1.,-0.));
#4621=DIRECTION('',(-0.,-0.,-1.));
#4622=AXIS2_PLACEMENT_3D('',#4619,#4620,#4621);
#4623=CIRCLE('',#4622,4.18);
#4624=EDGE_CURVE('',#4618,#4596,#4623,.T.);
#4625=ORIENTED_EDGE('',*,*,#4624,.F.);
#4626=CARTESIAN_POINT('',(-37.931178492,46.045871089,2.160146241));
#4627=DIRECTION('',(-0.,-1.,0.));
#4628=VECTOR('',#4627,1.6);
#4629=LINE('',#4626,#4628);
#4630=EDGE_CURVE('',#2021,#4618,#4629,.T.);
#4631=ORIENTED_EDGE('',*,*,#4630,.F.);
#4632=ORIENTED_EDGE('',*,*,#2027,.T.);
#4633=ORIENTED_EDGE('',*,*,#4607,.T.);
#4634=EDGE_LOOP('',(#4625,#4631,#4632,#4633));
#4635=FACE_BOUND('',#4634,.T.);
#4636=ADVANCED_FACE('',(#4635),#4616,.F.);
#4637=CARTESIAN_POINT('',(-37.931178492,46.445871089,2.160146241));
#4638=DIRECTION('',(0.,0.,1.));
#4639=DIRECTION('',(-1.,0.,0.));
#4640=AXIS2_PLACEMENT_3D('',#4637,#4638,#4639);
#4641=PLANE('',#4640);
#4642=ORIENTED_EDGE('',*,*,#4583,.F.);
#4643=ORIENTED_EDGE('',*,*,#2035,.T.);
#4644=ORIENTED_EDGE('',*,*,#4630,.T.);
#4645=CARTESIAN_POINT('',(-36.161963499,44.445871089,2.160146241));
#4646=DIRECTION('',(-1.,0.,0.));
#4647=VECTOR('',#4646,1.769214993);
#4648=LINE('',#4645,#4647);
#4649=EDGE_CURVE('',#4565,#4618,#4648,.T.);
#4650=ORIENTED_EDGE('',*,*,#4649,.F.);
#4651=EDGE_LOOP('',(#4642,#4643,#4644,#4650));
#4652=FACE_BOUND('',#4651,.T.);
#4653=ADVANCED_FACE('',(#4652),#4641,.T.);
#4654=CARTESIAN_POINT('',(83.537805985,46.445871089,-2.804232654));
#4655=DIRECTION('',(0.707106781,0.,0.707106781));
#4656=DIRECTION('',(-0.707106781,0.,0.707106781));
#4657=AXIS2_PLACEMENT_3D('',#4654,#4655,#4656);
#4658=PLANE('',#4657);
#4659=CARTESIAN_POINT('',(42.111178492,44.445871089,38.62239484));
#4660=VERTEX_POINT('',#4659);
#4661=CARTESIAN_POINT('',(36.34355815,44.445871089,44.390015182));
#4662=VERTEX_POINT('',#4661);
#4663=CARTESIAN_POINT('',(42.111178492,44.445871089,38.62239484));
#4664=DIRECTION('',(-0.707106781,0.,0.707106781));
#4665=VECTOR('',#4664,8.15664691);
#4666=LINE('',#4663,#4665);
#4667=EDGE_CURVE('',#4660,#4662,#4666,.T.);
#4668=ORIENTED_EDGE('',*,*,#4667,.F.);
#4669=CARTESIAN_POINT('',(42.111178492,46.045871089,38.62239484));
#4670=DIRECTION('',(-0.,-1.,0.));
#4671=VECTOR('',#4670,1.6);
#4672=LINE('',#4669,#4671);
#4673=EDGE_CURVE('',#1986,#4660,#4672,.T.);
#4674=ORIENTED_EDGE('',*,*,#4673,.F.);
#4675=ORIENTED_EDGE('',*,*,#1991,.T.);
#4676=CARTESIAN_POINT('',(36.34355815,46.045871089,44.390015182));
#4677=DIRECTION('',(-0.,-1.,0.));
#4678=VECTOR('',#4677,1.6);
#4679=LINE('',#4676,#4678);
#4680=EDGE_CURVE('',#1976,#4662,#4679,.T.);
#4681=ORIENTED_EDGE('',*,*,#4680,.T.);
#4682=EDGE_LOOP('',(#4668,#4674,#4675,#4681));
#4683=FACE_BOUND('',#4682,.T.);
#4684=ADVANCED_FACE('',(#4683),#4658,.T.);
#4685=CARTESIAN_POINT('',(42.111178492,46.445871089,6.340146241));
#4686=DIRECTION('',(-1.,0.,0.));
#4687=DIRECTION('',(-0.,0.,-1.));
#4688=AXIS2_PLACEMENT_3D('',#4685,#4686,#4687);
#4689=PLANE('',#4688);
#4690=ORIENTED_EDGE('',*,*,#1999,.T.);
#4691=ORIENTED_EDGE('',*,*,#4673,.T.);
#4692=CARTESIAN_POINT('',(42.111178492,44.445871089,40.210015182));
#4693=VERTEX_POINT('',#4692);
#4694=CARTESIAN_POINT('',(42.111178492,44.445871089,40.210015182));
#4695=DIRECTION('',(-0.,-0.,-1.));
#4696=VECTOR('',#4695,1.587620342);
#4697=LINE('',#4694,#4696);
#4698=EDGE_CURVE('',#4693,#4660,#4697,.T.);
#4699=ORIENTED_EDGE('',*,*,#4698,.F.);
#4700=CARTESIAN_POINT('',(42.111178492,46.045871089,40.210015182));
#4701=DIRECTION('',(-0.,-1.,0.));
#4702=VECTOR('',#4701,1.6);
#4703=LINE('',#4700,#4702);
#4704=EDGE_CURVE('',#1994,#4693,#4703,.T.);
#4705=ORIENTED_EDGE('',*,*,#4704,.F.);
#4706=EDGE_LOOP('',(#4690,#4691,#4699,#4705));
#4707=FACE_BOUND('',#4706,.T.);
#4708=ADVANCED_FACE('',(#4707),#4689,.T.);
#4709=CARTESIAN_POINT('',(37.931178492,46.445871089,40.210015182));
#4710=DIRECTION('',(-0.,-1.,0.));
#4711=DIRECTION('',(0.,0.,1.));
#4712=AXIS2_PLACEMENT_3D('',#4709,#4710,#4711);
#4713=CYLINDRICAL_SURFACE('',#4712,4.18);
#4714=CARTESIAN_POINT('',(37.931178492,44.445871089,44.390015182));
#4715=VERTEX_POINT('',#4714);
#4716=CARTESIAN_POINT('',(37.931178492,44.445871089,40.210015182));
#4717=DIRECTION('',(0.,1.,-0.));
#4718=DIRECTION('',(-0.,-0.,-1.));
#4719=AXIS2_PLACEMENT_3D('',#4716,#4717,#4718);
#4720=CIRCLE('',#4719,4.18);
#4721=EDGE_CURVE('',#4715,#4693,#4720,.T.);
#4722=ORIENTED_EDGE('',*,*,#4721,.F.);
#4723=CARTESIAN_POINT('',(37.931178492,46.045871089,44.390015182));
#4724=DIRECTION('',(-0.,-1.,0.));
#4725=VECTOR('',#4724,1.6);
#4726=LINE('',#4723,#4725);
#4727=EDGE_CURVE('',#1978,#4715,#4726,.T.);
#4728=ORIENTED_EDGE('',*,*,#4727,.F.);
#4729=ORIENTED_EDGE('',*,*,#2006,.T.);
#4730=ORIENTED_EDGE('',*,*,#4704,.T.);
#4731=EDGE_LOOP('',(#4722,#4728,#4729,#4730));
#4732=FACE_BOUND('',#4731,.T.);
#4733=ADVANCED_FACE('',(#4732),#4713,.F.);
#4734=CARTESIAN_POINT('',(-37.931178492,46.445871089,44.390015182));
#4735=DIRECTION('',(0.,0.,-1.));
#4736=DIRECTION('',(1.,-0.,0.));
#4737=AXIS2_PLACEMENT_3D('',#4734,#4735,#4736);
#4738=PLANE('',#4737);
#4739=ORIENTED_EDGE('',*,*,#4680,.F.);
#4740=ORIENTED_EDGE('',*,*,#1983,.T.);
#4741=ORIENTED_EDGE('',*,*,#4727,.T.);
#4742=CARTESIAN_POINT('',(36.34355815,44.445871089,44.390015182));
#4743=DIRECTION('',(1.,-0.,0.));
#4744=VECTOR('',#4743,1.587620342);
#4745=LINE('',#4742,#4744);
#4746=EDGE_CURVE('',#4662,#4715,#4745,.T.);
#4747=ORIENTED_EDGE('',*,*,#4746,.F.);
#4748=EDGE_LOOP('',(#4739,#4740,#4741,#4747));
#4749=FACE_BOUND('',#4748,.T.);
#4750=ADVANCED_FACE('',(#4749),#4738,.T.);
#4751=CARTESIAN_POINT('',(-37.931178492,46.445871089,44.390015182));
#4752=DIRECTION('',(0.,0.,-1.));
#4753=DIRECTION('',(1.,-0.,0.));
#4754=AXIS2_PLACEMENT_3D('',#4751,#4752,#4753);
#4755=PLANE('',#4754);
#4756=ORIENTED_EDGE('',*,*,#1284,.T.);
#4757=ORIENTED_EDGE('',*,*,#3204,.T.);
#4758=CARTESIAN_POINT('',(-16.945472071,44.445871089,44.390015182));
#4759=DIRECTION('',(1.,-0.,0.));
#4760=VECTOR('',#4759,2.500475897);
#4761=LINE('',#4758,#4760);
#4762=EDGE_CURVE('',#3215,#3193,#4761,.T.);
#4763=ORIENTED_EDGE('',*,*,#4762,.F.);
#4764=ORIENTED_EDGE('',*,*,#3228,.F.);
#4765=EDGE_LOOP('',(#4756,#4757,#4763,#4764));
#4766=FACE_BOUND('',#4765,.T.);
#4767=ADVANCED_FACE('',(#4766),#4755,.T.);
#4768=CARTESIAN_POINT('',(-37.931178492,46.445871089,2.160146241));
#4769=DIRECTION('',(0.,0.,1.));
#4770=DIRECTION('',(-1.,0.,0.));
#4771=AXIS2_PLACEMENT_3D('',#4768,#4769,#4770);
#4772=PLANE('',#4771);
#4773=ORIENTED_EDGE('',*,*,#3180,.F.);
#4774=ORIENTED_EDGE('',*,*,#1256,.T.);
#4775=ORIENTED_EDGE('',*,*,#3084,.T.);
#4776=CARTESIAN_POINT('',(27.784872767,44.445871089,2.160146241));
#4777=DIRECTION('',(-1.,0.,0.));
#4778=VECTOR('',#4777,2.500475897);
#4779=LINE('',#4776,#4778);
#4780=EDGE_CURVE('',#3167,#3073,#4779,.T.);
#4781=ORIENTED_EDGE('',*,*,#4780,.F.);
#4782=EDGE_LOOP('',(#4773,#4774,#4775,#4781));
#4783=FACE_BOUND('',#4782,.T.);
#4784=ADVANCED_FACE('',(#4783),#4772,.T.);
#4785=CARTESIAN_POINT('',(35.577678786,46.445871089,-2.804232654));
#4786=DIRECTION('',(0.707106781,0.,0.707106781));
#4787=DIRECTION('',(-0.707106781,0.,0.707106781));
#4788=AXIS2_PLACEMENT_3D('',#4785,#4786,#4787);
#4789=PLANE('',#4788);
#4790=CARTESIAN_POINT('',(30.613299891,44.445871089,2.160146241));
#4791=VERTEX_POINT('',#4790);
#4792=CARTESIAN_POINT('',(-11.616569049,44.445871089,44.390015182));
#4793=VERTEX_POINT('',#4792);
#4794=CARTESIAN_POINT('',(30.613299891,44.445871089,2.160146241));
#4795=DIRECTION('',(-0.707106781,0.,0.707106781));
#4796=VECTOR('',#4795,59.722053393);
#4797=LINE('',#4794,#4796);
#4798=EDGE_CURVE('',#4791,#4793,#4797,.T.);
#4799=ORIENTED_EDGE('',*,*,#4798,.F.);
#4800=CARTESIAN_POINT('',(30.613299891,46.045871089,2.160146241));
#4801=DIRECTION('',(-0.,-1.,0.));
#4802=VECTOR('',#4801,1.6);
#4803=LINE('',#4800,#4802);
#4804=EDGE_CURVE('',#1952,#4791,#4803,.T.);
#4805=ORIENTED_EDGE('',*,*,#4804,.F.);
#4806=ORIENTED_EDGE('',*,*,#1957,.T.);
#4807=CARTESIAN_POINT('',(-11.616569049,46.045871089,44.390015182));
#4808=DIRECTION('',(-0.,-1.,0.));
#4809=VECTOR('',#4808,1.6);
#4810=LINE('',#4807,#4809);
#4811=EDGE_CURVE('',#1942,#4793,#4810,.T.);
#4812=ORIENTED_EDGE('',*,*,#4811,.T.);
#4813=EDGE_LOOP('',(#4799,#4805,#4806,#4812));
#4814=FACE_BOUND('',#4813,.T.);
#4815=ADVANCED_FACE('',(#4814),#4789,.T.);
#4816=CARTESIAN_POINT('',(-37.931178492,46.445871089,2.160146241));
#4817=DIRECTION('',(0.,0.,1.));
#4818=DIRECTION('',(-1.,0.,0.));
#4819=AXIS2_PLACEMENT_3D('',#4816,#4817,#4818);
#4820=PLANE('',#4819);
#4821=ORIENTED_EDGE('',*,*,#1965,.T.);
#4822=ORIENTED_EDGE('',*,*,#4804,.T.);
#4823=CARTESIAN_POINT('',(33.113775789,44.445871089,2.160146241));
#4824=VERTEX_POINT('',#4823);
#4825=CARTESIAN_POINT('',(33.113775789,44.445871089,2.160146241));
#4826=DIRECTION('',(-1.,0.,0.));
#4827=VECTOR('',#4826,2.500475897);
#4828=LINE('',#4825,#4827);
#4829=EDGE_CURVE('',#4824,#4791,#4828,.T.);
#4830=ORIENTED_EDGE('',*,*,#4829,.F.);
#4831=CARTESIAN_POINT('',(33.113775789,46.045871089,2.160146241));
#4832=DIRECTION('',(-0.,-1.,0.));
#4833=VECTOR('',#4832,1.6);
#4834=LINE('',#4831,#4833);
#4835=EDGE_CURVE('',#1960,#4824,#4834,.T.);
#4836=ORIENTED_EDGE('',*,*,#4835,.F.);
#4837=EDGE_LOOP('',(#4821,#4822,#4830,#4836));
#4838=FACE_BOUND('',#4837,.T.);
#4839=ADVANCED_FACE('',(#4838),#4820,.T.);
#4840=CARTESIAN_POINT('',(-14.080472047,46.445871089,49.354394076));
#4841=DIRECTION('',(-0.707106781,-0.,-0.707106781));
#4842=DIRECTION('',(0.707106781,-0.,-0.707106781));
#4843=AXIS2_PLACEMENT_3D('',#4840,#4841,#4842);
#4844=PLANE('',#4843);
#4845=CARTESIAN_POINT('',(-9.116093152,44.445871089,44.390015182));
#4846=VERTEX_POINT('',#4845);
#4847=CARTESIAN_POINT('',(-9.116093152,44.445871089,44.390015182));
#4848=DIRECTION('',(0.707106781,-0.,-0.707106781));
#4849=VECTOR('',#4848,59.722053393);
#4850=LINE('',#4847,#4849);
#4851=EDGE_CURVE('',#4846,#4824,#4850,.T.);
#4852=ORIENTED_EDGE('',*,*,#4851,.F.);
#4853=CARTESIAN_POINT('',(-9.116093152,46.045871089,44.390015182));
#4854=DIRECTION('',(-0.,-1.,0.));
#4855=VECTOR('',#4854,1.6);
#4856=LINE('',#4853,#4855);
#4857=EDGE_CURVE('',#1944,#4846,#4856,.T.);
#4858=ORIENTED_EDGE('',*,*,#4857,.F.);
#4859=ORIENTED_EDGE('',*,*,#1971,.T.);
#4860=ORIENTED_EDGE('',*,*,#4835,.T.);
#4861=EDGE_LOOP('',(#4852,#4858,#4859,#4860));
#4862=FACE_BOUND('',#4861,.T.);
#4863=ADVANCED_FACE('',(#4862),#4844,.T.);
#4864=CARTESIAN_POINT('',(-37.931178492,46.445871089,44.390015182));
#4865=DIRECTION('',(0.,0.,-1.));
#4866=DIRECTION('',(1.,-0.,0.));
#4867=AXIS2_PLACEMENT_3D('',#4864,#4865,#4866);
#4868=PLANE('',#4867);
#4869=ORIENTED_EDGE('',*,*,#4811,.F.);
#4870=ORIENTED_EDGE('',*,*,#1949,.T.);
#4871=ORIENTED_EDGE('',*,*,#4857,.T.);
#4872=CARTESIAN_POINT('',(-11.616569049,44.445871089,44.390015182));
#4873=DIRECTION('',(1.,-0.,0.));
#4874=VECTOR('',#4873,2.500475897);
#4875=LINE('',#4872,#4874);
#4876=EDGE_CURVE('',#4793,#4846,#4875,.T.);
#4877=ORIENTED_EDGE('',*,*,#4876,.F.);
#4878=EDGE_LOOP('',(#4869,#4870,#4871,#4877));
#4879=FACE_BOUND('',#4878,.T.);
#4880=ADVANCED_FACE('',(#4879),#4868,.T.);
#4881=CARTESIAN_POINT('',(-42.111178492,46.445871089,40.210015182));
#4882=DIRECTION('',(1.,-0.,-0.));
#4883=DIRECTION('',(0.,-0.,1.));
#4884=AXIS2_PLACEMENT_3D('',#4881,#4882,#4883);
#4885=PLANE('',#4884);
#4886=CARTESIAN_POINT('',(-42.111178492,44.445871089,37.582303469));
#4887=VERTEX_POINT('',#4886);
#4888=CARTESIAN_POINT('',(-42.111178492,44.445871089,40.082779366));
#4889=VERTEX_POINT('',#4888);
#4890=CARTESIAN_POINT('',(-42.111178492,44.445871089,37.582303469));
#4891=DIRECTION('',(0.,0.,1.));
#4892=VECTOR('',#4891,2.500475897);
#4893=LINE('',#4890,#4892);
#4894=EDGE_CURVE('',#4887,#4889,#4893,.T.);
#4895=ORIENTED_EDGE('',*,*,#4894,.F.);
#4896=CARTESIAN_POINT('',(-42.111178492,46.045871089,37.582303469));
#4897=DIRECTION('',(-0.,-1.,0.));
#4898=VECTOR('',#4897,1.6);
#4899=LINE('',#4896,#4898);
#4900=EDGE_CURVE('',#1926,#4887,#4899,.T.);
#4901=ORIENTED_EDGE('',*,*,#4900,.F.);
#4902=ORIENTED_EDGE('',*,*,#1931,.T.);
#4903=CARTESIAN_POINT('',(-42.111178492,46.045871089,40.082779366));
#4904=DIRECTION('',(-0.,-1.,0.));
#4905=VECTOR('',#4904,1.6);
#4906=LINE('',#4903,#4905);
#4907=EDGE_CURVE('',#1918,#4889,#4906,.T.);
#4908=ORIENTED_EDGE('',*,*,#4907,.T.);
#4909=EDGE_LOOP('',(#4895,#4901,#4902,#4908));
#4910=FACE_BOUND('',#4909,.T.);
#4911=ADVANCED_FACE('',(#4910),#4885,.T.);
#4912=CARTESIAN_POINT('',(-1.724642369,46.445871089,-2.804232654));
#4913=DIRECTION('',(0.707106781,0.,0.707106781));
#4914=DIRECTION('',(-0.707106781,0.,0.707106781));
#4915=AXIS2_PLACEMENT_3D('',#4912,#4913,#4914);
#4916=PLANE('',#4915);
#4917=CARTESIAN_POINT('',(-38.63666045,44.445871089,34.107785428));
#4918=VERTEX_POINT('',#4917);
#4919=CARTESIAN_POINT('',(-38.63666045,44.445871089,34.107785428));
#4920=DIRECTION('',(-0.707106781,0.,0.707106781));
#4921=VECTOR('',#4920,4.913710537);
#4922=LINE('',#4919,#4921);
#4923=EDGE_CURVE('',#4918,#4887,#4922,.T.);
#4924=ORIENTED_EDGE('',*,*,#4923,.F.);
#4925=CARTESIAN_POINT('',(-38.63666045,44.445871089,34.107785428));
#4926=DIRECTION('',(-0.,1.,-0.));
#4927=VECTOR('',#4926,1.6);
#4928=LINE('',#4925,#4927);
#4929=EDGE_CURVE('',#4918,#1907,#4928,.T.);
#4930=ORIENTED_EDGE('',*,*,#4929,.T.);
#4931=ORIENTED_EDGE('',*,*,#1937,.T.);
#4932=ORIENTED_EDGE('',*,*,#4900,.T.);
#4933=EDGE_LOOP('',(#4924,#4930,#4931,#4932));
#4934=FACE_BOUND('',#4933,.T.);
#4935=ADVANCED_FACE('',(#4934),#4916,.T.);
#4936=CARTESIAN_POINT('',(-37.335835397,40.445871089,30.858500248));
#4937=DIRECTION('',(-0.,1.,-0.));
#4938=DIRECTION('',(1.,0.,0.));
#4939=AXIS2_PLACEMENT_3D('',#4936,#4937,#4938);
#4940=CYLINDRICAL_SURFACE('',#4939,3.5);
#4941=CARTESIAN_POINT('',(-36.196144811,44.445871089,34.167745685));
#4942=VERTEX_POINT('',#4941);
#4943=CARTESIAN_POINT('',(-37.335835397,44.445871089,30.858500248));
#4944=DIRECTION('',(-0.,-1.,0.));
#4945=DIRECTION('',(0.,0.,1.));
#4946=AXIS2_PLACEMENT_3D('',#4943,#4944,#4945);
#4947=CIRCLE('',#4946,3.5);
#4948=EDGE_CURVE('',#4942,#4918,#4947,.T.);
#4949=ORIENTED_EDGE('',*,*,#4948,.F.);
#4950=CARTESIAN_POINT('',(-36.196144811,46.045871089,34.167745685));
#4951=DIRECTION('',(0.,-1.,0.));
#4952=VECTOR('',#4951,1.6);
#4953=LINE('',#4950,#4952);
#4954=EDGE_CURVE('',#1909,#4942,#4953,.T.);
#4955=ORIENTED_EDGE('',*,*,#4954,.F.);
#4956=ORIENTED_EDGE('',*,*,#1915,.F.);
#4957=ORIENTED_EDGE('',*,*,#4929,.F.);
#4958=EDGE_LOOP('',(#4949,#4955,#4956,#4957));
#4959=FACE_BOUND('',#4958,.T.);
#4960=ADVANCED_FACE('',(#4959),#4940,.T.);
#4961=CARTESIAN_POINT('',(-51.382793202,46.445871089,49.354394076));
#4962=DIRECTION('',(-0.707106781,-0.,-0.707106781));
#4963=DIRECTION('',(0.707106781,-0.,-0.707106781));
#4964=AXIS2_PLACEMENT_3D('',#4961,#4962,#4963);
#4965=PLANE('',#4964);
#4966=ORIENTED_EDGE('',*,*,#1923,.T.);
#4967=ORIENTED_EDGE('',*,*,#4954,.T.);
#4968=CARTESIAN_POINT('',(-42.111178492,44.445871089,40.082779366));
#4969=DIRECTION('',(0.707106781,-0.,-0.707106781));
#4970=VECTOR('',#4969,8.365120854);
#4971=LINE('',#4968,#4970);
#4972=EDGE_CURVE('',#4889,#4942,#4971,.T.);
#4973=ORIENTED_EDGE('',*,*,#4972,.F.);
#4974=ORIENTED_EDGE('',*,*,#4907,.F.);
#4975=EDGE_LOOP('',(#4966,#4967,#4973,#4974));
#4976=FACE_BOUND('',#4975,.T.);
#4977=ADVANCED_FACE('',(#4976),#4965,.T.);
#4978=CARTESIAN_POINT('',(-37.931178492,46.445871089,2.160146241));
#4979=DIRECTION('',(0.,0.,1.));
#4980=DIRECTION('',(-1.,0.,0.));
#4981=AXIS2_PLACEMENT_3D('',#4978,#4979,#4980);
#4982=PLANE('',#4981);
#4983=ORIENTED_EDGE('',*,*,#1103,.T.);
#4984=ORIENTED_EDGE('',*,*,#3276,.T.);
#4985=CARTESIAN_POINT('',(-9.517448388,44.445871089,2.160146241));
#4986=DIRECTION('',(-1.,0.,0.));
#4987=VECTOR('',#4986,2.500475897);
#4988=LINE('',#4985,#4987);
#4989=EDGE_CURVE('',#3239,#3265,#4988,.T.);
#4990=ORIENTED_EDGE('',*,*,#4989,.F.);
#4991=ORIENTED_EDGE('',*,*,#3252,.F.);
#4992=EDGE_LOOP('',(#4983,#4984,#4990,#4991));
#4993=FACE_BOUND('',#4992,.T.);
#4994=ADVANCED_FACE('',(#4993),#4982,.T.);
#4995=CARTESIAN_POINT('',(-33.835835397,40.445871089,30.858500248));
#4996=DIRECTION('',(-1.,-0.,-0.));
#4997=DIRECTION('',(-0.,1.,-0.));
#4998=AXIS2_PLACEMENT_3D('',#4995,#4996,#4997);
#4999=PLANE('',#4998);
#5000=CARTESIAN_POINT('',(-33.835835397,44.445871089,23.978057352));
#5001=DIRECTION('',(-0.,0.,1.));
#5002=VECTOR('',#5001,2.500475897);
#5003=LINE('',#5000,#5002);
#5004=EDGE_CURVE('',#3287,#3097,#5003,.T.);
#5005=ORIENTED_EDGE('',*,*,#5004,.F.);
#5006=ORIENTED_EDGE('',*,*,#3300,.F.);
#5007=ORIENTED_EDGE('',*,*,#1075,.F.);
#5008=ORIENTED_EDGE('',*,*,#3108,.F.);
#5009=EDGE_LOOP('',(#5005,#5006,#5007,#5008));
#5010=FACE_BOUND('',#5009,.T.);
#5011=ADVANCED_FACE('',(#5010),#4999,.F.);
#5012=CARTESIAN_POINT('',(-37.931178492,46.445871089,2.160146241));
#5013=DIRECTION('',(0.,0.,1.));
#5014=DIRECTION('',(-1.,0.,0.));
#5015=AXIS2_PLACEMENT_3D('',#5012,#5013,#5014);
#5016=PLANE('',#5015);
#5017=ORIENTED_EDGE('',*,*,#1896,.T.);
#5018=CARTESIAN_POINT('',(-17.346827308,44.445871089,2.160146241));
#5019=VERTEX_POINT('',#5018);
#5020=CARTESIAN_POINT('',(-17.346827308,46.045871089,2.160146241));
#5021=DIRECTION('',(-0.,-1.,0.));
#5022=VECTOR('',#5021,1.6);
#5023=LINE('',#5020,#5022);
#5024=EDGE_CURVE('',#1883,#5019,#5023,.T.);
#5025=ORIENTED_EDGE('',*,*,#5024,.T.);
#5026=CARTESIAN_POINT('',(-14.846351411,44.445871089,2.160146241));
#5027=VERTEX_POINT('',#5026);
#5028=CARTESIAN_POINT('',(-14.846351411,44.445871089,2.160146241));
#5029=DIRECTION('',(-1.,0.,0.));
#5030=VECTOR('',#5029,2.500475897);
#5031=LINE('',#5028,#5030);
#5032=EDGE_CURVE('',#5027,#5019,#5031,.T.);
#5033=ORIENTED_EDGE('',*,*,#5032,.F.);
#5034=CARTESIAN_POINT('',(-14.846351411,46.045871089,2.160146241));
#5035=DIRECTION('',(-0.,-1.,0.));
#5036=VECTOR('',#5035,1.6);
#5037=LINE('',#5034,#5036);
#5038=EDGE_CURVE('',#1891,#5027,#5037,.T.);
#5039=ORIENTED_EDGE('',*,*,#5038,.F.);
#5040=EDGE_LOOP('',(#5017,#5025,#5033,#5039));
#5041=FACE_BOUND('',#5040,.T.);
#5042=ADVANCED_FACE('',(#5041),#5016,.T.);
#5043=CARTESIAN_POINT('',(-62.040599246,46.445871089,49.354394076));
#5044=DIRECTION('',(-0.707106781,-0.,-0.707106781));
#5045=DIRECTION('',(0.707106781,-0.,-0.707106781));
#5046=AXIS2_PLACEMENT_3D('',#5043,#5044,#5045);
#5047=PLANE('',#5046);
#5048=CARTESIAN_POINT('',(-33.835835397,44.445871089,21.149630228));
#5049=VERTEX_POINT('',#5048);
#5050=CARTESIAN_POINT('',(-33.835835397,44.445871089,21.149630228));
#5051=DIRECTION('',(0.707106781,-0.,-0.707106781));
#5052=VECTOR('',#5051,26.855185796);
#5053=LINE('',#5050,#5052);
#5054=EDGE_CURVE('',#5049,#5027,#5053,.T.);
#5055=ORIENTED_EDGE('',*,*,#5054,.F.);
#5056=CARTESIAN_POINT('',(-33.835835397,44.445871089,21.149630228));
#5057=DIRECTION('',(-0.,1.,0.));
#5058=VECTOR('',#5057,1.6);
#5059=LINE('',#5056,#5058);
#5060=EDGE_CURVE('',#5049,#1873,#5059,.T.);
#5061=ORIENTED_EDGE('',*,*,#5060,.T.);
#5062=ORIENTED_EDGE('',*,*,#1902,.T.);
#5063=ORIENTED_EDGE('',*,*,#5038,.T.);
#5064=EDGE_LOOP('',(#5055,#5061,#5062,#5063));
#5065=FACE_BOUND('',#5064,.T.);
#5066=ADVANCED_FACE('',(#5065),#5047,.T.);
#5067=CARTESIAN_POINT('',(-33.835835397,40.445871089,30.858500248));
#5068=DIRECTION('',(-1.,-0.,-0.));
#5069=DIRECTION('',(-0.,1.,-0.));
#5070=AXIS2_PLACEMENT_3D('',#5067,#5068,#5069);
#5071=PLANE('',#5070);
#5072=CARTESIAN_POINT('',(-33.835835397,44.445871089,18.64915433));
#5073=VERTEX_POINT('',#5072);
#5074=CARTESIAN_POINT('',(-33.835835397,44.445871089,18.64915433));
#5075=DIRECTION('',(-0.,0.,1.));
#5076=VECTOR('',#5075,2.500475897);
#5077=LINE('',#5074,#5076);
#5078=EDGE_CURVE('',#5073,#5049,#5077,.T.);
#5079=ORIENTED_EDGE('',*,*,#5078,.F.);
#5080=CARTESIAN_POINT('',(-33.835835397,46.045871089,18.64915433));
#5081=DIRECTION('',(0.,-1.,-0.));
#5082=VECTOR('',#5081,1.6);
#5083=LINE('',#5080,#5082);
#5084=EDGE_CURVE('',#1875,#5073,#5083,.T.);
#5085=ORIENTED_EDGE('',*,*,#5084,.F.);
#5086=ORIENTED_EDGE('',*,*,#1880,.F.);
#5087=ORIENTED_EDGE('',*,*,#5060,.F.);
#5088=EDGE_LOOP('',(#5079,#5085,#5086,#5087));
#5089=FACE_BOUND('',#5088,.T.);
#5090=ADVANCED_FACE('',(#5089),#5071,.F.);
#5091=CARTESIAN_POINT('',(-12.382448413,46.445871089,-2.804232654));
#5092=DIRECTION('',(0.707106781,0.,0.707106781));
#5093=DIRECTION('',(-0.707106781,0.,0.707106781));
#5094=AXIS2_PLACEMENT_3D('',#5091,#5092,#5093);
#5095=PLANE('',#5094);
#5096=ORIENTED_EDGE('',*,*,#1888,.T.);
#5097=ORIENTED_EDGE('',*,*,#5084,.T.);
#5098=CARTESIAN_POINT('',(-17.346827308,44.445871089,2.160146241));
#5099=DIRECTION('',(-0.707106781,0.,0.707106781));
#5100=VECTOR('',#5099,23.31897887);
#5101=LINE('',#5098,#5100);
#5102=EDGE_CURVE('',#5019,#5073,#5101,.T.);
#5103=ORIENTED_EDGE('',*,*,#5102,.F.);
#5104=ORIENTED_EDGE('',*,*,#5024,.F.);
#5105=EDGE_LOOP('',(#5096,#5097,#5103,#5104));
#5106=FACE_BOUND('',#5105,.T.);
#5107=ADVANCED_FACE('',(#5106),#5095,.T.);
#5108=CARTESIAN_POINT('',(-37.931178492,46.445871089,2.160146241));
#5109=DIRECTION('',(0.,0.,1.));
#5110=DIRECTION('',(-1.,0.,0.));
#5111=AXIS2_PLACEMENT_3D('',#5108,#5109,#5110);
#5112=PLANE('',#5111);
#5113=CARTESIAN_POINT('',(-20.175254433,44.445871089,2.160146241));
#5114=VERTEX_POINT('',#5113);
#5115=CARTESIAN_POINT('',(-20.175254433,46.045871089,2.160146241));
#5116=DIRECTION('',(-0.,-1.,0.));
#5117=VECTOR('',#5116,1.6);
#5118=LINE('',#5115,#5117);
#5119=EDGE_CURVE('',#1857,#5114,#5118,.T.);
#5120=ORIENTED_EDGE('',*,*,#5119,.F.);
#5121=ORIENTED_EDGE('',*,*,#1862,.T.);
#5122=CARTESIAN_POINT('',(-22.67573033,44.445871089,2.160146241));
#5123=VERTEX_POINT('',#5122);
#5124=CARTESIAN_POINT('',(-22.67573033,46.045871089,2.160146241));
#5125=DIRECTION('',(-0.,-1.,0.));
#5126=VECTOR('',#5125,1.6);
#5127=LINE('',#5124,#5126);
#5128=EDGE_CURVE('',#1849,#5123,#5127,.T.);
#5129=ORIENTED_EDGE('',*,*,#5128,.T.);
#5130=CARTESIAN_POINT('',(-20.175254433,44.445871089,2.160146241));
#5131=DIRECTION('',(-1.,0.,0.));
#5132=VECTOR('',#5131,2.500475897);
#5133=LINE('',#5130,#5132);
#5134=EDGE_CURVE('',#5114,#5123,#5133,.T.);
#5135=ORIENTED_EDGE('',*,*,#5134,.F.);
#5136=EDGE_LOOP('',(#5120,#5121,#5129,#5135));
#5137=FACE_BOUND('',#5136,.T.);
#5138=ADVANCED_FACE('',(#5137),#5112,.T.);
#5139=CARTESIAN_POINT('',(-67.369502268,46.445871089,49.354394076));
#5140=DIRECTION('',(-0.707106781,-0.,-0.707106781));
#5141=DIRECTION('',(0.707106781,-0.,-0.707106781));
#5142=AXIS2_PLACEMENT_3D('',#5139,#5140,#5141);
#5143=PLANE('',#5142);
#5144=CARTESIAN_POINT('',(-33.83583547,44.445871089,15.820727278));
#5145=VERTEX_POINT('',#5144);
#5146=CARTESIAN_POINT('',(-33.83583547,44.445871089,15.820727278));
#5147=DIRECTION('',(0.707106781,-0.,-0.707106781));
#5148=VECTOR('',#5147,19.318978973);
#5149=LINE('',#5146,#5148);
#5150=EDGE_CURVE('',#5145,#5114,#5149,.T.);
#5151=ORIENTED_EDGE('',*,*,#5150,.F.);
#5152=CARTESIAN_POINT('',(-33.83583547,44.445871089,15.820727278));
#5153=DIRECTION('',(-0.,1.,-0.));
#5154=VECTOR('',#5153,1.6);
#5155=LINE('',#5152,#5154);
#5156=EDGE_CURVE('',#5145,#1838,#5155,.T.);
#5157=ORIENTED_EDGE('',*,*,#5156,.T.);
#5158=ORIENTED_EDGE('',*,*,#1868,.T.);
#5159=ORIENTED_EDGE('',*,*,#5119,.T.);
#5160=EDGE_LOOP('',(#5151,#5157,#5158,#5159));
#5161=FACE_BOUND('',#5160,.T.);
#5162=ADVANCED_FACE('',(#5161),#5143,.T.);
#5163=CARTESIAN_POINT('',(-37.335835397,40.445871089,15.821441755));
#5164=DIRECTION('',(-0.,1.,-0.));
#5165=DIRECTION('',(1.,0.,0.));
#5166=AXIS2_PLACEMENT_3D('',#5163,#5164,#5165);
#5167=CYLINDRICAL_SURFACE('',#5166,3.5);
#5168=CARTESIAN_POINT('',(-34.412467983,44.445871089,13.896883894));
#5169=VERTEX_POINT('',#5168);
#5170=CARTESIAN_POINT('',(-37.335835397,44.445871089,15.821441755));
#5171=DIRECTION('',(-0.,-1.,0.));
#5172=DIRECTION('',(0.,0.,1.));
#5173=AXIS2_PLACEMENT_3D('',#5170,#5171,#5172);
#5174=CIRCLE('',#5173,3.5);
#5175=EDGE_CURVE('',#5169,#5145,#5174,.T.);
#5176=ORIENTED_EDGE('',*,*,#5175,.F.);
#5177=CARTESIAN_POINT('',(-34.412467983,46.045871089,13.896883894));
#5178=DIRECTION('',(0.,-1.,0.));
#5179=VECTOR('',#5178,1.6);
#5180=LINE('',#5177,#5179);
#5181=EDGE_CURVE('',#1840,#5169,#5180,.T.);
#5182=ORIENTED_EDGE('',*,*,#5181,.F.);
#5183=ORIENTED_EDGE('',*,*,#1846,.F.);
#5184=ORIENTED_EDGE('',*,*,#5156,.F.);
#5185=EDGE_LOOP('',(#5176,#5182,#5183,#5184));
#5186=FACE_BOUND('',#5185,.T.);
#5187=ADVANCED_FACE('',(#5186),#5167,.T.);
#5188=CARTESIAN_POINT('',(-17.711351435,46.445871089,-2.804232654));
#5189=DIRECTION('',(0.707106781,0.,0.707106781));
#5190=DIRECTION('',(-0.707106781,0.,0.707106781));
#5191=AXIS2_PLACEMENT_3D('',#5188,#5189,#5190);
#5192=PLANE('',#5191);
#5193=ORIENTED_EDGE('',*,*,#1854,.T.);
#5194=ORIENTED_EDGE('',*,*,#5181,.T.);
#5195=CARTESIAN_POINT('',(-22.67573033,44.445871089,2.160146241));
#5196=DIRECTION('',(-0.707106781,0.,0.707106781));
#5197=VECTOR('',#5196,16.598253566);
#5198=LINE('',#5195,#5197);
#5199=EDGE_CURVE('',#5123,#5169,#5198,.T.);
#5200=ORIENTED_EDGE('',*,*,#5199,.F.);
#5201=ORIENTED_EDGE('',*,*,#5128,.F.);
#5202=EDGE_LOOP('',(#5193,#5194,#5200,#5201));
#5203=FACE_BOUND('',#5202,.T.);
#5204=ADVANCED_FACE('',(#5203),#5192,.T.);
#5205=CARTESIAN_POINT('',(-37.931178492,46.445871089,2.160146241));
#5206=DIRECTION('',(0.,0.,1.));
#5207=DIRECTION('',(-1.,0.,0.));
#5208=AXIS2_PLACEMENT_3D('',#5205,#5206,#5207);
#5209=PLANE('',#5208);
#5210=CARTESIAN_POINT('',(-25.504157455,44.445871089,2.160146241));
#5211=VERTEX_POINT('',#5210);
#5212=CARTESIAN_POINT('',(-25.504157455,46.045871089,2.160146241));
#5213=DIRECTION('',(-0.,-1.,0.));
#5214=VECTOR('',#5213,1.6);
#5215=LINE('',#5212,#5214);
#5216=EDGE_CURVE('',#1822,#5211,#5215,.T.);
#5217=ORIENTED_EDGE('',*,*,#5216,.F.);
#5218=ORIENTED_EDGE('',*,*,#1827,.T.);
#5219=CARTESIAN_POINT('',(-28.004633352,44.445871089,2.160146241));
#5220=VERTEX_POINT('',#5219);
#5221=CARTESIAN_POINT('',(-28.004633352,46.045871089,2.160146241));
#5222=DIRECTION('',(-0.,-1.,0.));
#5223=VECTOR('',#5222,1.6);
#5224=LINE('',#5221,#5223);
#5225=EDGE_CURVE('',#1814,#5220,#5224,.T.);
#5226=ORIENTED_EDGE('',*,*,#5225,.T.);
#5227=CARTESIAN_POINT('',(-25.504157455,44.445871089,2.160146241));
#5228=DIRECTION('',(-1.,0.,0.));
#5229=VECTOR('',#5228,2.500475897);
#5230=LINE('',#5227,#5229);
#5231=EDGE_CURVE('',#5211,#5220,#5230,.T.);
#5232=ORIENTED_EDGE('',*,*,#5231,.F.);
#5233=EDGE_LOOP('',(#5217,#5218,#5226,#5232));
#5234=FACE_BOUND('',#5233,.T.);
#5235=ADVANCED_FACE('',(#5234),#5209,.T.);
#5236=CARTESIAN_POINT('',(-72.69840529,46.445871089,49.354394076));
#5237=DIRECTION('',(-0.707106781,-0.,-0.707106781));
#5238=DIRECTION('',(0.707106781,-0.,-0.707106781));
#5239=AXIS2_PLACEMENT_3D('',#5236,#5237,#5238);
#5240=PLANE('',#5239);
#5241=CARTESIAN_POINT('',(-35.951051852,44.445871089,12.607040639));
#5242=VERTEX_POINT('',#5241);
#5243=CARTESIAN_POINT('',(-35.951051852,44.445871089,12.607040639));
#5244=DIRECTION('',(0.707106781,-0.,-0.707106781));
#5245=VECTOR('',#5244,14.774139742);
#5246=LINE('',#5243,#5245);
#5247=EDGE_CURVE('',#5242,#5211,#5246,.T.);
#5248=ORIENTED_EDGE('',*,*,#5247,.F.);
#5249=CARTESIAN_POINT('',(-35.951051852,44.445871089,12.607040639));
#5250=DIRECTION('',(-0.,1.,-0.));
#5251=VECTOR('',#5250,1.6);
#5252=LINE('',#5249,#5251);
#5253=EDGE_CURVE('',#5242,#1803,#5252,.T.);
#5254=ORIENTED_EDGE('',*,*,#5253,.T.);
#5255=ORIENTED_EDGE('',*,*,#1833,.T.);
#5256=ORIENTED_EDGE('',*,*,#5216,.T.);
#5257=EDGE_LOOP('',(#5248,#5254,#5255,#5256));
#5258=FACE_BOUND('',#5257,.T.);
#5259=ADVANCED_FACE('',(#5258),#5240,.T.);
#5260=CARTESIAN_POINT('',(-37.335835397,40.445871089,15.821441755));
#5261=DIRECTION('',(-0.,1.,-0.));
#5262=DIRECTION('',(1.,0.,0.));
#5263=AXIS2_PLACEMENT_3D('',#5260,#5261,#5262);
#5264=CYLINDRICAL_SURFACE('',#5263,3.5);
#5265=CARTESIAN_POINT('',(-38.301893959,44.445871089,12.457406847));
#5266=VERTEX_POINT('',#5265);
#5267=CARTESIAN_POINT('',(-37.335835397,44.445871089,15.821441755));
#5268=DIRECTION('',(-0.,-1.,0.));
#5269=DIRECTION('',(0.,0.,1.));
#5270=AXIS2_PLACEMENT_3D('',#5267,#5268,#5269);
#5271=CIRCLE('',#5270,3.5);
#5272=EDGE_CURVE('',#5266,#5242,#5271,.T.);
#5273=ORIENTED_EDGE('',*,*,#5272,.F.);
#5274=CARTESIAN_POINT('',(-38.301893959,46.045871089,12.457406847));
#5275=DIRECTION('',(0.,-1.,0.));
#5276=VECTOR('',#5275,1.6);
#5277=LINE('',#5274,#5276);
#5278=EDGE_CURVE('',#1805,#5266,#5277,.T.);
#5279=ORIENTED_EDGE('',*,*,#5278,.F.);
#5280=ORIENTED_EDGE('',*,*,#1811,.F.);
#5281=ORIENTED_EDGE('',*,*,#5253,.F.);
#5282=EDGE_LOOP('',(#5273,#5279,#5280,#5281));
#5283=FACE_BOUND('',#5282,.T.);
#5284=ADVANCED_FACE('',(#5283),#5264,.T.);
#5285=CARTESIAN_POINT('',(-23.040254457,46.445871089,-2.804232654));
#5286=DIRECTION('',(0.707106781,0.,0.707106781));
#5287=DIRECTION('',(-0.707106781,0.,0.707106781));
#5288=AXIS2_PLACEMENT_3D('',#5285,#5286,#5287);
#5289=PLANE('',#5288);
#5290=ORIENTED_EDGE('',*,*,#1819,.T.);
#5291=ORIENTED_EDGE('',*,*,#5278,.T.);
#5292=CARTESIAN_POINT('',(-28.004633352,44.445871089,2.160146241));
#5293=DIRECTION('',(-0.707106781,0.,0.707106781));
#5294=VECTOR('',#5293,14.562525605);
#5295=LINE('',#5292,#5294);
#5296=EDGE_CURVE('',#5220,#5266,#5295,.T.);
#5297=ORIENTED_EDGE('',*,*,#5296,.F.);
#5298=ORIENTED_EDGE('',*,*,#5225,.F.);
#5299=EDGE_LOOP('',(#5290,#5291,#5297,#5298));
#5300=FACE_BOUND('',#5299,.T.);
#5301=ADVANCED_FACE('',(#5300),#5289,.T.);
#5302=CARTESIAN_POINT('',(-37.931178492,46.445871089,2.160146241));
#5303=DIRECTION('',(0.,0.,1.));
#5304=DIRECTION('',(-1.,0.,0.));
#5305=AXIS2_PLACEMENT_3D('',#5302,#5303,#5304);
#5306=PLANE('',#5305);
#5307=CARTESIAN_POINT('',(-30.833060477,44.445871089,2.160146241));
#5308=VERTEX_POINT('',#5307);
#5309=CARTESIAN_POINT('',(-30.833060477,46.045871089,2.160146241));
#5310=DIRECTION('',(-0.,-1.,0.));
#5311=VECTOR('',#5310,1.6);
#5312=LINE('',#5309,#5311);
#5313=EDGE_CURVE('',#1787,#5308,#5312,.T.);
#5314=ORIENTED_EDGE('',*,*,#5313,.F.);
#5315=ORIENTED_EDGE('',*,*,#1792,.T.);
#5316=CARTESIAN_POINT('',(-33.333536374,44.445871089,2.160146241));
#5317=VERTEX_POINT('',#5316);
#5318=CARTESIAN_POINT('',(-33.333536374,46.045871089,2.160146241));
#5319=DIRECTION('',(-0.,-1.,0.));
#5320=VECTOR('',#5319,1.6);
#5321=LINE('',#5318,#5320);
#5322=EDGE_CURVE('',#1779,#5317,#5321,.T.);
#5323=ORIENTED_EDGE('',*,*,#5322,.T.);
#5324=CARTESIAN_POINT('',(-30.833060477,44.445871089,2.160146241));
#5325=DIRECTION('',(-1.,0.,0.));
#5326=VECTOR('',#5325,2.500475897);
#5327=LINE('',#5324,#5326);
#5328=EDGE_CURVE('',#5308,#5317,#5327,.T.);
#5329=ORIENTED_EDGE('',*,*,#5328,.F.);
#5330=EDGE_LOOP('',(#5314,#5315,#5323,#5329));
#5331=FACE_BOUND('',#5330,.T.);
#5332=ADVANCED_FACE('',(#5331),#5306,.T.);
#5333=CARTESIAN_POINT('',(-78.027308312,46.445871089,49.354394076));
#5334=DIRECTION('',(-0.707106781,-0.,-0.707106781));
#5335=DIRECTION('',(0.707106781,-0.,-0.707106781));
#5336=AXIS2_PLACEMENT_3D('',#5333,#5334,#5335);
#5337=PLANE('',#5336);
#5338=CARTESIAN_POINT('',(-42.111178492,44.445871089,13.438264256));
#5339=VERTEX_POINT('',#5338);
#5340=CARTESIAN_POINT('',(-42.111178492,44.445871089,13.438264256));
#5341=DIRECTION('',(0.707106781,-0.,-0.707106781));
#5342=VECTOR('',#5341,15.949667455);
#5343=LINE('',#5340,#5342);
#5344=EDGE_CURVE('',#5339,#5308,#5343,.T.);
#5345=ORIENTED_EDGE('',*,*,#5344,.F.);
#5346=CARTESIAN_POINT('',(-42.111178492,46.045871089,13.438264256));
#5347=DIRECTION('',(-0.,-1.,0.));
#5348=VECTOR('',#5347,1.6);
#5349=LINE('',#5346,#5348);
#5350=EDGE_CURVE('',#1771,#5339,#5349,.T.);
#5351=ORIENTED_EDGE('',*,*,#5350,.F.);
#5352=ORIENTED_EDGE('',*,*,#1798,.T.);
#5353=ORIENTED_EDGE('',*,*,#5313,.T.);
#5354=EDGE_LOOP('',(#5345,#5351,#5352,#5353));
#5355=FACE_BOUND('',#5354,.T.);
#5356=ADVANCED_FACE('',(#5355),#5337,.T.);
#5357=CARTESIAN_POINT('',(-42.111178492,46.445871089,40.210015182));
#5358=DIRECTION('',(1.,-0.,-0.));
#5359=DIRECTION('',(0.,-0.,1.));
#5360=AXIS2_PLACEMENT_3D('',#5357,#5358,#5359);
#5361=PLANE('',#5360);
#5362=CARTESIAN_POINT('',(-42.111178492,44.445871089,10.937788358));
#5363=VERTEX_POINT('',#5362);
#5364=CARTESIAN_POINT('',(-42.111178492,46.045871089,10.937788358));
#5365=DIRECTION('',(-0.,-1.,0.));
#5366=VECTOR('',#5365,1.6);
#5367=LINE('',#5364,#5366);
#5368=EDGE_CURVE('',#1769,#5363,#5367,.T.);
#5369=ORIENTED_EDGE('',*,*,#5368,.F.);
#5370=ORIENTED_EDGE('',*,*,#1776,.T.);
#5371=ORIENTED_EDGE('',*,*,#5350,.T.);
#5372=CARTESIAN_POINT('',(-42.111178492,44.445871089,10.937788358));
#5373=DIRECTION('',(0.,0.,1.));
#5374=VECTOR('',#5373,2.500475897);
#5375=LINE('',#5372,#5374);
#5376=EDGE_CURVE('',#5363,#5339,#5375,.T.);
#5377=ORIENTED_EDGE('',*,*,#5376,.F.);
#5378=EDGE_LOOP('',(#5369,#5370,#5371,#5377));
#5379=FACE_BOUND('',#5378,.T.);
#5380=ADVANCED_FACE('',(#5379),#5361,.T.);
#5381=CARTESIAN_POINT('',(-28.36915748,46.445871089,-2.804232654));
#5382=DIRECTION('',(0.707106781,0.,0.707106781));
#5383=DIRECTION('',(-0.707106781,0.,0.707106781));
#5384=AXIS2_PLACEMENT_3D('',#5381,#5382,#5383);
#5385=PLANE('',#5384);
#5386=ORIENTED_EDGE('',*,*,#1784,.T.);
#5387=ORIENTED_EDGE('',*,*,#5368,.T.);
#5388=CARTESIAN_POINT('',(-33.333536374,44.445871089,2.160146241));
#5389=DIRECTION('',(-0.707106781,0.,0.707106781));
#5390=VECTOR('',#5389,12.413460528);
#5391=LINE('',#5388,#5390);
#5392=EDGE_CURVE('',#5317,#5363,#5391,.T.);
#5393=ORIENTED_EDGE('',*,*,#5392,.F.);
#5394=ORIENTED_EDGE('',*,*,#5322,.F.);
#5395=EDGE_LOOP('',(#5386,#5387,#5393,#5394));
#5396=FACE_BOUND('',#5395,.T.);
#5397=ADVANCED_FACE('',(#5396),#5385,.T.);
#5398=CARTESIAN_POINT('',(42.111178492,46.445871089,6.340146241));
#5399=DIRECTION('',(-1.,0.,0.));
#5400=DIRECTION('',(-0.,0.,-1.));
#5401=AXIS2_PLACEMENT_3D('',#5398,#5399,#5400);
#5402=PLANE('',#5401);
#5403=CARTESIAN_POINT('',(42.111178492,44.445871089,9.149452604));
#5404=VERTEX_POINT('',#5403);
#5405=CARTESIAN_POINT('',(42.111178492,44.445871089,6.648976707));
#5406=VERTEX_POINT('',#5405);
#5407=CARTESIAN_POINT('',(42.111178492,44.445871089,9.149452604));
#5408=DIRECTION('',(-0.,-0.,-1.));
#5409=VECTOR('',#5408,2.500475897);
#5410=LINE('',#5407,#5409);
#5411=EDGE_CURVE('',#5404,#5406,#5410,.T.);
#5412=ORIENTED_EDGE('',*,*,#5411,.F.);
#5413=CARTESIAN_POINT('',(42.111178492,46.045871089,9.149452604));
#5414=DIRECTION('',(-0.,-1.,0.));
#5415=VECTOR('',#5414,1.6);
#5416=LINE('',#5413,#5415);
#5417=EDGE_CURVE('',#1734,#5404,#5416,.T.);
#5418=ORIENTED_EDGE('',*,*,#5417,.F.);
#5419=ORIENTED_EDGE('',*,*,#1741,.T.);
#5420=CARTESIAN_POINT('',(42.111178492,46.045871089,6.648976707));
#5421=DIRECTION('',(-0.,-1.,0.));
#5422=VECTOR('',#5421,1.6);
#5423=LINE('',#5420,#5422);
#5424=EDGE_CURVE('',#1736,#5406,#5423,.T.);
#5425=ORIENTED_EDGE('',*,*,#5424,.T.);
#5426=EDGE_LOOP('',(#5412,#5418,#5419,#5425));
#5427=FACE_BOUND('',#5426,.T.);
#5428=ADVANCED_FACE('',(#5427),#5402,.T.);
#5429=CARTESIAN_POINT('',(1.90623702,46.445871089,49.354394076));
#5430=DIRECTION('',(-0.707106781,-0.,-0.707106781));
#5431=DIRECTION('',(0.707106781,-0.,-0.707106781));
#5432=AXIS2_PLACEMENT_3D('',#5429,#5430,#5431);
#5433=PLANE('',#5432);
#5434=CARTESIAN_POINT('',(38.673487749,44.445871089,12.587143347));
#5435=VERTEX_POINT('',#5434);
#5436=CARTESIAN_POINT('',(38.673487749,44.445871089,12.587143347));
#5437=DIRECTION('',(0.707106781,-0.,-0.707106781));
#5438=VECTOR('',#5437,4.861628872);
#5439=LINE('',#5436,#5438);
#5440=EDGE_CURVE('',#5435,#5404,#5439,.T.);
#5441=ORIENTED_EDGE('',*,*,#5440,.F.);
#5442=CARTESIAN_POINT('',(38.673487749,44.445871089,12.587143347));
#5443=DIRECTION('',(0.,1.,0.));
#5444=VECTOR('',#5443,1.6);
#5445=LINE('',#5442,#5444);
#5446=EDGE_CURVE('',#5435,#1744,#5445,.T.);
#5447=ORIENTED_EDGE('',*,*,#5446,.T.);
#5448=ORIENTED_EDGE('',*,*,#1749,.T.);
#5449=ORIENTED_EDGE('',*,*,#5417,.T.);
#5450=EDGE_LOOP('',(#5441,#5447,#5448,#5449));
#5451=FACE_BOUND('',#5450,.T.);
#5452=ADVANCED_FACE('',(#5451),#5433,.T.);
#5453=CARTESIAN_POINT('',(37.335835397,40.445871089,15.821441755));
#5454=DIRECTION('',(0.,1.,0.));
#5455=DIRECTION('',(-1.,0.,0.));
#5456=AXIS2_PLACEMENT_3D('',#5453,#5454,#5455);
#5457=CYLINDRICAL_SURFACE('',#5456,3.5);
#5458=CARTESIAN_POINT('',(36.273641277,44.445871089,12.486513922));
#5459=VERTEX_POINT('',#5458);
#5460=CARTESIAN_POINT('',(37.335835397,44.445871089,15.821441755));
#5461=DIRECTION('',(-0.,-1.,0.));
#5462=DIRECTION('',(0.,0.,1.));
#5463=AXIS2_PLACEMENT_3D('',#5460,#5461,#5462);
#5464=CIRCLE('',#5463,3.5);
#5465=EDGE_CURVE('',#5459,#5435,#5464,.T.);
#5466=ORIENTED_EDGE('',*,*,#5465,.F.);
#5467=CARTESIAN_POINT('',(36.273641277,46.045871089,12.486513922));
#5468=DIRECTION('',(-0.,-1.,-0.));
#5469=VECTOR('',#5468,1.6);
#5470=LINE('',#5467,#5469);
#5471=EDGE_CURVE('',#1752,#5459,#5470,.T.);
#5472=ORIENTED_EDGE('',*,*,#5471,.F.);
#5473=ORIENTED_EDGE('',*,*,#1758,.T.);
#5474=ORIENTED_EDGE('',*,*,#5446,.F.);
#5475=EDGE_LOOP('',(#5466,#5472,#5473,#5474));
#5476=FACE_BOUND('',#5475,.T.);
#5477=ADVANCED_FACE('',(#5476),#5457,.T.);
#5478=CARTESIAN_POINT('',(51.564387852,46.445871089,-2.804232654));
#5479=DIRECTION('',(0.707106781,0.,0.707106781));
#5480=DIRECTION('',(-0.707106781,0.,0.707106781));
#5481=AXIS2_PLACEMENT_3D('',#5478,#5479,#5480);
#5482=PLANE('',#5481);
#5483=ORIENTED_EDGE('',*,*,#1764,.T.);
#5484=ORIENTED_EDGE('',*,*,#5471,.T.);
#5485=CARTESIAN_POINT('',(42.111178492,44.445871089,6.648976707));
#5486=DIRECTION('',(-0.707106781,0.,0.707106781));
#5487=VECTOR('',#5486,8.2555243);
#5488=LINE('',#5485,#5487);
#5489=EDGE_CURVE('',#5406,#5459,#5488,.T.);
#5490=ORIENTED_EDGE('',*,*,#5489,.F.);
#5491=ORIENTED_EDGE('',*,*,#5424,.F.);
#5492=EDGE_LOOP('',(#5483,#5484,#5490,#5491));
#5493=FACE_BOUND('',#5492,.T.);
#5494=ADVANCED_FACE('',(#5493),#5482,.T.);
#5495=CARTESIAN_POINT('',(40.906581808,46.445871089,-2.804232654));
#5496=DIRECTION('',(0.707106781,0.,0.707106781));
#5497=DIRECTION('',(-0.707106781,0.,0.707106781));
#5498=AXIS2_PLACEMENT_3D('',#5495,#5496,#5497);
#5499=PLANE('',#5498);
#5500=CARTESIAN_POINT('',(35.942202913,44.445871089,2.160146241));
#5501=VERTEX_POINT('',#5500);
#5502=CARTESIAN_POINT('',(-6.287666027,44.445871089,44.390015182));
#5503=VERTEX_POINT('',#5502);
#5504=CARTESIAN_POINT('',(35.942202913,44.445871089,2.160146241));
#5505=DIRECTION('',(-0.707106781,0.,0.707106781));
#5506=VECTOR('',#5505,59.722053393);
#5507=LINE('',#5504,#5506);
#5508=EDGE_CURVE('',#5501,#5503,#5507,.T.);
#5509=ORIENTED_EDGE('',*,*,#5508,.F.);
#5510=CARTESIAN_POINT('',(35.942202913,46.045871089,2.160146241));
#5511=DIRECTION('',(-0.,-1.,0.));
#5512=VECTOR('',#5511,1.6);
#5513=LINE('',#5510,#5512);
#5514=EDGE_CURVE('',#1709,#5501,#5513,.T.);
#5515=ORIENTED_EDGE('',*,*,#5514,.F.);
#5516=ORIENTED_EDGE('',*,*,#1714,.T.);
#5517=CARTESIAN_POINT('',(-6.287666027,46.045871089,44.390015182));
#5518=DIRECTION('',(-0.,-1.,0.));
#5519=VECTOR('',#5518,1.6);
#5520=LINE('',#5517,#5519);
#5521=EDGE_CURVE('',#1701,#5503,#5520,.T.);
#5522=ORIENTED_EDGE('',*,*,#5521,.T.);
#5523=EDGE_LOOP('',(#5509,#5515,#5516,#5522));
#5524=FACE_BOUND('',#5523,.T.);
#5525=ADVANCED_FACE('',(#5524),#5499,.T.);
#5526=CARTESIAN_POINT('',(-37.931178492,46.445871089,2.160146241));
#5527=DIRECTION('',(0.,0.,1.));
#5528=DIRECTION('',(-1.,0.,0.));
#5529=AXIS2_PLACEMENT_3D('',#5526,#5527,#5528);
#5530=PLANE('',#5529);
#5531=ORIENTED_EDGE('',*,*,#1722,.T.);
#5532=ORIENTED_EDGE('',*,*,#5514,.T.);
#5533=CARTESIAN_POINT('',(37.931178492,44.445871089,2.160146241));
#5534=VERTEX_POINT('',#5533);
#5535=CARTESIAN_POINT('',(37.931178492,44.445871089,2.160146241));
#5536=DIRECTION('',(-1.,0.,0.));
#5537=VECTOR('',#5536,1.988975578);
#5538=LINE('',#5535,#5537);
#5539=EDGE_CURVE('',#5534,#5501,#5538,.T.);
#5540=ORIENTED_EDGE('',*,*,#5539,.F.);
#5541=CARTESIAN_POINT('',(37.931178492,46.045871089,2.160146241));
#5542=DIRECTION('',(-0.,-1.,0.));
#5543=VECTOR('',#5542,1.6);
#5544=LINE('',#5541,#5543);
#5545=EDGE_CURVE('',#1717,#5534,#5544,.T.);
#5546=ORIENTED_EDGE('',*,*,#5545,.F.);
#5547=EDGE_LOOP('',(#5531,#5532,#5540,#5546));
#5548=FACE_BOUND('',#5547,.T.);
#5549=ADVANCED_FACE('',(#5548),#5530,.T.);
#5550=CARTESIAN_POINT('',(37.931178492,46.445871089,6.340146241));
#5551=DIRECTION('',(-0.,-1.,0.));
#5552=DIRECTION('',(0.,0.,1.));
#5553=AXIS2_PLACEMENT_3D('',#5550,#5551,#5552);
#5554=CYLINDRICAL_SURFACE('',#5553,4.18);
#5555=CARTESIAN_POINT('',(38.414627407,44.445871089,2.188197645));
#5556=VERTEX_POINT('',#5555);
#5557=CARTESIAN_POINT('',(38.414627407,46.045871089,2.188197645));
#5558=DIRECTION('',(-0.,-1.,0.));
#5559=VECTOR('',#5558,1.6);
#5560=LINE('',#5557,#5559);
#5561=EDGE_CURVE('',#1693,#5556,#5560,.T.);
#5562=ORIENTED_EDGE('',*,*,#5561,.F.);
#5563=ORIENTED_EDGE('',*,*,#1729,.T.);
#5564=ORIENTED_EDGE('',*,*,#5545,.T.);
#5565=CARTESIAN_POINT('',(37.931178492,44.445871089,6.340146241));
#5566=DIRECTION('',(0.,1.,-0.));
#5567=DIRECTION('',(-0.,-0.,-1.));
#5568=AXIS2_PLACEMENT_3D('',#5565,#5566,#5567);
#5569=CIRCLE('',#5568,4.18);
#5570=EDGE_CURVE('',#5556,#5534,#5569,.T.);
#5571=ORIENTED_EDGE('',*,*,#5570,.F.);
#5572=EDGE_LOOP('',(#5562,#5563,#5564,#5571));
#5573=FACE_BOUND('',#5572,.T.);
#5574=ADVANCED_FACE('',(#5573),#5554,.F.);
#5575=CARTESIAN_POINT('',(-8.751569025,46.445871089,49.354394076));
#5576=DIRECTION('',(-0.707106781,-0.,-0.707106781));
#5577=DIRECTION('',(0.707106781,-0.,-0.707106781));
#5578=AXIS2_PLACEMENT_3D('',#5575,#5576,#5577);
#5579=PLANE('',#5578);
#5580=CARTESIAN_POINT('',(-3.78719013,44.445871089,44.390015182));
#5581=VERTEX_POINT('',#5580);
#5582=CARTESIAN_POINT('',(-3.78719013,44.445871089,44.390015182));
#5583=DIRECTION('',(0.707106781,-0.,-0.707106781));
#5584=VECTOR('',#5583,59.682382717);
#5585=LINE('',#5582,#5584);
#5586=EDGE_CURVE('',#5581,#5556,#5585,.T.);
#5587=ORIENTED_EDGE('',*,*,#5586,.F.);
#5588=CARTESIAN_POINT('',(-3.78719013,46.045871089,44.390015182));
#5589=DIRECTION('',(-0.,-1.,0.));
#5590=VECTOR('',#5589,1.6);
#5591=LINE('',#5588,#5590);
#5592=EDGE_CURVE('',#1691,#5581,#5591,.T.);
#5593=ORIENTED_EDGE('',*,*,#5592,.F.);
#5594=ORIENTED_EDGE('',*,*,#1698,.T.);
#5595=ORIENTED_EDGE('',*,*,#5561,.T.);
#5596=EDGE_LOOP('',(#5587,#5593,#5594,#5595));
#5597=FACE_BOUND('',#5596,.T.);
#5598=ADVANCED_FACE('',(#5597),#5579,.T.);
#5599=CARTESIAN_POINT('',(-37.931178492,46.445871089,44.390015182));
#5600=DIRECTION('',(0.,0.,-1.));
#5601=DIRECTION('',(1.,-0.,0.));
#5602=AXIS2_PLACEMENT_3D('',#5599,#5600,#5601);
#5603=PLANE('',#5602);
#5604=ORIENTED_EDGE('',*,*,#1706,.T.);
#5605=ORIENTED_EDGE('',*,*,#5592,.T.);
#5606=CARTESIAN_POINT('',(-6.287666027,44.445871089,44.390015182));
#5607=DIRECTION('',(1.,-0.,0.));
#5608=VECTOR('',#5607,2.500475897);
#5609=LINE('',#5606,#5608);
#5610=EDGE_CURVE('',#5503,#5581,#5609,.T.);
#5611=ORIENTED_EDGE('',*,*,#5610,.F.);
#5612=ORIENTED_EDGE('',*,*,#5521,.F.);
#5613=EDGE_LOOP('',(#5604,#5605,#5611,#5612));
#5614=FACE_BOUND('',#5613,.T.);
#5615=ADVANCED_FACE('',(#5614),#5603,.T.);
#5616=CARTESIAN_POINT('',(-37.931178492,46.445871089,44.390015182));
#5617=DIRECTION('',(0.,0.,-1.));
#5618=DIRECTION('',(1.,-0.,0.));
#5619=AXIS2_PLACEMENT_3D('',#5616,#5617,#5618);
#5620=PLANE('',#5619);
#5621=CARTESIAN_POINT('',(4.370140017,44.445871089,44.390015182));
#5622=VERTEX_POINT('',#5621);
#5623=CARTESIAN_POINT('',(4.370140017,46.045871089,44.390015182));
#5624=DIRECTION('',(-0.,-1.,0.));
#5625=VECTOR('',#5624,1.6);
#5626=LINE('',#5623,#5625);
#5627=EDGE_CURVE('',#1650,#5622,#5626,.T.);
#5628=ORIENTED_EDGE('',*,*,#5627,.F.);
#5629=ORIENTED_EDGE('',*,*,#1686,.T.);
#5630=CARTESIAN_POINT('',(6.870615914,44.445871089,44.390015182));
#5631=VERTEX_POINT('',#5630);
#5632=CARTESIAN_POINT('',(6.870615914,46.045871089,44.390015182));
#5633=DIRECTION('',(-0.,-1.,0.));
#5634=VECTOR('',#5633,1.6);
#5635=LINE('',#5632,#5634);
#5636=EDGE_CURVE('',#1675,#5631,#5635,.T.);
#5637=ORIENTED_EDGE('',*,*,#5636,.T.);
#5638=CARTESIAN_POINT('',(4.370140017,44.445871089,44.390015182));
#5639=DIRECTION('',(1.,-0.,0.));
#5640=VECTOR('',#5639,2.500475897);
#5641=LINE('',#5638,#5640);
#5642=EDGE_CURVE('',#5622,#5631,#5641,.T.);
#5643=ORIENTED_EDGE('',*,*,#5642,.F.);
#5644=EDGE_LOOP('',(#5628,#5629,#5637,#5643));
#5645=FACE_BOUND('',#5644,.T.);
#5646=ADVANCED_FACE('',(#5645),#5620,.T.);
#5647=CARTESIAN_POINT('',(51.564387852,46.445871089,-2.804232654));
#5648=DIRECTION('',(0.707106781,0.,0.707106781));
#5649=DIRECTION('',(-0.707106781,0.,0.707106781));
#5650=AXIS2_PLACEMENT_3D('',#5647,#5648,#5649);
#5651=PLANE('',#5650);
#5652=CARTESIAN_POINT('',(34.000907564,44.445871089,14.759247634));
#5653=VERTEX_POINT('',#5652);
#5654=CARTESIAN_POINT('',(34.000907564,44.445871089,14.759247634));
#5655=DIRECTION('',(-0.707106781,0.,0.707106781));
#5656=VECTOR('',#5655,41.904233329);
#5657=LINE('',#5654,#5656);
#5658=EDGE_CURVE('',#5653,#5622,#5657,.T.);
#5659=ORIENTED_EDGE('',*,*,#5658,.F.);
#5660=CARTESIAN_POINT('',(34.000907564,44.445871089,14.759247634));
#5661=DIRECTION('',(0.,1.,0.));
#5662=VECTOR('',#5661,1.6);
#5663=LINE('',#5660,#5662);
#5664=EDGE_CURVE('',#5653,#1648,#5663,.T.);
#5665=ORIENTED_EDGE('',*,*,#5664,.T.);
#5666=ORIENTED_EDGE('',*,*,#1655,.T.);
#5667=ORIENTED_EDGE('',*,*,#5627,.T.);
#5668=EDGE_LOOP('',(#5659,#5665,#5666,#5667));
#5669=FACE_BOUND('',#5668,.T.);
#5670=ADVANCED_FACE('',(#5669),#5651,.T.);
#5671=CARTESIAN_POINT('',(37.335835397,40.445871089,15.821441755));
#5672=DIRECTION('',(0.,1.,0.));
#5673=DIRECTION('',(-1.,0.,0.));
#5674=AXIS2_PLACEMENT_3D('',#5671,#5672,#5673);
#5675=CYLINDRICAL_SURFACE('',#5674,3.5);
#5676=CARTESIAN_POINT('',(33.835835397,44.445871089,15.821441755));
#5677=VERTEX_POINT('',#5676);
#5678=CARTESIAN_POINT('',(37.335835397,44.445871089,15.821441755));
#5679=DIRECTION('',(-0.,-1.,0.));
#5680=DIRECTION('',(0.,0.,1.));
#5681=AXIS2_PLACEMENT_3D('',#5678,#5679,#5680);
#5682=CIRCLE('',#5681,3.5);
#5683=EDGE_CURVE('',#5677,#5653,#5682,.T.);
#5684=ORIENTED_EDGE('',*,*,#5683,.F.);
#5685=CARTESIAN_POINT('',(33.835835397,44.445871089,15.821441755));
#5686=DIRECTION('',(0.,1.,0.));
#5687=VECTOR('',#5686,1.6);
#5688=LINE('',#5685,#5687);
#5689=EDGE_CURVE('',#5677,#1658,#5688,.T.);
#5690=ORIENTED_EDGE('',*,*,#5689,.T.);
#5691=ORIENTED_EDGE('',*,*,#1664,.T.);
#5692=ORIENTED_EDGE('',*,*,#5664,.F.);
#5693=EDGE_LOOP('',(#5684,#5690,#5691,#5692));
#5694=FACE_BOUND('',#5693,.T.);
#5695=ADVANCED_FACE('',(#5694),#5675,.T.);
#5696=CARTESIAN_POINT('',(33.835835397,40.445871089,30.858500248));
#5697=DIRECTION('',(1.,-0.,0.));
#5698=DIRECTION('',(0.,1.,0.));
#5699=AXIS2_PLACEMENT_3D('',#5696,#5697,#5698);
#5700=PLANE('',#5699);
#5701=CARTESIAN_POINT('',(33.835835397,44.445871089,17.424795699));
#5702=VERTEX_POINT('',#5701);
#5703=CARTESIAN_POINT('',(33.835835397,44.445871089,17.424795699));
#5704=DIRECTION('',(-0.,-0.,-1.));
#5705=VECTOR('',#5704,1.603353944);
#5706=LINE('',#5703,#5705);
#5707=EDGE_CURVE('',#5702,#5677,#5706,.T.);
#5708=ORIENTED_EDGE('',*,*,#5707,.F.);
#5709=CARTESIAN_POINT('',(33.835835397,46.045871089,17.424795699));
#5710=DIRECTION('',(-0.,-1.,0.));
#5711=VECTOR('',#5710,1.6);
#5712=LINE('',#5709,#5711);
#5713=EDGE_CURVE('',#1667,#5702,#5712,.T.);
#5714=ORIENTED_EDGE('',*,*,#5713,.F.);
#5715=ORIENTED_EDGE('',*,*,#1672,.T.);
#5716=ORIENTED_EDGE('',*,*,#5689,.F.);
#5717=EDGE_LOOP('',(#5708,#5714,#5715,#5716));
#5718=FACE_BOUND('',#5717,.T.);
#5719=ADVANCED_FACE('',(#5718),#5700,.F.);
#5720=CARTESIAN_POINT('',(1.90623702,46.445871089,49.354394076));
#5721=DIRECTION('',(-0.707106781,-0.,-0.707106781));
#5722=DIRECTION('',(0.707106781,-0.,-0.707106781));
#5723=AXIS2_PLACEMENT_3D('',#5720,#5721,#5722);
#5724=PLANE('',#5723);
#5725=ORIENTED_EDGE('',*,*,#1680,.T.);
#5726=ORIENTED_EDGE('',*,*,#5713,.T.);
#5727=CARTESIAN_POINT('',(6.870615914,44.445871089,44.390015182));
#5728=DIRECTION('',(0.707106781,-0.,-0.707106781));
#5729=VECTOR('',#5728,38.134579105);
#5730=LINE('',#5727,#5729);
#5731=EDGE_CURVE('',#5631,#5702,#5730,.T.);
#5732=ORIENTED_EDGE('',*,*,#5731,.F.);
#5733=ORIENTED_EDGE('',*,*,#5636,.F.);
#5734=EDGE_LOOP('',(#5725,#5726,#5732,#5733));
#5735=FACE_BOUND('',#5734,.T.);
#5736=ADVANCED_FACE('',(#5735),#5724,.T.);
#5737=CARTESIAN_POINT('',(-37.931178492,46.445871089,44.390015182));
#5738=DIRECTION('',(0.,0.,-1.));
#5739=DIRECTION('',(1.,-0.,0.));
#5740=AXIS2_PLACEMENT_3D('',#5737,#5738,#5739);
#5741=PLANE('',#5740);
#5742=CARTESIAN_POINT('',(9.699043039,44.445871089,44.390015182));
#5743=VERTEX_POINT('',#5742);
#5744=CARTESIAN_POINT('',(9.699043039,46.045871089,44.390015182));
#5745=DIRECTION('',(-0.,-1.,0.));
#5746=VECTOR('',#5745,1.6);
#5747=LINE('',#5744,#5746);
#5748=EDGE_CURVE('',#1616,#5743,#5747,.T.);
#5749=ORIENTED_EDGE('',*,*,#5748,.F.);
#5750=ORIENTED_EDGE('',*,*,#1643,.T.);
#5751=CARTESIAN_POINT('',(12.199518937,44.445871089,44.390015182));
#5752=VERTEX_POINT('',#5751);
#5753=CARTESIAN_POINT('',(12.199518937,46.045871089,44.390015182));
#5754=DIRECTION('',(-0.,-1.,0.));
#5755=VECTOR('',#5754,1.6);
#5756=LINE('',#5753,#5755);
#5757=EDGE_CURVE('',#1632,#5752,#5756,.T.);
#5758=ORIENTED_EDGE('',*,*,#5757,.T.);
#5759=CARTESIAN_POINT('',(9.699043039,44.445871089,44.390015182));
#5760=DIRECTION('',(1.,-0.,0.));
#5761=VECTOR('',#5760,2.500475897);
#5762=LINE('',#5759,#5761);
#5763=EDGE_CURVE('',#5743,#5752,#5762,.T.);
#5764=ORIENTED_EDGE('',*,*,#5763,.F.);
#5765=EDGE_LOOP('',(#5749,#5750,#5758,#5764));
#5766=FACE_BOUND('',#5765,.T.);
#5767=ADVANCED_FACE('',(#5766),#5741,.T.);
#5768=CARTESIAN_POINT('',(56.893290875,46.445871089,-2.804232654));
#5769=DIRECTION('',(0.707106781,0.,0.707106781));
#5770=DIRECTION('',(-0.707106781,0.,0.707106781));
#5771=AXIS2_PLACEMENT_3D('',#5768,#5769,#5770);
#5772=PLANE('',#5771);
#5773=CARTESIAN_POINT('',(33.835835397,44.445871089,20.253222824));
#5774=VERTEX_POINT('',#5773);
#5775=CARTESIAN_POINT('',(33.835835397,44.445871089,20.253222824));
#5776=DIRECTION('',(-0.707106781,0.,0.707106781));
#5777=VECTOR('',#5776,34.134579105);
#5778=LINE('',#5775,#5777);
#5779=EDGE_CURVE('',#5774,#5743,#5778,.T.);
#5780=ORIENTED_EDGE('',*,*,#5779,.F.);
#5781=CARTESIAN_POINT('',(33.835835397,44.445871089,20.253222824));
#5782=DIRECTION('',(0.,1.,-0.));
#5783=VECTOR('',#5782,1.6);
#5784=LINE('',#5781,#5783);
#5785=EDGE_CURVE('',#5774,#1614,#5784,.T.);
#5786=ORIENTED_EDGE('',*,*,#5785,.T.);
#5787=ORIENTED_EDGE('',*,*,#1621,.T.);
#5788=ORIENTED_EDGE('',*,*,#5748,.T.);
#5789=EDGE_LOOP('',(#5780,#5786,#5787,#5788));
#5790=FACE_BOUND('',#5789,.T.);
#5791=ADVANCED_FACE('',(#5790),#5772,.T.);
#5792=CARTESIAN_POINT('',(33.835835397,40.445871089,30.858500248));
#5793=DIRECTION('',(1.,-0.,0.));
#5794=DIRECTION('',(0.,1.,0.));
#5795=AXIS2_PLACEMENT_3D('',#5792,#5793,#5794);
#5796=PLANE('',#5795);
#5797=CARTESIAN_POINT('',(33.835835397,44.445871089,22.753698721));
#5798=VERTEX_POINT('',#5797);
#5799=CARTESIAN_POINT('',(33.835835397,44.445871089,22.753698721));
#5800=DIRECTION('',(-0.,-0.,-1.));
#5801=VECTOR('',#5800,2.500475897);
#5802=LINE('',#5799,#5801);
#5803=EDGE_CURVE('',#5798,#5774,#5802,.T.);
#5804=ORIENTED_EDGE('',*,*,#5803,.F.);
#5805=CARTESIAN_POINT('',(33.835835397,46.045871089,22.753698721));
#5806=DIRECTION('',(-0.,-1.,0.));
#5807=VECTOR('',#5806,1.6);
#5808=LINE('',#5805,#5807);
#5809=EDGE_CURVE('',#1624,#5798,#5808,.T.);
#5810=ORIENTED_EDGE('',*,*,#5809,.F.);
#5811=ORIENTED_EDGE('',*,*,#1629,.T.);
#5812=ORIENTED_EDGE('',*,*,#5785,.F.);
#5813=EDGE_LOOP('',(#5804,#5810,#5811,#5812));
#5814=FACE_BOUND('',#5813,.T.);
#5815=ADVANCED_FACE('',(#5814),#5796,.F.);
#5816=CARTESIAN_POINT('',(7.235140042,46.445871089,49.354394076));
#5817=DIRECTION('',(-0.707106781,-0.,-0.707106781));
#5818=DIRECTION('',(0.707106781,-0.,-0.707106781));
#5819=AXIS2_PLACEMENT_3D('',#5816,#5817,#5818);
#5820=PLANE('',#5819);
#5821=ORIENTED_EDGE('',*,*,#1637,.T.);
#5822=ORIENTED_EDGE('',*,*,#5809,.T.);
#5823=CARTESIAN_POINT('',(12.199518937,44.445871089,44.390015182));
#5824=DIRECTION('',(0.707106781,-0.,-0.707106781));
#5825=VECTOR('',#5824,30.598372178);
#5826=LINE('',#5823,#5825);
#5827=EDGE_CURVE('',#5752,#5798,#5826,.T.);
#5828=ORIENTED_EDGE('',*,*,#5827,.F.);
#5829=ORIENTED_EDGE('',*,*,#5757,.F.);
#5830=EDGE_LOOP('',(#5821,#5822,#5828,#5829));
#5831=FACE_BOUND('',#5830,.T.);
#5832=ADVANCED_FACE('',(#5831),#5820,.T.);
#5833=CARTESIAN_POINT('',(-37.931178492,46.445871089,44.390015182));
#5834=DIRECTION('',(0.,0.,-1.));
#5835=DIRECTION('',(1.,-0.,0.));
#5836=AXIS2_PLACEMENT_3D('',#5833,#5834,#5835);
#5837=PLANE('',#5836);
#5838=ORIENTED_EDGE('',*,*,#1609,.T.);
#5839=CARTESIAN_POINT('',(17.528421959,44.445871089,44.390015182));
#5840=VERTEX_POINT('',#5839);
#5841=CARTESIAN_POINT('',(17.528421959,46.045871089,44.390015182));
#5842=DIRECTION('',(-0.,-1.,0.));
#5843=VECTOR('',#5842,1.6);
#5844=LINE('',#5841,#5843);
#5845=EDGE_CURVE('',#1598,#5840,#5844,.T.);
#5846=ORIENTED_EDGE('',*,*,#5845,.T.);
#5847=CARTESIAN_POINT('',(15.027946061,44.445871089,44.390015182));
#5848=VERTEX_POINT('',#5847);
#5849=CARTESIAN_POINT('',(15.027946061,44.445871089,44.390015182));
#5850=DIRECTION('',(1.,-0.,0.));
#5851=VECTOR('',#5850,2.500475897);
#5852=LINE('',#5849,#5851);
#5853=EDGE_CURVE('',#5848,#5840,#5852,.T.);
#5854=ORIENTED_EDGE('',*,*,#5853,.F.);
#5855=CARTESIAN_POINT('',(15.027946061,46.045871089,44.390015182));
#5856=DIRECTION('',(-0.,-1.,0.));
#5857=VECTOR('',#5856,1.6);
#5858=LINE('',#5855,#5857);
#5859=EDGE_CURVE('',#1582,#5848,#5858,.T.);
#5860=ORIENTED_EDGE('',*,*,#5859,.F.);
#5861=EDGE_LOOP('',(#5838,#5846,#5854,#5860));
#5862=FACE_BOUND('',#5861,.T.);
#5863=ADVANCED_FACE('',(#5862),#5837,.T.);
#5864=CARTESIAN_POINT('',(62.222193897,46.445871089,-2.804232654));
#5865=DIRECTION('',(0.707106781,0.,0.707106781));
#5866=DIRECTION('',(-0.707106781,0.,0.707106781));
#5867=AXIS2_PLACEMENT_3D('',#5864,#5865,#5866);
#5868=PLANE('',#5867);
#5869=CARTESIAN_POINT('',(33.835835397,44.445871089,25.582125846));
#5870=VERTEX_POINT('',#5869);
#5871=CARTESIAN_POINT('',(33.835835397,44.445871089,25.582125846));
#5872=DIRECTION('',(-0.707106781,0.,0.707106781));
#5873=VECTOR('',#5872,26.598372178);
#5874=LINE('',#5871,#5873);
#5875=EDGE_CURVE('',#5870,#5848,#5874,.T.);
#5876=ORIENTED_EDGE('',*,*,#5875,.F.);
#5877=CARTESIAN_POINT('',(33.835835397,44.445871089,25.582125846));
#5878=DIRECTION('',(0.,1.,-0.));
#5879=VECTOR('',#5878,1.6);
#5880=LINE('',#5877,#5879);
#5881=EDGE_CURVE('',#5870,#1580,#5880,.T.);
#5882=ORIENTED_EDGE('',*,*,#5881,.T.);
#5883=ORIENTED_EDGE('',*,*,#1587,.T.);
#5884=ORIENTED_EDGE('',*,*,#5859,.T.);
#5885=EDGE_LOOP('',(#5876,#5882,#5883,#5884));
#5886=FACE_BOUND('',#5885,.T.);
#5887=ADVANCED_FACE('',(#5886),#5868,.T.);
#5888=CARTESIAN_POINT('',(33.835835397,40.445871089,30.858500248));
#5889=DIRECTION('',(1.,-0.,0.));
#5890=DIRECTION('',(0.,1.,0.));
#5891=AXIS2_PLACEMENT_3D('',#5888,#5889,#5890);
#5892=PLANE('',#5891);
#5893=CARTESIAN_POINT('',(33.835835397,44.445871089,28.082601743));
#5894=VERTEX_POINT('',#5893);
#5895=CARTESIAN_POINT('',(33.835835397,44.445871089,28.082601743));
#5896=DIRECTION('',(-0.,-0.,-1.));
#5897=VECTOR('',#5896,2.500475897);
#5898=LINE('',#5895,#5897);
#5899=EDGE_CURVE('',#5894,#5870,#5898,.T.);
#5900=ORIENTED_EDGE('',*,*,#5899,.F.);
#5901=CARTESIAN_POINT('',(33.835835397,46.045871089,28.082601743));
#5902=DIRECTION('',(-0.,-1.,0.));
#5903=VECTOR('',#5902,1.6);
#5904=LINE('',#5901,#5903);
#5905=EDGE_CURVE('',#1590,#5894,#5904,.T.);
#5906=ORIENTED_EDGE('',*,*,#5905,.F.);
#5907=ORIENTED_EDGE('',*,*,#1595,.T.);
#5908=ORIENTED_EDGE('',*,*,#5881,.F.);
#5909=EDGE_LOOP('',(#5900,#5906,#5907,#5908));
#5910=FACE_BOUND('',#5909,.T.);
#5911=ADVANCED_FACE('',(#5910),#5892,.F.);
#5912=CARTESIAN_POINT('',(12.564043064,46.445871089,49.354394076));
#5913=DIRECTION('',(-0.707106781,-0.,-0.707106781));
#5914=DIRECTION('',(0.707106781,-0.,-0.707106781));
#5915=AXIS2_PLACEMENT_3D('',#5912,#5913,#5914);
#5916=PLANE('',#5915);
#5917=ORIENTED_EDGE('',*,*,#1603,.T.);
#5918=ORIENTED_EDGE('',*,*,#5905,.T.);
#5919=CARTESIAN_POINT('',(17.528421959,44.445871089,44.390015182));
#5920=DIRECTION('',(0.707106781,-0.,-0.707106781));
#5921=VECTOR('',#5920,23.062165252);
#5922=LINE('',#5919,#5921);
#5923=EDGE_CURVE('',#5840,#5894,#5922,.T.);
#5924=ORIENTED_EDGE('',*,*,#5923,.F.);
#5925=ORIENTED_EDGE('',*,*,#5845,.F.);
#5926=EDGE_LOOP('',(#5917,#5918,#5924,#5925));
#5927=FACE_BOUND('',#5926,.T.);
#5928=ADVANCED_FACE('',(#5927),#5916,.T.);
#5929=CARTESIAN_POINT('',(-37.931178492,46.445871089,44.390015182));
#5930=DIRECTION('',(0.,0.,-1.));
#5931=DIRECTION('',(1.,-0.,0.));
#5932=AXIS2_PLACEMENT_3D('',#5929,#5930,#5931);
#5933=PLANE('',#5932);
#5934=CARTESIAN_POINT('',(20.356849083,44.445871089,44.390015182));
#5935=VERTEX_POINT('',#5934);
#5936=CARTESIAN_POINT('',(20.356849083,46.045871089,44.390015182));
#5937=DIRECTION('',(-0.,-1.,0.));
#5938=VECTOR('',#5937,1.6);
#5939=LINE('',#5936,#5938);
#5940=EDGE_CURVE('',#1547,#5935,#5939,.T.);
#5941=ORIENTED_EDGE('',*,*,#5940,.F.);
#5942=ORIENTED_EDGE('',*,*,#1575,.T.);
#5943=CARTESIAN_POINT('',(22.857324981,44.445871089,44.390015182));
#5944=VERTEX_POINT('',#5943);
#5945=CARTESIAN_POINT('',(22.857324981,46.045871089,44.390015182));
#5946=DIRECTION('',(-0.,-1.,0.));
#5947=VECTOR('',#5946,1.6);
#5948=LINE('',#5945,#5947);
#5949=EDGE_CURVE('',#1564,#5944,#5948,.T.);
#5950=ORIENTED_EDGE('',*,*,#5949,.T.);
#5951=CARTESIAN_POINT('',(20.356849083,44.445871089,44.390015182));
#5952=DIRECTION('',(1.,-0.,0.));
#5953=VECTOR('',#5952,2.500475897);
#5954=LINE('',#5951,#5953);
#5955=EDGE_CURVE('',#5935,#5944,#5954,.T.);
#5956=ORIENTED_EDGE('',*,*,#5955,.F.);
#5957=EDGE_LOOP('',(#5941,#5942,#5950,#5956));
#5958=FACE_BOUND('',#5957,.T.);
#5959=ADVANCED_FACE('',(#5958),#5933,.T.);
#5960=CARTESIAN_POINT('',(67.551096919,46.445871089,-2.804232654));
#5961=DIRECTION('',(0.707106781,0.,0.707106781));
#5962=DIRECTION('',(-0.707106781,0.,0.707106781));
#5963=AXIS2_PLACEMENT_3D('',#5960,#5961,#5962);
#5964=PLANE('',#5963);
#5965=CARTESIAN_POINT('',(33.836223791,44.445871089,30.910640474));
#5966=VERTEX_POINT('',#5965);
#5967=CARTESIAN_POINT('',(33.836223791,44.445871089,30.910640474));
#5968=DIRECTION('',(-0.707106781,0.,0.707106781));
#5969=VECTOR('',#5968,19.062714523);
#5970=LINE('',#5967,#5969);
#5971=EDGE_CURVE('',#5966,#5935,#5970,.T.);
#5972=ORIENTED_EDGE('',*,*,#5971,.F.);
#5973=CARTESIAN_POINT('',(33.836223791,44.445871089,30.910640474));
#5974=DIRECTION('',(0.,1.,0.));
#5975=VECTOR('',#5974,1.6);
#5976=LINE('',#5973,#5975);
#5977=EDGE_CURVE('',#5966,#1545,#5976,.T.);
#5978=ORIENTED_EDGE('',*,*,#5977,.T.);
#5979=ORIENTED_EDGE('',*,*,#1552,.T.);
#5980=ORIENTED_EDGE('',*,*,#5940,.T.);
#5981=EDGE_LOOP('',(#5972,#5978,#5979,#5980));
#5982=FACE_BOUND('',#5981,.T.);
#5983=ADVANCED_FACE('',(#5982),#5964,.T.);
#5984=CARTESIAN_POINT('',(37.335835397,40.445871089,30.858500248));
#5985=DIRECTION('',(0.,1.,0.));
#5986=DIRECTION('',(-1.,0.,0.));
#5987=AXIS2_PLACEMENT_3D('',#5984,#5985,#5986);
#5988=CYLINDRICAL_SURFACE('',#5987,3.5);
#5989=CARTESIAN_POINT('',(34.433181447,44.445871089,32.814158716));
#5990=VERTEX_POINT('',#5989);
#5991=CARTESIAN_POINT('',(37.335835397,44.445871089,30.858500248));
#5992=DIRECTION('',(-0.,-1.,0.));
#5993=DIRECTION('',(0.,0.,1.));
#5994=AXIS2_PLACEMENT_3D('',#5991,#5992,#5993);
#5995=CIRCLE('',#5994,3.5);
#5996=EDGE_CURVE('',#5990,#5966,#5995,.T.);
#5997=ORIENTED_EDGE('',*,*,#5996,.F.);
#5998=CARTESIAN_POINT('',(34.433181447,46.045871089,32.814158716));
#5999=DIRECTION('',(-0.,-1.,-0.));
#6000=VECTOR('',#5999,1.6);
#6001=LINE('',#5998,#6000);
#6002=EDGE_CURVE('',#1555,#5990,#6001,.T.);
#6003=ORIENTED_EDGE('',*,*,#6002,.F.);
#6004=ORIENTED_EDGE('',*,*,#1561,.T.);
#6005=ORIENTED_EDGE('',*,*,#5977,.F.);
#6006=EDGE_LOOP('',(#5997,#6003,#6004,#6005));
#6007=FACE_BOUND('',#6006,.T.);
#6008=ADVANCED_FACE('',(#6007),#5988,.T.);
#6009=CARTESIAN_POINT('',(17.892946086,46.445871089,49.354394076));
#6010=DIRECTION('',(-0.707106781,-0.,-0.707106781));
#6011=DIRECTION('',(0.707106781,-0.,-0.707106781));
#6012=AXIS2_PLACEMENT_3D('',#6009,#6010,#6011);
#6013=PLANE('',#6012);
#6014=ORIENTED_EDGE('',*,*,#1569,.T.);
#6015=ORIENTED_EDGE('',*,*,#6002,.T.);
#6016=CARTESIAN_POINT('',(22.857324981,44.445871089,44.390015182));
#6017=DIRECTION('',(0.707106781,-0.,-0.707106781));
#6018=VECTOR('',#6017,16.37073321);
#6019=LINE('',#6016,#6018);
#6020=EDGE_CURVE('',#5944,#5990,#6019,.T.);
#6021=ORIENTED_EDGE('',*,*,#6020,.F.);
#6022=ORIENTED_EDGE('',*,*,#5949,.F.);
#6023=EDGE_LOOP('',(#6014,#6015,#6021,#6022));
#6024=FACE_BOUND('',#6023,.T.);
#6025=ADVANCED_FACE('',(#6024),#6013,.T.);
#6026=CARTESIAN_POINT('',(-37.931178492,46.445871089,44.390015182));
#6027=DIRECTION('',(0.,0.,-1.));
#6028=DIRECTION('',(1.,-0.,0.));
#6029=AXIS2_PLACEMENT_3D('',#6026,#6027,#6028);
#6030=PLANE('',#6029);
#6031=CARTESIAN_POINT('',(25.685752106,44.445871089,44.390015182));
#6032=VERTEX_POINT('',#6031);
#6033=CARTESIAN_POINT('',(25.685752106,46.045871089,44.390015182));
#6034=DIRECTION('',(-0.,-1.,0.));
#6035=VECTOR('',#6034,1.6);
#6036=LINE('',#6033,#6035);
#6037=EDGE_CURVE('',#1512,#6032,#6036,.T.);
#6038=ORIENTED_EDGE('',*,*,#6037,.F.);
#6039=ORIENTED_EDGE('',*,*,#1540,.T.);
#6040=CARTESIAN_POINT('',(28.186228003,44.445871089,44.390015182));
#6041=VERTEX_POINT('',#6040);
#6042=CARTESIAN_POINT('',(28.186228003,46.045871089,44.390015182));
#6043=DIRECTION('',(-0.,-1.,0.));
#6044=VECTOR('',#6043,1.6);
#6045=LINE('',#6042,#6044);
#6046=EDGE_CURVE('',#1529,#6041,#6045,.T.);
#6047=ORIENTED_EDGE('',*,*,#6046,.T.);
#6048=CARTESIAN_POINT('',(25.685752106,44.445871089,44.390015182));
#6049=DIRECTION('',(1.,-0.,0.));
#6050=VECTOR('',#6049,2.500475897);
#6051=LINE('',#6048,#6050);
#6052=EDGE_CURVE('',#6032,#6041,#6051,.T.);
#6053=ORIENTED_EDGE('',*,*,#6052,.F.);
#6054=EDGE_LOOP('',(#6038,#6039,#6047,#6053));
#6055=FACE_BOUND('',#6054,.T.);
#6056=ADVANCED_FACE('',(#6055),#6030,.T.);
#6057=CARTESIAN_POINT('',(72.879999941,46.445871089,-2.804232654));
#6058=DIRECTION('',(0.707106781,0.,0.707106781));
#6059=DIRECTION('',(-0.707106781,0.,0.707106781));
#6060=AXIS2_PLACEMENT_3D('',#6057,#6058,#6059);
#6061=PLANE('',#6060);
#6062=CARTESIAN_POINT('',(35.987434851,44.445871089,34.088332436));
#6063=VERTEX_POINT('',#6062);
#6064=CARTESIAN_POINT('',(35.987434851,44.445871089,34.088332436));
#6065=DIRECTION('',(-0.707106781,0.,0.707106781));
#6066=VECTOR('',#6065,14.568779454);
#6067=LINE('',#6064,#6066);
#6068=EDGE_CURVE('',#6063,#6032,#6067,.T.);
#6069=ORIENTED_EDGE('',*,*,#6068,.F.);
#6070=CARTESIAN_POINT('',(35.987434851,44.445871089,34.088332436));
#6071=DIRECTION('',(0.,1.,0.));
#6072=VECTOR('',#6071,1.6);
#6073=LINE('',#6070,#6072);
#6074=EDGE_CURVE('',#6063,#1510,#6073,.T.);
#6075=ORIENTED_EDGE('',*,*,#6074,.T.);
#6076=ORIENTED_EDGE('',*,*,#1517,.T.);
#6077=ORIENTED_EDGE('',*,*,#6037,.T.);
#6078=EDGE_LOOP('',(#6069,#6075,#6076,#6077));
#6079=FACE_BOUND('',#6078,.T.);
#6080=ADVANCED_FACE('',(#6079),#6061,.T.);
#6081=CARTESIAN_POINT('',(37.335835397,40.445871089,30.858500248));
#6082=DIRECTION('',(0.,1.,0.));
#6083=DIRECTION('',(-1.,0.,0.));
#6084=AXIS2_PLACEMENT_3D('',#6081,#6082,#6083);
#6085=CYLINDRICAL_SURFACE('',#6084,3.5);
#6086=CARTESIAN_POINT('',(38.375823669,44.445871089,34.200419516));
#6087=VERTEX_POINT('',#6086);
#6088=CARTESIAN_POINT('',(37.335835397,44.445871089,30.858500248));
#6089=DIRECTION('',(-0.,-1.,0.));
#6090=DIRECTION('',(0.,0.,1.));
#6091=AXIS2_PLACEMENT_3D('',#6088,#6089,#6090);
#6092=CIRCLE('',#6091,3.5);
#6093=EDGE_CURVE('',#6087,#6063,#6092,.T.);
#6094=ORIENTED_EDGE('',*,*,#6093,.F.);
#6095=CARTESIAN_POINT('',(38.375823669,46.045871089,34.200419516));
#6096=DIRECTION('',(-0.,-1.,-0.));
#6097=VECTOR('',#6096,1.6);
#6098=LINE('',#6095,#6097);
#6099=EDGE_CURVE('',#1520,#6087,#6098,.T.);
#6100=ORIENTED_EDGE('',*,*,#6099,.F.);
#6101=ORIENTED_EDGE('',*,*,#1526,.T.);
#6102=ORIENTED_EDGE('',*,*,#6074,.F.);
#6103=EDGE_LOOP('',(#6094,#6100,#6101,#6102));
#6104=FACE_BOUND('',#6103,.T.);
#6105=ADVANCED_FACE('',(#6104),#6085,.T.);
#6106=CARTESIAN_POINT('',(23.221849108,46.445871089,49.354394076));
#6107=DIRECTION('',(-0.707106781,-0.,-0.707106781));
#6108=DIRECTION('',(0.707106781,-0.,-0.707106781));
#6109=AXIS2_PLACEMENT_3D('',#6106,#6107,#6108);
#6110=PLANE('',#6109);
#6111=ORIENTED_EDGE('',*,*,#1534,.T.);
#6112=ORIENTED_EDGE('',*,*,#6099,.T.);
#6113=CARTESIAN_POINT('',(28.186228003,44.445871089,44.390015182));
#6114=DIRECTION('',(0.707106781,-0.,-0.707106781));
#6115=VECTOR('',#6114,14.410264386);
#6116=LINE('',#6113,#6115);
#6117=EDGE_CURVE('',#6041,#6087,#6116,.T.);
#6118=ORIENTED_EDGE('',*,*,#6117,.F.);
#6119=ORIENTED_EDGE('',*,*,#6046,.F.);
#6120=EDGE_LOOP('',(#6111,#6112,#6118,#6119));
#6121=FACE_BOUND('',#6120,.T.);
#6122=ADVANCED_FACE('',(#6121),#6110,.T.);
#6123=CARTESIAN_POINT('',(-37.931178492,46.445871089,44.390015182));
#6124=DIRECTION('',(0.,0.,-1.));
#6125=DIRECTION('',(1.,-0.,0.));
#6126=AXIS2_PLACEMENT_3D('',#6123,#6124,#6125);
#6127=PLANE('',#6126);
#6128=CARTESIAN_POINT('',(31.014655128,44.445871089,44.390015182));
#6129=VERTEX_POINT('',#6128);
#6130=CARTESIAN_POINT('',(31.014655128,46.045871089,44.390015182));
#6131=DIRECTION('',(-0.,-1.,0.));
#6132=VECTOR('',#6131,1.6);
#6133=LINE('',#6130,#6132);
#6134=EDGE_CURVE('',#1478,#6129,#6133,.T.);
#6135=ORIENTED_EDGE('',*,*,#6134,.F.);
#6136=ORIENTED_EDGE('',*,*,#1505,.T.);
#6137=CARTESIAN_POINT('',(33.515131025,44.445871089,44.390015182));
#6138=VERTEX_POINT('',#6137);
#6139=CARTESIAN_POINT('',(33.515131025,46.045871089,44.390015182));
#6140=DIRECTION('',(-0.,-1.,0.));
#6141=VECTOR('',#6140,1.6);
#6142=LINE('',#6139,#6141);
#6143=EDGE_CURVE('',#1494,#6138,#6142,.T.);
#6144=ORIENTED_EDGE('',*,*,#6143,.T.);
#6145=CARTESIAN_POINT('',(31.014655128,44.445871089,44.390015182));
#6146=DIRECTION('',(1.,-0.,0.));
#6147=VECTOR('',#6146,2.500475897);
#6148=LINE('',#6145,#6147);
#6149=EDGE_CURVE('',#6129,#6138,#6148,.T.);
#6150=ORIENTED_EDGE('',*,*,#6149,.F.);
#6151=EDGE_LOOP('',(#6135,#6136,#6144,#6150));
#6152=FACE_BOUND('',#6151,.T.);
#6153=ADVANCED_FACE('',(#6152),#6127,.T.);
#6154=CARTESIAN_POINT('',(78.208902963,46.445871089,-2.804232654));
#6155=DIRECTION('',(0.707106781,0.,0.707106781));
#6156=DIRECTION('',(-0.707106781,0.,0.707106781));
#6157=AXIS2_PLACEMENT_3D('',#6154,#6155,#6156);
#6158=PLANE('',#6157);
#6159=CARTESIAN_POINT('',(42.111178492,44.445871089,33.293491818));
#6160=VERTEX_POINT('',#6159);
#6161=CARTESIAN_POINT('',(42.111178492,44.445871089,33.293491818));
#6162=DIRECTION('',(-0.707106781,0.,0.707106781));
#6163=VECTOR('',#6162,15.692853837);
#6164=LINE('',#6161,#6163);
#6165=EDGE_CURVE('',#6160,#6129,#6164,.T.);
#6166=ORIENTED_EDGE('',*,*,#6165,.F.);
#6167=CARTESIAN_POINT('',(42.111178492,46.045871089,33.293491818));
#6168=DIRECTION('',(-0.,-1.,0.));
#6169=VECTOR('',#6168,1.6);
#6170=LINE('',#6167,#6169);
#6171=EDGE_CURVE('',#1476,#6160,#6170,.T.);
#6172=ORIENTED_EDGE('',*,*,#6171,.F.);
#6173=ORIENTED_EDGE('',*,*,#1483,.T.);
#6174=ORIENTED_EDGE('',*,*,#6134,.T.);
#6175=EDGE_LOOP('',(#6166,#6172,#6173,#6174));
#6176=FACE_BOUND('',#6175,.T.);
#6177=ADVANCED_FACE('',(#6176),#6158,.T.);
#6178=CARTESIAN_POINT('',(42.111178492,46.445871089,6.340146241));
#6179=DIRECTION('',(-1.,0.,0.));
#6180=DIRECTION('',(-0.,0.,-1.));
#6181=AXIS2_PLACEMENT_3D('',#6178,#6179,#6180);
#6182=PLANE('',#6181);
#6183=ORIENTED_EDGE('',*,*,#1491,.T.);
#6184=ORIENTED_EDGE('',*,*,#6171,.T.);
#6185=CARTESIAN_POINT('',(42.111178492,44.445871089,35.793967715));
#6186=VERTEX_POINT('',#6185);
#6187=CARTESIAN_POINT('',(42.111178492,44.445871089,35.793967715));
#6188=DIRECTION('',(-0.,-0.,-1.));
#6189=VECTOR('',#6188,2.500475897);
#6190=LINE('',#6187,#6189);
#6191=EDGE_CURVE('',#6186,#6160,#6190,.T.);
#6192=ORIENTED_EDGE('',*,*,#6191,.F.);
#6193=CARTESIAN_POINT('',(42.111178492,46.045871089,35.793967715));
#6194=DIRECTION('',(-0.,-1.,0.));
#6195=VECTOR('',#6194,1.6);
#6196=LINE('',#6193,#6195);
#6197=EDGE_CURVE('',#1486,#6186,#6196,.T.);
#6198=ORIENTED_EDGE('',*,*,#6197,.F.);
#6199=EDGE_LOOP('',(#6183,#6184,#6192,#6198));
#6200=FACE_BOUND('',#6199,.T.);
#6201=ADVANCED_FACE('',(#6200),#6182,.T.);
#6202=CARTESIAN_POINT('',(28.55075213,46.445871089,49.354394076));
#6203=DIRECTION('',(-0.707106781,-0.,-0.707106781));
#6204=DIRECTION('',(0.707106781,-0.,-0.707106781));
#6205=AXIS2_PLACEMENT_3D('',#6202,#6203,#6204);
#6206=PLANE('',#6205);
#6207=ORIENTED_EDGE('',*,*,#1499,.T.);
#6208=ORIENTED_EDGE('',*,*,#6197,.T.);
#6209=CARTESIAN_POINT('',(33.515131025,44.445871089,44.390015182));
#6210=DIRECTION('',(0.707106781,-0.,-0.707106781));
#6211=VECTOR('',#6210,12.15664691);
#6212=LINE('',#6209,#6211);
#6213=EDGE_CURVE('',#6138,#6186,#6212,.T.);
#6214=ORIENTED_EDGE('',*,*,#6213,.F.);
#6215=ORIENTED_EDGE('',*,*,#6143,.F.);
#6216=EDGE_LOOP('',(#6207,#6208,#6214,#6215));
#6217=FACE_BOUND('',#6216,.T.);
#6218=ADVANCED_FACE('',(#6217),#6206,.T.);
#6219=CARTESIAN_POINT('',(37.931178492,46.445871089,6.340146241));
#6220=DIRECTION('',(-0.,-1.,0.));
#6221=DIRECTION('',(0.,0.,1.));
#6222=AXIS2_PLACEMENT_3D('',#6219,#6220,#6221);
#6223=CYLINDRICAL_SURFACE('',#6222,4.18);
#6224=ORIENTED_EDGE('',*,*,#1465,.T.);
#6225=CARTESIAN_POINT('',(40.436850594,44.445871089,2.994401583));
#6226=VERTEX_POINT('',#6225);
#6227=CARTESIAN_POINT('',(40.436850594,46.045871089,2.994401583));
#6228=DIRECTION('',(-0.,-1.,0.));
#6229=VECTOR('',#6228,1.6);
#6230=LINE('',#6227,#6229);
#6231=EDGE_CURVE('',#1451,#6226,#6230,.T.);
#6232=ORIENTED_EDGE('',*,*,#6231,.T.);
#6233=CARTESIAN_POINT('',(41.598097488,44.445871089,4.333630586));
#6234=VERTEX_POINT('',#6233);
#6235=CARTESIAN_POINT('',(37.931178492,44.445871089,6.340146241));
#6236=DIRECTION('',(0.,1.,-0.));
#6237=DIRECTION('',(-0.,-0.,-1.));
#6238=AXIS2_PLACEMENT_3D('',#6235,#6236,#6237);
#6239=CIRCLE('',#6238,4.18);
#6240=EDGE_CURVE('',#6234,#6226,#6239,.T.);
#6241=ORIENTED_EDGE('',*,*,#6240,.F.);
#6242=CARTESIAN_POINT('',(41.598097488,46.045871089,4.333630586));
#6243=DIRECTION('',(-0.,-1.,0.));
#6244=VECTOR('',#6243,1.6);
#6245=LINE('',#6242,#6244);
#6246=EDGE_CURVE('',#1459,#6234,#6245,.T.);
#6247=ORIENTED_EDGE('',*,*,#6246,.F.);
#6248=EDGE_LOOP('',(#6224,#6232,#6241,#6247));
#6249=FACE_BOUND('',#6248,.T.);
#6250=ADVANCED_FACE('',(#6249),#6223,.F.);
#6251=CARTESIAN_POINT('',(-3.422666002,46.445871089,49.354394076));
#6252=DIRECTION('',(-0.707106781,-0.,-0.707106781));
#6253=DIRECTION('',(0.707106781,-0.,-0.707106781));
#6254=AXIS2_PLACEMENT_3D('',#6251,#6252,#6253);
#6255=PLANE('',#6254);
#6256=CARTESIAN_POINT('',(1.541712892,44.445871089,44.390015182));
#6257=VERTEX_POINT('',#6256);
#6258=CARTESIAN_POINT('',(1.541712892,44.445871089,44.390015182));
#6259=DIRECTION('',(0.707106781,-0.,-0.707106781));
#6260=VECTOR('',#6259,56.648282355);
#6261=LINE('',#6258,#6260);
#6262=EDGE_CURVE('',#6257,#6234,#6261,.T.);
#6263=ORIENTED_EDGE('',*,*,#6262,.F.);
#6264=CARTESIAN_POINT('',(1.541712892,46.045871089,44.390015182));
#6265=DIRECTION('',(-0.,-1.,0.));
#6266=VECTOR('',#6265,1.6);
#6267=LINE('',#6264,#6266);
#6268=EDGE_CURVE('',#1443,#6257,#6267,.T.);
#6269=ORIENTED_EDGE('',*,*,#6268,.F.);
#6270=ORIENTED_EDGE('',*,*,#1471,.T.);
#6271=ORIENTED_EDGE('',*,*,#6246,.T.);
#6272=EDGE_LOOP('',(#6263,#6269,#6270,#6271));
#6273=FACE_BOUND('',#6272,.T.);
#6274=ADVANCED_FACE('',(#6273),#6255,.T.);
#6275=CARTESIAN_POINT('',(-37.931178492,46.445871089,44.390015182));
#6276=DIRECTION('',(0.,0.,-1.));
#6277=DIRECTION('',(1.,-0.,0.));
#6278=AXIS2_PLACEMENT_3D('',#6275,#6276,#6277);
#6279=PLANE('',#6278);
#6280=CARTESIAN_POINT('',(-0.958763005,44.445871089,44.390015182));
#6281=VERTEX_POINT('',#6280);
#6282=CARTESIAN_POINT('',(-0.958763005,46.045871089,44.390015182));
#6283=DIRECTION('',(-0.,-1.,0.));
#6284=VECTOR('',#6283,1.6);
#6285=LINE('',#6282,#6284);
#6286=EDGE_CURVE('',#1441,#6281,#6285,.T.);
#6287=ORIENTED_EDGE('',*,*,#6286,.F.);
#6288=ORIENTED_EDGE('',*,*,#1448,.T.);
#6289=ORIENTED_EDGE('',*,*,#6268,.T.);
#6290=CARTESIAN_POINT('',(-0.958763005,44.445871089,44.390015182));
#6291=DIRECTION('',(1.,-0.,0.));
#6292=VECTOR('',#6291,2.500475897);
#6293=LINE('',#6290,#6292);
#6294=EDGE_CURVE('',#6281,#6257,#6293,.T.);
#6295=ORIENTED_EDGE('',*,*,#6294,.F.);
#6296=EDGE_LOOP('',(#6287,#6288,#6289,#6295));
#6297=FACE_BOUND('',#6296,.T.);
#6298=ADVANCED_FACE('',(#6297),#6279,.T.);
#6299=CARTESIAN_POINT('',(46.23548483,46.445871089,-2.804232654));
#6300=DIRECTION('',(0.707106781,0.,0.707106781));
#6301=DIRECTION('',(-0.707106781,0.,0.707106781));
#6302=AXIS2_PLACEMENT_3D('',#6299,#6300,#6301);
#6303=PLANE('',#6302);
#6304=ORIENTED_EDGE('',*,*,#1456,.T.);
#6305=ORIENTED_EDGE('',*,*,#6286,.T.);
#6306=CARTESIAN_POINT('',(40.436850594,44.445871089,2.994401583));
#6307=DIRECTION('',(-0.707106781,0.,0.707106781));
#6308=VECTOR('',#6307,58.542238174);
#6309=LINE('',#6306,#6308);
#6310=EDGE_CURVE('',#6226,#6281,#6309,.T.);
#6311=ORIENTED_EDGE('',*,*,#6310,.F.);
#6312=ORIENTED_EDGE('',*,*,#6231,.F.);
#6313=EDGE_LOOP('',(#6304,#6305,#6311,#6312));
#6314=FACE_BOUND('',#6313,.T.);
#6315=ADVANCED_FACE('',(#6314),#6303,.T.);
#6316=CARTESIAN_POINT('',(-37.931178492,46.445871089,2.160146241));
#6317=DIRECTION('',(0.,0.,1.));
#6318=DIRECTION('',(-1.,0.,0.));
#6319=AXIS2_PLACEMENT_3D('',#6316,#6317,#6318);
#6320=PLANE('',#6319);
#6321=ORIENTED_EDGE('',*,*,#1215,.T.);
#6322=ORIENTED_EDGE('',*,*,#3372,.T.);
#6323=CARTESIAN_POINT('',(22.455969744,44.445871089,2.160146241));
#6324=DIRECTION('',(-1.,0.,0.));
#6325=VECTOR('',#6324,2.500475897);
#6326=LINE('',#6323,#6325);
#6327=EDGE_CURVE('',#3119,#3361,#6326,.T.);
#6328=ORIENTED_EDGE('',*,*,#6327,.F.);
#6329=ORIENTED_EDGE('',*,*,#3132,.F.);
#6330=EDGE_LOOP('',(#6321,#6322,#6328,#6329));
#6331=FACE_BOUND('',#6330,.T.);
#6332=ADVANCED_FACE('',(#6331),#6320,.T.);
#6333=CARTESIAN_POINT('',(-37.931178492,46.445871089,44.390015182));
#6334=DIRECTION('',(0.,0.,-1.));
#6335=DIRECTION('',(1.,-0.,0.));
#6336=AXIS2_PLACEMENT_3D('',#6333,#6334,#6335);
#6337=PLANE('',#6336);
#6338=ORIENTED_EDGE('',*,*,#3348,.F.);
#6339=ORIENTED_EDGE('',*,*,#1324,.T.);
#6340=ORIENTED_EDGE('',*,*,#3324,.T.);
#6341=CARTESIAN_POINT('',(-22.274375094,44.445871089,44.390015182));
#6342=DIRECTION('',(1.,-0.,0.));
#6343=VECTOR('',#6342,2.500475897);
#6344=LINE('',#6341,#6343);
#6345=EDGE_CURVE('',#3335,#3313,#6344,.T.);
#6346=ORIENTED_EDGE('',*,*,#6345,.F.);
#6347=EDGE_LOOP('',(#6338,#6339,#6340,#6346));
#6348=FACE_BOUND('',#6347,.T.);
#6349=ADVANCED_FACE('',(#6348),#6337,.T.);
#6350=CARTESIAN_POINT('',(-37.335835397,40.445871089,30.858500248));
#6351=DIRECTION('',(-0.,1.,-0.));
#6352=DIRECTION('',(1.,0.,0.));
#6353=AXIS2_PLACEMENT_3D('',#6350,#6351,#6352);
#6354=CYLINDRICAL_SURFACE('',#6353,3.5);
#6355=CARTESIAN_POINT('',(-33.835835397,44.445871089,30.858500248));
#6356=VERTEX_POINT('',#6355);
#6357=CARTESIAN_POINT('',(-37.335835397,44.445871089,30.858500248));
#6358=DIRECTION('',(-0.,-1.,0.));
#6359=DIRECTION('',(0.,0.,1.));
#6360=AXIS2_PLACEMENT_3D('',#6357,#6358,#6359);
#6361=CIRCLE('',#6360,3.5);
#6362=EDGE_CURVE('',#6356,#3433,#6361,.T.);
#6363=ORIENTED_EDGE('',*,*,#6362,.F.);
#6364=CARTESIAN_POINT('',(-33.835835397,44.445871089,30.858500248));
#6365=DIRECTION('',(-0.,1.,-0.));
#6366=VECTOR('',#6365,1.6);
#6367=LINE('',#6364,#6366);
#6368=EDGE_CURVE('',#6356,#1028,#6367,.T.);
#6369=ORIENTED_EDGE('',*,*,#6368,.T.);
#6370=ORIENTED_EDGE('',*,*,#1034,.F.);
#6371=ORIENTED_EDGE('',*,*,#3444,.F.);
#6372=EDGE_LOOP('',(#6363,#6369,#6370,#6371));
#6373=FACE_BOUND('',#6372,.T.);
#6374=ADVANCED_FACE('',(#6373),#6354,.T.);
#6375=CARTESIAN_POINT('',(-33.835835397,40.445871089,30.858500248));
#6376=DIRECTION('',(-1.,-0.,-0.));
#6377=DIRECTION('',(-0.,1.,-0.));
#6378=AXIS2_PLACEMENT_3D('',#6375,#6376,#6377);
#6379=PLANE('',#6378);
#6380=CARTESIAN_POINT('',(-33.835835397,44.445871089,29.306960375));
#6381=DIRECTION('',(-0.,0.,1.));
#6382=VECTOR('',#6381,1.551539873);
#6383=LINE('',#6380,#6382);
#6384=EDGE_CURVE('',#3143,#6356,#6383,.T.);
#6385=ORIENTED_EDGE('',*,*,#6384,.F.);
#6386=ORIENTED_EDGE('',*,*,#3156,.F.);
#6387=ORIENTED_EDGE('',*,*,#1040,.F.);
#6388=ORIENTED_EDGE('',*,*,#6368,.F.);
#6389=EDGE_LOOP('',(#6385,#6386,#6387,#6388));
#6390=FACE_BOUND('',#6389,.T.);
#6391=ADVANCED_FACE('',(#6390),#6379,.F.);
#6392=CARTESIAN_POINT('',(-37.931178492,46.445871089,2.160146241));
#6393=DIRECTION('',(0.,0.,1.));
#6394=DIRECTION('',(-1.,0.,0.));
#6395=AXIS2_PLACEMENT_3D('',#6392,#6393,#6394);
#6396=PLANE('',#6395);
#6397=ORIENTED_EDGE('',*,*,#3420,.F.);
#6398=ORIENTED_EDGE('',*,*,#1143,.T.);
#6399=ORIENTED_EDGE('',*,*,#3396,.T.);
#6400=CARTESIAN_POINT('',(-4.188545366,44.445871089,2.160146241));
#6401=DIRECTION('',(-1.,0.,0.));
#6402=VECTOR('',#6401,2.500475897);
#6403=LINE('',#6400,#6402);
#6404=EDGE_CURVE('',#3407,#3385,#6403,.T.);
#6405=ORIENTED_EDGE('',*,*,#6404,.F.);
#6406=EDGE_LOOP('',(#6397,#6398,#6399,#6405));
#6407=FACE_BOUND('',#6406,.T.);
#6408=ADVANCED_FACE('',(#6407),#6396,.T.);
#6409=CARTESIAN_POINT('',(-37.931178492,46.445871089,44.390015182));
#6410=DIRECTION('',(0.,0.,-1.));
#6411=DIRECTION('',(1.,-0.,0.));
#6412=AXIS2_PLACEMENT_3D('',#6409,#6410,#6411);
#6413=PLANE('',#6412);
#6414=ORIENTED_EDGE('',*,*,#989,.T.);
#6415=ORIENTED_EDGE('',*,*,#3492,.T.);
#6416=CARTESIAN_POINT('',(-37.931178492,44.445871089,44.390015182));
#6417=VERTEX_POINT('',#6416);
#6418=CARTESIAN_POINT('',(-37.931178492,44.445871089,44.390015182));
#6419=DIRECTION('',(1.,-0.,0.));
#6420=VECTOR('',#6419,2.170570229);
#6421=LINE('',#6418,#6420);
#6422=EDGE_CURVE('',#6417,#3481,#6421,.T.);
#6423=ORIENTED_EDGE('',*,*,#6422,.F.);
#6424=CARTESIAN_POINT('',(-37.931178492,46.045871089,44.390015182));
#6425=DIRECTION('',(-0.,-1.,0.));
#6426=VECTOR('',#6425,1.6);
#6427=LINE('',#6424,#6426);
#6428=EDGE_CURVE('',#984,#6417,#6427,.T.);
#6429=ORIENTED_EDGE('',*,*,#6428,.F.);
#6430=EDGE_LOOP('',(#6414,#6415,#6423,#6429));
#6431=FACE_BOUND('',#6430,.T.);
#6432=ADVANCED_FACE('',(#6431),#6413,.T.);
#6433=CARTESIAN_POINT('',(-37.931178492,46.445871089,40.210015182));
#6434=DIRECTION('',(-0.,-1.,0.));
#6435=DIRECTION('',(0.,0.,1.));
#6436=AXIS2_PLACEMENT_3D('',#6433,#6434,#6435);
#6437=CYLINDRICAL_SURFACE('',#6436,4.18);
#6438=ORIENTED_EDGE('',*,*,#3468,.F.);
#6439=ORIENTED_EDGE('',*,*,#996,.T.);
#6440=ORIENTED_EDGE('',*,*,#6428,.T.);
#6441=CARTESIAN_POINT('',(-37.931178492,44.445871089,40.210015182));
#6442=DIRECTION('',(0.,1.,-0.));
#6443=DIRECTION('',(-0.,-0.,-1.));
#6444=AXIS2_PLACEMENT_3D('',#6441,#6442,#6443);
#6445=CIRCLE('',#6444,4.18);
#6446=EDGE_CURVE('',#3455,#6417,#6445,.T.);
#6447=ORIENTED_EDGE('',*,*,#6446,.F.);
#6448=EDGE_LOOP('',(#6438,#6439,#6440,#6447));
#6449=FACE_BOUND('',#6448,.T.);
#6450=ADVANCED_FACE('',(#6449),#6437,.F.);
#6451=CARTESIAN_POINT('',(-37.931178492,46.445871089,44.390015182));
#6452=DIRECTION('',(0.,0.,-1.));
#6453=DIRECTION('',(1.,-0.,0.));
#6454=AXIS2_PLACEMENT_3D('',#6451,#6452,#6453);
#6455=PLANE('',#6454);
#6456=ORIENTED_EDGE('',*,*,#3516,.F.);
#6457=ORIENTED_EDGE('',*,*,#953,.T.);
#6458=ORIENTED_EDGE('',*,*,#3540,.T.);
#6459=CARTESIAN_POINT('',(-32.932181138,44.445871089,44.390015182));
#6460=DIRECTION('',(1.,-0.,0.));
#6461=VECTOR('',#6460,2.500475897);
#6462=LINE('',#6459,#6461);
#6463=EDGE_CURVE('',#3503,#3529,#6462,.T.);
#6464=ORIENTED_EDGE('',*,*,#6463,.F.);
#6465=EDGE_LOOP('',(#6456,#6457,#6458,#6464));
#6466=FACE_BOUND('',#6465,.T.);
#6467=ADVANCED_FACE('',(#6466),#6455,.T.);
#6468=CARTESIAN_POINT('',(-37.931178492,46.445871089,44.390015182));
#6469=DIRECTION('',(0.,0.,-1.));
#6470=DIRECTION('',(1.,-0.,0.));
#6471=AXIS2_PLACEMENT_3D('',#6468,#6469,#6470);
#6472=PLANE('',#6471);
#6473=ORIENTED_EDGE('',*,*,#919,.T.);
#6474=ORIENTED_EDGE('',*,*,#3588,.T.);
#6475=CARTESIAN_POINT('',(-27.603278116,44.445871089,44.390015182));
#6476=DIRECTION('',(1.,-0.,0.));
#6477=VECTOR('',#6476,2.500475897);
#6478=LINE('',#6475,#6477);
#6479=EDGE_CURVE('',#3551,#3577,#6478,.T.);
#6480=ORIENTED_EDGE('',*,*,#6479,.F.);
#6481=ORIENTED_EDGE('',*,*,#3564,.F.);
#6482=EDGE_LOOP('',(#6473,#6474,#6480,#6481));
#6483=FACE_BOUND('',#6482,.T.);
#6484=ADVANCED_FACE('',(#6483),#6472,.T.);
#6485=CARTESIAN_POINT('',(-37.931178492,46.445871089,2.160146241));
#6486=DIRECTION('',(0.,0.,1.));
#6487=DIRECTION('',(-1.,0.,0.));
#6488=AXIS2_PLACEMENT_3D('',#6485,#6486,#6487);
#6489=PLANE('',#6488);
#6490=ORIENTED_EDGE('',*,*,#3612,.F.);
#6491=ORIENTED_EDGE('',*,*,#1171,.T.);
#6492=ORIENTED_EDGE('',*,*,#3636,.T.);
#6493=CARTESIAN_POINT('',(17.127066722,44.445871089,2.160146241));
#6494=DIRECTION('',(-1.,0.,0.));
#6495=VECTOR('',#6494,2.500475897);
#6496=LINE('',#6493,#6495);
#6497=EDGE_CURVE('',#3599,#3625,#6496,.T.);
#6498=ORIENTED_EDGE('',*,*,#6497,.F.);
#6499=EDGE_LOOP('',(#6490,#6491,#6492,#6498));
#6500=FACE_BOUND('',#6499,.T.);
#6501=ADVANCED_FACE('',(#6500),#6489,.T.);
#6502=CARTESIAN_POINT('',(-37.931178492,46.445871089,2.160146241));
#6503=DIRECTION('',(0.,0.,1.));
#6504=DIRECTION('',(-1.,0.,0.));
#6505=AXIS2_PLACEMENT_3D('',#6502,#6503,#6504);
#6506=PLANE('',#6505);
#6507=ORIENTED_EDGE('',*,*,#885,.T.);
#6508=ORIENTED_EDGE('',*,*,#3684,.T.);
#6509=CARTESIAN_POINT('',(11.7981637,44.445871089,2.160146241));
#6510=DIRECTION('',(-1.,0.,0.));
#6511=VECTOR('',#6510,2.500475897);
#6512=LINE('',#6509,#6511);
#6513=EDGE_CURVE('',#3647,#3673,#6512,.T.);
#6514=ORIENTED_EDGE('',*,*,#6513,.F.);
#6515=ORIENTED_EDGE('',*,*,#3660,.F.);
#6516=EDGE_LOOP('',(#6507,#6508,#6514,#6515));
#6517=FACE_BOUND('',#6516,.T.);
#6518=ADVANCED_FACE('',(#6517),#6506,.T.);
#6519=CARTESIAN_POINT('',(-37.931178492,46.445871089,2.160146241));
#6520=DIRECTION('',(0.,0.,1.));
#6521=DIRECTION('',(-1.,0.,0.));
#6522=AXIS2_PLACEMENT_3D('',#6519,#6520,#6521);
#6523=PLANE('',#6522);
#6524=ORIENTED_EDGE('',*,*,#1430,.T.);
#6525=CARTESIAN_POINT('',(3.968784781,44.445871089,2.160146241));
#6526=VERTEX_POINT('',#6525);
#6527=CARTESIAN_POINT('',(3.968784781,46.045871089,2.160146241));
#6528=DIRECTION('',(-0.,-1.,0.));
#6529=VECTOR('',#6528,1.6);
#6530=LINE('',#6527,#6529);
#6531=EDGE_CURVE('',#1417,#6526,#6530,.T.);
#6532=ORIENTED_EDGE('',*,*,#6531,.T.);
#6533=CARTESIAN_POINT('',(6.469260678,44.445871089,2.160146241));
#6534=VERTEX_POINT('',#6533);
#6535=CARTESIAN_POINT('',(6.469260678,44.445871089,2.160146241));
#6536=DIRECTION('',(-1.,0.,0.));
#6537=VECTOR('',#6536,2.500475897);
#6538=LINE('',#6535,#6537);
#6539=EDGE_CURVE('',#6534,#6526,#6538,.T.);
#6540=ORIENTED_EDGE('',*,*,#6539,.F.);
#6541=CARTESIAN_POINT('',(6.469260678,46.045871089,2.160146241));
#6542=DIRECTION('',(-0.,-1.,0.));
#6543=VECTOR('',#6542,1.6);
#6544=LINE('',#6541,#6543);
#6545=EDGE_CURVE('',#1425,#6534,#6544,.T.);
#6546=ORIENTED_EDGE('',*,*,#6545,.F.);
#6547=EDGE_LOOP('',(#6524,#6532,#6540,#6546));
#6548=FACE_BOUND('',#6547,.T.);
#6549=ADVANCED_FACE('',(#6548),#6523,.T.);
#6550=CARTESIAN_POINT('',(-40.724987157,46.445871089,49.354394076));
#6551=DIRECTION('',(-0.707106781,-0.,-0.707106781));
#6552=DIRECTION('',(0.707106781,-0.,-0.707106781));
#6553=AXIS2_PLACEMENT_3D('',#6550,#6551,#6552);
#6554=PLANE('',#6553);
#6555=ORIENTED_EDGE('',*,*,#2634,.F.);
#6556=ORIENTED_EDGE('',*,*,#1436,.T.);
#6557=ORIENTED_EDGE('',*,*,#6545,.T.);
#6558=CARTESIAN_POINT('',(4.221185784,44.445871089,4.408221135));
#6559=DIRECTION('',(0.707106781,-0.,-0.707106781));
#6560=VECTOR('',#6559,3.179258004);
#6561=LINE('',#6558,#6560);
#6562=EDGE_CURVE('',#2616,#6534,#6561,.T.);
#6563=ORIENTED_EDGE('',*,*,#6562,.F.);
#6564=EDGE_LOOP('',(#6555,#6556,#6557,#6563));
#6565=FACE_BOUND('',#6564,.T.);
#6566=ADVANCED_FACE('',(#6565),#6554,.T.);
#6567=CARTESIAN_POINT('',(8.933163675,46.445871089,-2.804232654));
#6568=DIRECTION('',(0.707106781,0.,0.707106781));
#6569=DIRECTION('',(-0.707106781,0.,0.707106781));
#6570=AXIS2_PLACEMENT_3D('',#6567,#6568,#6569);
#6571=PLANE('',#6570);
#6572=ORIENTED_EDGE('',*,*,#2627,.F.);
#6573=CARTESIAN_POINT('',(3.968784781,44.445871089,2.160146241));
#6574=DIRECTION('',(-0.707106781,0.,0.707106781));
#6575=VECTOR('',#6574,3.179258004);
#6576=LINE('',#6573,#6575);
#6577=EDGE_CURVE('',#6526,#2614,#6576,.T.);
#6578=ORIENTED_EDGE('',*,*,#6577,.F.);
#6579=ORIENTED_EDGE('',*,*,#6531,.F.);
#6580=ORIENTED_EDGE('',*,*,#1422,.T.);
#6581=EDGE_LOOP('',(#6572,#6578,#6579,#6580));
#6582=FACE_BOUND('',#6581,.T.);
#6583=ADVANCED_FACE('',(#6582),#6571,.T.);
#6584=CARTESIAN_POINT('',(-37.931178492,46.445871089,2.160146241));
#6585=DIRECTION('',(0.,0.,1.));
#6586=DIRECTION('',(-1.,0.,0.));
#6587=AXIS2_PLACEMENT_3D('',#6584,#6585,#6586);
#6588=PLANE('',#6587);
#6589=ORIENTED_EDGE('',*,*,#1396,.T.);
#6590=CARTESIAN_POINT('',(-1.360118242,44.445871089,2.160146241));
#6591=VERTEX_POINT('',#6590);
#6592=CARTESIAN_POINT('',(-1.360118242,46.045871089,2.160146241));
#6593=DIRECTION('',(-0.,-1.,0.));
#6594=VECTOR('',#6593,1.6);
#6595=LINE('',#6592,#6594);
#6596=EDGE_CURVE('',#1383,#6591,#6595,.T.);
#6597=ORIENTED_EDGE('',*,*,#6596,.T.);
#6598=CARTESIAN_POINT('',(1.140357656,44.445871089,2.160146241));
#6599=VERTEX_POINT('',#6598);
#6600=CARTESIAN_POINT('',(1.140357656,44.445871089,2.160146241));
#6601=DIRECTION('',(-1.,0.,0.));
#6602=VECTOR('',#6601,2.500475897);
#6603=LINE('',#6600,#6602);
#6604=EDGE_CURVE('',#6599,#6591,#6603,.T.);
#6605=ORIENTED_EDGE('',*,*,#6604,.F.);
#6606=CARTESIAN_POINT('',(1.140357656,46.045871089,2.160146241));
#6607=DIRECTION('',(-0.,-1.,0.));
#6608=VECTOR('',#6607,1.6);
#6609=LINE('',#6606,#6608);
#6610=EDGE_CURVE('',#1391,#6599,#6609,.T.);
#6611=ORIENTED_EDGE('',*,*,#6610,.F.);
#6612=EDGE_LOOP('',(#6589,#6597,#6605,#6611));
#6613=FACE_BOUND('',#6612,.T.);
#6614=ADVANCED_FACE('',(#6613),#6588,.T.);
#6615=CARTESIAN_POINT('',(-46.05389018,46.445871089,49.354394076));
#6616=DIRECTION('',(-0.707106781,-0.,-0.707106781));
#6617=DIRECTION('',(0.707106781,-0.,-0.707106781));
#6618=AXIS2_PLACEMENT_3D('',#6615,#6616,#6617);
#6619=PLANE('',#6618);
#6620=ORIENTED_EDGE('',*,*,#2603,.F.);
#6621=ORIENTED_EDGE('',*,*,#1402,.T.);
#6622=ORIENTED_EDGE('',*,*,#6610,.T.);
#6623=CARTESIAN_POINT('',(-1.107717238,44.445871089,4.408221135));
#6624=DIRECTION('',(0.707106781,-0.,-0.707106781));
#6625=VECTOR('',#6624,3.179258004);
#6626=LINE('',#6623,#6625);
#6627=EDGE_CURVE('',#2585,#6599,#6626,.T.);
#6628=ORIENTED_EDGE('',*,*,#6627,.F.);
#6629=EDGE_LOOP('',(#6620,#6621,#6622,#6628));
#6630=FACE_BOUND('',#6629,.T.);
#6631=ADVANCED_FACE('',(#6630),#6619,.T.);
#6632=CARTESIAN_POINT('',(3.604260653,46.445871089,-2.804232654));
#6633=DIRECTION('',(0.707106781,0.,0.707106781));
#6634=DIRECTION('',(-0.707106781,0.,0.707106781));
#6635=AXIS2_PLACEMENT_3D('',#6632,#6633,#6634);
#6636=PLANE('',#6635);
#6637=ORIENTED_EDGE('',*,*,#2596,.F.);
#6638=CARTESIAN_POINT('',(-1.360118242,44.445871089,2.160146241));
#6639=DIRECTION('',(-0.707106781,0.,0.707106781));
#6640=VECTOR('',#6639,3.179258004);
#6641=LINE('',#6638,#6640);
#6642=EDGE_CURVE('',#6591,#2583,#6641,.T.);
#6643=ORIENTED_EDGE('',*,*,#6642,.F.);
#6644=ORIENTED_EDGE('',*,*,#6596,.F.);
#6645=ORIENTED_EDGE('',*,*,#1388,.T.);
#6646=EDGE_LOOP('',(#6637,#6643,#6644,#6645));
#6647=FACE_BOUND('',#6646,.T.);
#6648=ADVANCED_FACE('',(#6647),#6636,.T.);
#6649=CARTESIAN_POINT('',(-37.931178492,46.445871089,40.210015182));
#6650=DIRECTION('',(-0.,-1.,0.));
#6651=DIRECTION('',(0.,0.,1.));
#6652=AXIS2_PLACEMENT_3D('',#6649,#6650,#6651);
#6653=CYLINDRICAL_SURFACE('',#6652,4.18);
#6654=ORIENTED_EDGE('',*,*,#3708,.F.);
#6655=ORIENTED_EDGE('',*,*,#1353,.T.);
#6656=ORIENTED_EDGE('',*,*,#3732,.T.);
#6657=CARTESIAN_POINT('',(-37.931178492,44.445871089,40.210015182));
#6658=DIRECTION('',(0.,1.,-0.));
#6659=DIRECTION('',(-0.,-0.,-1.));
#6660=AXIS2_PLACEMENT_3D('',#6657,#6658,#6659);
#6661=CIRCLE('',#6660,4.18);
#6662=EDGE_CURVE('',#3695,#3721,#6661,.T.);
#6663=ORIENTED_EDGE('',*,*,#6662,.F.);
#6664=EDGE_LOOP('',(#6654,#6655,#6656,#6663));
#6665=FACE_BOUND('',#6664,.T.);
#6666=ADVANCED_FACE('',(#6665),#6653,.F.);
#6667=CARTESIAN_POINT('',(37.340831973,45.445871089,30.858500248));
#6668=DIRECTION('',(-0.,-1.,0.));
#6669=DIRECTION('',(0.,0.,1.));
#6670=AXIS2_PLACEMENT_3D('',#6667,#6668,#6669);
#6671=CYLINDRICAL_SURFACE('',#6670,2.5);
#6672=CARTESIAN_POINT('',(37.340831973,45.245871089,33.358500248));
#6673=VERTEX_POINT('',#6672);
#6674=CARTESIAN_POINT('',(37.340831973,45.245871089,33.358500248));
#6675=DIRECTION('',(0.,1.,-0.));
#6676=VECTOR('',#6675,0.8);
#6677=LINE('',#6674,#6676);
#6678=EDGE_CURVE('',#6673,#2262,#6677,.T.);
#6679=ORIENTED_EDGE('',*,*,#6678,.F.);
#6680=CARTESIAN_POINT('',(39.840831973,45.245871089,30.858500248));
#6681=VERTEX_POINT('',#6680);
#6682=CARTESIAN_POINT('',(37.340831973,45.245871089,30.858500248));
#6683=DIRECTION('',(0.,1.,-0.));
#6684=DIRECTION('',(1.,-0.,0.));
#6685=AXIS2_PLACEMENT_3D('',#6682,#6683,#6684);
#6686=CIRCLE('',#6685,2.5);
#6687=EDGE_CURVE('',#6681,#6673,#6686,.T.);
#6688=ORIENTED_EDGE('',*,*,#6687,.F.);
#6689=CARTESIAN_POINT('',(37.340831973,45.245871089,30.858500248));
#6690=DIRECTION('',(0.,1.,-0.));
#6691=DIRECTION('',(1.,-0.,0.));
#6692=AXIS2_PLACEMENT_3D('',#6689,#6690,#6691);
#6693=CIRCLE('',#6692,2.5);
#6694=EDGE_CURVE('',#6673,#6681,#6693,.T.);
#6695=ORIENTED_EDGE('',*,*,#6694,.F.);
#6696=ORIENTED_EDGE('',*,*,#6678,.T.);
#6697=ORIENTED_EDGE('',*,*,#2270,.T.);
#6698=ORIENTED_EDGE('',*,*,#2277,.T.);
#6699=EDGE_LOOP('',(#6679,#6688,#6695,#6696,#6697,#6698));
#6700=FACE_BOUND('',#6699,.T.);
#6701=ADVANCED_FACE('',(#6700),#6671,.F.);
#6702=CARTESIAN_POINT('',(37.340831973,45.245871089,15.821441755));
#6703=DIRECTION('',(-0.,-1.,0.));
#6704=DIRECTION('',(1.,-0.,0.));
#6705=AXIS2_PLACEMENT_3D('',#6702,#6703,#6704);
#6706=PLANE('',#6705);
#6707=ORIENTED_EDGE('',*,*,#362,.T.);
#6708=EDGE_LOOP('',(#6707));
#6709=FACE_BOUND('',#6708,.T.);
#6710=ORIENTED_EDGE('',*,*,#6687,.T.);
#6711=ORIENTED_EDGE('',*,*,#6694,.T.);
#6712=EDGE_LOOP('',(#6710,#6711));
#6713=FACE_BOUND('',#6712,.T.);
#6714=ADVANCED_FACE('',(#6709,#6713),#6706,.F.);
#6715=CARTESIAN_POINT('',(37.340831973,45.445871089,15.821441755));
#6716=DIRECTION('',(-0.,-1.,0.));
#6717=DIRECTION('',(0.,0.,1.));
#6718=AXIS2_PLACEMENT_3D('',#6715,#6716,#6717);
#6719=CYLINDRICAL_SURFACE('',#6718,2.5);
#6720=CARTESIAN_POINT('',(37.340831973,45.245871089,18.321441755));
#6721=VERTEX_POINT('',#6720);
#6722=CARTESIAN_POINT('',(37.340831973,45.245871089,18.321441755));
#6723=DIRECTION('',(0.,1.,-0.));
#6724=VECTOR('',#6723,0.8);
#6725=LINE('',#6722,#6724);
#6726=EDGE_CURVE('',#6721,#2242,#6725,.T.);
#6727=ORIENTED_EDGE('',*,*,#6726,.F.);
#6728=CARTESIAN_POINT('',(39.840831973,45.245871089,15.821441755));
#6729=VERTEX_POINT('',#6728);
#6730=CARTESIAN_POINT('',(37.340831973,45.245871089,15.821441755));
#6731=DIRECTION('',(0.,1.,-0.));
#6732=DIRECTION('',(1.,-0.,0.));
#6733=AXIS2_PLACEMENT_3D('',#6730,#6731,#6732);
#6734=CIRCLE('',#6733,2.5);
#6735=EDGE_CURVE('',#6729,#6721,#6734,.T.);
#6736=ORIENTED_EDGE('',*,*,#6735,.F.);
#6737=CARTESIAN_POINT('',(37.340831973,45.245871089,15.821441755));
#6738=DIRECTION('',(0.,1.,-0.));
#6739=DIRECTION('',(1.,-0.,0.));
#6740=AXIS2_PLACEMENT_3D('',#6737,#6738,#6739);
#6741=CIRCLE('',#6740,2.5);
#6742=EDGE_CURVE('',#6721,#6729,#6741,.T.);
#6743=ORIENTED_EDGE('',*,*,#6742,.F.);
#6744=ORIENTED_EDGE('',*,*,#6726,.T.);
#6745=ORIENTED_EDGE('',*,*,#2250,.T.);
#6746=ORIENTED_EDGE('',*,*,#2257,.T.);
#6747=EDGE_LOOP('',(#6727,#6736,#6743,#6744,#6745,#6746));
#6748=FACE_BOUND('',#6747,.T.);
#6749=ADVANCED_FACE('',(#6748),#6719,.F.);
#6750=CARTESIAN_POINT('',(37.340831973,45.245871089,15.821441755));
#6751=DIRECTION('',(-0.,-1.,0.));
#6752=DIRECTION('',(1.,-0.,0.));
#6753=AXIS2_PLACEMENT_3D('',#6750,#6751,#6752);
#6754=PLANE('',#6753);
#6755=ORIENTED_EDGE('',*,*,#404,.T.);
#6756=EDGE_LOOP('',(#6755));
#6757=FACE_BOUND('',#6756,.T.);
#6758=ORIENTED_EDGE('',*,*,#6735,.T.);
#6759=ORIENTED_EDGE('',*,*,#6742,.T.);
#6760=EDGE_LOOP('',(#6758,#6759));
#6761=FACE_BOUND('',#6760,.T.);
#6762=ADVANCED_FACE('',(#6757,#6761),#6754,.F.);
#6763=CARTESIAN_POINT('',(-37.340831973,45.445871089,30.858500248));
#6764=DIRECTION('',(-0.,-1.,0.));
#6765=DIRECTION('',(-0.,0.,1.));
#6766=AXIS2_PLACEMENT_3D('',#6763,#6764,#6765);
#6767=CYLINDRICAL_SURFACE('',#6766,2.5);
#6768=CARTESIAN_POINT('',(-37.340831973,45.245871089,33.358500248));
#6769=VERTEX_POINT('',#6768);
#6770=CARTESIAN_POINT('',(-37.340831973,45.245871089,33.358500248));
#6771=DIRECTION('',(0.,1.,-0.));
#6772=VECTOR('',#6771,0.8);
#6773=LINE('',#6770,#6772);
#6774=EDGE_CURVE('',#6769,#2224,#6773,.T.);
#6775=ORIENTED_EDGE('',*,*,#6774,.F.);
#6776=CARTESIAN_POINT('',(-34.840831973,45.245871089,30.858500248));
#6777=VERTEX_POINT('',#6776);
#6778=CARTESIAN_POINT('',(-37.340831973,45.245871089,30.858500248));
#6779=DIRECTION('',(0.,-1.,0.));
#6780=DIRECTION('',(1.,0.,0.));
#6781=AXIS2_PLACEMENT_3D('',#6778,#6779,#6780);
#6782=CIRCLE('',#6781,2.5);
#6783=EDGE_CURVE('',#6769,#6777,#6782,.T.);
#6784=ORIENTED_EDGE('',*,*,#6783,.T.);
#6785=CARTESIAN_POINT('',(-37.340831973,45.245871089,30.858500248));
#6786=DIRECTION('',(0.,-1.,0.));
#6787=DIRECTION('',(1.,0.,0.));
#6788=AXIS2_PLACEMENT_3D('',#6785,#6786,#6787);
#6789=CIRCLE('',#6788,2.5);
#6790=EDGE_CURVE('',#6777,#6769,#6789,.T.);
#6791=ORIENTED_EDGE('',*,*,#6790,.T.);
#6792=ORIENTED_EDGE('',*,*,#6774,.T.);
#6793=ORIENTED_EDGE('',*,*,#2230,.F.);
#6794=ORIENTED_EDGE('',*,*,#2237,.F.);
#6795=EDGE_LOOP('',(#6775,#6784,#6791,#6792,#6793,#6794));
#6796=FACE_BOUND('',#6795,.T.);
#6797=ADVANCED_FACE('',(#6796),#6767,.F.);
#6798=CARTESIAN_POINT('',(-37.340831973,45.245871089,15.821441755));
#6799=DIRECTION('',(0.,-1.,0.));
#6800=DIRECTION('',(-1.,-0.,-0.));
#6801=AXIS2_PLACEMENT_3D('',#6798,#6799,#6800);
#6802=PLANE('',#6801);
#6803=ORIENTED_EDGE('',*,*,#320,.T.);
#6804=EDGE_LOOP('',(#6803));
#6805=FACE_BOUND('',#6804,.T.);
#6806=ORIENTED_EDGE('',*,*,#6783,.F.);
#6807=ORIENTED_EDGE('',*,*,#6790,.F.);
#6808=EDGE_LOOP('',(#6806,#6807));
#6809=FACE_BOUND('',#6808,.T.);
#6810=ADVANCED_FACE('',(#6805,#6809),#6802,.F.);
#6811=CARTESIAN_POINT('',(-37.340831973,45.445871089,15.821441755));
#6812=DIRECTION('',(-0.,-1.,0.));
#6813=DIRECTION('',(-0.,0.,1.));
#6814=AXIS2_PLACEMENT_3D('',#6811,#6812,#6813);
#6815=CYLINDRICAL_SURFACE('',#6814,2.5);
#6816=CARTESIAN_POINT('',(-37.340831973,45.245871089,18.321441755));
#6817=VERTEX_POINT('',#6816);
#6818=CARTESIAN_POINT('',(-37.340831973,45.245871089,18.321441755));
#6819=DIRECTION('',(0.,1.,-0.));
#6820=VECTOR('',#6819,0.8);
#6821=LINE('',#6818,#6820);
#6822=EDGE_CURVE('',#6817,#2204,#6821,.T.);
#6823=ORIENTED_EDGE('',*,*,#6822,.F.);
#6824=CARTESIAN_POINT('',(-34.840831973,45.245871089,15.821441755));
#6825=VERTEX_POINT('',#6824);
#6826=CARTESIAN_POINT('',(-37.340831973,45.245871089,15.821441755));
#6827=DIRECTION('',(0.,-1.,0.));
#6828=DIRECTION('',(1.,0.,0.));
#6829=AXIS2_PLACEMENT_3D('',#6826,#6827,#6828);
#6830=CIRCLE('',#6829,2.5);
#6831=EDGE_CURVE('',#6817,#6825,#6830,.T.);
#6832=ORIENTED_EDGE('',*,*,#6831,.T.);
#6833=CARTESIAN_POINT('',(-37.340831973,45.245871089,15.821441755));
#6834=DIRECTION('',(0.,-1.,0.));
#6835=DIRECTION('',(1.,0.,0.));
#6836=AXIS2_PLACEMENT_3D('',#6833,#6834,#6835);
#6837=CIRCLE('',#6836,2.5);
#6838=EDGE_CURVE('',#6825,#6817,#6837,.T.);
#6839=ORIENTED_EDGE('',*,*,#6838,.T.);
#6840=ORIENTED_EDGE('',*,*,#6822,.T.);
#6841=ORIENTED_EDGE('',*,*,#2210,.F.);
#6842=ORIENTED_EDGE('',*,*,#2217,.F.);
#6843=EDGE_LOOP('',(#6823,#6832,#6839,#6840,#6841,#6842));
#6844=FACE_BOUND('',#6843,.T.);
#6845=ADVANCED_FACE('',(#6844),#6815,.F.);
#6846=CARTESIAN_POINT('',(-37.340831973,45.245871089,15.821441755));
#6847=DIRECTION('',(0.,-1.,0.));
#6848=DIRECTION('',(-1.,-0.,-0.));
#6849=AXIS2_PLACEMENT_3D('',#6846,#6847,#6848);
#6850=PLANE('',#6849);
#6851=ORIENTED_EDGE('',*,*,#446,.T.);
#6852=EDGE_LOOP('',(#6851));
#6853=FACE_BOUND('',#6852,.T.);
#6854=ORIENTED_EDGE('',*,*,#6831,.F.);
#6855=ORIENTED_EDGE('',*,*,#6838,.F.);
#6856=EDGE_LOOP('',(#6854,#6855));
#6857=FACE_BOUND('',#6856,.T.);
#6858=ADVANCED_FACE('',(#6853,#6857),#6850,.F.);
#6859=CARTESIAN_POINT('',(-53.258980705,44.445871089,-143.98116638));
#6860=DIRECTION('',(0.,-1.,0.));
#6861=DIRECTION('',(0.,0.,-1.));
#6862=AXIS2_PLACEMENT_3D('',#6859,#6860,#6861);
#6863=PLANE('',#6862);
#6864=ORIENTED_EDGE('',*,*,#3058,.F.);
#6865=ORIENTED_EDGE('',*,*,#3700,.T.);
#6866=ORIENTED_EDGE('',*,*,#6662,.T.);
#6867=ORIENTED_EDGE('',*,*,#3726,.T.);
#6868=ORIENTED_EDGE('',*,*,#2809,.F.);
#6869=EDGE_LOOP('',(#6864,#6865,#6866,#6867,#6868));
#6870=FACE_BOUND('',#6869,.T.);
#6871=ORIENTED_EDGE('',*,*,#3028,.F.);
#6872=ORIENTED_EDGE('',*,*,#3148,.T.);
#6873=ORIENTED_EDGE('',*,*,#6384,.T.);
#6874=ORIENTED_EDGE('',*,*,#6362,.T.);
#6875=ORIENTED_EDGE('',*,*,#3438,.T.);
#6876=EDGE_LOOP('',(#6871,#6872,#6873,#6874,#6875));
#6877=FACE_BOUND('',#6876,.T.);
#6878=ORIENTED_EDGE('',*,*,#2996,.F.);
#6879=ORIENTED_EDGE('',*,*,#3292,.T.);
#6880=ORIENTED_EDGE('',*,*,#5004,.T.);
#6881=ORIENTED_EDGE('',*,*,#3102,.T.);
#6882=EDGE_LOOP('',(#6878,#6879,#6880,#6881));
#6883=FACE_BOUND('',#6882,.T.);
#6884=ORIENTED_EDGE('',*,*,#2964,.F.);
#6885=ORIENTED_EDGE('',*,*,#3220,.T.);
#6886=ORIENTED_EDGE('',*,*,#4762,.T.);
#6887=ORIENTED_EDGE('',*,*,#3198,.T.);
#6888=EDGE_LOOP('',(#6884,#6885,#6886,#6887));
#6889=FACE_BOUND('',#6888,.T.);
#6890=ORIENTED_EDGE('',*,*,#2933,.F.);
#6891=ORIENTED_EDGE('',*,*,#3340,.T.);
#6892=ORIENTED_EDGE('',*,*,#6345,.T.);
#6893=ORIENTED_EDGE('',*,*,#3318,.T.);
#6894=EDGE_LOOP('',(#6890,#6891,#6892,#6893));
#6895=FACE_BOUND('',#6894,.T.);
#6896=ORIENTED_EDGE('',*,*,#2902,.F.);
#6897=ORIENTED_EDGE('',*,*,#3556,.T.);
#6898=ORIENTED_EDGE('',*,*,#6479,.T.);
#6899=ORIENTED_EDGE('',*,*,#3582,.T.);
#6900=EDGE_LOOP('',(#6896,#6897,#6898,#6899));
#6901=FACE_BOUND('',#6900,.T.);
#6902=ORIENTED_EDGE('',*,*,#2871,.F.);
#6903=ORIENTED_EDGE('',*,*,#3508,.T.);
#6904=ORIENTED_EDGE('',*,*,#6463,.T.);
#6905=ORIENTED_EDGE('',*,*,#3534,.T.);
#6906=EDGE_LOOP('',(#6902,#6903,#6904,#6905));
#6907=FACE_BOUND('',#6906,.T.);
#6908=ORIENTED_EDGE('',*,*,#2840,.F.);
#6909=ORIENTED_EDGE('',*,*,#3460,.T.);
#6910=ORIENTED_EDGE('',*,*,#6446,.T.);
#6911=ORIENTED_EDGE('',*,*,#6422,.T.);
#6912=ORIENTED_EDGE('',*,*,#3486,.T.);
#6913=EDGE_LOOP('',(#6908,#6909,#6910,#6911,#6912));
#6914=FACE_BOUND('',#6913,.T.);
#6915=ORIENTED_EDGE('',*,*,#2783,.F.);
#6916=ORIENTED_EDGE('',*,*,#3604,.T.);
#6917=ORIENTED_EDGE('',*,*,#6497,.T.);
#6918=ORIENTED_EDGE('',*,*,#3630,.T.);
#6919=ORIENTED_EDGE('',*,*,#2683,.T.);
#6920=EDGE_LOOP('',(#6915,#6916,#6917,#6918,#6919));
#6921=FACE_BOUND('',#6920,.T.);
#6922=ORIENTED_EDGE('',*,*,#2753,.F.);
#6923=ORIENTED_EDGE('',*,*,#3124,.T.);
#6924=ORIENTED_EDGE('',*,*,#6327,.T.);
#6925=ORIENTED_EDGE('',*,*,#3366,.T.);
#6926=EDGE_LOOP('',(#6922,#6923,#6924,#6925));
#6927=FACE_BOUND('',#6926,.T.);
#6928=ORIENTED_EDGE('',*,*,#305,.T.);
#6929=ORIENTED_EDGE('',*,*,#312,.T.);
#6930=EDGE_LOOP('',(#6928,#6929));
#6931=FACE_BOUND('',#6930,.T.);
#6932=ORIENTED_EDGE('',*,*,#389,.T.);
#6933=ORIENTED_EDGE('',*,*,#396,.T.);
#6934=EDGE_LOOP('',(#6932,#6933));
#6935=FACE_BOUND('',#6934,.T.);
#6936=ORIENTED_EDGE('',*,*,#473,.T.);
#6937=ORIENTED_EDGE('',*,*,#480,.T.);
#6938=EDGE_LOOP('',(#6936,#6937));
#6939=FACE_BOUND('',#6938,.T.);
#6940=ORIENTED_EDGE('',*,*,#787,.T.);
#6941=ORIENTED_EDGE('',*,*,#558,.T.);
#6942=ORIENTED_EDGE('',*,*,#597,.T.);
#6943=ORIENTED_EDGE('',*,*,#629,.T.);
#6944=ORIENTED_EDGE('',*,*,#661,.T.);
#6945=ORIENTED_EDGE('',*,*,#693,.T.);
#6946=ORIENTED_EDGE('',*,*,#725,.T.);
#6947=ORIENTED_EDGE('',*,*,#757,.T.);
#6948=EDGE_LOOP('',(#6940,#6941,#6942,#6943,#6944,#6945,#6946,#6947));
#6949=FACE_BOUND('',#6948,.T.);
#6950=ORIENTED_EDGE('',*,*,#515,.T.);
#6951=ORIENTED_EDGE('',*,*,#522,.T.);
#6952=EDGE_LOOP('',(#6950,#6951));
#6953=FACE_BOUND('',#6952,.T.);
#6954=ORIENTED_EDGE('',*,*,#431,.T.);
#6955=ORIENTED_EDGE('',*,*,#438,.T.);
#6956=EDGE_LOOP('',(#6954,#6955));
#6957=FACE_BOUND('',#6956,.T.);
#6958=ORIENTED_EDGE('',*,*,#347,.T.);
#6959=ORIENTED_EDGE('',*,*,#354,.T.);
#6960=EDGE_LOOP('',(#6958,#6959));
#6961=FACE_BOUND('',#6960,.T.);
#6962=ORIENTED_EDGE('',*,*,#270,.T.);
#6963=ORIENTED_EDGE('',*,*,#41,.T.);
#6964=ORIENTED_EDGE('',*,*,#80,.T.);
#6965=ORIENTED_EDGE('',*,*,#112,.T.);
#6966=ORIENTED_EDGE('',*,*,#144,.T.);
#6967=ORIENTED_EDGE('',*,*,#176,.T.);
#6968=ORIENTED_EDGE('',*,*,#208,.T.);
#6969=ORIENTED_EDGE('',*,*,#240,.T.);
#6970=EDGE_LOOP('',(#6962,#6963,#6964,#6965,#6966,#6967,#6968,#6969));
#6971=FACE_BOUND('',#6970,.T.);
#6972=ORIENTED_EDGE('',*,*,#3781,.T.);
#6973=ORIENTED_EDGE('',*,*,#3750,.T.);
#6974=ORIENTED_EDGE('',*,*,#3850,.T.);
#6975=ORIENTED_EDGE('',*,*,#3827,.T.);
#6976=ORIENTED_EDGE('',*,*,#3805,.T.);
#6977=EDGE_LOOP('',(#6972,#6973,#6974,#6975,#6976));
#6978=FACE_BOUND('',#6977,.T.);
#6979=ORIENTED_EDGE('',*,*,#3924,.T.);
#6980=ORIENTED_EDGE('',*,*,#3902,.T.);
#6981=ORIENTED_EDGE('',*,*,#3878,.T.);
#6982=ORIENTED_EDGE('',*,*,#3946,.T.);
#6983=EDGE_LOOP('',(#6979,#6980,#6981,#6982));
#6984=FACE_BOUND('',#6983,.T.);
#6985=ORIENTED_EDGE('',*,*,#4020,.T.);
#6986=ORIENTED_EDGE('',*,*,#4004,.T.);
#6987=ORIENTED_EDGE('',*,*,#3974,.T.);
#6988=ORIENTED_EDGE('',*,*,#4042,.T.);
#6989=EDGE_LOOP('',(#6985,#6986,#6987,#6988));
#6990=FACE_BOUND('',#6989,.T.);
#6991=ORIENTED_EDGE('',*,*,#4116,.T.);
#6992=ORIENTED_EDGE('',*,*,#4100,.T.);
#6993=ORIENTED_EDGE('',*,*,#4070,.T.);
#6994=ORIENTED_EDGE('',*,*,#4139,.T.);
#6995=EDGE_LOOP('',(#6991,#6992,#6993,#6994));
#6996=FACE_BOUND('',#6995,.T.);
#6997=ORIENTED_EDGE('',*,*,#4214,.T.);
#6998=ORIENTED_EDGE('',*,*,#4189,.T.);
#6999=ORIENTED_EDGE('',*,*,#4167,.T.);
#7000=ORIENTED_EDGE('',*,*,#4238,.T.);
#7001=EDGE_LOOP('',(#6997,#6998,#6999,#7000));
#7002=FACE_BOUND('',#7001,.T.);
#7003=ORIENTED_EDGE('',*,*,#4310,.T.);
#7004=ORIENTED_EDGE('',*,*,#4288,.T.);
#7005=ORIENTED_EDGE('',*,*,#4264,.T.);
#7006=ORIENTED_EDGE('',*,*,#4332,.T.);
#7007=EDGE_LOOP('',(#7003,#7004,#7005,#7006));
#7008=FACE_BOUND('',#7007,.T.);
#7009=ORIENTED_EDGE('',*,*,#4384,.T.);
#7010=ORIENTED_EDGE('',*,*,#4353,.T.);
#7011=ORIENTED_EDGE('',*,*,#4453,.T.);
#7012=ORIENTED_EDGE('',*,*,#4430,.T.);
#7013=ORIENTED_EDGE('',*,*,#4408,.T.);
#7014=EDGE_LOOP('',(#7009,#7010,#7011,#7012,#7013));
#7015=FACE_BOUND('',#7014,.T.);
#7016=ORIENTED_EDGE('',*,*,#4527,.T.);
#7017=ORIENTED_EDGE('',*,*,#4511,.T.);
#7018=ORIENTED_EDGE('',*,*,#4481,.T.);
#7019=ORIENTED_EDGE('',*,*,#4549,.T.);
#7020=EDGE_LOOP('',(#7016,#7017,#7018,#7019));
#7021=FACE_BOUND('',#7020,.T.);
#7022=ORIENTED_EDGE('',*,*,#4624,.T.);
#7023=ORIENTED_EDGE('',*,*,#4601,.T.);
#7024=ORIENTED_EDGE('',*,*,#4570,.T.);
#7025=ORIENTED_EDGE('',*,*,#4649,.T.);
#7026=EDGE_LOOP('',(#7022,#7023,#7024,#7025));
#7027=FACE_BOUND('',#7026,.T.);
#7028=ORIENTED_EDGE('',*,*,#4721,.T.);
#7029=ORIENTED_EDGE('',*,*,#4698,.T.);
#7030=ORIENTED_EDGE('',*,*,#4667,.T.);
#7031=ORIENTED_EDGE('',*,*,#4746,.T.);
#7032=EDGE_LOOP('',(#7028,#7029,#7030,#7031));
#7033=FACE_BOUND('',#7032,.T.);
#7034=ORIENTED_EDGE('',*,*,#4851,.T.);
#7035=ORIENTED_EDGE('',*,*,#4829,.T.);
#7036=ORIENTED_EDGE('',*,*,#4798,.T.);
#7037=ORIENTED_EDGE('',*,*,#4876,.T.);
#7038=EDGE_LOOP('',(#7034,#7035,#7036,#7037));
#7039=FACE_BOUND('',#7038,.T.);
#7040=ORIENTED_EDGE('',*,*,#4948,.T.);
#7041=ORIENTED_EDGE('',*,*,#4923,.T.);
#7042=ORIENTED_EDGE('',*,*,#4894,.T.);
#7043=ORIENTED_EDGE('',*,*,#4972,.T.);
#7044=EDGE_LOOP('',(#7040,#7041,#7042,#7043));
#7045=FACE_BOUND('',#7044,.T.);
#7046=ORIENTED_EDGE('',*,*,#5078,.T.);
#7047=ORIENTED_EDGE('',*,*,#5054,.T.);
#7048=ORIENTED_EDGE('',*,*,#5032,.T.);
#7049=ORIENTED_EDGE('',*,*,#5102,.T.);
#7050=EDGE_LOOP('',(#7046,#7047,#7048,#7049));
#7051=FACE_BOUND('',#7050,.T.);
#7052=ORIENTED_EDGE('',*,*,#5175,.T.);
#7053=ORIENTED_EDGE('',*,*,#5150,.T.);
#7054=ORIENTED_EDGE('',*,*,#5134,.T.);
#7055=ORIENTED_EDGE('',*,*,#5199,.T.);
#7056=EDGE_LOOP('',(#7052,#7053,#7054,#7055));
#7057=FACE_BOUND('',#7056,.T.);
#7058=ORIENTED_EDGE('',*,*,#5272,.T.);
#7059=ORIENTED_EDGE('',*,*,#5247,.T.);
#7060=ORIENTED_EDGE('',*,*,#5231,.T.);
#7061=ORIENTED_EDGE('',*,*,#5296,.T.);
#7062=EDGE_LOOP('',(#7058,#7059,#7060,#7061));
#7063=FACE_BOUND('',#7062,.T.);
#7064=ORIENTED_EDGE('',*,*,#5376,.T.);
#7065=ORIENTED_EDGE('',*,*,#5344,.T.);
#7066=ORIENTED_EDGE('',*,*,#5328,.T.);
#7067=ORIENTED_EDGE('',*,*,#5392,.T.);
#7068=EDGE_LOOP('',(#7064,#7065,#7066,#7067));
#7069=FACE_BOUND('',#7068,.T.);
#7070=ORIENTED_EDGE('',*,*,#5465,.T.);
#7071=ORIENTED_EDGE('',*,*,#5440,.T.);
#7072=ORIENTED_EDGE('',*,*,#5411,.T.);
#7073=ORIENTED_EDGE('',*,*,#5489,.T.);
#7074=EDGE_LOOP('',(#7070,#7071,#7072,#7073));
#7075=FACE_BOUND('',#7074,.T.);
#7076=ORIENTED_EDGE('',*,*,#5570,.T.);
#7077=ORIENTED_EDGE('',*,*,#5539,.T.);
#7078=ORIENTED_EDGE('',*,*,#5508,.T.);
#7079=ORIENTED_EDGE('',*,*,#5610,.T.);
#7080=ORIENTED_EDGE('',*,*,#5586,.T.);
#7081=EDGE_LOOP('',(#7076,#7077,#7078,#7079,#7080));
#7082=FACE_BOUND('',#7081,.T.);
#7083=ORIENTED_EDGE('',*,*,#5683,.T.);
#7084=ORIENTED_EDGE('',*,*,#5658,.T.);
#7085=ORIENTED_EDGE('',*,*,#5642,.T.);
#7086=ORIENTED_EDGE('',*,*,#5731,.T.);
#7087=ORIENTED_EDGE('',*,*,#5707,.T.);
#7088=EDGE_LOOP('',(#7083,#7084,#7085,#7086,#7087));
#7089=FACE_BOUND('',#7088,.T.);
#7090=ORIENTED_EDGE('',*,*,#5803,.T.);
#7091=ORIENTED_EDGE('',*,*,#5779,.T.);
#7092=ORIENTED_EDGE('',*,*,#5763,.T.);
#7093=ORIENTED_EDGE('',*,*,#5827,.T.);
#7094=EDGE_LOOP('',(#7090,#7091,#7092,#7093));
#7095=FACE_BOUND('',#7094,.T.);
#7096=ORIENTED_EDGE('',*,*,#5899,.T.);
#7097=ORIENTED_EDGE('',*,*,#5875,.T.);
#7098=ORIENTED_EDGE('',*,*,#5853,.T.);
#7099=ORIENTED_EDGE('',*,*,#5923,.T.);
#7100=EDGE_LOOP('',(#7096,#7097,#7098,#7099));
#7101=FACE_BOUND('',#7100,.T.);
#7102=ORIENTED_EDGE('',*,*,#5996,.T.);
#7103=ORIENTED_EDGE('',*,*,#5971,.T.);
#7104=ORIENTED_EDGE('',*,*,#5955,.T.);
#7105=ORIENTED_EDGE('',*,*,#6020,.T.);
#7106=EDGE_LOOP('',(#7102,#7103,#7104,#7105));
#7107=FACE_BOUND('',#7106,.T.);
#7108=ORIENTED_EDGE('',*,*,#6093,.T.);
#7109=ORIENTED_EDGE('',*,*,#6068,.T.);
#7110=ORIENTED_EDGE('',*,*,#6052,.T.);
#7111=ORIENTED_EDGE('',*,*,#6117,.T.);
#7112=EDGE_LOOP('',(#7108,#7109,#7110,#7111));
#7113=FACE_BOUND('',#7112,.T.);
#7114=ORIENTED_EDGE('',*,*,#6191,.T.);
#7115=ORIENTED_EDGE('',*,*,#6165,.T.);
#7116=ORIENTED_EDGE('',*,*,#6149,.T.);
#7117=ORIENTED_EDGE('',*,*,#6213,.T.);
#7118=EDGE_LOOP('',(#7114,#7115,#7116,#7117));
#7119=FACE_BOUND('',#7118,.T.);
#7120=ORIENTED_EDGE('',*,*,#6294,.T.);
#7121=ORIENTED_EDGE('',*,*,#6262,.T.);
#7122=ORIENTED_EDGE('',*,*,#6240,.T.);
#7123=ORIENTED_EDGE('',*,*,#6310,.T.);
#7124=EDGE_LOOP('',(#7120,#7121,#7122,#7123));
#7125=FACE_BOUND('',#7124,.T.);
#7126=ORIENTED_EDGE('',*,*,#2528,.T.);
#7127=ORIENTED_EDGE('',*,*,#3244,.T.);
#7128=ORIENTED_EDGE('',*,*,#4989,.T.);
#7129=ORIENTED_EDGE('',*,*,#3270,.T.);
#7130=EDGE_LOOP('',(#7126,#7127,#7128,#7129));
#7131=FACE_BOUND('',#7130,.T.);
#7132=ORIENTED_EDGE('',*,*,#6404,.T.);
#7133=ORIENTED_EDGE('',*,*,#3390,.T.);
#7134=ORIENTED_EDGE('',*,*,#2559,.T.);
#7135=ORIENTED_EDGE('',*,*,#3412,.T.);
#7136=EDGE_LOOP('',(#7132,#7133,#7134,#7135));
#7137=FACE_BOUND('',#7136,.T.);
#7138=ORIENTED_EDGE('',*,*,#6513,.T.);
#7139=ORIENTED_EDGE('',*,*,#3678,.T.);
#7140=ORIENTED_EDGE('',*,*,#2652,.T.);
#7141=ORIENTED_EDGE('',*,*,#3652,.T.);
#7142=EDGE_LOOP('',(#7138,#7139,#7140,#7141));
#7143=FACE_BOUND('',#7142,.T.);
#7144=ORIENTED_EDGE('',*,*,#6539,.T.);
#7145=ORIENTED_EDGE('',*,*,#6577,.T.);
#7146=ORIENTED_EDGE('',*,*,#2621,.T.);
#7147=ORIENTED_EDGE('',*,*,#6562,.T.);
#7148=EDGE_LOOP('',(#7144,#7145,#7146,#7147));
#7149=FACE_BOUND('',#7148,.T.);
#7150=ORIENTED_EDGE('',*,*,#6604,.T.);
#7151=ORIENTED_EDGE('',*,*,#6642,.T.);
#7152=ORIENTED_EDGE('',*,*,#2590,.T.);
#7153=ORIENTED_EDGE('',*,*,#6627,.T.);
#7154=EDGE_LOOP('',(#7150,#7151,#7152,#7153));
#7155=FACE_BOUND('',#7154,.T.);
#7156=ORIENTED_EDGE('',*,*,#3172,.T.);
#7157=ORIENTED_EDGE('',*,*,#4780,.T.);
#7158=ORIENTED_EDGE('',*,*,#3078,.T.);
#7159=ORIENTED_EDGE('',*,*,#2721,.F.);
#7160=EDGE_LOOP('',(#7156,#7157,#7158,#7159));
#7161=FACE_BOUND('',#7160,.T.);
#7162=ADVANCED_FACE('',(#6870,#6877,#6883,#6889,#6895,#6901,#6907,#6914,#6921,#6927,#6931,#6935,#6939,#6949,#6953,#6957,#6961,#6971,#6978,#6984,#6990,#6996,#7002,#7008,#7015,#7021,
#7027,#7033,#7039,#7045,#7051,#7057,#7063,#7069,#7075,#7082,#7089,#7095,#7101,#7107,#7113,#7119,#7125,#7131,#7137,#7143,#7149,#7155,#7161),#6863,.T.);
#7163=CLOSED_SHELL('',(#68,#99,#132,#163,#196,#227,#260,#282,#324,#366,#408,#450,#492,#543,#585,#616,#649,#680,#713,#744,#777,#799,#2427,#2456,#2475,#2496,
#2514,#2545,#2576,#2607,#2638,#2669,#2700,#2732,#2764,#2789,#2820,#2851,#2882,#2913,#2944,#2975,#3007,#3039,#3064,#3088,#3112,#3136,#3160,#3184,#3208,
#3232,#3256,#3280,#3304,#3328,#3352,#3376,#3400,#3424,#3448,#3472,#3496,#3520,#3544,#3568,#3592,#3616,#3640,#3664,#3688,#3712,#3736,#3767,#3791,#3815,
#3839,#3857,#3888,#3912,#3936,#3953,#3984,#4008,#4032,#4049,#4080,#4104,#4128,#4146,#4177,#4201,#4226,#4243,#4274,#4298,#4322,#4339,#4370,#4394,#4418,
#4442,#4460,#4491,#4515,#4539,#4556,#4587,#4611,#4636,#4653,#4684,#4708,#4733,#4750,#4767,#4784,#4815,#4839,#4863,#4880,#4911,#4935,#4960,#4977,#4994,
#5011,#5042,#5066,#5090,#5107,#5138,#5162,#5187,#5204,#5235,#5259,#5284,#5301,#5332,#5356,#5380,#5397,#5428,#5452,#5477,#5494,#5525,#5549,#5574,#5598,
#5615,#5646,#5670,#5695,#5719,#5736,#5767,#5791,#5815,#5832,#5863,#5887,#5911,#5928,#5959,#5983,#6008,#6025,#6056,#6080,#6105,#6122,#6153,#6177,#6201,
#6218,#6250,#6274,#6298,#6315,#6332,#6349,#6374,#6391,#6408,#6432,#6450,#6467,#6484,#6501,#6518,#6549,#6566,#6583,#6614,#6631,#6648,#6666,#6701,#6714,
#6749,#6762,#6797,#6810,#6845,#6858,#7162));
#7164=MANIFOLD_SOLID_BREP('BK_PANEL_GRID',#7163);
#26=STYLED_ITEM('',(),#7164);
#16=SHAPE_REPRESENTATION('root',(#15),#10);
#17=ADVANCED_BREP_SHAPE_REPRESENTATION('root',(#7164),#10);
#7172=SHAPE_REPRESENTATION_RELATIONSHIP('','',#16,#17);
#7173=APPLICATION_CONTEXT('configuration controlled 3D design of mechanical parts and assemblies');
#7174=APPLICATION_PROTOCOL_DEFINITION('international standard','configuration_control_3d_design_ed2_mim',2004,#7173);
#7175=PRODUCT_CONTEXT('',#7173,'mechanical');
#7176=PRODUCT_DEFINITION_CONTEXT('part definition',#7173,'design');
#24=PRODUCT('root','root','',(#7175));
#7177=PRODUCT_RELATED_PRODUCT_CATEGORY('part','',(#24));
#7178=PRODUCT_DEFINITION_FORMATION_WITH_SPECIFIED_SOURCE('','',#24,.NOT_KNOWN.);
#25=PRODUCT_DEFINITION('design','',#7178,#7176);
#23=PRODUCT_DEFINITION_SHAPE('','',#25);
#7179=SHAPE_DEFINITION_REPRESENTATION(#23,#16);
#11=DRAUGHTING_MODEL('',(),#10);
#1=MECHANICAL_DESIGN_GEOMETRIC_PRESENTATION_REPRESENTATION('',(#26),#10);
ENDSEC;
END-ISO-10303-21;
