ISO-10303-21;
HEADER;

/* File generated by HOOPS Exchange Version 24.2.0 */

FILE_DESCRIPTION(('HOOPS Exchange Step'),'2;1');

FILE_NAME('D:\\downloads\\captioncast\\captioncast\\enclosure\\exports\\v1\\CASE_OLED.stp',
'2026-06-22T23:15:15+06:-30',
('sushi'),
('Unknown organisation'),
'HOOPS Exchange 2024.2',
'HOOPS Exchange',
'Unknown authorisation');

FILE_SCHEMA( ('AP203_CONFIGURATION_CONTROLLED_3D_DESIGN_OF_MECHANICAL_PARTS_AND_ASSEMBLIES_MIM_LF') );

ENDSEC;

DATA;
#3=(NAMED_UNIT(*)PLANE_ANGLE_UNIT()SI_UNIT($,.RADIAN.));
#4=PLANE_ANGLE_MEASURE_WITH_UNIT(PLANE_ANGLE_MEASURE(0.0174532925),#3);
#5=(CONVERSION_BASED_UNIT('DEGREE',#4)NAMED_UNIT(#6)PLANE_ANGLE_UNIT());
#6=DIMENSIONAL_EXPONENTS(0.,0.,0.,0.,0.,0.,0.);
#7=(NAMED_UNIT(*)SI_UNIT($,.STERADIAN.)SOLID_ANGLE_UNIT());
#8=(LENGTH_UNIT()NAMED_UNIT(*)SI_UNIT(.MILLI.,.METRE.));
#9=UNCERTAINTY_MEASURE_WITH_UNIT(LENGTH_MEASURE(1.000000E-05),#8,'DISTANCE_ACCURACY_VALUE','Maximum Tolerance applied to model');
#10=(GEOMETRIC_REPRESENTATION_CONTEXT(3)GLOBAL_UNCERTAINTY_ASSIGNED_CONTEXT((#9))GLOBAL_UNIT_ASSIGNED_CONTEXT((#8,#5,#7))REPRESENTATION_CONTEXT('','root'));
#12=CARTESIAN_POINT('',(0.,0.,0.));
#13=DIRECTION('',(0.,0.,1.));
#14=DIRECTION('',(1.,0.,0.));
#15=AXIS2_PLACEMENT_3D('',#12,#13,#14);
#27=CARTESIAN_POINT('',(42.931178492,5.921474676,11.340146241));
#28=DIRECTION('',(0.,0.,1.));
#29=DIRECTION('',(0.,-1.,0.));
#30=AXIS2_PLACEMENT_3D('',#27,#28,#29);
#31=PLANE('',#30);
#32=CARTESIAN_POINT('',(37.931178492,3.921474676,11.340146241));
#33=VERTEX_POINT('',#32);
#34=CARTESIAN_POINT('',(32.931178492,3.921474676,11.340146241));
#35=VERTEX_POINT('',#34);
#36=CARTESIAN_POINT('',(37.931178492,3.921474676,11.340146241));
#37=DIRECTION('',(-1.,0.,0.));
#38=VECTOR('',#37,5.);
#39=LINE('',#36,#38);
#40=EDGE_CURVE('',#33,#35,#39,.T.);
#41=ORIENTED_EDGE('',*,*,#40,.F.);
#42=CARTESIAN_POINT('',(37.931178492,5.922869787,11.340146241));
#43=VERTEX_POINT('',#42);
#44=CARTESIAN_POINT('',(37.931178492,3.921474676,11.340146241));
#45=DIRECTION('',(-0.,1.,-0.));
#46=VECTOR('',#45,2.001395111);
#47=LINE('',#44,#46);
#48=EDGE_CURVE('',#33,#43,#47,.T.);
#49=ORIENTED_EDGE('',*,*,#48,.T.);
#50=CARTESIAN_POINT('',(36.59165426,6.507261114,11.340146241));
#51=VERTEX_POINT('',#50);
#52=CARTESIAN_POINT('',(38.005867823,7.921474676,11.340146241));
#53=DIRECTION('',(-0.,-0.,-1.));
#54=DIRECTION('',(0.,-1.,0.));
#55=AXIS2_PLACEMENT_3D('',#52,#53,#54);
#56=CIRCLE('',#55,2.);
#57=EDGE_CURVE('',#43,#51,#56,.T.);
#58=ORIENTED_EDGE('',*,*,#57,.T.);
#59=CARTESIAN_POINT('',(33.516964929,9.581950445,11.340146241));
#60=VERTEX_POINT('',#59);
#61=CARTESIAN_POINT('',(36.59165426,6.507261114,11.340146241));
#62=DIRECTION('',(-0.707106781,0.707106781,-0.));
#63=VECTOR('',#62,4.348267352);
#64=LINE('',#61,#63);
#65=EDGE_CURVE('',#51,#60,#64,.T.);
#66=ORIENTED_EDGE('',*,*,#65,.T.);
#67=CARTESIAN_POINT('',(32.931178492,10.996164007,11.340146241));
#68=VERTEX_POINT('',#67);
#69=CARTESIAN_POINT('',(34.931178492,10.996164007,11.340146241));
#70=DIRECTION('',(-0.,-0.,-1.));
#71=DIRECTION('',(0.,-1.,0.));
#72=AXIS2_PLACEMENT_3D('',#69,#70,#71);
#73=CIRCLE('',#72,2.);
#74=EDGE_CURVE('',#60,#68,#73,.T.);
#75=ORIENTED_EDGE('',*,*,#74,.T.);
#76=CARTESIAN_POINT('',(32.931178492,10.996164007,11.340146241));
#77=DIRECTION('',(0.,-1.,0.));
#78=VECTOR('',#77,7.074689331);
#79=LINE('',#76,#78);
#80=EDGE_CURVE('',#68,#35,#79,.T.);
#81=ORIENTED_EDGE('',*,*,#80,.T.);
#82=EDGE_LOOP('',(#41,#49,#58,#66,#75,#81));
#83=FACE_BOUND('',#82,.T.);
#84=ADVANCED_FACE('',(#83),#31,.T.);
#85=CARTESIAN_POINT('',(32.931178492,5.921474676,1.340146241));
#86=DIRECTION('',(0.,-0.,-1.));
#87=DIRECTION('',(0.,1.,-0.));
#88=AXIS2_PLACEMENT_3D('',#85,#86,#87);
#89=PLANE('',#88);
#90=CARTESIAN_POINT('',(32.931178492,10.996164007,1.340146241));
#91=VERTEX_POINT('',#90);
#92=CARTESIAN_POINT('',(32.931178492,12.478643654,1.340146241));
#93=VERTEX_POINT('',#92);
#94=CARTESIAN_POINT('',(32.931178492,10.996164007,1.340146241));
#95=DIRECTION('',(0.,1.,-0.));
#96=VECTOR('',#95,1.482479647);
#97=LINE('',#94,#96);
#98=EDGE_CURVE('',#91,#93,#97,.T.);
#99=ORIENTED_EDGE('',*,*,#98,.F.);
#100=CARTESIAN_POINT('',(33.516964929,9.581950445,1.340146241));
#101=VERTEX_POINT('',#100);
#102=CARTESIAN_POINT('',(34.931178492,10.996164007,1.340146241));
#103=DIRECTION('',(-0.,0.,1.));
#104=DIRECTION('',(0.,1.,-0.));
#105=AXIS2_PLACEMENT_3D('',#102,#103,#104);
#106=CIRCLE('',#105,2.);
#107=EDGE_CURVE('',#91,#101,#106,.T.);
#108=ORIENTED_EDGE('',*,*,#107,.T.);
#109=CARTESIAN_POINT('',(36.59165426,6.507261114,1.340146241));
#110=VERTEX_POINT('',#109);
#111=CARTESIAN_POINT('',(33.516964929,9.581950445,1.340146241));
#112=DIRECTION('',(0.707106781,-0.707106781,0.));
#113=VECTOR('',#112,4.348267352);
#114=LINE('',#111,#113);
#115=EDGE_CURVE('',#101,#110,#114,.T.);
#116=ORIENTED_EDGE('',*,*,#115,.T.);
#117=CARTESIAN_POINT('',(37.931178492,5.922869787,1.340146241));
#118=VERTEX_POINT('',#117);
#119=CARTESIAN_POINT('',(38.005867823,7.921474676,1.340146241));
#120=DIRECTION('',(-0.,0.,1.));
#121=DIRECTION('',(0.,1.,-0.));
#122=AXIS2_PLACEMENT_3D('',#119,#120,#121);
#123=CIRCLE('',#122,2.);
#124=EDGE_CURVE('',#110,#118,#123,.T.);
#125=ORIENTED_EDGE('',*,*,#124,.T.);
#126=CARTESIAN_POINT('',(37.931178492,3.921474676,1.340146241));
#127=VERTEX_POINT('',#126);
#128=CARTESIAN_POINT('',(37.931178492,5.922869787,1.340146241));
#129=DIRECTION('',(0.,-1.,0.));
#130=VECTOR('',#129,2.001395111);
#131=LINE('',#128,#130);
#132=EDGE_CURVE('',#118,#127,#131,.T.);
#133=ORIENTED_EDGE('',*,*,#132,.T.);
#134=CARTESIAN_POINT('',(-37.931178492,3.921474676,1.340146241));
#135=VERTEX_POINT('',#134);
#136=CARTESIAN_POINT('',(-37.931178492,3.921474676,1.340146241));
#137=DIRECTION('',(1.,0.,-0.));
#138=VECTOR('',#137,75.862356984);
#139=LINE('',#136,#138);
#140=EDGE_CURVE('',#135,#127,#139,.T.);
#141=ORIENTED_EDGE('',*,*,#140,.F.);
#142=CARTESIAN_POINT('',(-37.931178492,5.922869787,1.340146241));
#143=VERTEX_POINT('',#142);
#144=CARTESIAN_POINT('',(-37.931178492,5.922869787,1.340146241));
#145=DIRECTION('',(-0.,-1.,0.));
#146=VECTOR('',#145,2.001395111);
#147=LINE('',#144,#146);
#148=EDGE_CURVE('',#143,#135,#147,.T.);
#149=ORIENTED_EDGE('',*,*,#148,.F.);
#150=CARTESIAN_POINT('',(-36.59165426,6.507261114,1.340146241));
#151=VERTEX_POINT('',#150);
#152=CARTESIAN_POINT('',(-38.005867823,7.921474676,1.340146241));
#153=DIRECTION('',(-0.,0.,1.));
#154=DIRECTION('',(0.,1.,-0.));
#155=AXIS2_PLACEMENT_3D('',#152,#153,#154);
#156=CIRCLE('',#155,2.);
#157=EDGE_CURVE('',#143,#151,#156,.T.);
#158=ORIENTED_EDGE('',*,*,#157,.T.);
#159=CARTESIAN_POINT('',(-33.516964929,9.581950445,1.340146241));
#160=VERTEX_POINT('',#159);
#161=CARTESIAN_POINT('',(-36.59165426,6.507261114,1.340146241));
#162=DIRECTION('',(0.707106781,0.707106781,-0.));
#163=VECTOR('',#162,4.348267352);
#164=LINE('',#161,#163);
#165=EDGE_CURVE('',#151,#160,#164,.T.);
#166=ORIENTED_EDGE('',*,*,#165,.T.);
#167=CARTESIAN_POINT('',(-32.931178492,10.996164007,1.340146241));
#168=VERTEX_POINT('',#167);
#169=CARTESIAN_POINT('',(-34.931178492,10.996164007,1.340146241));
#170=DIRECTION('',(-0.,0.,1.));
#171=DIRECTION('',(0.,1.,-0.));
#172=AXIS2_PLACEMENT_3D('',#169,#170,#171);
#173=CIRCLE('',#172,2.);
#174=EDGE_CURVE('',#160,#168,#173,.T.);
#175=ORIENTED_EDGE('',*,*,#174,.T.);
#176=CARTESIAN_POINT('',(-32.931178492,12.478643654,1.340146241));
#177=VERTEX_POINT('',#176);
#178=CARTESIAN_POINT('',(-32.931178492,10.996164007,1.340146241));
#179=DIRECTION('',(0.,1.,-0.));
#180=VECTOR('',#179,1.482479647);
#181=LINE('',#178,#180);
#182=EDGE_CURVE('',#168,#177,#181,.T.);
#183=ORIENTED_EDGE('',*,*,#182,.T.);
#184=CARTESIAN_POINT('',(-32.931178492,12.478643654,1.340146241));
#185=DIRECTION('',(1.,0.,-0.));
#186=VECTOR('',#185,65.862356984);
#187=LINE('',#184,#186);
#188=EDGE_CURVE('',#177,#93,#187,.T.);
#189=ORIENTED_EDGE('',*,*,#188,.T.);
#190=EDGE_LOOP('',(#99,#108,#116,#125,#133,#141,#149,#158,#166,#175,#183,#189));
#191=FACE_BOUND('',#190,.T.);
#192=ADVANCED_FACE('',(#191),#89,.T.);
#193=CARTESIAN_POINT('',(37.931178492,5.921474676,6.340146241));
#194=DIRECTION('',(0.,-1.,0.));
#195=DIRECTION('',(1.,0.,0.));
#196=AXIS2_PLACEMENT_3D('',#193,#194,#195);
#197=PLANE('',#196);
#198=CARTESIAN_POINT('',(42.931178492,5.921474676,6.340146241));
#199=VERTEX_POINT('',#198);
#200=CARTESIAN_POINT('',(38.005867823,5.921474676,1.340704122));
#201=VERTEX_POINT('',#200);
#202=CARTESIAN_POINT('',(37.931178492,5.921474676,6.340146241));
#203=DIRECTION('',(-0.,1.,-0.));
#204=DIRECTION('',(1.,0.,0.));
#205=AXIS2_PLACEMENT_3D('',#202,#203,#204);
#206=CIRCLE('',#205,5.);
#207=EDGE_CURVE('',#199,#201,#206,.T.);
#208=ORIENTED_EDGE('',*,*,#207,.T.);
#209=CARTESIAN_POINT('',(38.005867823,5.921474676,3.841262189));
#210=VERTEX_POINT('',#209);
#211=CARTESIAN_POINT('',(38.005867823,5.921474676,1.340704122));
#212=DIRECTION('',(-0.,0.,1.));
#213=VECTOR('',#212,2.500558068);
#214=LINE('',#211,#213);
#215=EDGE_CURVE('',#201,#210,#214,.T.);
#216=ORIENTED_EDGE('',*,*,#215,.T.);
#217=CARTESIAN_POINT('',(38.005867823,5.921474676,8.839030293));
#218=VERTEX_POINT('',#217);
#219=CARTESIAN_POINT('',(37.931178492,5.921474676,6.340146241));
#220=DIRECTION('',(0.,-1.,0.));
#221=DIRECTION('',(-1.,-0.,0.));
#222=AXIS2_PLACEMENT_3D('',#219,#220,#221);
#223=CIRCLE('',#222,2.5);
#224=EDGE_CURVE('',#210,#218,#223,.T.);
#225=ORIENTED_EDGE('',*,*,#224,.T.);
#226=CARTESIAN_POINT('',(38.005867823,5.921474676,11.33958836));
#227=VERTEX_POINT('',#226);
#228=CARTESIAN_POINT('',(38.005867823,5.921474676,8.839030293));
#229=DIRECTION('',(-0.,0.,1.));
#230=VECTOR('',#229,2.500558068);
#231=LINE('',#228,#230);
#232=EDGE_CURVE('',#218,#227,#231,.T.);
#233=ORIENTED_EDGE('',*,*,#232,.T.);
#234=CARTESIAN_POINT('',(37.931178492,5.921474676,6.340146241));
#235=DIRECTION('',(-0.,1.,-0.));
#236=DIRECTION('',(1.,0.,0.));
#237=AXIS2_PLACEMENT_3D('',#234,#235,#236);
#238=CIRCLE('',#237,5.);
#239=EDGE_CURVE('',#227,#199,#238,.T.);
#240=ORIENTED_EDGE('',*,*,#239,.T.);
#241=EDGE_LOOP('',(#208,#216,#225,#233,#240));
#242=FACE_BOUND('',#241,.T.);
#243=ADVANCED_FACE('',(#242),#197,.F.);
#244=CARTESIAN_POINT('',(37.931178492,3.921474676,6.340146241));
#245=DIRECTION('',(0.,-1.,0.));
#246=DIRECTION('',(1.,0.,0.));
#247=AXIS2_PLACEMENT_3D('',#244,#245,#246);
#248=PLANE('',#247);
#249=CARTESIAN_POINT('',(39.480975362,3.921474676,6.340146241));
#250=VERTEX_POINT('',#249);
#251=CARTESIAN_POINT('',(37.931178492,3.921474676,6.340146241));
#252=DIRECTION('',(0.,-1.,0.));
#253=DIRECTION('',(1.,0.,0.));
#254=AXIS2_PLACEMENT_3D('',#251,#252,#253);
#255=CIRCLE('',#254,1.54979687);
#256=EDGE_CURVE('',#250,#250,#255,.T.);
#257=ORIENTED_EDGE('',*,*,#256,.F.);
#258=EDGE_LOOP('',(#257));
#259=FACE_BOUND('',#258,.T.);
#260=CARTESIAN_POINT('',(42.931178492,3.921474676,6.340146241));
#261=VERTEX_POINT('',#260);
#262=CARTESIAN_POINT('',(37.931178492,3.921474676,6.340146241));
#263=DIRECTION('',(0.,-1.,0.));
#264=DIRECTION('',(1.,0.,0.));
#265=AXIS2_PLACEMENT_3D('',#262,#263,#264);
#266=CIRCLE('',#265,5.);
#267=EDGE_CURVE('',#127,#261,#266,.T.);
#268=ORIENTED_EDGE('',*,*,#267,.T.);
#269=CARTESIAN_POINT('',(37.931178492,3.921474676,6.340146241));
#270=DIRECTION('',(0.,-1.,0.));
#271=DIRECTION('',(1.,0.,0.));
#272=AXIS2_PLACEMENT_3D('',#269,#270,#271);
#273=CIRCLE('',#272,5.);
#274=EDGE_CURVE('',#261,#33,#273,.T.);
#275=ORIENTED_EDGE('',*,*,#274,.T.);
#276=ORIENTED_EDGE('',*,*,#40,.T.);
#277=CARTESIAN_POINT('',(32.931178492,3.921474676,35.210015182));
#278=VERTEX_POINT('',#277);
#279=CARTESIAN_POINT('',(32.931178492,3.921474676,35.210015182));
#280=DIRECTION('',(0.,-0.,-1.));
#281=VECTOR('',#280,23.869868941);
#282=LINE('',#279,#281);
#283=EDGE_CURVE('',#278,#35,#282,.T.);
#284=ORIENTED_EDGE('',*,*,#283,.F.);
#285=CARTESIAN_POINT('',(37.931178492,3.921474676,35.210015182));
#286=VERTEX_POINT('',#285);
#287=CARTESIAN_POINT('',(32.931178492,3.921474676,35.210015182));
#288=DIRECTION('',(1.,0.,-0.));
#289=VECTOR('',#288,5.);
#290=LINE('',#287,#289);
#291=EDGE_CURVE('',#278,#286,#290,.T.);
#292=ORIENTED_EDGE('',*,*,#291,.T.);
#293=CARTESIAN_POINT('',(42.931178492,3.921474676,40.210015182));
#294=VERTEX_POINT('',#293);
#295=CARTESIAN_POINT('',(37.931178492,3.921474676,40.210015182));
#296=DIRECTION('',(0.,-1.,0.));
#297=DIRECTION('',(1.,0.,0.));
#298=AXIS2_PLACEMENT_3D('',#295,#296,#297);
#299=CIRCLE('',#298,5.);
#300=EDGE_CURVE('',#286,#294,#299,.T.);
#301=ORIENTED_EDGE('',*,*,#300,.T.);
#302=CARTESIAN_POINT('',(37.931178492,3.921474676,45.210015182));
#303=VERTEX_POINT('',#302);
#304=CARTESIAN_POINT('',(37.931178492,3.921474676,40.210015182));
#305=DIRECTION('',(0.,-1.,0.));
#306=DIRECTION('',(1.,0.,0.));
#307=AXIS2_PLACEMENT_3D('',#304,#305,#306);
#308=CIRCLE('',#307,5.);
#309=EDGE_CURVE('',#294,#303,#308,.T.);
#310=ORIENTED_EDGE('',*,*,#309,.T.);
#311=CARTESIAN_POINT('',(-37.931178492,3.921474676,45.210015182));
#312=VERTEX_POINT('',#311);
#313=CARTESIAN_POINT('',(37.931178492,3.921474676,45.210015182));
#314=DIRECTION('',(-1.,0.,0.));
#315=VECTOR('',#314,75.862356984);
#316=LINE('',#313,#315);
#317=EDGE_CURVE('',#303,#312,#316,.T.);
#318=ORIENTED_EDGE('',*,*,#317,.T.);
#319=CARTESIAN_POINT('',(-42.931178492,3.921474676,40.210015182));
#320=VERTEX_POINT('',#319);
#321=CARTESIAN_POINT('',(-37.931178492,3.921474676,40.210015182));
#322=DIRECTION('',(0.,1.,-0.));
#323=DIRECTION('',(-1.,0.,-0.));
#324=AXIS2_PLACEMENT_3D('',#321,#322,#323);
#325=CIRCLE('',#324,5.);
#326=EDGE_CURVE('',#320,#312,#325,.T.);
#327=ORIENTED_EDGE('',*,*,#326,.F.);
#328=CARTESIAN_POINT('',(-37.931178492,3.921474676,35.210015182));
#329=VERTEX_POINT('',#328);
#330=CARTESIAN_POINT('',(-37.931178492,3.921474676,40.210015182));
#331=DIRECTION('',(0.,1.,-0.));
#332=DIRECTION('',(-1.,0.,-0.));
#333=AXIS2_PLACEMENT_3D('',#330,#331,#332);
#334=CIRCLE('',#333,5.);
#335=EDGE_CURVE('',#329,#320,#334,.T.);
#336=ORIENTED_EDGE('',*,*,#335,.F.);
#337=CARTESIAN_POINT('',(-32.931178492,3.921474676,35.210015182));
#338=VERTEX_POINT('',#337);
#339=CARTESIAN_POINT('',(-32.931178492,3.921474676,35.210015182));
#340=DIRECTION('',(-1.,0.,-0.));
#341=VECTOR('',#340,5.);
#342=LINE('',#339,#341);
#343=EDGE_CURVE('',#338,#329,#342,.T.);
#344=ORIENTED_EDGE('',*,*,#343,.F.);
#345=CARTESIAN_POINT('',(-32.931178492,3.921474676,11.340146241));
#346=VERTEX_POINT('',#345);
#347=CARTESIAN_POINT('',(-32.931178492,3.921474676,11.340146241));
#348=DIRECTION('',(0.,0.,1.));
#349=VECTOR('',#348,23.869868941);
#350=LINE('',#347,#349);
#351=EDGE_CURVE('',#346,#338,#350,.T.);
#352=ORIENTED_EDGE('',*,*,#351,.F.);
#353=CARTESIAN_POINT('',(-37.931178492,3.921474676,11.340146241));
#354=VERTEX_POINT('',#353);
#355=CARTESIAN_POINT('',(-37.931178492,3.921474676,11.340146241));
#356=DIRECTION('',(1.,-0.,0.));
#357=VECTOR('',#356,5.);
#358=LINE('',#355,#357);
#359=EDGE_CURVE('',#354,#346,#358,.T.);
#360=ORIENTED_EDGE('',*,*,#359,.F.);
#361=CARTESIAN_POINT('',(-42.931178492,3.921474676,6.340146241));
#362=VERTEX_POINT('',#361);
#363=CARTESIAN_POINT('',(-37.931178492,3.921474676,6.340146241));
#364=DIRECTION('',(0.,1.,-0.));
#365=DIRECTION('',(-1.,0.,-0.));
#366=AXIS2_PLACEMENT_3D('',#363,#364,#365);
#367=CIRCLE('',#366,5.);
#368=EDGE_CURVE('',#362,#354,#367,.T.);
#369=ORIENTED_EDGE('',*,*,#368,.F.);
#370=CARTESIAN_POINT('',(-37.931178492,3.921474676,6.340146241));
#371=DIRECTION('',(0.,1.,-0.));
#372=DIRECTION('',(-1.,0.,-0.));
#373=AXIS2_PLACEMENT_3D('',#370,#371,#372);
#374=CIRCLE('',#373,5.);
#375=EDGE_CURVE('',#135,#362,#374,.T.);
#376=ORIENTED_EDGE('',*,*,#375,.F.);
#377=ORIENTED_EDGE('',*,*,#140,.T.);
#378=EDGE_LOOP('',(#268,#275,#276,#284,#292,#301,#310,#318,#327,#336,#344,#352,#360,#369,#376,#377));
#379=FACE_BOUND('',#378,.T.);
#380=CARTESIAN_POINT('',(39.480975362,3.921474676,40.210015182));
#381=VERTEX_POINT('',#380);
#382=CARTESIAN_POINT('',(37.931178492,3.921474676,40.210015182));
#383=DIRECTION('',(0.,-1.,0.));
#384=DIRECTION('',(1.,0.,0.));
#385=AXIS2_PLACEMENT_3D('',#382,#383,#384);
#386=CIRCLE('',#385,1.54979687);
#387=EDGE_CURVE('',#381,#381,#386,.T.);
#388=ORIENTED_EDGE('',*,*,#387,.F.);
#389=EDGE_LOOP('',(#388));
#390=FACE_BOUND('',#389,.T.);
#391=CARTESIAN_POINT('',(30.931178492,3.921474676,3.340146241));
#392=VERTEX_POINT('',#391);
#393=CARTESIAN_POINT('',(30.931178492,3.921474676,43.210015182));
#394=VERTEX_POINT('',#393);
#395=CARTESIAN_POINT('',(30.931178492,3.921474676,3.340146241));
#396=DIRECTION('',(0.,0.,1.));
#397=VECTOR('',#396,39.869868941);
#398=LINE('',#395,#397);
#399=EDGE_CURVE('',#392,#394,#398,.T.);
#400=ORIENTED_EDGE('',*,*,#399,.F.);
#401=CARTESIAN_POINT('',(-30.931178492,3.921474676,3.340146241));
#402=VERTEX_POINT('',#401);
#403=CARTESIAN_POINT('',(-30.931178492,3.921474676,3.340146241));
#404=DIRECTION('',(1.,0.,-0.));
#405=VECTOR('',#404,61.862356984);
#406=LINE('',#403,#405);
#407=EDGE_CURVE('',#402,#392,#406,.T.);
#408=ORIENTED_EDGE('',*,*,#407,.F.);
#409=CARTESIAN_POINT('',(-30.931178492,3.921474676,43.210015182));
#410=VERTEX_POINT('',#409);
#411=CARTESIAN_POINT('',(-30.931178492,3.921474676,43.210015182));
#412=DIRECTION('',(0.,-0.,-1.));
#413=VECTOR('',#412,39.869868941);
#414=LINE('',#411,#413);
#415=EDGE_CURVE('',#410,#402,#414,.T.);
#416=ORIENTED_EDGE('',*,*,#415,.F.);
#417=CARTESIAN_POINT('',(30.931178492,3.921474676,43.210015182));
#418=DIRECTION('',(-1.,0.,0.));
#419=VECTOR('',#418,61.862356984);
#420=LINE('',#417,#419);
#421=EDGE_CURVE('',#394,#410,#420,.T.);
#422=ORIENTED_EDGE('',*,*,#421,.F.);
#423=EDGE_LOOP('',(#400,#408,#416,#422));
#424=FACE_BOUND('',#423,.T.);
#425=CARTESIAN_POINT('',(-39.480975362,3.921474676,40.210015182));
#426=VERTEX_POINT('',#425);
#427=CARTESIAN_POINT('',(-37.931178492,3.921474676,40.210015182));
#428=DIRECTION('',(0.,1.,-0.));
#429=DIRECTION('',(-1.,0.,-0.));
#430=AXIS2_PLACEMENT_3D('',#427,#428,#429);
#431=CIRCLE('',#430,1.54979687);
#432=EDGE_CURVE('',#426,#426,#431,.T.);
#433=ORIENTED_EDGE('',*,*,#432,.T.);
#434=EDGE_LOOP('',(#433));
#435=FACE_BOUND('',#434,.T.);
#436=CARTESIAN_POINT('',(-39.480975362,3.921474676,6.340146241));
#437=VERTEX_POINT('',#436);
#438=CARTESIAN_POINT('',(-37.931178492,3.921474676,6.340146241));
#439=DIRECTION('',(0.,1.,-0.));
#440=DIRECTION('',(-1.,0.,-0.));
#441=AXIS2_PLACEMENT_3D('',#438,#439,#440);
#442=CIRCLE('',#441,1.54979687);
#443=EDGE_CURVE('',#437,#437,#442,.T.);
#444=ORIENTED_EDGE('',*,*,#443,.T.);
#445=EDGE_LOOP('',(#444));
#446=FACE_BOUND('',#445,.T.);
#447=ADVANCED_FACE('',(#259,#379,#390,#424,#435,#446),#248,.T.);
#448=CARTESIAN_POINT('',(37.931178492,5.921474676,6.340146241));
#449=DIRECTION('',(0.,-1.,0.));
#450=DIRECTION('',(1.,0.,0.));
#451=AXIS2_PLACEMENT_3D('',#448,#449,#450);
#452=CYLINDRICAL_SURFACE('',#451,5.);
#453=ORIENTED_EDGE('',*,*,#132,.F.);
#454=CARTESIAN_POINT('',(37.931178492,5.922869787,1.340146241));
#455=CARTESIAN_POINT('',(37.956067637,5.921939661,1.340146241));
#456=CARTESIAN_POINT('',(37.980964083,5.921474676,1.340332071));
#457=CARTESIAN_POINT('',(38.005867823,5.921474676,1.340704122));
#458=B_SPLINE_CURVE_WITH_KNOTS('',3,(#454,#455,#456,#457),.UNSPECIFIED.,.F.,.F.,(4,4),(0.,0.000074704),.UNSPECIFIED.);
#459=EDGE_CURVE('',#118,#201,#458,.T.);
#460=ORIENTED_EDGE('',*,*,#459,.T.);
#461=ORIENTED_EDGE('',*,*,#207,.F.);
#462=CARTESIAN_POINT('',(42.931178492,3.921474676,6.340146241));
#463=DIRECTION('',(-0.,1.,-0.));
#464=VECTOR('',#463,2.);
#465=LINE('',#462,#464);
#466=EDGE_CURVE('',#261,#199,#465,.T.);
#467=ORIENTED_EDGE('',*,*,#466,.F.);
#468=ORIENTED_EDGE('',*,*,#267,.F.);
#469=EDGE_LOOP('',(#453,#460,#461,#467,#468));
#470=FACE_BOUND('',#469,.T.);
#471=ADVANCED_FACE('',(#470),#452,.T.);
#472=CARTESIAN_POINT('',(37.931178492,5.921474676,6.340146241));
#473=DIRECTION('',(0.,-1.,0.));
#474=DIRECTION('',(1.,0.,0.));
#475=AXIS2_PLACEMENT_3D('',#472,#473,#474);
#476=CYLINDRICAL_SURFACE('',#475,5.);
#477=ORIENTED_EDGE('',*,*,#239,.F.);
#478=CARTESIAN_POINT('',(38.005867823,5.921474676,11.33958836));
#479=CARTESIAN_POINT('',(37.980964083,5.921474676,11.33996041));
#480=CARTESIAN_POINT('',(37.956067637,5.921939661,11.340146241));
#481=CARTESIAN_POINT('',(37.931178492,5.922869787,11.340146241));
#482=B_SPLINE_CURVE_WITH_KNOTS('',3,(#478,#479,#480,#481),.UNSPECIFIED.,.F.,.F.,(4,4),(0.,0.000074704),.UNSPECIFIED.);
#483=EDGE_CURVE('',#227,#43,#482,.T.);
#484=ORIENTED_EDGE('',*,*,#483,.T.);
#485=ORIENTED_EDGE('',*,*,#48,.F.);
#486=ORIENTED_EDGE('',*,*,#274,.F.);
#487=ORIENTED_EDGE('',*,*,#466,.T.);
#488=EDGE_LOOP('',(#477,#484,#485,#486,#487));
#489=FACE_BOUND('',#488,.T.);
#490=ADVANCED_FACE('',(#489),#476,.T.);
#491=CARTESIAN_POINT('',(37.931178492,5.121474676,6.340146241));
#492=DIRECTION('',(0.,1.,-0.));
#493=DIRECTION('',(-1.,0.,0.));
#494=AXIS2_PLACEMENT_3D('',#491,#492,#493);
#495=CYLINDRICAL_SURFACE('',#494,2.5);
#496=CARTESIAN_POINT('',(35.431178492,7.667736882,6.340146241));
#497=VERTEX_POINT('',#496);
#498=CARTESIAN_POINT('',(35.431178492,5.121474676,6.340146241));
#499=VERTEX_POINT('',#498);
#500=CARTESIAN_POINT('',(35.431178492,7.667736882,6.340146241));
#501=DIRECTION('',(-0.,-1.,0.));
#502=VECTOR('',#501,2.546262206);
#503=LINE('',#500,#502);
#504=EDGE_CURVE('',#497,#499,#503,.T.);
#505=ORIENTED_EDGE('',*,*,#504,.F.);
#506=CARTESIAN_POINT('',(36.59165426,6.507261114,8.450993188));
#507=VERTEX_POINT('',#506);
#508=CARTESIAN_POINT('',(37.931178492,5.167736882,6.340146241));
#509=DIRECTION('',(0.707106781,0.707106781,-0.));
#510=DIRECTION('',(-0.707106781,0.707106781,-0.));
#511=AXIS2_PLACEMENT_3D('',#508,#509,#510);
#512=ELLIPSE('',#511,3.535533906,2.5);
#513=EDGE_CURVE('',#497,#507,#512,.T.);
#514=ORIENTED_EDGE('',*,*,#513,.T.);
#515=CARTESIAN_POINT('',(36.59165426,6.507261114,8.450993188));
#516=CARTESIAN_POINT('',(36.680066504,6.41884887,8.507098792));
#517=CARTESIAN_POINT('',(36.776171011,6.339115722,8.560338348));
#518=CARTESIAN_POINT('',(36.88080438,6.267923271,8.608783326));
#519=CARTESIAN_POINT('',(36.985437749,6.19673082,8.657228305));
#520=CARTESIAN_POINT('',(37.100260147,6.133455091,8.701363375));
#521=CARTESIAN_POINT('',(37.220666517,6.082056586,8.737055237));
#522=CARTESIAN_POINT('',(37.341072886,6.030658082,8.772747098));
#523=CARTESIAN_POINT('',(37.466825327,5.990791799,8.800235926));
#524=CARTESIAN_POINT('',(37.59855498,5.963389834,8.817919757));
#525=CARTESIAN_POINT('',(37.730284632,5.93598787,8.835603589));
#526=CARTESIAN_POINT('',(37.868280118,5.921474676,8.843142662));
#527=CARTESIAN_POINT('',(38.005867823,5.921474676,8.839030293));
#528=B_SPLINE_CURVE_WITH_KNOTS('',3,(#515,#516,#517,#518,#519,#520,#521,#522,#523,#524,#525,#526,#527),.UNSPECIFIED.,.F.,.F.,(4,3,3,3,4),(0.,0.000406355,0.00081271,0.001219065,0.00162542),.UNSPECIFIED.);
#529=EDGE_CURVE('',#507,#218,#528,.T.);
#530=ORIENTED_EDGE('',*,*,#529,.T.);
#531=ORIENTED_EDGE('',*,*,#224,.F.);
#532=CARTESIAN_POINT('',(36.59165426,6.507261114,4.229299294));
#533=VERTEX_POINT('',#532);
#534=CARTESIAN_POINT('',(38.005867823,5.921474676,3.841262189));
#535=CARTESIAN_POINT('',(37.868583008,5.921474676,3.837158873));
#536=CARTESIAN_POINT('',(37.734242872,5.93545468,3.84438136));
#537=CARTESIAN_POINT('',(37.602631445,5.96254629,3.861828901));
#538=CARTESIAN_POINT('',(37.471020017,5.9896379,3.879276441));
#539=CARTESIAN_POINT('',(37.341696095,6.030449834,3.907401493));
#540=CARTESIAN_POINT('',(37.221413379,6.081737949,3.943015981));
#541=CARTESIAN_POINT('',(37.101130663,6.133026064,3.978630469));
#542=CARTESIAN_POINT('',(36.98725629,6.195587669,4.022278755));
#543=CARTESIAN_POINT('',(36.881802717,6.267244451,4.071047195));
#544=CARTESIAN_POINT('',(36.776349143,6.338901233,4.119815634));
#545=CARTESIAN_POINT('',(36.679996601,6.418918773,4.17323805));
#546=CARTESIAN_POINT('',(36.59165426,6.507261114,4.229299294));
#547=B_SPLINE_CURVE_WITH_KNOTS('',3,(#534,#535,#536,#537,#538,#539,#540,#541,#542,#543,#544,#545,#546),.UNSPECIFIED.,.F.,.F.,(4,3,3,3,4),(0.,0.000405308,0.000810615,0.001215923,0.00162123),.UNSPECIFIED.);
#548=EDGE_CURVE('',#210,#533,#547,.T.);
#549=ORIENTED_EDGE('',*,*,#548,.T.);
#550=CARTESIAN_POINT('',(37.931178492,5.167736882,6.340146241));
#551=DIRECTION('',(0.707106781,0.707106781,-0.));
#552=DIRECTION('',(-0.707106781,0.707106781,-0.));
#553=AXIS2_PLACEMENT_3D('',#550,#551,#552);
#554=ELLIPSE('',#553,3.535533906,2.5);
#555=EDGE_CURVE('',#533,#497,#554,.T.);
#556=ORIENTED_EDGE('',*,*,#555,.T.);
#557=ORIENTED_EDGE('',*,*,#504,.T.);
#558=CARTESIAN_POINT('',(37.931178492,5.121474676,6.340146241));
#559=DIRECTION('',(0.,-1.,0.));
#560=DIRECTION('',(-1.,-0.,0.));
#561=AXIS2_PLACEMENT_3D('',#558,#559,#560);
#562=CIRCLE('',#561,2.5);
#563=EDGE_CURVE('',#499,#499,#562,.T.);
#564=ORIENTED_EDGE('',*,*,#563,.T.);
#565=EDGE_LOOP('',(#505,#514,#530,#531,#549,#556,#557,#564));
#566=FACE_BOUND('',#565,.T.);
#567=ADVANCED_FACE('',(#566),#495,.F.);
#568=CARTESIAN_POINT('',(-26.937930533,5.121474676,6.340146241));
#569=DIRECTION('',(0.,1.,-0.));
#570=DIRECTION('',(-1.,0.,0.));
#571=AXIS2_PLACEMENT_3D('',#568,#569,#570);
#572=PLANE('',#571);
#573=CARTESIAN_POINT('',(39.480975362,5.121474676,6.340146241));
#574=VERTEX_POINT('',#573);
#575=CARTESIAN_POINT('',(36.381381621,5.121474676,6.340146241));
#576=VERTEX_POINT('',#575);
#577=CARTESIAN_POINT('',(37.931178492,5.121474676,6.340146241));
#578=DIRECTION('',(0.,1.,-0.));
#579=DIRECTION('',(-1.,0.,0.));
#580=AXIS2_PLACEMENT_3D('',#577,#578,#579);
#581=CIRCLE('',#580,1.54979687);
#582=EDGE_CURVE('',#574,#576,#581,.T.);
#583=ORIENTED_EDGE('',*,*,#582,.F.);
#584=CARTESIAN_POINT('',(37.931178492,5.121474676,6.340146241));
#585=DIRECTION('',(0.,1.,-0.));
#586=DIRECTION('',(-1.,0.,0.));
#587=AXIS2_PLACEMENT_3D('',#584,#585,#586);
#588=CIRCLE('',#587,1.54979687);
#589=EDGE_CURVE('',#576,#574,#588,.T.);
#590=ORIENTED_EDGE('',*,*,#589,.F.);
#591=EDGE_LOOP('',(#583,#590));
#592=FACE_BOUND('',#591,.T.);
#593=ORIENTED_EDGE('',*,*,#563,.F.);
#594=EDGE_LOOP('',(#593));
#595=FACE_BOUND('',#594,.T.);
#596=ADVANCED_FACE('',(#592,#595),#572,.T.);
#597=CARTESIAN_POINT('',(37.931178492,21.466856719,6.340146241));
#598=DIRECTION('',(0.,-1.,0.));
#599=DIRECTION('',(1.,0.,-0.));
#600=AXIS2_PLACEMENT_3D('',#597,#598,#599);
#601=CYLINDRICAL_SURFACE('',#600,1.54979687);
#602=CARTESIAN_POINT('',(39.480975362,3.921474676,6.340146241));
#603=DIRECTION('',(-0.,1.,-0.));
#604=VECTOR('',#603,1.2);
#605=LINE('',#602,#604);
#606=EDGE_CURVE('',#250,#574,#605,.T.);
#607=ORIENTED_EDGE('',*,*,#606,.F.);
#608=ORIENTED_EDGE('',*,*,#256,.T.);
#609=ORIENTED_EDGE('',*,*,#606,.T.);
#610=ORIENTED_EDGE('',*,*,#582,.T.);
#611=ORIENTED_EDGE('',*,*,#589,.T.);
#612=EDGE_LOOP('',(#607,#608,#609,#610,#611));
#613=FACE_BOUND('',#612,.T.);
#614=ADVANCED_FACE('',(#613),#601,.F.);
#615=CARTESIAN_POINT('',(42.931178492,5.921474676,45.210015182));
#616=DIRECTION('',(0.,0.,1.));
#617=DIRECTION('',(0.,-1.,0.));
#618=AXIS2_PLACEMENT_3D('',#615,#616,#617);
#619=PLANE('',#618);
#620=ORIENTED_EDGE('',*,*,#317,.F.);
#621=CARTESIAN_POINT('',(37.931178492,5.922869787,45.210015182));
#622=VERTEX_POINT('',#621);
#623=CARTESIAN_POINT('',(37.931178492,3.921474676,45.210015182));
#624=DIRECTION('',(-0.,1.,-0.));
#625=VECTOR('',#624,2.001395111);
#626=LINE('',#623,#625);
#627=EDGE_CURVE('',#303,#622,#626,.T.);
#628=ORIENTED_EDGE('',*,*,#627,.T.);
#629=CARTESIAN_POINT('',(36.59165426,6.507261114,45.210015182));
#630=VERTEX_POINT('',#629);
#631=CARTESIAN_POINT('',(38.005867823,7.921474676,45.210015182));
#632=DIRECTION('',(-0.,-0.,-1.));
#633=DIRECTION('',(0.,-1.,0.));
#634=AXIS2_PLACEMENT_3D('',#631,#632,#633);
#635=CIRCLE('',#634,2.);
#636=EDGE_CURVE('',#622,#630,#635,.T.);
#637=ORIENTED_EDGE('',*,*,#636,.T.);
#638=CARTESIAN_POINT('',(33.516964929,9.581950445,45.210015182));
#639=VERTEX_POINT('',#638);
#640=CARTESIAN_POINT('',(36.59165426,6.507261114,45.210015182));
#641=DIRECTION('',(-0.707106781,0.707106781,-0.));
#642=VECTOR('',#641,4.348267352);
#643=LINE('',#640,#642);
#644=EDGE_CURVE('',#630,#639,#643,.T.);
#645=ORIENTED_EDGE('',*,*,#644,.T.);
#646=CARTESIAN_POINT('',(32.931178492,10.996164007,45.210015182));
#647=VERTEX_POINT('',#646);
#648=CARTESIAN_POINT('',(34.931178492,10.996164007,45.210015182));
#649=DIRECTION('',(-0.,-0.,-1.));
#650=DIRECTION('',(0.,-1.,0.));
#651=AXIS2_PLACEMENT_3D('',#648,#649,#650);
#652=CIRCLE('',#651,2.);
#653=EDGE_CURVE('',#639,#647,#652,.T.);
#654=ORIENTED_EDGE('',*,*,#653,.T.);
#655=CARTESIAN_POINT('',(32.931178492,12.478643654,45.210015182));
#656=VERTEX_POINT('',#655);
#657=CARTESIAN_POINT('',(32.931178492,10.996164007,45.210015182));
#658=DIRECTION('',(0.,1.,-0.));
#659=VECTOR('',#658,1.482479647);
#660=LINE('',#657,#659);
#661=EDGE_CURVE('',#647,#656,#660,.T.);
#662=ORIENTED_EDGE('',*,*,#661,.T.);
#663=CARTESIAN_POINT('',(-32.931178492,12.478643654,45.210015182));
#664=VERTEX_POINT('',#663);
#665=CARTESIAN_POINT('',(32.931178492,12.478643654,45.210015182));
#666=DIRECTION('',(-1.,0.,0.));
#667=VECTOR('',#666,65.862356984);
#668=LINE('',#665,#667);
#669=EDGE_CURVE('',#656,#664,#668,.T.);
#670=ORIENTED_EDGE('',*,*,#669,.T.);
#671=CARTESIAN_POINT('',(-32.931178492,10.996164007,45.210015182));
#672=VERTEX_POINT('',#671);
#673=CARTESIAN_POINT('',(-32.931178492,10.996164007,45.210015182));
#674=DIRECTION('',(0.,1.,-0.));
#675=VECTOR('',#674,1.482479647);
#676=LINE('',#673,#675);
#677=EDGE_CURVE('',#672,#664,#676,.T.);
#678=ORIENTED_EDGE('',*,*,#677,.F.);
#679=CARTESIAN_POINT('',(-33.516964929,9.581950445,45.210015182));
#680=VERTEX_POINT('',#679);
#681=CARTESIAN_POINT('',(-34.931178492,10.996164007,45.210015182));
#682=DIRECTION('',(-0.,-0.,-1.));
#683=DIRECTION('',(0.,-1.,0.));
#684=AXIS2_PLACEMENT_3D('',#681,#682,#683);
#685=CIRCLE('',#684,2.);
#686=EDGE_CURVE('',#672,#680,#685,.T.);
#687=ORIENTED_EDGE('',*,*,#686,.T.);
#688=CARTESIAN_POINT('',(-36.59165426,6.507261114,45.210015182));
#689=VERTEX_POINT('',#688);
#690=CARTESIAN_POINT('',(-33.516964929,9.581950445,45.210015182));
#691=DIRECTION('',(-0.707106781,-0.707106781,0.));
#692=VECTOR('',#691,4.348267352);
#693=LINE('',#690,#692);
#694=EDGE_CURVE('',#680,#689,#693,.T.);
#695=ORIENTED_EDGE('',*,*,#694,.T.);
#696=CARTESIAN_POINT('',(-37.931178492,5.922869787,45.210015182));
#697=VERTEX_POINT('',#696);
#698=CARTESIAN_POINT('',(-38.005867823,7.921474676,45.210015182));
#699=DIRECTION('',(-0.,-0.,-1.));
#700=DIRECTION('',(0.,-1.,0.));
#701=AXIS2_PLACEMENT_3D('',#698,#699,#700);
#702=CIRCLE('',#701,2.);
#703=EDGE_CURVE('',#689,#697,#702,.T.);
#704=ORIENTED_EDGE('',*,*,#703,.T.);
#705=CARTESIAN_POINT('',(-37.931178492,3.921474676,45.210015182));
#706=DIRECTION('',(0.,1.,-0.));
#707=VECTOR('',#706,2.001395111);
#708=LINE('',#705,#707);
#709=EDGE_CURVE('',#312,#697,#708,.T.);
#710=ORIENTED_EDGE('',*,*,#709,.F.);
#711=EDGE_LOOP('',(#620,#628,#637,#645,#654,#662,#670,#678,#687,#695,#704,#710));
#712=FACE_BOUND('',#711,.T.);
#713=ADVANCED_FACE('',(#712),#619,.T.);
#714=CARTESIAN_POINT('',(32.931178492,5.921474676,35.210015182));
#715=DIRECTION('',(0.,-0.,-1.));
#716=DIRECTION('',(0.,1.,-0.));
#717=AXIS2_PLACEMENT_3D('',#714,#715,#716);
#718=PLANE('',#717);
#719=CARTESIAN_POINT('',(32.931178492,10.996164007,35.210015182));
#720=VERTEX_POINT('',#719);
#721=CARTESIAN_POINT('',(32.931178492,10.996164007,35.210015182));
#722=DIRECTION('',(0.,-1.,0.));
#723=VECTOR('',#722,7.074689331);
#724=LINE('',#721,#723);
#725=EDGE_CURVE('',#720,#278,#724,.T.);
#726=ORIENTED_EDGE('',*,*,#725,.F.);
#727=CARTESIAN_POINT('',(33.516964929,9.581950445,35.210015182));
#728=VERTEX_POINT('',#727);
#729=CARTESIAN_POINT('',(34.931178492,10.996164007,35.210015182));
#730=DIRECTION('',(-0.,0.,1.));
#731=DIRECTION('',(0.,1.,-0.));
#732=AXIS2_PLACEMENT_3D('',#729,#730,#731);
#733=CIRCLE('',#732,2.);
#734=EDGE_CURVE('',#720,#728,#733,.T.);
#735=ORIENTED_EDGE('',*,*,#734,.T.);
#736=CARTESIAN_POINT('',(36.59165426,6.507261114,35.210015182));
#737=VERTEX_POINT('',#736);
#738=CARTESIAN_POINT('',(33.516964929,9.581950445,35.210015182));
#739=DIRECTION('',(0.707106781,-0.707106781,0.));
#740=VECTOR('',#739,4.348267352);
#741=LINE('',#738,#740);
#742=EDGE_CURVE('',#728,#737,#741,.T.);
#743=ORIENTED_EDGE('',*,*,#742,.T.);
#744=CARTESIAN_POINT('',(37.931178492,5.922869787,35.210015182));
#745=VERTEX_POINT('',#744);
#746=CARTESIAN_POINT('',(38.005867823,7.921474676,35.210015182));
#747=DIRECTION('',(-0.,0.,1.));
#748=DIRECTION('',(0.,1.,-0.));
#749=AXIS2_PLACEMENT_3D('',#746,#747,#748);
#750=CIRCLE('',#749,2.);
#751=EDGE_CURVE('',#737,#745,#750,.T.);
#752=ORIENTED_EDGE('',*,*,#751,.T.);
#753=CARTESIAN_POINT('',(37.931178492,5.922869787,35.210015182));
#754=DIRECTION('',(0.,-1.,0.));
#755=VECTOR('',#754,2.001395111);
#756=LINE('',#753,#755);
#757=EDGE_CURVE('',#745,#286,#756,.T.);
#758=ORIENTED_EDGE('',*,*,#757,.T.);
#759=ORIENTED_EDGE('',*,*,#291,.F.);
#760=EDGE_LOOP('',(#726,#735,#743,#752,#758,#759));
#761=FACE_BOUND('',#760,.T.);
#762=ADVANCED_FACE('',(#761),#718,.T.);
#763=CARTESIAN_POINT('',(37.931178492,5.921474676,40.210015182));
#764=DIRECTION('',(0.,-1.,0.));
#765=DIRECTION('',(1.,0.,0.));
#766=AXIS2_PLACEMENT_3D('',#763,#764,#765);
#767=PLANE('',#766);
#768=CARTESIAN_POINT('',(38.005867823,5.921474676,37.71113113));
#769=VERTEX_POINT('',#768);
#770=CARTESIAN_POINT('',(38.005867823,5.921474676,42.708899233));
#771=VERTEX_POINT('',#770);
#772=CARTESIAN_POINT('',(37.931178492,5.921474676,40.210015182));
#773=DIRECTION('',(0.,-1.,0.));
#774=DIRECTION('',(-1.,-0.,0.));
#775=AXIS2_PLACEMENT_3D('',#772,#773,#774);
#776=CIRCLE('',#775,2.5);
#777=EDGE_CURVE('',#769,#771,#776,.T.);
#778=ORIENTED_EDGE('',*,*,#777,.T.);
#779=CARTESIAN_POINT('',(38.005867823,5.921474676,45.209457301));
#780=VERTEX_POINT('',#779);
#781=CARTESIAN_POINT('',(38.005867823,5.921474676,42.708899233));
#782=DIRECTION('',(-0.,0.,1.));
#783=VECTOR('',#782,2.500558068);
#784=LINE('',#781,#783);
#785=EDGE_CURVE('',#771,#780,#784,.T.);
#786=ORIENTED_EDGE('',*,*,#785,.T.);
#787=CARTESIAN_POINT('',(42.931178492,5.921474676,40.210015182));
#788=VERTEX_POINT('',#787);
#789=CARTESIAN_POINT('',(37.931178492,5.921474676,40.210015182));
#790=DIRECTION('',(-0.,1.,-0.));
#791=DIRECTION('',(1.,0.,0.));
#792=AXIS2_PLACEMENT_3D('',#789,#790,#791);
#793=CIRCLE('',#792,5.);
#794=EDGE_CURVE('',#780,#788,#793,.T.);
#795=ORIENTED_EDGE('',*,*,#794,.T.);
#796=CARTESIAN_POINT('',(38.005867823,5.921474676,35.210573062));
#797=VERTEX_POINT('',#796);
#798=CARTESIAN_POINT('',(37.931178492,5.921474676,40.210015182));
#799=DIRECTION('',(-0.,1.,-0.));
#800=DIRECTION('',(1.,0.,0.));
#801=AXIS2_PLACEMENT_3D('',#798,#799,#800);
#802=CIRCLE('',#801,5.);
#803=EDGE_CURVE('',#788,#797,#802,.T.);
#804=ORIENTED_EDGE('',*,*,#803,.T.);
#805=CARTESIAN_POINT('',(38.005867823,5.921474676,35.210573062));
#806=DIRECTION('',(-0.,0.,1.));
#807=VECTOR('',#806,2.500558068);
#808=LINE('',#805,#807);
#809=EDGE_CURVE('',#797,#769,#808,.T.);
#810=ORIENTED_EDGE('',*,*,#809,.T.);
#811=EDGE_LOOP('',(#778,#786,#795,#804,#810));
#812=FACE_BOUND('',#811,.T.);
#813=ADVANCED_FACE('',(#812),#767,.F.);
#814=CARTESIAN_POINT('',(37.931178492,5.921474676,40.210015182));
#815=DIRECTION('',(0.,-1.,0.));
#816=DIRECTION('',(1.,0.,0.));
#817=AXIS2_PLACEMENT_3D('',#814,#815,#816);
#818=CYLINDRICAL_SURFACE('',#817,5.);
#819=ORIENTED_EDGE('',*,*,#757,.F.);
#820=CARTESIAN_POINT('',(37.931178492,5.922869787,35.210015182));
#821=CARTESIAN_POINT('',(37.956067637,5.921939661,35.210015182));
#822=CARTESIAN_POINT('',(37.980964083,5.921474676,35.210201012));
#823=CARTESIAN_POINT('',(38.005867823,5.921474676,35.210573062));
#824=B_SPLINE_CURVE_WITH_KNOTS('',3,(#820,#821,#822,#823),.UNSPECIFIED.,.F.,.F.,(4,4),(0.,0.000074704),.UNSPECIFIED.);
#825=EDGE_CURVE('',#745,#797,#824,.T.);
#826=ORIENTED_EDGE('',*,*,#825,.T.);
#827=ORIENTED_EDGE('',*,*,#803,.F.);
#828=CARTESIAN_POINT('',(42.931178492,3.921474676,40.210015182));
#829=DIRECTION('',(-0.,1.,-0.));
#830=VECTOR('',#829,2.);
#831=LINE('',#828,#830);
#832=EDGE_CURVE('',#294,#788,#831,.T.);
#833=ORIENTED_EDGE('',*,*,#832,.F.);
#834=ORIENTED_EDGE('',*,*,#300,.F.);
#835=EDGE_LOOP('',(#819,#826,#827,#833,#834));
#836=FACE_BOUND('',#835,.T.);
#837=ADVANCED_FACE('',(#836),#818,.T.);
#838=CARTESIAN_POINT('',(37.931178492,5.921474676,40.210015182));
#839=DIRECTION('',(0.,-1.,0.));
#840=DIRECTION('',(1.,0.,0.));
#841=AXIS2_PLACEMENT_3D('',#838,#839,#840);
#842=CYLINDRICAL_SURFACE('',#841,5.);
#843=ORIENTED_EDGE('',*,*,#794,.F.);
#844=CARTESIAN_POINT('',(38.005867823,5.921474676,45.209457301));
#845=CARTESIAN_POINT('',(37.980964083,5.921474676,45.209829351));
#846=CARTESIAN_POINT('',(37.956067637,5.921939661,45.210015182));
#847=CARTESIAN_POINT('',(37.931178492,5.922869787,45.210015182));
#848=B_SPLINE_CURVE_WITH_KNOTS('',3,(#844,#845,#846,#847),.UNSPECIFIED.,.F.,.F.,(4,4),(0.,0.000074704),.UNSPECIFIED.);
#849=EDGE_CURVE('',#780,#622,#848,.T.);
#850=ORIENTED_EDGE('',*,*,#849,.T.);
#851=ORIENTED_EDGE('',*,*,#627,.F.);
#852=ORIENTED_EDGE('',*,*,#309,.F.);
#853=ORIENTED_EDGE('',*,*,#832,.T.);
#854=EDGE_LOOP('',(#843,#850,#851,#852,#853));
#855=FACE_BOUND('',#854,.T.);
#856=ADVANCED_FACE('',(#855),#842,.T.);
#857=CARTESIAN_POINT('',(37.931178492,5.121474676,40.210015182));
#858=DIRECTION('',(0.,1.,-0.));
#859=DIRECTION('',(-1.,0.,0.));
#860=AXIS2_PLACEMENT_3D('',#857,#858,#859);
#861=CYLINDRICAL_SURFACE('',#860,2.5);
#862=CARTESIAN_POINT('',(35.431178492,7.667736882,40.210015182));
#863=VERTEX_POINT('',#862);
#864=CARTESIAN_POINT('',(35.431178492,5.121474676,40.210015182));
#865=VERTEX_POINT('',#864);
#866=CARTESIAN_POINT('',(35.431178492,7.667736882,40.210015182));
#867=DIRECTION('',(-0.,-1.,0.));
#868=VECTOR('',#867,2.546262206);
#869=LINE('',#866,#868);
#870=EDGE_CURVE('',#863,#865,#869,.T.);
#871=ORIENTED_EDGE('',*,*,#870,.F.);
#872=CARTESIAN_POINT('',(36.59165426,6.507261114,42.320862128));
#873=VERTEX_POINT('',#872);
#874=CARTESIAN_POINT('',(37.931178492,5.167736882,40.210015182));
#875=DIRECTION('',(0.707106781,0.707106781,-0.));
#876=DIRECTION('',(-0.707106781,0.707106781,-0.));
#877=AXIS2_PLACEMENT_3D('',#874,#875,#876);
#878=ELLIPSE('',#877,3.535533906,2.5);
#879=EDGE_CURVE('',#863,#873,#878,.T.);
#880=ORIENTED_EDGE('',*,*,#879,.T.);
#881=CARTESIAN_POINT('',(36.59165426,6.507261114,42.320862128));
#882=CARTESIAN_POINT('',(36.680066504,6.41884887,42.376967733));
#883=CARTESIAN_POINT('',(36.776171011,6.339115722,42.430207289));
#884=CARTESIAN_POINT('',(36.88080438,6.267923271,42.478652267));
#885=CARTESIAN_POINT('',(36.985437749,6.19673082,42.527097245));
#886=CARTESIAN_POINT('',(37.100260147,6.133455091,42.571232316));
#887=CARTESIAN_POINT('',(37.220666517,6.082056586,42.606924177));
#888=CARTESIAN_POINT('',(37.341072886,6.030658082,42.642616038));
#889=CARTESIAN_POINT('',(37.466825327,5.990791799,42.670104866));
#890=CARTESIAN_POINT('',(37.59855498,5.963389834,42.687788698));
#891=CARTESIAN_POINT('',(37.730284632,5.93598787,42.70547253));
#892=CARTESIAN_POINT('',(37.868280118,5.921474676,42.713011602));
#893=CARTESIAN_POINT('',(38.005867823,5.921474676,42.708899233));
#894=B_SPLINE_CURVE_WITH_KNOTS('',3,(#881,#882,#883,#884,#885,#886,#887,#888,#889,#890,#891,#892,#893),.UNSPECIFIED.,.F.,.F.,(4,3,3,3,4),(0.,0.000406355,0.00081271,0.001219065,0.00162542),.UNSPECIFIED.);
#895=EDGE_CURVE('',#873,#771,#894,.T.);
#896=ORIENTED_EDGE('',*,*,#895,.T.);
#897=ORIENTED_EDGE('',*,*,#777,.F.);
#898=CARTESIAN_POINT('',(36.59165426,6.507261114,38.099168235));
#899=VERTEX_POINT('',#898);
#900=CARTESIAN_POINT('',(38.005867823,5.921474676,37.71113113));
#901=CARTESIAN_POINT('',(37.868583008,5.921474676,37.707027814));
#902=CARTESIAN_POINT('',(37.734242872,5.93545468,37.714250301));
#903=CARTESIAN_POINT('',(37.602631445,5.96254629,37.731697842));
#904=CARTESIAN_POINT('',(37.471020017,5.9896379,37.749145382));
#905=CARTESIAN_POINT('',(37.341696095,6.030449834,37.777270433));
#906=CARTESIAN_POINT('',(37.221413379,6.081737949,37.812884921));
#907=CARTESIAN_POINT('',(37.101130663,6.133026064,37.848499409));
#908=CARTESIAN_POINT('',(36.98725629,6.195587669,37.892147696));
#909=CARTESIAN_POINT('',(36.881802717,6.267244451,37.940916135));
#910=CARTESIAN_POINT('',(36.776349143,6.338901233,37.989684574));
#911=CARTESIAN_POINT('',(36.679996601,6.418918773,38.043106991));
#912=CARTESIAN_POINT('',(36.59165426,6.507261114,38.099168235));
#913=B_SPLINE_CURVE_WITH_KNOTS('',3,(#900,#901,#902,#903,#904,#905,#906,#907,#908,#909,#910,#911,#912),.UNSPECIFIED.,.F.,.F.,(4,3,3,3,4),(0.,0.000405308,0.000810615,0.001215923,0.00162123),.UNSPECIFIED.);
#914=EDGE_CURVE('',#769,#899,#913,.T.);
#915=ORIENTED_EDGE('',*,*,#914,.T.);
#916=CARTESIAN_POINT('',(37.931178492,5.167736882,40.210015182));
#917=DIRECTION('',(0.707106781,0.707106781,-0.));
#918=DIRECTION('',(-0.707106781,0.707106781,-0.));
#919=AXIS2_PLACEMENT_3D('',#916,#917,#918);
#920=ELLIPSE('',#919,3.535533906,2.5);
#921=EDGE_CURVE('',#899,#863,#920,.T.);
#922=ORIENTED_EDGE('',*,*,#921,.T.);
#923=ORIENTED_EDGE('',*,*,#870,.T.);
#924=CARTESIAN_POINT('',(37.931178492,5.121474676,40.210015182));
#925=DIRECTION('',(0.,-1.,0.));
#926=DIRECTION('',(-1.,-0.,0.));
#927=AXIS2_PLACEMENT_3D('',#924,#925,#926);
#928=CIRCLE('',#927,2.5);
#929=EDGE_CURVE('',#865,#865,#928,.T.);
#930=ORIENTED_EDGE('',*,*,#929,.T.);
#931=EDGE_LOOP('',(#871,#880,#896,#897,#915,#922,#923,#930));
#932=FACE_BOUND('',#931,.T.);
#933=ADVANCED_FACE('',(#932),#861,.F.);
#934=CARTESIAN_POINT('',(-26.937930533,5.121474676,40.210015182));
#935=DIRECTION('',(0.,1.,-0.));
#936=DIRECTION('',(-1.,0.,0.));
#937=AXIS2_PLACEMENT_3D('',#934,#935,#936);
#938=PLANE('',#937);
#939=CARTESIAN_POINT('',(39.480975362,5.121474676,40.210015182));
#940=VERTEX_POINT('',#939);
#941=CARTESIAN_POINT('',(36.381381621,5.121474676,40.210015182));
#942=VERTEX_POINT('',#941);
#943=CARTESIAN_POINT('',(37.931178492,5.121474676,40.210015182));
#944=DIRECTION('',(0.,1.,-0.));
#945=DIRECTION('',(-1.,0.,0.));
#946=AXIS2_PLACEMENT_3D('',#943,#944,#945);
#947=CIRCLE('',#946,1.54979687);
#948=EDGE_CURVE('',#940,#942,#947,.T.);
#949=ORIENTED_EDGE('',*,*,#948,.F.);
#950=CARTESIAN_POINT('',(37.931178492,5.121474676,40.210015182));
#951=DIRECTION('',(0.,1.,-0.));
#952=DIRECTION('',(-1.,0.,0.));
#953=AXIS2_PLACEMENT_3D('',#950,#951,#952);
#954=CIRCLE('',#953,1.54979687);
#955=EDGE_CURVE('',#942,#940,#954,.T.);
#956=ORIENTED_EDGE('',*,*,#955,.F.);
#957=EDGE_LOOP('',(#949,#956));
#958=FACE_BOUND('',#957,.T.);
#959=ORIENTED_EDGE('',*,*,#929,.F.);
#960=EDGE_LOOP('',(#959));
#961=FACE_BOUND('',#960,.T.);
#962=ADVANCED_FACE('',(#958,#961),#938,.T.);
#963=CARTESIAN_POINT('',(37.931178492,21.466856719,40.210015182));
#964=DIRECTION('',(0.,-1.,0.));
#965=DIRECTION('',(1.,0.,-0.));
#966=AXIS2_PLACEMENT_3D('',#963,#964,#965);
#967=CYLINDRICAL_SURFACE('',#966,1.54979687);
#968=CARTESIAN_POINT('',(39.480975362,3.921474676,40.210015182));
#969=DIRECTION('',(-0.,1.,-0.));
#970=VECTOR('',#969,1.2);
#971=LINE('',#968,#970);
#972=EDGE_CURVE('',#381,#940,#971,.T.);
#973=ORIENTED_EDGE('',*,*,#972,.F.);
#974=ORIENTED_EDGE('',*,*,#387,.T.);
#975=ORIENTED_EDGE('',*,*,#972,.T.);
#976=ORIENTED_EDGE('',*,*,#948,.T.);
#977=ORIENTED_EDGE('',*,*,#955,.T.);
#978=EDGE_LOOP('',(#973,#974,#975,#976,#977));
#979=FACE_BOUND('',#978,.T.);
#980=ADVANCED_FACE('',(#979),#967,.F.);
#981=CARTESIAN_POINT('',(32.931178492,3.921474676,3.340146241));
#982=DIRECTION('',(-1.,0.,0.));
#983=DIRECTION('',(0.,-1.,0.));
#984=AXIS2_PLACEMENT_3D('',#981,#982,#983);
#985=PLANE('',#984);
#986=ORIENTED_EDGE('',*,*,#80,.F.);
#987=CARTESIAN_POINT('',(32.931178492,10.996164007,11.340146241));
#988=DIRECTION('',(-0.,-0.,-1.));
#989=VECTOR('',#988,10.);
#990=LINE('',#987,#989);
#991=EDGE_CURVE('',#68,#91,#990,.T.);
#992=ORIENTED_EDGE('',*,*,#991,.T.);
#993=ORIENTED_EDGE('',*,*,#98,.T.);
#994=CARTESIAN_POINT('',(32.931178492,12.478643654,11.922042022));
#995=VERTEX_POINT('',#994);
#996=CARTESIAN_POINT('',(32.931178492,12.478643654,1.340146241));
#997=DIRECTION('',(0.,0.,1.));
#998=VECTOR('',#997,10.581895781);
#999=LINE('',#996,#998);
#1000=EDGE_CURVE('',#93,#995,#999,.T.);
#1001=ORIENTED_EDGE('',*,*,#1000,.T.);
#1002=CARTESIAN_POINT('',(32.931178492,7.69267165,11.922042022));
#1003=VERTEX_POINT('',#1002);
#1004=CARTESIAN_POINT('',(32.931178492,12.478643654,11.922042022));
#1005=DIRECTION('',(0.,-1.,0.));
#1006=VECTOR('',#1005,4.785972003);
#1007=LINE('',#1004,#1006);
#1008=EDGE_CURVE('',#995,#1003,#1007,.T.);
#1009=ORIENTED_EDGE('',*,*,#1008,.T.);
#1010=CARTESIAN_POINT('',(32.931178492,7.69267165,31.631014832));
#1011=VERTEX_POINT('',#1010);
#1012=CARTESIAN_POINT('',(32.931178492,7.69267165,11.922042022));
#1013=DIRECTION('',(0.,0.,1.));
#1014=VECTOR('',#1013,19.70897281);
#1015=LINE('',#1012,#1014);
#1016=EDGE_CURVE('',#1003,#1011,#1015,.T.);
#1017=ORIENTED_EDGE('',*,*,#1016,.T.);
#1018=CARTESIAN_POINT('',(32.931178492,12.478643654,31.631014832));
#1019=VERTEX_POINT('',#1018);
#1020=CARTESIAN_POINT('',(32.931178492,7.69267165,31.631014832));
#1021=DIRECTION('',(0.,1.,-0.));
#1022=VECTOR('',#1021,4.785972003);
#1023=LINE('',#1020,#1022);
#1024=EDGE_CURVE('',#1011,#1019,#1023,.T.);
#1025=ORIENTED_EDGE('',*,*,#1024,.T.);
#1026=CARTESIAN_POINT('',(32.931178492,12.478643654,31.631014832));
#1027=DIRECTION('',(0.,0.,1.));
#1028=VECTOR('',#1027,13.57900035);
#1029=LINE('',#1026,#1028);
#1030=EDGE_CURVE('',#1019,#656,#1029,.T.);
#1031=ORIENTED_EDGE('',*,*,#1030,.T.);
#1032=ORIENTED_EDGE('',*,*,#661,.F.);
#1033=CARTESIAN_POINT('',(32.931178492,10.996164007,45.210015182));
#1034=DIRECTION('',(-0.,-0.,-1.));
#1035=VECTOR('',#1034,10.);
#1036=LINE('',#1033,#1035);
#1037=EDGE_CURVE('',#647,#720,#1036,.T.);
#1038=ORIENTED_EDGE('',*,*,#1037,.T.);
#1039=ORIENTED_EDGE('',*,*,#725,.T.);
#1040=ORIENTED_EDGE('',*,*,#283,.T.);
#1041=EDGE_LOOP('',(#986,#992,#993,#1001,#1009,#1017,#1025,#1031,#1032,#1038,#1039,#1040));
#1042=FACE_BOUND('',#1041,.T.);
#1043=ADVANCED_FACE('',(#1042),#985,.F.);
#1044=CARTESIAN_POINT('',(-32.931178492,3.921474676,43.210015182));
#1045=DIRECTION('',(1.,0.,0.));
#1046=DIRECTION('',(0.,1.,-0.));
#1047=AXIS2_PLACEMENT_3D('',#1044,#1045,#1046);
#1048=PLANE('',#1047);
#1049=CARTESIAN_POINT('',(-32.931178492,10.996164007,35.210015182));
#1050=VERTEX_POINT('',#1049);
#1051=CARTESIAN_POINT('',(-32.931178492,10.996164007,35.210015182));
#1052=DIRECTION('',(-0.,-1.,0.));
#1053=VECTOR('',#1052,7.074689331);
#1054=LINE('',#1051,#1053);
#1055=EDGE_CURVE('',#1050,#338,#1054,.T.);
#1056=ORIENTED_EDGE('',*,*,#1055,.F.);
#1057=CARTESIAN_POINT('',(-32.931178492,10.996164007,35.210015182));
#1058=DIRECTION('',(-0.,0.,1.));
#1059=VECTOR('',#1058,10.);
#1060=LINE('',#1057,#1059);
#1061=EDGE_CURVE('',#1050,#672,#1060,.T.);
#1062=ORIENTED_EDGE('',*,*,#1061,.T.);
#1063=ORIENTED_EDGE('',*,*,#677,.T.);
#1064=CARTESIAN_POINT('',(-32.931178492,12.478643654,45.210015182));
#1065=DIRECTION('',(0.,-0.,-1.));
#1066=VECTOR('',#1065,43.869868941);
#1067=LINE('',#1064,#1066);
#1068=EDGE_CURVE('',#664,#177,#1067,.T.);
#1069=ORIENTED_EDGE('',*,*,#1068,.T.);
#1070=ORIENTED_EDGE('',*,*,#182,.F.);
#1071=CARTESIAN_POINT('',(-32.931178492,10.996164007,11.340146241));
#1072=VERTEX_POINT('',#1071);
#1073=CARTESIAN_POINT('',(-32.931178492,10.996164007,1.340146241));
#1074=DIRECTION('',(-0.,0.,1.));
#1075=VECTOR('',#1074,10.);
#1076=LINE('',#1073,#1075);
#1077=EDGE_CURVE('',#168,#1072,#1076,.T.);
#1078=ORIENTED_EDGE('',*,*,#1077,.T.);
#1079=CARTESIAN_POINT('',(-32.931178492,10.996164007,11.340146241));
#1080=DIRECTION('',(-0.,-1.,0.));
#1081=VECTOR('',#1080,7.074689331);
#1082=LINE('',#1079,#1081);
#1083=EDGE_CURVE('',#1072,#346,#1082,.T.);
#1084=ORIENTED_EDGE('',*,*,#1083,.T.);
#1085=ORIENTED_EDGE('',*,*,#351,.T.);
#1086=EDGE_LOOP('',(#1056,#1062,#1063,#1069,#1070,#1078,#1084,#1085));
#1087=FACE_BOUND('',#1086,.T.);
#1088=ADVANCED_FACE('',(#1087),#1048,.F.);
#1089=CARTESIAN_POINT('',(-0.,11.281474676,25.949625209));
#1090=DIRECTION('',(0.,-1.,0.));
#1091=DIRECTION('',(1.,0.,0.));
#1092=AXIS2_PLACEMENT_3D('',#1089,#1090,#1091);
#1093=PLANE('',#1092);
#1094=CARTESIAN_POINT('',(29.294798291,11.281474676,7.023746058));
#1095=VERTEX_POINT('',#1094);
#1096=CARTESIAN_POINT('',(26.19520455,11.281474676,7.023746058));
#1097=VERTEX_POINT('',#1096);
#1098=CARTESIAN_POINT('',(27.74500142,11.281474676,7.023746058));
#1099=DIRECTION('',(-0.,1.,-0.));
#1100=DIRECTION('',(1.,0.,0.));
#1101=AXIS2_PLACEMENT_3D('',#1098,#1099,#1100);
#1102=CIRCLE('',#1101,1.54979687);
#1103=EDGE_CURVE('',#1095,#1097,#1102,.T.);
#1104=ORIENTED_EDGE('',*,*,#1103,.T.);
#1105=CARTESIAN_POINT('',(27.74500142,11.281474676,7.023746058));
#1106=DIRECTION('',(-0.,1.,-0.));
#1107=DIRECTION('',(1.,0.,0.));
#1108=AXIS2_PLACEMENT_3D('',#1105,#1106,#1107);
#1109=CIRCLE('',#1108,1.54979687);
#1110=EDGE_CURVE('',#1097,#1095,#1109,.T.);
#1111=ORIENTED_EDGE('',*,*,#1110,.T.);
#1112=EDGE_LOOP('',(#1104,#1111));
#1113=FACE_BOUND('',#1112,.T.);
#1114=CARTESIAN_POINT('',(-26.19520455,11.281474676,7.023746058));
#1115=VERTEX_POINT('',#1114);
#1116=CARTESIAN_POINT('',(-29.294798291,11.281474676,7.023746058));
#1117=VERTEX_POINT('',#1116);
#1118=CARTESIAN_POINT('',(-27.74500142,11.281474676,7.023746058));
#1119=DIRECTION('',(-0.,1.,-0.));
#1120=DIRECTION('',(1.,0.,0.));
#1121=AXIS2_PLACEMENT_3D('',#1118,#1119,#1120);
#1122=CIRCLE('',#1121,1.54979687);
#1123=EDGE_CURVE('',#1115,#1117,#1122,.T.);
#1124=ORIENTED_EDGE('',*,*,#1123,.T.);
#1125=CARTESIAN_POINT('',(-27.74500142,11.281474676,7.023746058));
#1126=DIRECTION('',(-0.,1.,-0.));
#1127=DIRECTION('',(1.,0.,0.));
#1128=AXIS2_PLACEMENT_3D('',#1125,#1126,#1127);
#1129=CIRCLE('',#1128,1.54979687);
#1130=EDGE_CURVE('',#1117,#1115,#1129,.T.);
#1131=ORIENTED_EDGE('',*,*,#1130,.T.);
#1132=EDGE_LOOP('',(#1124,#1131));
#1133=FACE_BOUND('',#1132,.T.);
#1134=CARTESIAN_POINT('',(30.931178492,11.281474676,3.340146241));
#1135=VERTEX_POINT('',#1134);
#1136=CARTESIAN_POINT('',(30.931178492,11.281474676,11.922042022));
#1137=VERTEX_POINT('',#1136);
#1138=CARTESIAN_POINT('',(30.931178492,11.281474676,3.340146241));
#1139=DIRECTION('',(0.,0.,1.));
#1140=VECTOR('',#1139,8.581895781);
#1141=LINE('',#1138,#1140);
#1142=EDGE_CURVE('',#1135,#1137,#1141,.T.);
#1143=ORIENTED_EDGE('',*,*,#1142,.T.);
#1144=CARTESIAN_POINT('',(15.750142741,11.281474676,11.922042022));
#1145=VERTEX_POINT('',#1144);
#1146=CARTESIAN_POINT('',(30.931178492,11.281474676,11.922042022));
#1147=DIRECTION('',(-1.,-0.,-0.));
#1148=VECTOR('',#1147,15.181035751);
#1149=LINE('',#1146,#1148);
#1150=EDGE_CURVE('',#1137,#1145,#1149,.T.);
#1151=ORIENTED_EDGE('',*,*,#1150,.T.);
#1152=CARTESIAN_POINT('',(15.750142741,11.281474676,31.631014832));
#1153=VERTEX_POINT('',#1152);
#1154=CARTESIAN_POINT('',(15.750142741,11.281474676,31.631014832));
#1155=DIRECTION('',(0.,-0.,-1.));
#1156=VECTOR('',#1155,19.70897281);
#1157=LINE('',#1154,#1156);
#1158=EDGE_CURVE('',#1153,#1145,#1157,.T.);
#1159=ORIENTED_EDGE('',*,*,#1158,.F.);
#1160=CARTESIAN_POINT('',(30.931178492,11.281474676,31.631014832));
#1161=VERTEX_POINT('',#1160);
#1162=CARTESIAN_POINT('',(15.750142741,11.281474676,31.631014832));
#1163=DIRECTION('',(1.,0.,0.));
#1164=VECTOR('',#1163,15.181035751);
#1165=LINE('',#1162,#1164);
#1166=EDGE_CURVE('',#1153,#1161,#1165,.T.);
#1167=ORIENTED_EDGE('',*,*,#1166,.T.);
#1168=CARTESIAN_POINT('',(30.931178492,11.281474676,43.210015182));
#1169=VERTEX_POINT('',#1168);
#1170=CARTESIAN_POINT('',(30.931178492,11.281474676,31.631014832));
#1171=DIRECTION('',(0.,0.,1.));
#1172=VECTOR('',#1171,11.57900035);
#1173=LINE('',#1170,#1172);
#1174=EDGE_CURVE('',#1161,#1169,#1173,.T.);
#1175=ORIENTED_EDGE('',*,*,#1174,.T.);
#1176=CARTESIAN_POINT('',(-30.931178492,11.281474676,43.210015182));
#1177=VERTEX_POINT('',#1176);
#1178=CARTESIAN_POINT('',(30.931178492,11.281474676,43.210015182));
#1179=DIRECTION('',(-1.,0.,0.));
#1180=VECTOR('',#1179,61.862356984);
#1181=LINE('',#1178,#1180);
#1182=EDGE_CURVE('',#1169,#1177,#1181,.T.);
#1183=ORIENTED_EDGE('',*,*,#1182,.T.);
#1184=CARTESIAN_POINT('',(-30.931178492,11.281474676,3.340146241));
#1185=VERTEX_POINT('',#1184);
#1186=CARTESIAN_POINT('',(-30.931178492,11.281474676,43.210015182));
#1187=DIRECTION('',(0.,-0.,-1.));
#1188=VECTOR('',#1187,39.869868941);
#1189=LINE('',#1186,#1188);
#1190=EDGE_CURVE('',#1177,#1185,#1189,.T.);
#1191=ORIENTED_EDGE('',*,*,#1190,.T.);
#1192=CARTESIAN_POINT('',(-30.931178492,11.281474676,3.340146241));
#1193=DIRECTION('',(1.,0.,-0.));
#1194=VECTOR('',#1193,61.862356984);
#1195=LINE('',#1192,#1194);
#1196=EDGE_CURVE('',#1185,#1135,#1195,.T.);
#1197=ORIENTED_EDGE('',*,*,#1196,.T.);
#1198=EDGE_LOOP('',(#1143,#1151,#1159,#1167,#1175,#1183,#1191,#1197));
#1199=FACE_BOUND('',#1198,.T.);
#1200=CARTESIAN_POINT('',(29.294798291,11.281474676,39.542346443));
#1201=VERTEX_POINT('',#1200);
#1202=CARTESIAN_POINT('',(26.19520455,11.281474676,39.542346443));
#1203=VERTEX_POINT('',#1202);
#1204=CARTESIAN_POINT('',(27.74500142,11.281474676,39.542346443));
#1205=DIRECTION('',(-0.,1.,-0.));
#1206=DIRECTION('',(1.,0.,0.));
#1207=AXIS2_PLACEMENT_3D('',#1204,#1205,#1206);
#1208=CIRCLE('',#1207,1.54979687);
#1209=EDGE_CURVE('',#1201,#1203,#1208,.T.);
#1210=ORIENTED_EDGE('',*,*,#1209,.T.);
#1211=CARTESIAN_POINT('',(27.74500142,11.281474676,39.542346443));
#1212=DIRECTION('',(-0.,1.,-0.));
#1213=DIRECTION('',(1.,0.,0.));
#1214=AXIS2_PLACEMENT_3D('',#1211,#1212,#1213);
#1215=CIRCLE('',#1214,1.54979687);
#1216=EDGE_CURVE('',#1203,#1201,#1215,.T.);
#1217=ORIENTED_EDGE('',*,*,#1216,.T.);
#1218=EDGE_LOOP('',(#1210,#1217));
#1219=FACE_BOUND('',#1218,.T.);
#1220=CARTESIAN_POINT('',(-26.19520455,11.281474676,39.542346443));
#1221=VERTEX_POINT('',#1220);
#1222=CARTESIAN_POINT('',(-29.294798291,11.281474676,39.542346443));
#1223=VERTEX_POINT('',#1222);
#1224=CARTESIAN_POINT('',(-27.74500142,11.281474676,39.542346443));
#1225=DIRECTION('',(-0.,1.,-0.));
#1226=DIRECTION('',(1.,0.,0.));
#1227=AXIS2_PLACEMENT_3D('',#1224,#1225,#1226);
#1228=CIRCLE('',#1227,1.54979687);
#1229=EDGE_CURVE('',#1221,#1223,#1228,.T.);
#1230=ORIENTED_EDGE('',*,*,#1229,.T.);
#1231=CARTESIAN_POINT('',(-27.74500142,11.281474676,39.542346443));
#1232=DIRECTION('',(-0.,1.,-0.));
#1233=DIRECTION('',(1.,0.,0.));
#1234=AXIS2_PLACEMENT_3D('',#1231,#1232,#1233);
#1235=CIRCLE('',#1234,1.54979687);
#1236=EDGE_CURVE('',#1223,#1221,#1235,.T.);
#1237=ORIENTED_EDGE('',*,*,#1236,.T.);
#1238=EDGE_LOOP('',(#1230,#1237));
#1239=FACE_BOUND('',#1238,.T.);
#1240=ADVANCED_FACE('',(#1113,#1133,#1199,#1219,#1239),#1093,.T.);
#1241=CARTESIAN_POINT('',(-0.,12.478643654,25.949625209));
#1242=DIRECTION('',(0.,-1.,0.));
#1243=DIRECTION('',(1.,0.,0.));
#1244=AXIS2_PLACEMENT_3D('',#1241,#1242,#1243);
#1245=PLANE('',#1244);
#1246=CARTESIAN_POINT('',(15.750142741,12.478643654,11.922042022));
#1247=VERTEX_POINT('',#1246);
#1248=CARTESIAN_POINT('',(32.931178492,12.478643654,11.922042022));
#1249=DIRECTION('',(-1.,-0.,-0.));
#1250=VECTOR('',#1249,17.181035751);
#1251=LINE('',#1248,#1250);
#1252=EDGE_CURVE('',#995,#1247,#1251,.T.);
#1253=ORIENTED_EDGE('',*,*,#1252,.F.);
#1254=ORIENTED_EDGE('',*,*,#1000,.F.);
#1255=ORIENTED_EDGE('',*,*,#188,.F.);
#1256=ORIENTED_EDGE('',*,*,#1068,.F.);
#1257=ORIENTED_EDGE('',*,*,#669,.F.);
#1258=ORIENTED_EDGE('',*,*,#1030,.F.);
#1259=CARTESIAN_POINT('',(15.750142741,12.478643654,31.631014832));
#1260=VERTEX_POINT('',#1259);
#1261=CARTESIAN_POINT('',(15.750142741,12.478643654,31.631014832));
#1262=DIRECTION('',(1.,0.,0.));
#1263=VECTOR('',#1262,17.181035751);
#1264=LINE('',#1261,#1263);
#1265=EDGE_CURVE('',#1260,#1019,#1264,.T.);
#1266=ORIENTED_EDGE('',*,*,#1265,.F.);
#1267=CARTESIAN_POINT('',(15.750142741,12.478643654,31.631014832));
#1268=DIRECTION('',(0.,-0.,-1.));
#1269=VECTOR('',#1268,19.70897281);
#1270=LINE('',#1267,#1269);
#1271=EDGE_CURVE('',#1260,#1247,#1270,.T.);
#1272=ORIENTED_EDGE('',*,*,#1271,.T.);
#1273=EDGE_LOOP('',(#1253,#1254,#1255,#1256,#1257,#1258,#1266,#1272));
#1274=FACE_BOUND('',#1273,.T.);
#1275=CARTESIAN_POINT('',(29.294798291,12.478643654,7.023746058));
#1276=VERTEX_POINT('',#1275);
#1277=CARTESIAN_POINT('',(26.19520455,12.478643654,7.023746058));
#1278=VERTEX_POINT('',#1277);
#1279=CARTESIAN_POINT('',(27.74500142,12.478643654,7.023746058));
#1280=DIRECTION('',(0.,-1.,0.));
#1281=DIRECTION('',(1.,0.,0.));
#1282=AXIS2_PLACEMENT_3D('',#1279,#1280,#1281);
#1283=CIRCLE('',#1282,1.54979687);
#1284=EDGE_CURVE('',#1276,#1278,#1283,.T.);
#1285=ORIENTED_EDGE('',*,*,#1284,.T.);
#1286=CARTESIAN_POINT('',(27.74500142,12.478643654,7.023746058));
#1287=DIRECTION('',(0.,-1.,0.));
#1288=DIRECTION('',(1.,0.,0.));
#1289=AXIS2_PLACEMENT_3D('',#1286,#1287,#1288);
#1290=CIRCLE('',#1289,1.54979687);
#1291=EDGE_CURVE('',#1278,#1276,#1290,.T.);
#1292=ORIENTED_EDGE('',*,*,#1291,.T.);
#1293=EDGE_LOOP('',(#1285,#1292));
#1294=FACE_BOUND('',#1293,.T.);
#1295=CARTESIAN_POINT('',(-27.74500142,12.478643654,5.473949188));
#1296=VERTEX_POINT('',#1295);
#1297=CARTESIAN_POINT('',(-29.294798291,12.478643654,7.023746058));
#1298=VERTEX_POINT('',#1297);
#1299=CARTESIAN_POINT('',(-27.74500142,12.478643654,7.023746058));
#1300=DIRECTION('',(0.,-1.,0.));
#1301=DIRECTION('',(0.,-0.,-1.));
#1302=AXIS2_PLACEMENT_3D('',#1299,#1300,#1301);
#1303=CIRCLE('',#1302,1.54979687);
#1304=EDGE_CURVE('',#1296,#1298,#1303,.T.);
#1305=ORIENTED_EDGE('',*,*,#1304,.T.);
#1306=CARTESIAN_POINT('',(-27.74500142,12.478643654,7.023746058));
#1307=DIRECTION('',(0.,-1.,0.));
#1308=DIRECTION('',(0.,-0.,-1.));
#1309=AXIS2_PLACEMENT_3D('',#1306,#1307,#1308);
#1310=CIRCLE('',#1309,1.54979687);
#1311=EDGE_CURVE('',#1298,#1296,#1310,.T.);
#1312=ORIENTED_EDGE('',*,*,#1311,.T.);
#1313=EDGE_LOOP('',(#1305,#1312));
#1314=FACE_BOUND('',#1313,.T.);
#1315=CARTESIAN_POINT('',(-27.74500142,12.478643654,37.992549573));
#1316=VERTEX_POINT('',#1315);
#1317=CARTESIAN_POINT('',(-29.294798291,12.478643654,39.542346443));
#1318=VERTEX_POINT('',#1317);
#1319=CARTESIAN_POINT('',(-27.74500142,12.478643654,39.542346443));
#1320=DIRECTION('',(0.,-1.,0.));
#1321=DIRECTION('',(0.,-0.,-1.));
#1322=AXIS2_PLACEMENT_3D('',#1319,#1320,#1321);
#1323=CIRCLE('',#1322,1.54979687);
#1324=EDGE_CURVE('',#1316,#1318,#1323,.T.);
#1325=ORIENTED_EDGE('',*,*,#1324,.T.);
#1326=CARTESIAN_POINT('',(-27.74500142,12.478643654,39.542346443));
#1327=DIRECTION('',(0.,-1.,0.));
#1328=DIRECTION('',(0.,-0.,-1.));
#1329=AXIS2_PLACEMENT_3D('',#1326,#1327,#1328);
#1330=CIRCLE('',#1329,1.54979687);
#1331=EDGE_CURVE('',#1318,#1316,#1330,.T.);
#1332=ORIENTED_EDGE('',*,*,#1331,.T.);
#1333=EDGE_LOOP('',(#1325,#1332));
#1334=FACE_BOUND('',#1333,.T.);
#1335=CARTESIAN_POINT('',(29.294798291,12.478643654,39.542346443));
#1336=VERTEX_POINT('',#1335);
#1337=CARTESIAN_POINT('',(26.19520455,12.478643654,39.542346443));
#1338=VERTEX_POINT('',#1337);
#1339=CARTESIAN_POINT('',(27.74500142,12.478643654,39.542346443));
#1340=DIRECTION('',(0.,-1.,0.));
#1341=DIRECTION('',(1.,0.,0.));
#1342=AXIS2_PLACEMENT_3D('',#1339,#1340,#1341);
#1343=CIRCLE('',#1342,1.54979687);
#1344=EDGE_CURVE('',#1336,#1338,#1343,.T.);
#1345=ORIENTED_EDGE('',*,*,#1344,.T.);
#1346=CARTESIAN_POINT('',(27.74500142,12.478643654,39.542346443));
#1347=DIRECTION('',(0.,-1.,0.));
#1348=DIRECTION('',(1.,0.,0.));
#1349=AXIS2_PLACEMENT_3D('',#1346,#1347,#1348);
#1350=CIRCLE('',#1349,1.54979687);
#1351=EDGE_CURVE('',#1338,#1336,#1350,.T.);
#1352=ORIENTED_EDGE('',*,*,#1351,.T.);
#1353=EDGE_LOOP('',(#1345,#1352));
#1354=FACE_BOUND('',#1353,.T.);
#1355=ADVANCED_FACE('',(#1274,#1294,#1314,#1334,#1354),#1245,.F.);
#1356=CARTESIAN_POINT('',(27.144798158,9.35811748,11.922042022));
#1357=DIRECTION('',(0.,-0.,-1.));
#1358=DIRECTION('',(1.,0.,0.));
#1359=AXIS2_PLACEMENT_3D('',#1356,#1357,#1358);
#1360=PLANE('',#1359);
#1361=ORIENTED_EDGE('',*,*,#1008,.F.);
#1362=ORIENTED_EDGE('',*,*,#1252,.T.);
#1363=CARTESIAN_POINT('',(15.750142741,12.478643654,11.922042022));
#1364=DIRECTION('',(0.,-1.,0.));
#1365=VECTOR('',#1364,1.197168978);
#1366=LINE('',#1363,#1365);
#1367=EDGE_CURVE('',#1247,#1145,#1366,.T.);
#1368=ORIENTED_EDGE('',*,*,#1367,.T.);
#1369=ORIENTED_EDGE('',*,*,#1150,.F.);
#1370=CARTESIAN_POINT('',(30.931178492,7.69267165,11.922042022));
#1371=VERTEX_POINT('',#1370);
#1372=CARTESIAN_POINT('',(30.931178492,11.281474676,11.922042022));
#1373=DIRECTION('',(0.,-1.,0.));
#1374=VECTOR('',#1373,3.588803026);
#1375=LINE('',#1372,#1374);
#1376=EDGE_CURVE('',#1137,#1371,#1375,.T.);
#1377=ORIENTED_EDGE('',*,*,#1376,.T.);
#1378=CARTESIAN_POINT('',(30.931178492,7.69267165,11.922042022));
#1379=DIRECTION('',(1.,0.,0.));
#1380=VECTOR('',#1379,2.);
#1381=LINE('',#1378,#1380);
#1382=EDGE_CURVE('',#1371,#1003,#1381,.T.);
#1383=ORIENTED_EDGE('',*,*,#1382,.T.);
#1384=EDGE_LOOP('',(#1361,#1362,#1368,#1369,#1377,#1383));
#1385=FACE_BOUND('',#1384,.T.);
#1386=ADVANCED_FACE('',(#1385),#1360,.F.);
#1387=CARTESIAN_POINT('',(27.144798158,7.69267165,31.196911465));
#1388=DIRECTION('',(0.,-1.,0.));
#1389=DIRECTION('',(1.,0.,0.));
#1390=AXIS2_PLACEMENT_3D('',#1387,#1388,#1389);
#1391=PLANE('',#1390);
#1392=ORIENTED_EDGE('',*,*,#1382,.F.);
#1393=CARTESIAN_POINT('',(30.931178492,7.69267165,31.631014832));
#1394=VERTEX_POINT('',#1393);
#1395=CARTESIAN_POINT('',(30.931178492,7.69267165,11.922042022));
#1396=DIRECTION('',(0.,0.,1.));
#1397=VECTOR('',#1396,19.70897281);
#1398=LINE('',#1395,#1397);
#1399=EDGE_CURVE('',#1371,#1394,#1398,.T.);
#1400=ORIENTED_EDGE('',*,*,#1399,.T.);
#1401=CARTESIAN_POINT('',(30.931178492,7.69267165,31.631014832));
#1402=DIRECTION('',(1.,0.,0.));
#1403=VECTOR('',#1402,2.);
#1404=LINE('',#1401,#1403);
#1405=EDGE_CURVE('',#1394,#1011,#1404,.T.);
#1406=ORIENTED_EDGE('',*,*,#1405,.T.);
#1407=ORIENTED_EDGE('',*,*,#1016,.F.);
#1408=EDGE_LOOP('',(#1392,#1400,#1406,#1407));
#1409=FACE_BOUND('',#1408,.T.);
#1410=ADVANCED_FACE('',(#1409),#1391,.F.);
#1411=CARTESIAN_POINT('',(27.144798158,15.73869901,31.631014832));
#1412=DIRECTION('',(-0.,0.,1.));
#1413=DIRECTION('',(-1.,-0.,-0.));
#1414=AXIS2_PLACEMENT_3D('',#1411,#1412,#1413);
#1415=PLANE('',#1414);
#1416=ORIENTED_EDGE('',*,*,#1405,.F.);
#1417=CARTESIAN_POINT('',(30.931178492,7.69267165,31.631014832));
#1418=DIRECTION('',(0.,1.,-0.));
#1419=VECTOR('',#1418,3.588803026);
#1420=LINE('',#1417,#1419);
#1421=EDGE_CURVE('',#1394,#1161,#1420,.T.);
#1422=ORIENTED_EDGE('',*,*,#1421,.T.);
#1423=ORIENTED_EDGE('',*,*,#1166,.F.);
#1424=CARTESIAN_POINT('',(15.750142741,11.281474676,31.631014832));
#1425=DIRECTION('',(0.,1.,-0.));
#1426=VECTOR('',#1425,1.197168978);
#1427=LINE('',#1424,#1426);
#1428=EDGE_CURVE('',#1153,#1260,#1427,.T.);
#1429=ORIENTED_EDGE('',*,*,#1428,.T.);
#1430=ORIENTED_EDGE('',*,*,#1265,.T.);
#1431=ORIENTED_EDGE('',*,*,#1024,.F.);
#1432=EDGE_LOOP('',(#1416,#1422,#1423,#1429,#1430,#1431));
#1433=FACE_BOUND('',#1432,.T.);
#1434=ADVANCED_FACE('',(#1433),#1415,.F.);
#1435=CARTESIAN_POINT('',(-30.931178492,3.921474676,43.210015182));
#1436=DIRECTION('',(1.,0.,0.));
#1437=DIRECTION('',(0.,1.,-0.));
#1438=AXIS2_PLACEMENT_3D('',#1435,#1436,#1437);
#1439=PLANE('',#1438);
#1440=ORIENTED_EDGE('',*,*,#1190,.F.);
#1441=CARTESIAN_POINT('',(-30.931178492,3.921474676,43.210015182));
#1442=DIRECTION('',(0.,1.,-0.));
#1443=VECTOR('',#1442,7.36);
#1444=LINE('',#1441,#1443);
#1445=EDGE_CURVE('',#410,#1177,#1444,.T.);
#1446=ORIENTED_EDGE('',*,*,#1445,.F.);
#1447=ORIENTED_EDGE('',*,*,#415,.T.);
#1448=CARTESIAN_POINT('',(-30.931178492,3.921474676,3.340146241));
#1449=DIRECTION('',(0.,1.,-0.));
#1450=VECTOR('',#1449,7.36);
#1451=LINE('',#1448,#1450);
#1452=EDGE_CURVE('',#402,#1185,#1451,.T.);
#1453=ORIENTED_EDGE('',*,*,#1452,.T.);
#1454=EDGE_LOOP('',(#1440,#1446,#1447,#1453));
#1455=FACE_BOUND('',#1454,.T.);
#1456=ADVANCED_FACE('',(#1455),#1439,.T.);
#1457=CARTESIAN_POINT('',(-30.931178492,3.921474676,3.340146241));
#1458=DIRECTION('',(0.,0.,1.));
#1459=DIRECTION('',(0.,-1.,0.));
#1460=AXIS2_PLACEMENT_3D('',#1457,#1458,#1459);
#1461=PLANE('',#1460);
#1462=ORIENTED_EDGE('',*,*,#1196,.F.);
#1463=ORIENTED_EDGE('',*,*,#1452,.F.);
#1464=ORIENTED_EDGE('',*,*,#407,.T.);
#1465=CARTESIAN_POINT('',(30.931178492,3.921474676,3.340146241));
#1466=DIRECTION('',(0.,1.,-0.));
#1467=VECTOR('',#1466,7.36);
#1468=LINE('',#1465,#1467);
#1469=EDGE_CURVE('',#392,#1135,#1468,.T.);
#1470=ORIENTED_EDGE('',*,*,#1469,.T.);
#1471=EDGE_LOOP('',(#1462,#1463,#1464,#1470));
#1472=FACE_BOUND('',#1471,.T.);
#1473=ADVANCED_FACE('',(#1472),#1461,.T.);
#1474=CARTESIAN_POINT('',(30.931178492,3.921474676,3.340146241));
#1475=DIRECTION('',(-1.,0.,0.));
#1476=DIRECTION('',(0.,-1.,0.));
#1477=AXIS2_PLACEMENT_3D('',#1474,#1475,#1476);
#1478=PLANE('',#1477);
#1479=ORIENTED_EDGE('',*,*,#1421,.F.);
#1480=ORIENTED_EDGE('',*,*,#1399,.F.);
#1481=ORIENTED_EDGE('',*,*,#1376,.F.);
#1482=ORIENTED_EDGE('',*,*,#1142,.F.);
#1483=ORIENTED_EDGE('',*,*,#1469,.F.);
#1484=ORIENTED_EDGE('',*,*,#399,.T.);
#1485=CARTESIAN_POINT('',(30.931178492,3.921474676,43.210015182));
#1486=DIRECTION('',(0.,1.,-0.));
#1487=VECTOR('',#1486,7.36);
#1488=LINE('',#1485,#1487);
#1489=EDGE_CURVE('',#394,#1169,#1488,.T.);
#1490=ORIENTED_EDGE('',*,*,#1489,.T.);
#1491=ORIENTED_EDGE('',*,*,#1174,.F.);
#1492=EDGE_LOOP('',(#1479,#1480,#1481,#1482,#1483,#1484,#1490,#1491));
#1493=FACE_BOUND('',#1492,.T.);
#1494=ADVANCED_FACE('',(#1493),#1478,.T.);
#1495=CARTESIAN_POINT('',(30.931178492,3.921474676,43.210015182));
#1496=DIRECTION('',(0.,-0.,-1.));
#1497=DIRECTION('',(0.,1.,-0.));
#1498=AXIS2_PLACEMENT_3D('',#1495,#1496,#1497);
#1499=PLANE('',#1498);
#1500=ORIENTED_EDGE('',*,*,#1182,.F.);
#1501=ORIENTED_EDGE('',*,*,#1489,.F.);
#1502=ORIENTED_EDGE('',*,*,#421,.T.);
#1503=ORIENTED_EDGE('',*,*,#1445,.T.);
#1504=EDGE_LOOP('',(#1500,#1501,#1502,#1503));
#1505=FACE_BOUND('',#1504,.T.);
#1506=ADVANCED_FACE('',(#1505),#1499,.T.);
#1507=CARTESIAN_POINT('',(15.750142741,9.487073163,21.776528427));
#1508=DIRECTION('',(-1.,0.,0.));
#1509=DIRECTION('',(0.,-1.,0.));
#1510=AXIS2_PLACEMENT_3D('',#1507,#1508,#1509);
#1511=PLANE('',#1510);
#1512=ORIENTED_EDGE('',*,*,#1158,.T.);
#1513=ORIENTED_EDGE('',*,*,#1367,.F.);
#1514=ORIENTED_EDGE('',*,*,#1271,.F.);
#1515=ORIENTED_EDGE('',*,*,#1428,.F.);
#1516=EDGE_LOOP('',(#1512,#1513,#1514,#1515));
#1517=FACE_BOUND('',#1516,.T.);
#1518=ADVANCED_FACE('',(#1517),#1511,.F.);
#1519=CARTESIAN_POINT('',(-27.74500142,11.532808892,7.023746058));
#1520=DIRECTION('',(0.,1.,-0.));
#1521=DIRECTION('',(-1.,0.,0.));
#1522=AXIS2_PLACEMENT_3D('',#1519,#1520,#1521);
#1523=CYLINDRICAL_SURFACE('',#1522,1.54979687);
#1524=CARTESIAN_POINT('',(-29.294798291,12.478643654,7.023746058));
#1525=DIRECTION('',(-0.,-1.,0.));
#1526=VECTOR('',#1525,1.197168978);
#1527=LINE('',#1524,#1526);
#1528=EDGE_CURVE('',#1298,#1117,#1527,.T.);
#1529=ORIENTED_EDGE('',*,*,#1528,.F.);
#1530=ORIENTED_EDGE('',*,*,#1304,.F.);
#1531=ORIENTED_EDGE('',*,*,#1311,.F.);
#1532=ORIENTED_EDGE('',*,*,#1528,.T.);
#1533=ORIENTED_EDGE('',*,*,#1123,.F.);
#1534=ORIENTED_EDGE('',*,*,#1130,.F.);
#1535=EDGE_LOOP('',(#1529,#1530,#1531,#1532,#1533,#1534));
#1536=FACE_BOUND('',#1535,.T.);
#1537=ADVANCED_FACE('',(#1536),#1523,.F.);
#1538=CARTESIAN_POINT('',(27.74500142,11.532808892,7.023746058));
#1539=DIRECTION('',(0.,1.,-0.));
#1540=DIRECTION('',(-1.,0.,0.));
#1541=AXIS2_PLACEMENT_3D('',#1538,#1539,#1540);
#1542=CYLINDRICAL_SURFACE('',#1541,1.54979687);
#1543=CARTESIAN_POINT('',(26.19520455,12.478643654,7.023746058));
#1544=DIRECTION('',(-0.,-1.,0.));
#1545=VECTOR('',#1544,1.197168978);
#1546=LINE('',#1543,#1545);
#1547=EDGE_CURVE('',#1278,#1097,#1546,.T.);
#1548=ORIENTED_EDGE('',*,*,#1547,.F.);
#1549=ORIENTED_EDGE('',*,*,#1284,.F.);
#1550=ORIENTED_EDGE('',*,*,#1291,.F.);
#1551=ORIENTED_EDGE('',*,*,#1547,.T.);
#1552=ORIENTED_EDGE('',*,*,#1103,.F.);
#1553=ORIENTED_EDGE('',*,*,#1110,.F.);
#1554=EDGE_LOOP('',(#1548,#1549,#1550,#1551,#1552,#1553));
#1555=FACE_BOUND('',#1554,.T.);
#1556=ADVANCED_FACE('',(#1555),#1542,.F.);
#1557=CARTESIAN_POINT('',(27.74500142,11.532808892,39.542346443));
#1558=DIRECTION('',(0.,1.,-0.));
#1559=DIRECTION('',(-1.,0.,0.));
#1560=AXIS2_PLACEMENT_3D('',#1557,#1558,#1559);
#1561=CYLINDRICAL_SURFACE('',#1560,1.54979687);
#1562=CARTESIAN_POINT('',(26.19520455,12.478643654,39.542346443));
#1563=DIRECTION('',(-0.,-1.,0.));
#1564=VECTOR('',#1563,1.197168978);
#1565=LINE('',#1562,#1564);
#1566=EDGE_CURVE('',#1338,#1203,#1565,.T.);
#1567=ORIENTED_EDGE('',*,*,#1566,.F.);
#1568=ORIENTED_EDGE('',*,*,#1344,.F.);
#1569=ORIENTED_EDGE('',*,*,#1351,.F.);
#1570=ORIENTED_EDGE('',*,*,#1566,.T.);
#1571=ORIENTED_EDGE('',*,*,#1209,.F.);
#1572=ORIENTED_EDGE('',*,*,#1216,.F.);
#1573=EDGE_LOOP('',(#1567,#1568,#1569,#1570,#1571,#1572));
#1574=FACE_BOUND('',#1573,.T.);
#1575=ADVANCED_FACE('',(#1574),#1561,.F.);
#1576=CARTESIAN_POINT('',(-27.74500142,11.532808892,39.542346443));
#1577=DIRECTION('',(0.,1.,-0.));
#1578=DIRECTION('',(-1.,0.,0.));
#1579=AXIS2_PLACEMENT_3D('',#1576,#1577,#1578);
#1580=CYLINDRICAL_SURFACE('',#1579,1.54979687);
#1581=CARTESIAN_POINT('',(-29.294798291,12.478643654,39.542346443));
#1582=DIRECTION('',(-0.,-1.,0.));
#1583=VECTOR('',#1582,1.197168978);
#1584=LINE('',#1581,#1583);
#1585=EDGE_CURVE('',#1318,#1223,#1584,.T.);
#1586=ORIENTED_EDGE('',*,*,#1585,.F.);
#1587=ORIENTED_EDGE('',*,*,#1324,.F.);
#1588=ORIENTED_EDGE('',*,*,#1331,.F.);
#1589=ORIENTED_EDGE('',*,*,#1585,.T.);
#1590=ORIENTED_EDGE('',*,*,#1229,.F.);
#1591=ORIENTED_EDGE('',*,*,#1236,.F.);
#1592=EDGE_LOOP('',(#1586,#1587,#1588,#1589,#1590,#1591));
#1593=FACE_BOUND('',#1592,.T.);
#1594=ADVANCED_FACE('',(#1593),#1580,.F.);
#1595=CARTESIAN_POINT('',(-32.931178492,5.921474676,35.210015182));
#1596=DIRECTION('',(0.,-0.,-1.));
#1597=DIRECTION('',(0.,1.,-0.));
#1598=AXIS2_PLACEMENT_3D('',#1595,#1596,#1597);
#1599=PLANE('',#1598);
#1600=CARTESIAN_POINT('',(-37.931178492,5.922869787,35.210015182));
#1601=VERTEX_POINT('',#1600);
#1602=CARTESIAN_POINT('',(-37.931178492,5.922869787,35.210015182));
#1603=DIRECTION('',(-0.,-1.,0.));
#1604=VECTOR('',#1603,2.001395111);
#1605=LINE('',#1602,#1604);
#1606=EDGE_CURVE('',#1601,#329,#1605,.T.);
#1607=ORIENTED_EDGE('',*,*,#1606,.F.);
#1608=CARTESIAN_POINT('',(-36.59165426,6.507261114,35.210015182));
#1609=VERTEX_POINT('',#1608);
#1610=CARTESIAN_POINT('',(-38.005867823,7.921474676,35.210015182));
#1611=DIRECTION('',(-0.,0.,1.));
#1612=DIRECTION('',(0.,1.,-0.));
#1613=AXIS2_PLACEMENT_3D('',#1610,#1611,#1612);
#1614=CIRCLE('',#1613,2.);
#1615=EDGE_CURVE('',#1601,#1609,#1614,.T.);
#1616=ORIENTED_EDGE('',*,*,#1615,.T.);
#1617=CARTESIAN_POINT('',(-33.516964929,9.581950445,35.210015182));
#1618=VERTEX_POINT('',#1617);
#1619=CARTESIAN_POINT('',(-36.59165426,6.507261114,35.210015182));
#1620=DIRECTION('',(0.707106781,0.707106781,-0.));
#1621=VECTOR('',#1620,4.348267352);
#1622=LINE('',#1619,#1621);
#1623=EDGE_CURVE('',#1609,#1618,#1622,.T.);
#1624=ORIENTED_EDGE('',*,*,#1623,.T.);
#1625=CARTESIAN_POINT('',(-34.931178492,10.996164007,35.210015182));
#1626=DIRECTION('',(-0.,0.,1.));
#1627=DIRECTION('',(0.,1.,-0.));
#1628=AXIS2_PLACEMENT_3D('',#1625,#1626,#1627);
#1629=CIRCLE('',#1628,2.);
#1630=EDGE_CURVE('',#1618,#1050,#1629,.T.);
#1631=ORIENTED_EDGE('',*,*,#1630,.T.);
#1632=ORIENTED_EDGE('',*,*,#1055,.T.);
#1633=ORIENTED_EDGE('',*,*,#343,.T.);
#1634=EDGE_LOOP('',(#1607,#1616,#1624,#1631,#1632,#1633));
#1635=FACE_BOUND('',#1634,.T.);
#1636=ADVANCED_FACE('',(#1635),#1599,.T.);
#1637=CARTESIAN_POINT('',(-37.931178492,5.921474676,40.210015182));
#1638=DIRECTION('',(-0.,-1.,0.));
#1639=DIRECTION('',(-1.,0.,-0.));
#1640=AXIS2_PLACEMENT_3D('',#1637,#1638,#1639);
#1641=PLANE('',#1640);
#1642=CARTESIAN_POINT('',(-38.005867823,5.921474676,37.71113113));
#1643=VERTEX_POINT('',#1642);
#1644=CARTESIAN_POINT('',(-38.005867823,5.921474676,42.708899233));
#1645=VERTEX_POINT('',#1644);
#1646=CARTESIAN_POINT('',(-37.931178492,5.921474676,40.210015182));
#1647=DIRECTION('',(0.,1.,-0.));
#1648=DIRECTION('',(1.,-0.,0.));
#1649=AXIS2_PLACEMENT_3D('',#1646,#1647,#1648);
#1650=CIRCLE('',#1649,2.5);
#1651=EDGE_CURVE('',#1643,#1645,#1650,.T.);
#1652=ORIENTED_EDGE('',*,*,#1651,.F.);
#1653=CARTESIAN_POINT('',(-38.005867823,5.921474676,35.210573062));
#1654=VERTEX_POINT('',#1653);
#1655=CARTESIAN_POINT('',(-38.005867823,5.921474676,37.71113113));
#1656=DIRECTION('',(-0.,-0.,-1.));
#1657=VECTOR('',#1656,2.500558068);
#1658=LINE('',#1655,#1657);
#1659=EDGE_CURVE('',#1643,#1654,#1658,.T.);
#1660=ORIENTED_EDGE('',*,*,#1659,.T.);
#1661=CARTESIAN_POINT('',(-42.931178492,5.921474676,40.210015182));
#1662=VERTEX_POINT('',#1661);
#1663=CARTESIAN_POINT('',(-37.931178492,5.921474676,40.210015182));
#1664=DIRECTION('',(-0.,-1.,0.));
#1665=DIRECTION('',(-1.,0.,-0.));
#1666=AXIS2_PLACEMENT_3D('',#1663,#1664,#1665);
#1667=CIRCLE('',#1666,5.);
#1668=EDGE_CURVE('',#1662,#1654,#1667,.T.);
#1669=ORIENTED_EDGE('',*,*,#1668,.F.);
#1670=CARTESIAN_POINT('',(-38.005867823,5.921474676,45.209457301));
#1671=VERTEX_POINT('',#1670);
#1672=CARTESIAN_POINT('',(-37.931178492,5.921474676,40.210015182));
#1673=DIRECTION('',(-0.,-1.,0.));
#1674=DIRECTION('',(-1.,0.,-0.));
#1675=AXIS2_PLACEMENT_3D('',#1672,#1673,#1674);
#1676=CIRCLE('',#1675,5.);
#1677=EDGE_CURVE('',#1671,#1662,#1676,.T.);
#1678=ORIENTED_EDGE('',*,*,#1677,.F.);
#1679=CARTESIAN_POINT('',(-38.005867823,5.921474676,45.209457301));
#1680=DIRECTION('',(-0.,-0.,-1.));
#1681=VECTOR('',#1680,2.500558068);
#1682=LINE('',#1679,#1681);
#1683=EDGE_CURVE('',#1671,#1645,#1682,.T.);
#1684=ORIENTED_EDGE('',*,*,#1683,.T.);
#1685=EDGE_LOOP('',(#1652,#1660,#1669,#1678,#1684));
#1686=FACE_BOUND('',#1685,.T.);
#1687=ADVANCED_FACE('',(#1686),#1641,.F.);
#1688=CARTESIAN_POINT('',(-37.931178492,5.921474676,40.210015182));
#1689=DIRECTION('',(-0.,-1.,0.));
#1690=DIRECTION('',(-1.,0.,-0.));
#1691=AXIS2_PLACEMENT_3D('',#1688,#1689,#1690);
#1692=CYLINDRICAL_SURFACE('',#1691,5.);
#1693=ORIENTED_EDGE('',*,*,#1606,.T.);
#1694=ORIENTED_EDGE('',*,*,#335,.T.);
#1695=CARTESIAN_POINT('',(-42.931178492,3.921474676,40.210015182));
#1696=DIRECTION('',(0.,1.,-0.));
#1697=VECTOR('',#1696,2.);
#1698=LINE('',#1695,#1697);
#1699=EDGE_CURVE('',#320,#1662,#1698,.T.);
#1700=ORIENTED_EDGE('',*,*,#1699,.T.);
#1701=ORIENTED_EDGE('',*,*,#1668,.T.);
#1702=CARTESIAN_POINT('',(-38.005867823,5.921474676,35.210573062));
#1703=CARTESIAN_POINT('',(-37.980964083,5.921474676,35.210201012));
#1704=CARTESIAN_POINT('',(-37.956067637,5.921939661,35.210015182));
#1705=CARTESIAN_POINT('',(-37.931178492,5.922869787,35.210015182));
#1706=B_SPLINE_CURVE_WITH_KNOTS('',3,(#1702,#1703,#1704,#1705),.UNSPECIFIED.,.F.,.F.,(4,4),(0.,0.000074704),.UNSPECIFIED.);
#1707=EDGE_CURVE('',#1654,#1601,#1706,.T.);
#1708=ORIENTED_EDGE('',*,*,#1707,.T.);
#1709=EDGE_LOOP('',(#1693,#1694,#1700,#1701,#1708));
#1710=FACE_BOUND('',#1709,.T.);
#1711=ADVANCED_FACE('',(#1710),#1692,.T.);
#1712=CARTESIAN_POINT('',(-37.931178492,5.921474676,40.210015182));
#1713=DIRECTION('',(-0.,-1.,0.));
#1714=DIRECTION('',(-1.,0.,-0.));
#1715=AXIS2_PLACEMENT_3D('',#1712,#1713,#1714);
#1716=CYLINDRICAL_SURFACE('',#1715,5.);
#1717=ORIENTED_EDGE('',*,*,#709,.T.);
#1718=CARTESIAN_POINT('',(-37.931178492,5.922869787,45.210015182));
#1719=CARTESIAN_POINT('',(-37.956067637,5.921939661,45.210015182));
#1720=CARTESIAN_POINT('',(-37.980964083,5.921474676,45.209829351));
#1721=CARTESIAN_POINT('',(-38.005867823,5.921474676,45.209457301));
#1722=B_SPLINE_CURVE_WITH_KNOTS('',3,(#1718,#1719,#1720,#1721),.UNSPECIFIED.,.F.,.F.,(4,4),(0.,0.000074704),.UNSPECIFIED.);
#1723=EDGE_CURVE('',#697,#1671,#1722,.T.);
#1724=ORIENTED_EDGE('',*,*,#1723,.T.);
#1725=ORIENTED_EDGE('',*,*,#1677,.T.);
#1726=ORIENTED_EDGE('',*,*,#1699,.F.);
#1727=ORIENTED_EDGE('',*,*,#326,.T.);
#1728=EDGE_LOOP('',(#1717,#1724,#1725,#1726,#1727));
#1729=FACE_BOUND('',#1728,.T.);
#1730=ADVANCED_FACE('',(#1729),#1716,.T.);
#1731=CARTESIAN_POINT('',(-37.931178492,5.121474676,40.210015182));
#1732=DIRECTION('',(0.,1.,-0.));
#1733=DIRECTION('',(1.,-0.,0.));
#1734=AXIS2_PLACEMENT_3D('',#1731,#1732,#1733);
#1735=CYLINDRICAL_SURFACE('',#1734,2.5);
#1736=CARTESIAN_POINT('',(-35.431178492,7.667736882,40.210015182));
#1737=VERTEX_POINT('',#1736);
#1738=CARTESIAN_POINT('',(-35.431178492,5.121474676,40.210015182));
#1739=VERTEX_POINT('',#1738);
#1740=CARTESIAN_POINT('',(-35.431178492,7.667736882,40.210015182));
#1741=DIRECTION('',(-0.,-1.,0.));
#1742=VECTOR('',#1741,2.546262206);
#1743=LINE('',#1740,#1742);
#1744=EDGE_CURVE('',#1737,#1739,#1743,.T.);
#1745=ORIENTED_EDGE('',*,*,#1744,.F.);
#1746=CARTESIAN_POINT('',(-36.59165426,6.507261114,38.099168235));
#1747=VERTEX_POINT('',#1746);
#1748=CARTESIAN_POINT('',(-37.931178492,5.167736882,40.210015182));
#1749=DIRECTION('',(-0.707106781,0.707106781,-0.));
#1750=DIRECTION('',(0.707106781,0.707106781,-0.));
#1751=AXIS2_PLACEMENT_3D('',#1748,#1749,#1750);
#1752=ELLIPSE('',#1751,3.535533906,2.5);
#1753=EDGE_CURVE('',#1737,#1747,#1752,.T.);
#1754=ORIENTED_EDGE('',*,*,#1753,.T.);
#1755=CARTESIAN_POINT('',(-36.59165426,6.507261114,38.099168235));
#1756=CARTESIAN_POINT('',(-36.680066504,6.41884887,38.04306263));
#1757=CARTESIAN_POINT('',(-36.776171011,6.339115722,37.989823075));
#1758=CARTESIAN_POINT('',(-36.88080438,6.267923271,37.941378096));
#1759=CARTESIAN_POINT('',(-36.985437749,6.19673082,37.892933118));
#1760=CARTESIAN_POINT('',(-37.100260147,6.133455091,37.848798047));
#1761=CARTESIAN_POINT('',(-37.220666517,6.082056586,37.813106186));
#1762=CARTESIAN_POINT('',(-37.341072886,6.030658082,37.777414325));
#1763=CARTESIAN_POINT('',(-37.466825327,5.990791799,37.749925497));
#1764=CARTESIAN_POINT('',(-37.59855498,5.963389834,37.732241665));
#1765=CARTESIAN_POINT('',(-37.730284632,5.93598787,37.714557833));
#1766=CARTESIAN_POINT('',(-37.868280118,5.921474676,37.707018761));
#1767=CARTESIAN_POINT('',(-38.005867823,5.921474676,37.71113113));
#1768=B_SPLINE_CURVE_WITH_KNOTS('',3,(#1755,#1756,#1757,#1758,#1759,#1760,#1761,#1762,#1763,#1764,#1765,#1766,#1767),.UNSPECIFIED.,.F.,.F.,(4,3,3,3,4),(0.,0.000406355,0.00081271,0.001219065,0.00162542),.UNSPECIFIED.);
#1769=EDGE_CURVE('',#1747,#1643,#1768,.T.);
#1770=ORIENTED_EDGE('',*,*,#1769,.T.);
#1771=ORIENTED_EDGE('',*,*,#1651,.T.);
#1772=CARTESIAN_POINT('',(-36.59165426,6.507261114,42.320862128));
#1773=VERTEX_POINT('',#1772);
#1774=CARTESIAN_POINT('',(-38.005867823,5.921474676,42.708899233));
#1775=CARTESIAN_POINT('',(-37.868583008,5.921474676,42.713002549));
#1776=CARTESIAN_POINT('',(-37.734242872,5.93545468,42.705780062));
#1777=CARTESIAN_POINT('',(-37.602631445,5.96254629,42.688332522));
#1778=CARTESIAN_POINT('',(-37.471020017,5.9896379,42.670884981));
#1779=CARTESIAN_POINT('',(-37.341696095,6.030449834,42.64275993));
#1780=CARTESIAN_POINT('',(-37.221413379,6.081737949,42.607145442));
#1781=CARTESIAN_POINT('',(-37.101130663,6.133026064,42.571530954));
#1782=CARTESIAN_POINT('',(-36.98725629,6.195587669,42.527882667));
#1783=CARTESIAN_POINT('',(-36.881802717,6.267244451,42.479114228));
#1784=CARTESIAN_POINT('',(-36.776349143,6.338901233,42.430345789));
#1785=CARTESIAN_POINT('',(-36.679996601,6.418918773,42.376923372));
#1786=CARTESIAN_POINT('',(-36.59165426,6.507261114,42.320862128));
#1787=B_SPLINE_CURVE_WITH_KNOTS('',3,(#1774,#1775,#1776,#1777,#1778,#1779,#1780,#1781,#1782,#1783,#1784,#1785,#1786),.UNSPECIFIED.,.F.,.F.,(4,3,3,3,4),(0.,0.000405308,0.000810615,0.001215923,0.00162123),.UNSPECIFIED.);
#1788=EDGE_CURVE('',#1645,#1773,#1787,.T.);
#1789=ORIENTED_EDGE('',*,*,#1788,.T.);
#1790=CARTESIAN_POINT('',(-37.931178492,5.167736882,40.210015182));
#1791=DIRECTION('',(-0.707106781,0.707106781,-0.));
#1792=DIRECTION('',(0.707106781,0.707106781,-0.));
#1793=AXIS2_PLACEMENT_3D('',#1790,#1791,#1792);
#1794=ELLIPSE('',#1793,3.535533906,2.5);
#1795=EDGE_CURVE('',#1773,#1737,#1794,.T.);
#1796=ORIENTED_EDGE('',*,*,#1795,.T.);
#1797=ORIENTED_EDGE('',*,*,#1744,.T.);
#1798=CARTESIAN_POINT('',(-37.931178492,5.121474676,40.210015182));
#1799=DIRECTION('',(0.,1.,-0.));
#1800=DIRECTION('',(1.,-0.,0.));
#1801=AXIS2_PLACEMENT_3D('',#1798,#1799,#1800);
#1802=CIRCLE('',#1801,2.5);
#1803=EDGE_CURVE('',#1739,#1739,#1802,.T.);
#1804=ORIENTED_EDGE('',*,*,#1803,.F.);
#1805=EDGE_LOOP('',(#1745,#1754,#1770,#1771,#1789,#1796,#1797,#1804));
#1806=FACE_BOUND('',#1805,.T.);
#1807=ADVANCED_FACE('',(#1806),#1735,.F.);
#1808=CARTESIAN_POINT('',(26.937930533,5.121474676,40.210015182));
#1809=DIRECTION('',(0.,1.,-0.));
#1810=DIRECTION('',(1.,-0.,0.));
#1811=AXIS2_PLACEMENT_3D('',#1808,#1809,#1810);
#1812=PLANE('',#1811);
#1813=CARTESIAN_POINT('',(-36.381381621,5.121474676,40.210015182));
#1814=VERTEX_POINT('',#1813);
#1815=CARTESIAN_POINT('',(-39.480975362,5.121474676,40.210015182));
#1816=VERTEX_POINT('',#1815);
#1817=CARTESIAN_POINT('',(-37.931178492,5.121474676,40.210015182));
#1818=DIRECTION('',(-0.,-1.,0.));
#1819=DIRECTION('',(1.,-0.,0.));
#1820=AXIS2_PLACEMENT_3D('',#1817,#1818,#1819);
#1821=CIRCLE('',#1820,1.54979687);
#1822=EDGE_CURVE('',#1814,#1816,#1821,.T.);
#1823=ORIENTED_EDGE('',*,*,#1822,.T.);
#1824=CARTESIAN_POINT('',(-37.931178492,5.121474676,40.210015182));
#1825=DIRECTION('',(-0.,-1.,0.));
#1826=DIRECTION('',(1.,-0.,0.));
#1827=AXIS2_PLACEMENT_3D('',#1824,#1825,#1826);
#1828=CIRCLE('',#1827,1.54979687);
#1829=EDGE_CURVE('',#1816,#1814,#1828,.T.);
#1830=ORIENTED_EDGE('',*,*,#1829,.T.);
#1831=EDGE_LOOP('',(#1823,#1830));
#1832=FACE_BOUND('',#1831,.T.);
#1833=ORIENTED_EDGE('',*,*,#1803,.T.);
#1834=EDGE_LOOP('',(#1833));
#1835=FACE_BOUND('',#1834,.T.);
#1836=ADVANCED_FACE('',(#1832,#1835),#1812,.T.);
#1837=CARTESIAN_POINT('',(-37.931178492,21.466856719,40.210015182));
#1838=DIRECTION('',(-0.,-1.,0.));
#1839=DIRECTION('',(-1.,0.,-0.));
#1840=AXIS2_PLACEMENT_3D('',#1837,#1838,#1839);
#1841=CYLINDRICAL_SURFACE('',#1840,1.54979687);
#1842=CARTESIAN_POINT('',(-39.480975362,3.921474676,40.210015182));
#1843=DIRECTION('',(0.,1.,-0.));
#1844=VECTOR('',#1843,1.2);
#1845=LINE('',#1842,#1844);
#1846=EDGE_CURVE('',#426,#1816,#1845,.T.);
#1847=ORIENTED_EDGE('',*,*,#1846,.F.);
#1848=ORIENTED_EDGE('',*,*,#432,.F.);
#1849=ORIENTED_EDGE('',*,*,#1846,.T.);
#1850=ORIENTED_EDGE('',*,*,#1822,.F.);
#1851=ORIENTED_EDGE('',*,*,#1829,.F.);
#1852=EDGE_LOOP('',(#1847,#1848,#1849,#1850,#1851));
#1853=FACE_BOUND('',#1852,.T.);
#1854=ADVANCED_FACE('',(#1853),#1841,.F.);
#1855=CARTESIAN_POINT('',(-42.931178492,5.921474676,11.340146241));
#1856=DIRECTION('',(0.,0.,1.));
#1857=DIRECTION('',(-0.,-1.,0.));
#1858=AXIS2_PLACEMENT_3D('',#1855,#1856,#1857);
#1859=PLANE('',#1858);
#1860=ORIENTED_EDGE('',*,*,#359,.T.);
#1861=ORIENTED_EDGE('',*,*,#1083,.F.);
#1862=CARTESIAN_POINT('',(-33.516964929,9.581950445,11.340146241));
#1863=VERTEX_POINT('',#1862);
#1864=CARTESIAN_POINT('',(-34.931178492,10.996164007,11.340146241));
#1865=DIRECTION('',(-0.,-0.,-1.));
#1866=DIRECTION('',(0.,-1.,0.));
#1867=AXIS2_PLACEMENT_3D('',#1864,#1865,#1866);
#1868=CIRCLE('',#1867,2.);
#1869=EDGE_CURVE('',#1072,#1863,#1868,.T.);
#1870=ORIENTED_EDGE('',*,*,#1869,.T.);
#1871=CARTESIAN_POINT('',(-36.59165426,6.507261114,11.340146241));
#1872=VERTEX_POINT('',#1871);
#1873=CARTESIAN_POINT('',(-33.516964929,9.581950445,11.340146241));
#1874=DIRECTION('',(-0.707106781,-0.707106781,0.));
#1875=VECTOR('',#1874,4.348267352);
#1876=LINE('',#1873,#1875);
#1877=EDGE_CURVE('',#1863,#1872,#1876,.T.);
#1878=ORIENTED_EDGE('',*,*,#1877,.T.);
#1879=CARTESIAN_POINT('',(-37.931178492,5.922869787,11.340146241));
#1880=VERTEX_POINT('',#1879);
#1881=CARTESIAN_POINT('',(-38.005867823,7.921474676,11.340146241));
#1882=DIRECTION('',(-0.,-0.,-1.));
#1883=DIRECTION('',(0.,-1.,0.));
#1884=AXIS2_PLACEMENT_3D('',#1881,#1882,#1883);
#1885=CIRCLE('',#1884,2.);
#1886=EDGE_CURVE('',#1872,#1880,#1885,.T.);
#1887=ORIENTED_EDGE('',*,*,#1886,.T.);
#1888=CARTESIAN_POINT('',(-37.931178492,3.921474676,11.340146241));
#1889=DIRECTION('',(0.,1.,-0.));
#1890=VECTOR('',#1889,2.001395111);
#1891=LINE('',#1888,#1890);
#1892=EDGE_CURVE('',#354,#1880,#1891,.T.);
#1893=ORIENTED_EDGE('',*,*,#1892,.F.);
#1894=EDGE_LOOP('',(#1860,#1861,#1870,#1878,#1887,#1893));
#1895=FACE_BOUND('',#1894,.T.);
#1896=ADVANCED_FACE('',(#1895),#1859,.T.);
#1897=CARTESIAN_POINT('',(-37.931178492,5.921474676,6.340146241));
#1898=DIRECTION('',(-0.,-1.,0.));
#1899=DIRECTION('',(-1.,0.,-0.));
#1900=AXIS2_PLACEMENT_3D('',#1897,#1898,#1899);
#1901=PLANE('',#1900);
#1902=CARTESIAN_POINT('',(-38.005867823,5.921474676,3.841262189));
#1903=VERTEX_POINT('',#1902);
#1904=CARTESIAN_POINT('',(-38.005867823,5.921474676,8.839030293));
#1905=VERTEX_POINT('',#1904);
#1906=CARTESIAN_POINT('',(-37.931178492,5.921474676,6.340146241));
#1907=DIRECTION('',(0.,1.,-0.));
#1908=DIRECTION('',(1.,-0.,0.));
#1909=AXIS2_PLACEMENT_3D('',#1906,#1907,#1908);
#1910=CIRCLE('',#1909,2.5);
#1911=EDGE_CURVE('',#1903,#1905,#1910,.T.);
#1912=ORIENTED_EDGE('',*,*,#1911,.F.);
#1913=CARTESIAN_POINT('',(-38.005867823,5.921474676,1.340704122));
#1914=VERTEX_POINT('',#1913);
#1915=CARTESIAN_POINT('',(-38.005867823,5.921474676,3.841262189));
#1916=DIRECTION('',(-0.,-0.,-1.));
#1917=VECTOR('',#1916,2.500558068);
#1918=LINE('',#1915,#1917);
#1919=EDGE_CURVE('',#1903,#1914,#1918,.T.);
#1920=ORIENTED_EDGE('',*,*,#1919,.T.);
#1921=CARTESIAN_POINT('',(-42.931178492,5.921474676,6.340146241));
#1922=VERTEX_POINT('',#1921);
#1923=CARTESIAN_POINT('',(-37.931178492,5.921474676,6.340146241));
#1924=DIRECTION('',(-0.,-1.,0.));
#1925=DIRECTION('',(-1.,0.,-0.));
#1926=AXIS2_PLACEMENT_3D('',#1923,#1924,#1925);
#1927=CIRCLE('',#1926,5.);
#1928=EDGE_CURVE('',#1922,#1914,#1927,.T.);
#1929=ORIENTED_EDGE('',*,*,#1928,.F.);
#1930=CARTESIAN_POINT('',(-38.005867823,5.921474676,11.33958836));
#1931=VERTEX_POINT('',#1930);
#1932=CARTESIAN_POINT('',(-37.931178492,5.921474676,6.340146241));
#1933=DIRECTION('',(-0.,-1.,0.));
#1934=DIRECTION('',(-1.,0.,-0.));
#1935=AXIS2_PLACEMENT_3D('',#1932,#1933,#1934);
#1936=CIRCLE('',#1935,5.);
#1937=EDGE_CURVE('',#1931,#1922,#1936,.T.);
#1938=ORIENTED_EDGE('',*,*,#1937,.F.);
#1939=CARTESIAN_POINT('',(-38.005867823,5.921474676,11.33958836));
#1940=DIRECTION('',(-0.,-0.,-1.));
#1941=VECTOR('',#1940,2.500558068);
#1942=LINE('',#1939,#1941);
#1943=EDGE_CURVE('',#1931,#1905,#1942,.T.);
#1944=ORIENTED_EDGE('',*,*,#1943,.T.);
#1945=EDGE_LOOP('',(#1912,#1920,#1929,#1938,#1944));
#1946=FACE_BOUND('',#1945,.T.);
#1947=ADVANCED_FACE('',(#1946),#1901,.F.);
#1948=CARTESIAN_POINT('',(-37.931178492,5.921474676,6.340146241));
#1949=DIRECTION('',(-0.,-1.,0.));
#1950=DIRECTION('',(-1.,0.,-0.));
#1951=AXIS2_PLACEMENT_3D('',#1948,#1949,#1950);
#1952=CYLINDRICAL_SURFACE('',#1951,5.);
#1953=ORIENTED_EDGE('',*,*,#148,.T.);
#1954=ORIENTED_EDGE('',*,*,#375,.T.);
#1955=CARTESIAN_POINT('',(-42.931178492,3.921474676,6.340146241));
#1956=DIRECTION('',(0.,1.,-0.));
#1957=VECTOR('',#1956,2.);
#1958=LINE('',#1955,#1957);
#1959=EDGE_CURVE('',#362,#1922,#1958,.T.);
#1960=ORIENTED_EDGE('',*,*,#1959,.T.);
#1961=ORIENTED_EDGE('',*,*,#1928,.T.);
#1962=CARTESIAN_POINT('',(-38.005867823,5.921474676,1.340704122));
#1963=CARTESIAN_POINT('',(-37.980964083,5.921474676,1.340332071));
#1964=CARTESIAN_POINT('',(-37.956067637,5.921939661,1.340146241));
#1965=CARTESIAN_POINT('',(-37.931178492,5.922869787,1.340146241));
#1966=B_SPLINE_CURVE_WITH_KNOTS('',3,(#1962,#1963,#1964,#1965),.UNSPECIFIED.,.F.,.F.,(4,4),(0.,0.000074704),.UNSPECIFIED.);
#1967=EDGE_CURVE('',#1914,#143,#1966,.T.);
#1968=ORIENTED_EDGE('',*,*,#1967,.T.);
#1969=EDGE_LOOP('',(#1953,#1954,#1960,#1961,#1968));
#1970=FACE_BOUND('',#1969,.T.);
#1971=ADVANCED_FACE('',(#1970),#1952,.T.);
#1972=CARTESIAN_POINT('',(-37.931178492,5.921474676,6.340146241));
#1973=DIRECTION('',(-0.,-1.,0.));
#1974=DIRECTION('',(-1.,0.,-0.));
#1975=AXIS2_PLACEMENT_3D('',#1972,#1973,#1974);
#1976=CYLINDRICAL_SURFACE('',#1975,5.);
#1977=ORIENTED_EDGE('',*,*,#1892,.T.);
#1978=CARTESIAN_POINT('',(-37.931178492,5.922869787,11.340146241));
#1979=CARTESIAN_POINT('',(-37.956067637,5.921939661,11.340146241));
#1980=CARTESIAN_POINT('',(-37.980964083,5.921474676,11.33996041));
#1981=CARTESIAN_POINT('',(-38.005867823,5.921474676,11.33958836));
#1982=B_SPLINE_CURVE_WITH_KNOTS('',3,(#1978,#1979,#1980,#1981),.UNSPECIFIED.,.F.,.F.,(4,4),(0.,0.000074704),.UNSPECIFIED.);
#1983=EDGE_CURVE('',#1880,#1931,#1982,.T.);
#1984=ORIENTED_EDGE('',*,*,#1983,.T.);
#1985=ORIENTED_EDGE('',*,*,#1937,.T.);
#1986=ORIENTED_EDGE('',*,*,#1959,.F.);
#1987=ORIENTED_EDGE('',*,*,#368,.T.);
#1988=EDGE_LOOP('',(#1977,#1984,#1985,#1986,#1987));
#1989=FACE_BOUND('',#1988,.T.);
#1990=ADVANCED_FACE('',(#1989),#1976,.T.);
#1991=CARTESIAN_POINT('',(-37.931178492,5.121474676,6.340146241));
#1992=DIRECTION('',(0.,1.,-0.));
#1993=DIRECTION('',(1.,-0.,0.));
#1994=AXIS2_PLACEMENT_3D('',#1991,#1992,#1993);
#1995=CYLINDRICAL_SURFACE('',#1994,2.5);
#1996=CARTESIAN_POINT('',(-35.431178492,7.667736882,6.340146241));
#1997=VERTEX_POINT('',#1996);
#1998=CARTESIAN_POINT('',(-35.431178492,5.121474676,6.340146241));
#1999=VERTEX_POINT('',#1998);
#2000=CARTESIAN_POINT('',(-35.431178492,7.667736882,6.340146241));
#2001=DIRECTION('',(-0.,-1.,0.));
#2002=VECTOR('',#2001,2.546262206);
#2003=LINE('',#2000,#2002);
#2004=EDGE_CURVE('',#1997,#1999,#2003,.T.);
#2005=ORIENTED_EDGE('',*,*,#2004,.F.);
#2006=CARTESIAN_POINT('',(-36.59165426,6.507261114,4.229299294));
#2007=VERTEX_POINT('',#2006);
#2008=CARTESIAN_POINT('',(-37.931178492,5.167736882,6.340146241));
#2009=DIRECTION('',(-0.707106781,0.707106781,-0.));
#2010=DIRECTION('',(0.707106781,0.707106781,-0.));
#2011=AXIS2_PLACEMENT_3D('',#2008,#2009,#2010);
#2012=ELLIPSE('',#2011,3.535533906,2.5);
#2013=EDGE_CURVE('',#1997,#2007,#2012,.T.);
#2014=ORIENTED_EDGE('',*,*,#2013,.T.);
#2015=CARTESIAN_POINT('',(-36.59165426,6.507261114,4.229299294));
#2016=CARTESIAN_POINT('',(-36.680066504,6.41884887,4.17319369));
#2017=CARTESIAN_POINT('',(-36.776171011,6.339115722,4.119954134));
#2018=CARTESIAN_POINT('',(-36.88080438,6.267923271,4.071509155));
#2019=CARTESIAN_POINT('',(-36.985437749,6.19673082,4.023064177));
#2020=CARTESIAN_POINT('',(-37.100260147,6.133455091,3.978929107));
#2021=CARTESIAN_POINT('',(-37.220666517,6.082056586,3.943237245));
#2022=CARTESIAN_POINT('',(-37.341072886,6.030658082,3.907545384));
#2023=CARTESIAN_POINT('',(-37.466825327,5.990791799,3.880056556));
#2024=CARTESIAN_POINT('',(-37.59855498,5.963389834,3.862372724));
#2025=CARTESIAN_POINT('',(-37.730284632,5.93598787,3.844688893));
#2026=CARTESIAN_POINT('',(-37.868280118,5.921474676,3.83714982));
#2027=CARTESIAN_POINT('',(-38.005867823,5.921474676,3.841262189));
#2028=B_SPLINE_CURVE_WITH_KNOTS('',3,(#2015,#2016,#2017,#2018,#2019,#2020,#2021,#2022,#2023,#2024,#2025,#2026,#2027),.UNSPECIFIED.,.F.,.F.,(4,3,3,3,4),(0.,0.000406355,0.00081271,0.001219065,0.00162542),.UNSPECIFIED.);
#2029=EDGE_CURVE('',#2007,#1903,#2028,.T.);
#2030=ORIENTED_EDGE('',*,*,#2029,.T.);
#2031=ORIENTED_EDGE('',*,*,#1911,.T.);
#2032=CARTESIAN_POINT('',(-36.59165426,6.507261114,8.450993188));
#2033=VERTEX_POINT('',#2032);
#2034=CARTESIAN_POINT('',(-38.005867823,5.921474676,8.839030293));
#2035=CARTESIAN_POINT('',(-37.868583008,5.921474676,8.843133609));
#2036=CARTESIAN_POINT('',(-37.734242872,5.93545468,8.835911121));
#2037=CARTESIAN_POINT('',(-37.602631445,5.96254629,8.818463581));
#2038=CARTESIAN_POINT('',(-37.471020017,5.9896379,8.80101604));
#2039=CARTESIAN_POINT('',(-37.341696095,6.030449834,8.772890989));
#2040=CARTESIAN_POINT('',(-37.221413379,6.081737949,8.737276501));
#2041=CARTESIAN_POINT('',(-37.101130663,6.133026064,8.701662013));
#2042=CARTESIAN_POINT('',(-36.98725629,6.195587669,8.658013727));
#2043=CARTESIAN_POINT('',(-36.881802717,6.267244451,8.609245287));
#2044=CARTESIAN_POINT('',(-36.776349143,6.338901233,8.560476848));
#2045=CARTESIAN_POINT('',(-36.679996601,6.418918773,8.507054432));
#2046=CARTESIAN_POINT('',(-36.59165426,6.507261114,8.450993188));
#2047=B_SPLINE_CURVE_WITH_KNOTS('',3,(#2034,#2035,#2036,#2037,#2038,#2039,#2040,#2041,#2042,#2043,#2044,#2045,#2046),.UNSPECIFIED.,.F.,.F.,(4,3,3,3,4),(0.,0.000405308,0.000810615,0.001215923,0.00162123),.UNSPECIFIED.);
#2048=EDGE_CURVE('',#1905,#2033,#2047,.T.);
#2049=ORIENTED_EDGE('',*,*,#2048,.T.);
#2050=CARTESIAN_POINT('',(-37.931178492,5.167736882,6.340146241));
#2051=DIRECTION('',(-0.707106781,0.707106781,-0.));
#2052=DIRECTION('',(0.707106781,0.707106781,-0.));
#2053=AXIS2_PLACEMENT_3D('',#2050,#2051,#2052);
#2054=ELLIPSE('',#2053,3.535533906,2.5);
#2055=EDGE_CURVE('',#2033,#1997,#2054,.T.);
#2056=ORIENTED_EDGE('',*,*,#2055,.T.);
#2057=ORIENTED_EDGE('',*,*,#2004,.T.);
#2058=CARTESIAN_POINT('',(-37.931178492,5.121474676,6.340146241));
#2059=DIRECTION('',(0.,1.,-0.));
#2060=DIRECTION('',(1.,-0.,0.));
#2061=AXIS2_PLACEMENT_3D('',#2058,#2059,#2060);
#2062=CIRCLE('',#2061,2.5);
#2063=EDGE_CURVE('',#1999,#1999,#2062,.T.);
#2064=ORIENTED_EDGE('',*,*,#2063,.F.);
#2065=EDGE_LOOP('',(#2005,#2014,#2030,#2031,#2049,#2056,#2057,#2064));
#2066=FACE_BOUND('',#2065,.T.);
#2067=ADVANCED_FACE('',(#2066),#1995,.F.);
#2068=CARTESIAN_POINT('',(26.937930533,5.121474676,6.340146241));
#2069=DIRECTION('',(0.,1.,-0.));
#2070=DIRECTION('',(1.,-0.,0.));
#2071=AXIS2_PLACEMENT_3D('',#2068,#2069,#2070);
#2072=PLANE('',#2071);
#2073=CARTESIAN_POINT('',(-36.381381621,5.121474676,6.340146241));
#2074=VERTEX_POINT('',#2073);
#2075=CARTESIAN_POINT('',(-39.480975362,5.121474676,6.340146241));
#2076=VERTEX_POINT('',#2075);
#2077=CARTESIAN_POINT('',(-37.931178492,5.121474676,6.340146241));
#2078=DIRECTION('',(-0.,-1.,0.));
#2079=DIRECTION('',(1.,-0.,0.));
#2080=AXIS2_PLACEMENT_3D('',#2077,#2078,#2079);
#2081=CIRCLE('',#2080,1.54979687);
#2082=EDGE_CURVE('',#2074,#2076,#2081,.T.);
#2083=ORIENTED_EDGE('',*,*,#2082,.T.);
#2084=CARTESIAN_POINT('',(-37.931178492,5.121474676,6.340146241));
#2085=DIRECTION('',(-0.,-1.,0.));
#2086=DIRECTION('',(1.,-0.,0.));
#2087=AXIS2_PLACEMENT_3D('',#2084,#2085,#2086);
#2088=CIRCLE('',#2087,1.54979687);
#2089=EDGE_CURVE('',#2076,#2074,#2088,.T.);
#2090=ORIENTED_EDGE('',*,*,#2089,.T.);
#2091=EDGE_LOOP('',(#2083,#2090));
#2092=FACE_BOUND('',#2091,.T.);
#2093=ORIENTED_EDGE('',*,*,#2063,.T.);
#2094=EDGE_LOOP('',(#2093));
#2095=FACE_BOUND('',#2094,.T.);
#2096=ADVANCED_FACE('',(#2092,#2095),#2072,.T.);
#2097=CARTESIAN_POINT('',(-37.931178492,21.466856719,6.340146241));
#2098=DIRECTION('',(-0.,-1.,0.));
#2099=DIRECTION('',(-1.,0.,-0.));
#2100=AXIS2_PLACEMENT_3D('',#2097,#2098,#2099);
#2101=CYLINDRICAL_SURFACE('',#2100,1.54979687);
#2102=CARTESIAN_POINT('',(-39.480975362,3.921474676,6.340146241));
#2103=DIRECTION('',(0.,1.,-0.));
#2104=VECTOR('',#2103,1.2);
#2105=LINE('',#2102,#2104);
#2106=EDGE_CURVE('',#437,#2076,#2105,.T.);
#2107=ORIENTED_EDGE('',*,*,#2106,.F.);
#2108=ORIENTED_EDGE('',*,*,#443,.F.);
#2109=ORIENTED_EDGE('',*,*,#2106,.T.);
#2110=ORIENTED_EDGE('',*,*,#2082,.F.);
#2111=ORIENTED_EDGE('',*,*,#2089,.F.);
#2112=EDGE_LOOP('',(#2107,#2108,#2109,#2110,#2111));
#2113=FACE_BOUND('',#2112,.T.);
#2114=ADVANCED_FACE('',(#2113),#2101,.F.);
#2115=CARTESIAN_POINT('',(32.931178492,10.167736882,3.340146241));
#2116=DIRECTION('',(0.707106781,0.707106781,-0.));
#2117=DIRECTION('',(-0.,0.,1.));
#2118=AXIS2_PLACEMENT_3D('',#2115,#2116,#2117);
#2119=PLANE('',#2118);
#2120=ORIENTED_EDGE('',*,*,#644,.F.);
#2121=CARTESIAN_POINT('',(36.59165426,6.507261114,45.210015182));
#2122=DIRECTION('',(-0.,-0.,-1.));
#2123=VECTOR('',#2122,2.889153053);
#2124=LINE('',#2121,#2123);
#2125=EDGE_CURVE('',#630,#873,#2124,.T.);
#2126=ORIENTED_EDGE('',*,*,#2125,.T.);
#2127=ORIENTED_EDGE('',*,*,#879,.F.);
#2128=ORIENTED_EDGE('',*,*,#921,.F.);
#2129=CARTESIAN_POINT('',(36.59165426,6.507261114,38.099168235));
#2130=DIRECTION('',(-0.,-0.,-1.));
#2131=VECTOR('',#2130,2.889153053);
#2132=LINE('',#2129,#2131);
#2133=EDGE_CURVE('',#899,#737,#2132,.T.);
#2134=ORIENTED_EDGE('',*,*,#2133,.T.);
#2135=ORIENTED_EDGE('',*,*,#742,.F.);
#2136=CARTESIAN_POINT('',(33.516964929,9.581950445,35.210015182));
#2137=DIRECTION('',(-0.,0.,1.));
#2138=VECTOR('',#2137,10.);
#2139=LINE('',#2136,#2138);
#2140=EDGE_CURVE('',#728,#639,#2139,.T.);
#2141=ORIENTED_EDGE('',*,*,#2140,.T.);
#2142=EDGE_LOOP('',(#2120,#2126,#2127,#2128,#2134,#2135,#2141));
#2143=FACE_BOUND('',#2142,.T.);
#2144=ADVANCED_FACE('',(#2143),#2119,.T.);
#2145=CARTESIAN_POINT('',(32.931178492,10.167736882,3.340146241));
#2146=DIRECTION('',(0.707106781,0.707106781,-0.));
#2147=DIRECTION('',(-0.,0.,1.));
#2148=AXIS2_PLACEMENT_3D('',#2145,#2146,#2147);
#2149=PLANE('',#2148);
#2150=ORIENTED_EDGE('',*,*,#513,.F.);
#2151=ORIENTED_EDGE('',*,*,#555,.F.);
#2152=CARTESIAN_POINT('',(36.59165426,6.507261114,4.229299294));
#2153=DIRECTION('',(-0.,-0.,-1.));
#2154=VECTOR('',#2153,2.889153053);
#2155=LINE('',#2152,#2154);
#2156=EDGE_CURVE('',#533,#110,#2155,.T.);
#2157=ORIENTED_EDGE('',*,*,#2156,.T.);
#2158=ORIENTED_EDGE('',*,*,#115,.F.);
#2159=CARTESIAN_POINT('',(33.516964929,9.581950445,1.340146241));
#2160=DIRECTION('',(-0.,0.,1.));
#2161=VECTOR('',#2160,10.);
#2162=LINE('',#2159,#2161);
#2163=EDGE_CURVE('',#101,#60,#2162,.T.);
#2164=ORIENTED_EDGE('',*,*,#2163,.T.);
#2165=ORIENTED_EDGE('',*,*,#65,.F.);
#2166=CARTESIAN_POINT('',(36.59165426,6.507261114,11.340146241));
#2167=DIRECTION('',(-0.,-0.,-1.));
#2168=VECTOR('',#2167,2.889153053);
#2169=LINE('',#2166,#2168);
#2170=EDGE_CURVE('',#51,#507,#2169,.T.);
#2171=ORIENTED_EDGE('',*,*,#2170,.T.);
#2172=EDGE_LOOP('',(#2150,#2151,#2157,#2158,#2164,#2165,#2171));
#2173=FACE_BOUND('',#2172,.T.);
#2174=ADVANCED_FACE('',(#2173),#2149,.T.);
#2175=CARTESIAN_POINT('',(-37.177440698,5.921474676,40.210015182));
#2176=DIRECTION('',(-0.707106781,0.707106781,-0.));
#2177=DIRECTION('',(0.,0.,1.));
#2178=AXIS2_PLACEMENT_3D('',#2175,#2176,#2177);
#2179=PLANE('',#2178);
#2180=ORIENTED_EDGE('',*,*,#1623,.F.);
#2181=CARTESIAN_POINT('',(-36.59165426,6.507261114,35.210015182));
#2182=DIRECTION('',(-0.,0.,1.));
#2183=VECTOR('',#2182,2.889153053);
#2184=LINE('',#2181,#2183);
#2185=EDGE_CURVE('',#1609,#1747,#2184,.T.);
#2186=ORIENTED_EDGE('',*,*,#2185,.T.);
#2187=ORIENTED_EDGE('',*,*,#1753,.F.);
#2188=ORIENTED_EDGE('',*,*,#1795,.F.);
#2189=CARTESIAN_POINT('',(-36.59165426,6.507261114,42.320862128));
#2190=DIRECTION('',(-0.,0.,1.));
#2191=VECTOR('',#2190,2.889153053);
#2192=LINE('',#2189,#2191);
#2193=EDGE_CURVE('',#1773,#689,#2192,.T.);
#2194=ORIENTED_EDGE('',*,*,#2193,.T.);
#2195=ORIENTED_EDGE('',*,*,#694,.F.);
#2196=CARTESIAN_POINT('',(-33.516964929,9.581950445,45.210015182));
#2197=DIRECTION('',(-0.,-0.,-1.));
#2198=VECTOR('',#2197,10.);
#2199=LINE('',#2196,#2198);
#2200=EDGE_CURVE('',#680,#1618,#2199,.T.);
#2201=ORIENTED_EDGE('',*,*,#2200,.T.);
#2202=EDGE_LOOP('',(#2180,#2186,#2187,#2188,#2194,#2195,#2201));
#2203=FACE_BOUND('',#2202,.T.);
#2204=ADVANCED_FACE('',(#2203),#2179,.T.);
#2205=CARTESIAN_POINT('',(-37.177440698,5.921474676,6.340146241));
#2206=DIRECTION('',(-0.707106781,0.707106781,-0.));
#2207=DIRECTION('',(0.,0.,1.));
#2208=AXIS2_PLACEMENT_3D('',#2205,#2206,#2207);
#2209=PLANE('',#2208);
#2210=ORIENTED_EDGE('',*,*,#1877,.F.);
#2211=CARTESIAN_POINT('',(-33.516964929,9.581950445,11.340146241));
#2212=DIRECTION('',(-0.,-0.,-1.));
#2213=VECTOR('',#2212,10.);
#2214=LINE('',#2211,#2213);
#2215=EDGE_CURVE('',#1863,#160,#2214,.T.);
#2216=ORIENTED_EDGE('',*,*,#2215,.T.);
#2217=ORIENTED_EDGE('',*,*,#165,.F.);
#2218=CARTESIAN_POINT('',(-36.59165426,6.507261114,1.340146241));
#2219=DIRECTION('',(-0.,0.,1.));
#2220=VECTOR('',#2219,2.889153053);
#2221=LINE('',#2218,#2220);
#2222=EDGE_CURVE('',#151,#2007,#2221,.T.);
#2223=ORIENTED_EDGE('',*,*,#2222,.T.);
#2224=ORIENTED_EDGE('',*,*,#2013,.F.);
#2225=ORIENTED_EDGE('',*,*,#2055,.F.);
#2226=CARTESIAN_POINT('',(-36.59165426,6.507261114,8.450993188));
#2227=DIRECTION('',(-0.,0.,1.));
#2228=VECTOR('',#2227,2.889153053);
#2229=LINE('',#2226,#2228);
#2230=EDGE_CURVE('',#2033,#1872,#2229,.T.);
#2231=ORIENTED_EDGE('',*,*,#2230,.T.);
#2232=EDGE_LOOP('',(#2210,#2216,#2217,#2223,#2224,#2225,#2231));
#2233=FACE_BOUND('',#2232,.T.);
#2234=ADVANCED_FACE('',(#2233),#2209,.T.);
#2235=CARTESIAN_POINT('',(-38.005867823,7.921474676,40.210015182));
#2236=DIRECTION('',(0.,-0.,-1.));
#2237=DIRECTION('',(0.,1.,-0.));
#2238=AXIS2_PLACEMENT_3D('',#2235,#2236,#2237);
#2239=CYLINDRICAL_SURFACE('',#2238,2.);
#2240=ORIENTED_EDGE('',*,*,#1769,.F.);
#2241=ORIENTED_EDGE('',*,*,#2185,.F.);
#2242=ORIENTED_EDGE('',*,*,#1615,.F.);
#2243=ORIENTED_EDGE('',*,*,#1707,.F.);
#2244=ORIENTED_EDGE('',*,*,#1659,.F.);
#2245=EDGE_LOOP('',(#2240,#2241,#2242,#2243,#2244));
#2246=FACE_BOUND('',#2245,.T.);
#2247=ADVANCED_FACE('',(#2246),#2239,.F.);
#2248=CARTESIAN_POINT('',(-34.931178492,10.996164007,43.210015182));
#2249=DIRECTION('',(0.,0.,1.));
#2250=DIRECTION('',(0.,-1.,0.));
#2251=AXIS2_PLACEMENT_3D('',#2248,#2249,#2250);
#2252=CYLINDRICAL_SURFACE('',#2251,2.);
#2253=ORIENTED_EDGE('',*,*,#1630,.F.);
#2254=ORIENTED_EDGE('',*,*,#2200,.F.);
#2255=ORIENTED_EDGE('',*,*,#686,.F.);
#2256=ORIENTED_EDGE('',*,*,#1061,.F.);
#2257=EDGE_LOOP('',(#2253,#2254,#2255,#2256));
#2258=FACE_BOUND('',#2257,.T.);
#2259=ADVANCED_FACE('',(#2258),#2252,.F.);
#2260=CARTESIAN_POINT('',(-34.931178492,10.996164007,43.210015182));
#2261=DIRECTION('',(0.,0.,1.));
#2262=DIRECTION('',(0.,-1.,0.));
#2263=AXIS2_PLACEMENT_3D('',#2260,#2261,#2262);
#2264=CYLINDRICAL_SURFACE('',#2263,2.);
#2265=ORIENTED_EDGE('',*,*,#174,.F.);
#2266=ORIENTED_EDGE('',*,*,#2215,.F.);
#2267=ORIENTED_EDGE('',*,*,#1869,.F.);
#2268=ORIENTED_EDGE('',*,*,#1077,.F.);
#2269=EDGE_LOOP('',(#2265,#2266,#2267,#2268));
#2270=FACE_BOUND('',#2269,.T.);
#2271=ADVANCED_FACE('',(#2270),#2264,.F.);
#2272=CARTESIAN_POINT('',(-38.005867823,7.921474676,6.340146241));
#2273=DIRECTION('',(0.,-0.,-1.));
#2274=DIRECTION('',(0.,1.,-0.));
#2275=AXIS2_PLACEMENT_3D('',#2272,#2273,#2274);
#2276=CYLINDRICAL_SURFACE('',#2275,2.);
#2277=ORIENTED_EDGE('',*,*,#2029,.F.);
#2278=ORIENTED_EDGE('',*,*,#2222,.F.);
#2279=ORIENTED_EDGE('',*,*,#157,.F.);
#2280=ORIENTED_EDGE('',*,*,#1967,.F.);
#2281=ORIENTED_EDGE('',*,*,#1919,.F.);
#2282=EDGE_LOOP('',(#2277,#2278,#2279,#2280,#2281));
#2283=FACE_BOUND('',#2282,.T.);
#2284=ADVANCED_FACE('',(#2283),#2276,.F.);
#2285=CARTESIAN_POINT('',(-38.005867823,7.921474676,6.340146241));
#2286=DIRECTION('',(0.,-0.,-1.));
#2287=DIRECTION('',(0.,1.,-0.));
#2288=AXIS2_PLACEMENT_3D('',#2285,#2286,#2287);
#2289=CYLINDRICAL_SURFACE('',#2288,2.);
#2290=ORIENTED_EDGE('',*,*,#1886,.F.);
#2291=ORIENTED_EDGE('',*,*,#2230,.F.);
#2292=ORIENTED_EDGE('',*,*,#2048,.F.);
#2293=ORIENTED_EDGE('',*,*,#1943,.F.);
#2294=ORIENTED_EDGE('',*,*,#1983,.F.);
#2295=EDGE_LOOP('',(#2290,#2291,#2292,#2293,#2294));
#2296=FACE_BOUND('',#2295,.T.);
#2297=ADVANCED_FACE('',(#2296),#2289,.F.);
#2298=CARTESIAN_POINT('',(38.005867823,7.921474676,6.340146241));
#2299=DIRECTION('',(0.,0.,1.));
#2300=DIRECTION('',(0.,-1.,0.));
#2301=AXIS2_PLACEMENT_3D('',#2298,#2299,#2300);
#2302=CYLINDRICAL_SURFACE('',#2301,2.);
#2303=ORIENTED_EDGE('',*,*,#124,.F.);
#2304=ORIENTED_EDGE('',*,*,#2156,.F.);
#2305=ORIENTED_EDGE('',*,*,#548,.F.);
#2306=ORIENTED_EDGE('',*,*,#215,.F.);
#2307=ORIENTED_EDGE('',*,*,#459,.F.);
#2308=EDGE_LOOP('',(#2303,#2304,#2305,#2306,#2307));
#2309=FACE_BOUND('',#2308,.T.);
#2310=ADVANCED_FACE('',(#2309),#2302,.F.);
#2311=CARTESIAN_POINT('',(34.931178492,10.996164007,3.340146241));
#2312=DIRECTION('',(0.,-0.,-1.));
#2313=DIRECTION('',(0.,1.,-0.));
#2314=AXIS2_PLACEMENT_3D('',#2311,#2312,#2313);
#2315=CYLINDRICAL_SURFACE('',#2314,2.);
#2316=ORIENTED_EDGE('',*,*,#74,.F.);
#2317=ORIENTED_EDGE('',*,*,#2163,.F.);
#2318=ORIENTED_EDGE('',*,*,#107,.F.);
#2319=ORIENTED_EDGE('',*,*,#991,.F.);
#2320=EDGE_LOOP('',(#2316,#2317,#2318,#2319));
#2321=FACE_BOUND('',#2320,.T.);
#2322=ADVANCED_FACE('',(#2321),#2315,.F.);
#2323=CARTESIAN_POINT('',(38.005867823,7.921474676,40.210015182));
#2324=DIRECTION('',(0.,0.,1.));
#2325=DIRECTION('',(0.,-1.,0.));
#2326=AXIS2_PLACEMENT_3D('',#2323,#2324,#2325);
#2327=CYLINDRICAL_SURFACE('',#2326,2.);
#2328=ORIENTED_EDGE('',*,*,#895,.F.);
#2329=ORIENTED_EDGE('',*,*,#2125,.F.);
#2330=ORIENTED_EDGE('',*,*,#636,.F.);
#2331=ORIENTED_EDGE('',*,*,#849,.F.);
#2332=ORIENTED_EDGE('',*,*,#785,.F.);
#2333=EDGE_LOOP('',(#2328,#2329,#2330,#2331,#2332));
#2334=FACE_BOUND('',#2333,.T.);
#2335=ADVANCED_FACE('',(#2334),#2327,.F.);
#2336=CARTESIAN_POINT('',(-38.005867823,7.921474676,40.210015182));
#2337=DIRECTION('',(0.,-0.,-1.));
#2338=DIRECTION('',(0.,1.,-0.));
#2339=AXIS2_PLACEMENT_3D('',#2336,#2337,#2338);
#2340=CYLINDRICAL_SURFACE('',#2339,2.);
#2341=ORIENTED_EDGE('',*,*,#703,.F.);
#2342=ORIENTED_EDGE('',*,*,#2193,.F.);
#2343=ORIENTED_EDGE('',*,*,#1788,.F.);
#2344=ORIENTED_EDGE('',*,*,#1683,.F.);
#2345=ORIENTED_EDGE('',*,*,#1723,.F.);
#2346=EDGE_LOOP('',(#2341,#2342,#2343,#2344,#2345));
#2347=FACE_BOUND('',#2346,.T.);
#2348=ADVANCED_FACE('',(#2347),#2340,.F.);
#2349=CARTESIAN_POINT('',(38.005867823,7.921474676,40.210015182));
#2350=DIRECTION('',(0.,0.,1.));
#2351=DIRECTION('',(0.,-1.,0.));
#2352=AXIS2_PLACEMENT_3D('',#2349,#2350,#2351);
#2353=CYLINDRICAL_SURFACE('',#2352,2.);
#2354=ORIENTED_EDGE('',*,*,#751,.F.);
#2355=ORIENTED_EDGE('',*,*,#2133,.F.);
#2356=ORIENTED_EDGE('',*,*,#914,.F.);
#2357=ORIENTED_EDGE('',*,*,#809,.F.);
#2358=ORIENTED_EDGE('',*,*,#825,.F.);
#2359=EDGE_LOOP('',(#2354,#2355,#2356,#2357,#2358));
#2360=FACE_BOUND('',#2359,.T.);
#2361=ADVANCED_FACE('',(#2360),#2353,.F.);
#2362=CARTESIAN_POINT('',(34.931178492,10.996164007,3.340146241));
#2363=DIRECTION('',(0.,-0.,-1.));
#2364=DIRECTION('',(0.,1.,-0.));
#2365=AXIS2_PLACEMENT_3D('',#2362,#2363,#2364);
#2366=CYLINDRICAL_SURFACE('',#2365,2.);
#2367=ORIENTED_EDGE('',*,*,#653,.F.);
#2368=ORIENTED_EDGE('',*,*,#2140,.F.);
#2369=ORIENTED_EDGE('',*,*,#734,.F.);
#2370=ORIENTED_EDGE('',*,*,#1037,.F.);
#2371=EDGE_LOOP('',(#2367,#2368,#2369,#2370));
#2372=FACE_BOUND('',#2371,.T.);
#2373=ADVANCED_FACE('',(#2372),#2366,.F.);
#2374=CARTESIAN_POINT('',(38.005867823,7.921474676,6.340146241));
#2375=DIRECTION('',(0.,0.,1.));
#2376=DIRECTION('',(0.,-1.,0.));
#2377=AXIS2_PLACEMENT_3D('',#2374,#2375,#2376);
#2378=CYLINDRICAL_SURFACE('',#2377,2.);
#2379=ORIENTED_EDGE('',*,*,#529,.F.);
#2380=ORIENTED_EDGE('',*,*,#2170,.F.);
#2381=ORIENTED_EDGE('',*,*,#57,.F.);
#2382=ORIENTED_EDGE('',*,*,#483,.F.);
#2383=ORIENTED_EDGE('',*,*,#232,.F.);
#2384=EDGE_LOOP('',(#2379,#2380,#2381,#2382,#2383));
#2385=FACE_BOUND('',#2384,.T.);
#2386=ADVANCED_FACE('',(#2385),#2378,.F.);
#2387=CLOSED_SHELL('',(#84,#192,#243,#447,#471,#490,#567,#596,#614,#713,#762,#813,#837,#856,#933,#962,#980,#1043,#1088,#1240,#1355,#1386,#1410,#1434,#1456,#1473,
#1494,#1506,#1518,#1537,#1556,#1575,#1594,#1636,#1687,#1711,#1730,#1807,#1836,#1854,#1896,#1947,#1971,#1990,#2067,#2096,#2114,#2144,#2174,#2204,#2234,
#2247,#2259,#2271,#2284,#2297,#2310,#2322,#2335,#2348,#2361,#2373,#2386));
#2388=MANIFOLD_SOLID_BREP('CHUNK_CASE_OLED',#2387);
#26=STYLED_ITEM('',(),#2388);
#16=SHAPE_REPRESENTATION('root',(#15),#10);
#17=ADVANCED_BREP_SHAPE_REPRESENTATION('root',(#2388),#10);
#2396=SHAPE_REPRESENTATION_RELATIONSHIP('','',#16,#17);
#2397=APPLICATION_CONTEXT('configuration controlled 3D design of mechanical parts and assemblies');
#2398=APPLICATION_PROTOCOL_DEFINITION('international standard','configuration_control_3d_design_ed2_mim',2004,#2397);
#2399=PRODUCT_CONTEXT('',#2397,'mechanical');
#2400=PRODUCT_DEFINITION_CONTEXT('part definition',#2397,'design');
#24=PRODUCT('root','root','',(#2399));
#2401=PRODUCT_RELATED_PRODUCT_CATEGORY('part','',(#24));
#2402=PRODUCT_DEFINITION_FORMATION_WITH_SPECIFIED_SOURCE('','',#24,.NOT_KNOWN.);
#25=PRODUCT_DEFINITION('design','',#2402,#2400);
#23=PRODUCT_DEFINITION_SHAPE('','',#25);
#2403=SHAPE_DEFINITION_REPRESENTATION(#23,#16);
#11=DRAUGHTING_MODEL('',(),#10);
#1=MECHANICAL_DESIGN_GEOMETRIC_PRESENTATION_REPRESENTATION('',(#26),#10);
ENDSEC;
END-ISO-10303-21;
