ISO-10303-21;
HEADER;

/* File generated by HOOPS Exchange Version 24.2.0 */

FILE_DESCRIPTION(('HOOPS Exchange Step'),'2;1');

FILE_NAME('D:\\downloads\\captioncast\\captioncast\\enclosure\\exports\\v1\\CASE_TP_V2.stp',
'2026-06-24T20:07:44+06:-30',
('sushi'),
('Unknown organisation'),
'HOOPS Exchange 2024.2',
'HOOPS Exchange',
'Unknown authorisation');

FILE_SCHEMA( ('AP203_CONFIGURATION_CONTROLLED_3D_DESIGN_OF_MECHANICAL_PARTS_AND_ASSEMBLIES_MIM_LF') );

ENDSEC;

DATA;
#3=(NAMED_UNIT(*)PLANE_ANGLE_UNIT()SI_UNIT($,.RADIAN.));
#4=PLANE_ANGLE_MEASURE_WITH_UNIT(PLANE_ANGLE_MEASURE(0.0174532925),#3);
#5=(CONVERSION_BASED_UNIT('DEGREE',#4)NAMED_UNIT(#6)PLANE_ANGLE_UNIT());
#6=DIMENSIONAL_EXPONENTS(0.,0.,0.,0.,0.,0.,0.);
#7=(NAMED_UNIT(*)SI_UNIT($,.STERADIAN.)SOLID_ANGLE_UNIT());
#8=(LENGTH_UNIT()NAMED_UNIT(*)SI_UNIT(.MILLI.,.METRE.));
#9=UNCERTAINTY_MEASURE_WITH_UNIT(LENGTH_MEASURE(1.000000E-05),#8,'DISTANCE_ACCURACY_VALUE','Maximum Tolerance applied to model');
#10=(GEOMETRIC_REPRESENTATION_CONTEXT(3)GLOBAL_UNCERTAINTY_ASSIGNED_CONTEXT((#9))GLOBAL_UNIT_ASSIGNED_CONTEXT((#8,#5,#7))REPRESENTATION_CONTEXT('','root'));
#12=CARTESIAN_POINT('',(0.,0.,0.));
#13=DIRECTION('',(0.,0.,1.));
#14=DIRECTION('',(1.,0.,0.));
#15=AXIS2_PLACEMENT_3D('',#12,#13,#14);
#27=CARTESIAN_POINT('',(37.931178492,43.34248006,40.210015182));
#28=DIRECTION('',(0.,-1.,-0.));
#29=DIRECTION('',(0.,-0.,1.));
#30=AXIS2_PLACEMENT_3D('',#27,#28,#29);
#31=CYLINDRICAL_SURFACE('',#30,6.36);
#32=CARTESIAN_POINT('',(42.436213747,20.900610176,44.699364505));
#33=VERTEX_POINT('',#32);
#34=CARTESIAN_POINT('',(42.436213747,14.708549351,44.699364505));
#35=VERTEX_POINT('',#34);
#36=CARTESIAN_POINT('',(42.436213747,20.900610176,44.699364505));
#37=DIRECTION('',(0.,-1.,-0.));
#38=VECTOR('',#37,6.192060826);
#39=LINE('',#36,#38);
#40=EDGE_CURVE('',#33,#35,#39,.T.);
#41=ORIENTED_EDGE('',*,*,#40,.T.);
#42=CARTESIAN_POINT('',(44.291178492,14.708549351,40.210015182));
#43=VERTEX_POINT('',#42);
#44=CARTESIAN_POINT('',(37.931178492,14.708549351,40.210015182));
#45=DIRECTION('',(0.,1.,-0.));
#46=DIRECTION('',(-1.,0.,0.));
#47=AXIS2_PLACEMENT_3D('',#44,#45,#46);
#48=CIRCLE('',#47,6.36);
#49=EDGE_CURVE('',#35,#43,#48,.T.);
#50=ORIENTED_EDGE('',*,*,#49,.T.);
#51=CARTESIAN_POINT('',(44.291178492,0.300114529,40.210015182));
#52=VERTEX_POINT('',#51);
#53=CARTESIAN_POINT('',(44.291178492,14.708549351,40.210015182));
#54=DIRECTION('',(0.,-1.,-0.));
#55=VECTOR('',#54,14.408434821);
#56=LINE('',#53,#55);
#57=EDGE_CURVE('',#43,#52,#56,.T.);
#58=ORIENTED_EDGE('',*,*,#57,.T.);
#59=CARTESIAN_POINT('',(37.931178492,0.300114529,46.570015182));
#60=VERTEX_POINT('',#59);
#61=CARTESIAN_POINT('',(37.931178492,0.300114529,40.210015182));
#62=DIRECTION('',(-0.,1.,0.));
#63=DIRECTION('',(0.,-0.,1.));
#64=AXIS2_PLACEMENT_3D('',#61,#62,#63);
#65=CIRCLE('',#64,6.36);
#66=EDGE_CURVE('',#60,#52,#65,.T.);
#67=ORIENTED_EDGE('',*,*,#66,.F.);
#68=CARTESIAN_POINT('',(37.931178492,46.045871089,46.570015182));
#69=VERTEX_POINT('',#68);
#70=CARTESIAN_POINT('',(37.931178492,46.045871089,46.570015182));
#71=DIRECTION('',(0.,-1.,-0.));
#72=VECTOR('',#71,45.74575656);
#73=LINE('',#70,#72);
#74=EDGE_CURVE('',#69,#60,#73,.T.);
#75=ORIENTED_EDGE('',*,*,#74,.F.);
#76=CARTESIAN_POINT('',(44.291178492,46.045871089,40.210015182));
#77=VERTEX_POINT('',#76);
#78=CARTESIAN_POINT('',(37.931178492,46.045871089,40.210015182));
#79=DIRECTION('',(-0.,1.,0.));
#80=DIRECTION('',(-1.,-0.,0.));
#81=AXIS2_PLACEMENT_3D('',#78,#79,#80);
#82=CIRCLE('',#81,6.36);
#83=EDGE_CURVE('',#69,#77,#82,.T.);
#84=ORIENTED_EDGE('',*,*,#83,.T.);
#85=CARTESIAN_POINT('',(44.291178492,39.907663433,40.210015182));
#86=VERTEX_POINT('',#85);
#87=CARTESIAN_POINT('',(44.291178492,46.045871089,40.210015182));
#88=DIRECTION('',(0.,-1.,-0.));
#89=VECTOR('',#88,6.138207656);
#90=LINE('',#87,#89);
#91=EDGE_CURVE('',#77,#86,#90,.T.);
#92=ORIENTED_EDGE('',*,*,#91,.T.);
#93=CARTESIAN_POINT('',(42.436213747,39.907663433,44.699364505));
#94=VERTEX_POINT('',#93);
#95=CARTESIAN_POINT('',(37.931178492,39.907663433,40.210015182));
#96=DIRECTION('',(0.,1.,-0.));
#97=DIRECTION('',(-1.,0.,0.));
#98=AXIS2_PLACEMENT_3D('',#95,#96,#97);
#99=CIRCLE('',#98,6.36);
#100=EDGE_CURVE('',#94,#86,#99,.T.);
#101=ORIENTED_EDGE('',*,*,#100,.F.);
#102=CARTESIAN_POINT('',(42.436213747,33.715602607,44.699364505));
#103=VERTEX_POINT('',#102);
#104=CARTESIAN_POINT('',(42.436213747,33.715602607,44.699364505));
#105=DIRECTION('',(-0.,1.,0.));
#106=VECTOR('',#105,6.192060826);
#107=LINE('',#104,#106);
#108=EDGE_CURVE('',#103,#94,#107,.T.);
#109=ORIENTED_EDGE('',*,*,#108,.F.);
#110=CARTESIAN_POINT('',(44.291178492,33.715602607,40.210015182));
#111=VERTEX_POINT('',#110);
#112=CARTESIAN_POINT('',(37.931178492,33.715602607,40.210015182));
#113=DIRECTION('',(-0.,-1.,0.));
#114=DIRECTION('',(1.,-0.,-0.));
#115=AXIS2_PLACEMENT_3D('',#112,#113,#114);
#116=CIRCLE('',#115,6.36);
#117=EDGE_CURVE('',#111,#103,#116,.T.);
#118=ORIENTED_EDGE('',*,*,#117,.F.);
#119=CARTESIAN_POINT('',(44.291178492,20.900610176,40.210015182));
#120=VERTEX_POINT('',#119);
#121=CARTESIAN_POINT('',(44.291178492,33.715602607,40.210015182));
#122=DIRECTION('',(0.,-1.,-0.));
#123=VECTOR('',#122,12.814992431);
#124=LINE('',#121,#123);
#125=EDGE_CURVE('',#111,#120,#124,.T.);
#126=ORIENTED_EDGE('',*,*,#125,.T.);
#127=CARTESIAN_POINT('',(37.931178492,20.900610176,40.210015182));
#128=DIRECTION('',(-0.,-1.,0.));
#129=DIRECTION('',(1.,-0.,0.));
#130=AXIS2_PLACEMENT_3D('',#127,#128,#129);
#131=CIRCLE('',#130,6.36);
#132=EDGE_CURVE('',#120,#33,#131,.T.);
#133=ORIENTED_EDGE('',*,*,#132,.T.);
#134=EDGE_LOOP('',(#41,#50,#58,#67,#75,#84,#92,#101,#109,#118,#126,#133));
#135=FACE_BOUND('',#134,.T.);
#136=ADVANCED_FACE('',(#135),#31,.F.);
#137=CARTESIAN_POINT('',(-37.931178492,43.34248006,40.210015182));
#138=DIRECTION('',(-0.,-1.,-0.));
#139=DIRECTION('',(-0.,-0.,1.));
#140=AXIS2_PLACEMENT_3D('',#137,#138,#139);
#141=CYLINDRICAL_SURFACE('',#140,6.36);
#142=CARTESIAN_POINT('',(-44.291178492,14.708549351,40.210015182));
#143=VERTEX_POINT('',#142);
#144=CARTESIAN_POINT('',(-44.291178492,0.300114529,40.210015182));
#145=VERTEX_POINT('',#144);
#146=CARTESIAN_POINT('',(-44.291178492,14.708549351,40.210015182));
#147=DIRECTION('',(-0.,-1.,-0.));
#148=VECTOR('',#147,14.408434821);
#149=LINE('',#146,#148);
#150=EDGE_CURVE('',#143,#145,#149,.T.);
#151=ORIENTED_EDGE('',*,*,#150,.F.);
#152=CARTESIAN_POINT('',(-42.436213747,14.708549351,44.699364505));
#153=VERTEX_POINT('',#152);
#154=CARTESIAN_POINT('',(-37.931178492,14.708549351,40.210015182));
#155=DIRECTION('',(-0.,1.,-0.));
#156=DIRECTION('',(-1.,-0.,0.));
#157=AXIS2_PLACEMENT_3D('',#154,#155,#156);
#158=CIRCLE('',#157,6.36);
#159=EDGE_CURVE('',#143,#153,#158,.T.);
#160=ORIENTED_EDGE('',*,*,#159,.T.);
#161=CARTESIAN_POINT('',(-42.436213747,20.900610176,44.699364505));
#162=VERTEX_POINT('',#161);
#163=CARTESIAN_POINT('',(-42.436213747,14.708549351,44.699364505));
#164=DIRECTION('',(0.,1.,0.));
#165=VECTOR('',#164,6.192060826);
#166=LINE('',#163,#165);
#167=EDGE_CURVE('',#153,#162,#166,.T.);
#168=ORIENTED_EDGE('',*,*,#167,.T.);
#169=CARTESIAN_POINT('',(-44.291178492,20.900610176,40.210015182));
#170=VERTEX_POINT('',#169);
#171=CARTESIAN_POINT('',(-37.931178492,20.900610176,40.210015182));
#172=DIRECTION('',(0.,-1.,0.));
#173=DIRECTION('',(1.,0.,0.));
#174=AXIS2_PLACEMENT_3D('',#171,#172,#173);
#175=CIRCLE('',#174,6.36);
#176=EDGE_CURVE('',#162,#170,#175,.T.);
#177=ORIENTED_EDGE('',*,*,#176,.T.);
#178=CARTESIAN_POINT('',(-44.291178492,33.715602607,40.210015182));
#179=VERTEX_POINT('',#178);
#180=CARTESIAN_POINT('',(-44.291178492,33.715602607,40.210015182));
#181=DIRECTION('',(-0.,-1.,-0.));
#182=VECTOR('',#181,12.814992431);
#183=LINE('',#180,#182);
#184=EDGE_CURVE('',#179,#170,#183,.T.);
#185=ORIENTED_EDGE('',*,*,#184,.F.);
#186=CARTESIAN_POINT('',(-42.436213747,33.715602607,44.699364505));
#187=VERTEX_POINT('',#186);
#188=CARTESIAN_POINT('',(-37.931178492,33.715602607,40.210015182));
#189=DIRECTION('',(-0.,1.,-0.));
#190=DIRECTION('',(-1.,-0.,0.));
#191=AXIS2_PLACEMENT_3D('',#188,#189,#190);
#192=CIRCLE('',#191,6.36);
#193=EDGE_CURVE('',#179,#187,#192,.T.);
#194=ORIENTED_EDGE('',*,*,#193,.T.);
#195=CARTESIAN_POINT('',(-42.436213747,39.907663433,44.699364505));
#196=VERTEX_POINT('',#195);
#197=CARTESIAN_POINT('',(-42.436213747,33.715602607,44.699364505));
#198=DIRECTION('',(0.,1.,0.));
#199=VECTOR('',#198,6.192060826);
#200=LINE('',#197,#199);
#201=EDGE_CURVE('',#187,#196,#200,.T.);
#202=ORIENTED_EDGE('',*,*,#201,.T.);
#203=CARTESIAN_POINT('',(-44.291178492,39.907663433,40.210015182));
#204=VERTEX_POINT('',#203);
#205=CARTESIAN_POINT('',(-37.931178492,39.907663433,40.210015182));
#206=DIRECTION('',(0.,-1.,0.));
#207=DIRECTION('',(1.,0.,0.));
#208=AXIS2_PLACEMENT_3D('',#205,#206,#207);
#209=CIRCLE('',#208,6.36);
#210=EDGE_CURVE('',#196,#204,#209,.T.);
#211=ORIENTED_EDGE('',*,*,#210,.T.);
#212=CARTESIAN_POINT('',(-44.291178492,46.045871089,40.210015182));
#213=VERTEX_POINT('',#212);
#214=CARTESIAN_POINT('',(-44.291178492,46.045871089,40.210015182));
#215=DIRECTION('',(-0.,-1.,-0.));
#216=VECTOR('',#215,6.138207656);
#217=LINE('',#214,#216);
#218=EDGE_CURVE('',#213,#204,#217,.T.);
#219=ORIENTED_EDGE('',*,*,#218,.F.);
#220=CARTESIAN_POINT('',(-37.931178492,46.045871089,46.570015182));
#221=VERTEX_POINT('',#220);
#222=CARTESIAN_POINT('',(-37.931178492,46.045871089,40.210015182));
#223=DIRECTION('',(-0.,-1.,-0.));
#224=DIRECTION('',(1.,-0.,0.));
#225=AXIS2_PLACEMENT_3D('',#222,#223,#224);
#226=CIRCLE('',#225,6.36);
#227=EDGE_CURVE('',#221,#213,#226,.T.);
#228=ORIENTED_EDGE('',*,*,#227,.F.);
#229=CARTESIAN_POINT('',(-37.931178492,0.300114529,46.570015182));
#230=VERTEX_POINT('',#229);
#231=CARTESIAN_POINT('',(-37.931178492,46.045871089,46.570015182));
#232=DIRECTION('',(-0.,-1.,-0.));
#233=VECTOR('',#232,45.74575656);
#234=LINE('',#231,#233);
#235=EDGE_CURVE('',#221,#230,#234,.T.);
#236=ORIENTED_EDGE('',*,*,#235,.T.);
#237=CARTESIAN_POINT('',(-37.931178492,0.300114529,40.210015182));
#238=DIRECTION('',(-0.,-1.,-0.));
#239=DIRECTION('',(0.,-0.,1.));
#240=AXIS2_PLACEMENT_3D('',#237,#238,#239);
#241=CIRCLE('',#240,6.36);
#242=EDGE_CURVE('',#230,#145,#241,.T.);
#243=ORIENTED_EDGE('',*,*,#242,.T.);
#244=EDGE_LOOP('',(#151,#160,#168,#177,#185,#194,#202,#211,#219,#228,#236,#243));
#245=FACE_BOUND('',#244,.T.);
#246=ADVANCED_FACE('',(#245),#141,.F.);
#247=CARTESIAN_POINT('',(-44.291178492,43.34248006,6.340146241));
#248=DIRECTION('',(1.,-0.,-0.));
#249=DIRECTION('',(0.,0.,-1.));
#250=AXIS2_PLACEMENT_3D('',#247,#248,#249);
#251=PLANE('',#250);
#252=CARTESIAN_POINT('',(-44.291178492,35.349985028,12.221441755));
#253=VERTEX_POINT('',#252);
#254=CARTESIAN_POINT('',(-44.291178492,35.349985028,19.421441755));
#255=VERTEX_POINT('',#254);
#256=CARTESIAN_POINT('',(-44.291178492,35.349985028,12.221441755));
#257=DIRECTION('',(-0.,-0.,1.));
#258=VECTOR('',#257,7.2);
#259=LINE('',#256,#258);
#260=EDGE_CURVE('',#253,#255,#259,.T.);
#261=ORIENTED_EDGE('',*,*,#260,.T.);
#262=CARTESIAN_POINT('',(-44.291178492,42.007032187,19.421441755));
#263=VERTEX_POINT('',#262);
#264=CARTESIAN_POINT('',(-44.291178492,42.007032187,19.421441755));
#265=DIRECTION('',(-0.,-1.,-0.));
#266=VECTOR('',#265,6.657047159);
#267=LINE('',#264,#266);
#268=EDGE_CURVE('',#263,#255,#267,.T.);
#269=ORIENTED_EDGE('',*,*,#268,.F.);
#270=CARTESIAN_POINT('',(-44.291178492,42.007032187,12.221441755));
#271=VERTEX_POINT('',#270);
#272=CARTESIAN_POINT('',(-44.291178492,42.007032187,19.421441755));
#273=DIRECTION('',(0.,0.,-1.));
#274=VECTOR('',#273,7.2);
#275=LINE('',#272,#274);
#276=EDGE_CURVE('',#263,#271,#275,.T.);
#277=ORIENTED_EDGE('',*,*,#276,.T.);
#278=CARTESIAN_POINT('',(-44.291178492,35.349985028,12.221441755));
#279=DIRECTION('',(0.,1.,0.));
#280=VECTOR('',#279,6.657047159);
#281=LINE('',#278,#280);
#282=EDGE_CURVE('',#253,#271,#281,.T.);
#283=ORIENTED_EDGE('',*,*,#282,.F.);
#284=EDGE_LOOP('',(#261,#269,#277,#283));
#285=FACE_BOUND('',#284,.T.);
#286=CARTESIAN_POINT('',(-44.291178492,35.349985028,27.258500248));
#287=VERTEX_POINT('',#286);
#288=CARTESIAN_POINT('',(-44.291178492,35.349985028,34.458500248));
#289=VERTEX_POINT('',#288);
#290=CARTESIAN_POINT('',(-44.291178492,35.349985028,27.258500248));
#291=DIRECTION('',(-0.,-0.,1.));
#292=VECTOR('',#291,7.2);
#293=LINE('',#290,#292);
#294=EDGE_CURVE('',#287,#289,#293,.T.);
#295=ORIENTED_EDGE('',*,*,#294,.T.);
#296=CARTESIAN_POINT('',(-44.291178492,42.007032187,34.458500248));
#297=VERTEX_POINT('',#296);
#298=CARTESIAN_POINT('',(-44.291178492,42.007032187,34.458500248));
#299=DIRECTION('',(-0.,-1.,-0.));
#300=VECTOR('',#299,6.657047159);
#301=LINE('',#298,#300);
#302=EDGE_CURVE('',#297,#289,#301,.T.);
#303=ORIENTED_EDGE('',*,*,#302,.F.);
#304=CARTESIAN_POINT('',(-44.291178492,42.007032187,27.258500248));
#305=VERTEX_POINT('',#304);
#306=CARTESIAN_POINT('',(-44.291178492,42.007032187,34.458500248));
#307=DIRECTION('',(0.,0.,-1.));
#308=VECTOR('',#307,7.2);
#309=LINE('',#306,#308);
#310=EDGE_CURVE('',#297,#305,#309,.T.);
#311=ORIENTED_EDGE('',*,*,#310,.T.);
#312=CARTESIAN_POINT('',(-44.291178492,35.349985028,27.258500248));
#313=DIRECTION('',(0.,1.,0.));
#314=VECTOR('',#313,6.657047159);
#315=LINE('',#312,#314);
#316=EDGE_CURVE('',#287,#305,#315,.T.);
#317=ORIENTED_EDGE('',*,*,#316,.F.);
#318=EDGE_LOOP('',(#295,#303,#311,#317));
#319=FACE_BOUND('',#318,.T.);
#320=CARTESIAN_POINT('',(-44.291178492,13.020788305,27.258500248));
#321=VERTEX_POINT('',#320);
#322=CARTESIAN_POINT('',(-44.291178492,13.020788305,34.458500248));
#323=VERTEX_POINT('',#322);
#324=CARTESIAN_POINT('',(-44.291178492,13.020788305,27.258500248));
#325=DIRECTION('',(-0.,-0.,1.));
#326=VECTOR('',#325,7.2);
#327=LINE('',#324,#326);
#328=EDGE_CURVE('',#321,#323,#327,.T.);
#329=ORIENTED_EDGE('',*,*,#328,.F.);
#330=CARTESIAN_POINT('',(-44.291178492,6.165755163,27.258500248));
#331=VERTEX_POINT('',#330);
#332=CARTESIAN_POINT('',(-44.291178492,13.020788305,27.258500248));
#333=DIRECTION('',(0.,-1.,0.));
#334=VECTOR('',#333,6.855033143);
#335=LINE('',#332,#334);
#336=EDGE_CURVE('',#321,#331,#335,.T.);
#337=ORIENTED_EDGE('',*,*,#336,.T.);
#338=CARTESIAN_POINT('',(-44.291178492,6.165755163,34.458500248));
#339=VERTEX_POINT('',#338);
#340=CARTESIAN_POINT('',(-44.291178492,6.165755163,34.458500248));
#341=DIRECTION('',(-0.,0.,-1.));
#342=VECTOR('',#341,7.2);
#343=LINE('',#340,#342);
#344=EDGE_CURVE('',#339,#331,#343,.T.);
#345=ORIENTED_EDGE('',*,*,#344,.F.);
#346=CARTESIAN_POINT('',(-44.291178492,6.165755163,34.458500248));
#347=DIRECTION('',(0.,1.,0.));
#348=VECTOR('',#347,6.855033143);
#349=LINE('',#346,#348);
#350=EDGE_CURVE('',#339,#323,#349,.T.);
#351=ORIENTED_EDGE('',*,*,#350,.T.);
#352=EDGE_LOOP('',(#329,#337,#345,#351));
#353=FACE_BOUND('',#352,.T.);
#354=CARTESIAN_POINT('',(-44.291178492,13.020788305,12.221441755));
#355=VERTEX_POINT('',#354);
#356=CARTESIAN_POINT('',(-44.291178492,13.020788305,19.421441755));
#357=VERTEX_POINT('',#356);
#358=CARTESIAN_POINT('',(-44.291178492,13.020788305,12.221441755));
#359=DIRECTION('',(-0.,-0.,1.));
#360=VECTOR('',#359,7.2);
#361=LINE('',#358,#360);
#362=EDGE_CURVE('',#355,#357,#361,.T.);
#363=ORIENTED_EDGE('',*,*,#362,.F.);
#364=CARTESIAN_POINT('',(-44.291178492,6.165755163,12.221441755));
#365=VERTEX_POINT('',#364);
#366=CARTESIAN_POINT('',(-44.291178492,13.020788305,12.221441755));
#367=DIRECTION('',(0.,-1.,0.));
#368=VECTOR('',#367,6.855033143);
#369=LINE('',#366,#368);
#370=EDGE_CURVE('',#355,#365,#369,.T.);
#371=ORIENTED_EDGE('',*,*,#370,.T.);
#372=CARTESIAN_POINT('',(-44.291178492,6.165755163,19.421441755));
#373=VERTEX_POINT('',#372);
#374=CARTESIAN_POINT('',(-44.291178492,6.165755163,19.421441755));
#375=DIRECTION('',(-0.,0.,-1.));
#376=VECTOR('',#375,7.2);
#377=LINE('',#374,#376);
#378=EDGE_CURVE('',#373,#365,#377,.T.);
#379=ORIENTED_EDGE('',*,*,#378,.F.);
#380=CARTESIAN_POINT('',(-44.291178492,6.165755163,19.421441755));
#381=DIRECTION('',(0.,1.,0.));
#382=VECTOR('',#381,6.855033143);
#383=LINE('',#380,#382);
#384=EDGE_CURVE('',#373,#357,#383,.T.);
#385=ORIENTED_EDGE('',*,*,#384,.T.);
#386=EDGE_LOOP('',(#363,#371,#379,#385));
#387=FACE_BOUND('',#386,.T.);
#388=ORIENTED_EDGE('',*,*,#184,.T.);
#389=CARTESIAN_POINT('',(-44.291178492,20.900610176,36.3707379));
#390=VERTEX_POINT('',#389);
#391=CARTESIAN_POINT('',(-44.291178492,20.900610176,40.210015182));
#392=DIRECTION('',(-0.,-0.,-1.));
#393=VECTOR('',#392,3.839277282);
#394=LINE('',#391,#393);
#395=EDGE_CURVE('',#170,#390,#394,.T.);
#396=ORIENTED_EDGE('',*,*,#395,.T.);
#397=CARTESIAN_POINT('',(-44.291178492,14.708549351,36.3707379));
#398=VERTEX_POINT('',#397);
#399=CARTESIAN_POINT('',(-44.291178492,20.900610176,36.3707379));
#400=DIRECTION('',(-0.,-1.,0.));
#401=VECTOR('',#400,6.192060826);
#402=LINE('',#399,#401);
#403=EDGE_CURVE('',#390,#398,#402,.T.);
#404=ORIENTED_EDGE('',*,*,#403,.T.);
#405=CARTESIAN_POINT('',(-44.291178492,14.708549351,36.3707379));
#406=DIRECTION('',(0.,0.,1.));
#407=VECTOR('',#406,3.839277282);
#408=LINE('',#405,#407);
#409=EDGE_CURVE('',#398,#143,#408,.T.);
#410=ORIENTED_EDGE('',*,*,#409,.T.);
#411=ORIENTED_EDGE('',*,*,#150,.T.);
#412=CARTESIAN_POINT('',(-44.291178492,0.300114529,6.340146241));
#413=VERTEX_POINT('',#412);
#414=CARTESIAN_POINT('',(-44.291178492,0.300114529,40.210015182));
#415=DIRECTION('',(0.,0.,-1.));
#416=VECTOR('',#415,33.869868941);
#417=LINE('',#414,#416);
#418=EDGE_CURVE('',#145,#413,#417,.T.);
#419=ORIENTED_EDGE('',*,*,#418,.T.);
#420=CARTESIAN_POINT('',(-44.291178492,46.045871089,6.340146241));
#421=VERTEX_POINT('',#420);
#422=CARTESIAN_POINT('',(-44.291178492,46.045871089,6.340146241));
#423=DIRECTION('',(-0.,-1.,-0.));
#424=VECTOR('',#423,45.74575656);
#425=LINE('',#422,#424);
#426=EDGE_CURVE('',#421,#413,#425,.T.);
#427=ORIENTED_EDGE('',*,*,#426,.F.);
#428=CARTESIAN_POINT('',(-44.291178492,46.045871089,40.210015182));
#429=DIRECTION('',(0.,0.,-1.));
#430=VECTOR('',#429,33.869868941);
#431=LINE('',#428,#430);
#432=EDGE_CURVE('',#213,#421,#431,.T.);
#433=ORIENTED_EDGE('',*,*,#432,.F.);
#434=ORIENTED_EDGE('',*,*,#218,.T.);
#435=CARTESIAN_POINT('',(-44.291178492,39.907663433,36.3707379));
#436=VERTEX_POINT('',#435);
#437=CARTESIAN_POINT('',(-44.291178492,39.907663433,40.210015182));
#438=DIRECTION('',(-0.,-0.,-1.));
#439=VECTOR('',#438,3.839277282);
#440=LINE('',#437,#439);
#441=EDGE_CURVE('',#204,#436,#440,.T.);
#442=ORIENTED_EDGE('',*,*,#441,.T.);
#443=CARTESIAN_POINT('',(-44.291178492,33.715602607,36.3707379));
#444=VERTEX_POINT('',#443);
#445=CARTESIAN_POINT('',(-44.291178492,39.907663433,36.3707379));
#446=DIRECTION('',(-0.,-1.,0.));
#447=VECTOR('',#446,6.192060826);
#448=LINE('',#445,#447);
#449=EDGE_CURVE('',#436,#444,#448,.T.);
#450=ORIENTED_EDGE('',*,*,#449,.T.);
#451=CARTESIAN_POINT('',(-44.291178492,33.715602607,36.3707379));
#452=DIRECTION('',(0.,0.,1.));
#453=VECTOR('',#452,3.839277282);
#454=LINE('',#451,#453);
#455=EDGE_CURVE('',#444,#179,#454,.T.);
#456=ORIENTED_EDGE('',*,*,#455,.T.);
#457=EDGE_LOOP('',(#388,#396,#404,#410,#411,#419,#427,#433,#434,#442,#450,#456));
#458=FACE_BOUND('',#457,.T.);
#459=ADVANCED_FACE('',(#285,#319,#353,#387,#458),#251,.T.);
#460=CARTESIAN_POINT('',(61.008185377,8.5299986,13.689963176));
#461=DIRECTION('',(-0.,-1.,-0.));
#462=DIRECTION('',(0.,-0.,1.));
#463=AXIS2_PLACEMENT_3D('',#460,#461,#462);
#464=PLANE('',#463);
#465=CARTESIAN_POINT('',(36.823804997,8.5299986,12.25804101));
#466=VERTEX_POINT('',#465);
#467=CARTESIAN_POINT('',(33.735835397,8.5299986,15.821441755));
#468=VERTEX_POINT('',#467);
#469=CARTESIAN_POINT('',(37.335835397,8.5299986,15.821441755));
#470=DIRECTION('',(0.,1.,0.));
#471=DIRECTION('',(-0.,0.,-1.));
#472=AXIS2_PLACEMENT_3D('',#469,#470,#471);
#473=CIRCLE('',#472,3.6);
#474=EDGE_CURVE('',#466,#468,#473,.T.);
#475=ORIENTED_EDGE('',*,*,#474,.T.);
#476=CARTESIAN_POINT('',(36.823804997,8.5299986,19.384842499));
#477=VERTEX_POINT('',#476);
#478=CARTESIAN_POINT('',(37.335835397,8.5299986,15.821441755));
#479=DIRECTION('',(0.,1.,0.));
#480=DIRECTION('',(-0.,0.,-1.));
#481=AXIS2_PLACEMENT_3D('',#478,#479,#480);
#482=CIRCLE('',#481,3.6);
#483=EDGE_CURVE('',#468,#477,#482,.T.);
#484=ORIENTED_EDGE('',*,*,#483,.T.);
#485=CARTESIAN_POINT('',(36.823804997,8.5299986,16.856078054));
#486=VERTEX_POINT('',#485);
#487=CARTESIAN_POINT('',(36.823804997,8.5299986,19.384842499));
#488=DIRECTION('',(-0.,0.,-1.));
#489=VECTOR('',#488,2.528764445);
#490=LINE('',#487,#489);
#491=EDGE_CURVE('',#477,#486,#490,.T.);
#492=ORIENTED_EDGE('',*,*,#491,.T.);
#493=CARTESIAN_POINT('',(36.181431913,8.5299986,15.821441755));
#494=VERTEX_POINT('',#493);
#495=CARTESIAN_POINT('',(37.335835397,8.5299986,15.821441755));
#496=DIRECTION('',(-0.,-1.,-0.));
#497=DIRECTION('',(-0.,0.,-1.));
#498=AXIS2_PLACEMENT_3D('',#495,#496,#497);
#499=CIRCLE('',#498,1.154403484);
#500=EDGE_CURVE('',#486,#494,#499,.T.);
#501=ORIENTED_EDGE('',*,*,#500,.T.);
#502=CARTESIAN_POINT('',(36.823804997,8.5299986,14.786805455));
#503=VERTEX_POINT('',#502);
#504=CARTESIAN_POINT('',(37.335835397,8.5299986,15.821441755));
#505=DIRECTION('',(-0.,-1.,-0.));
#506=DIRECTION('',(-0.,0.,-1.));
#507=AXIS2_PLACEMENT_3D('',#504,#505,#506);
#508=CIRCLE('',#507,1.154403484);
#509=EDGE_CURVE('',#494,#503,#508,.T.);
#510=ORIENTED_EDGE('',*,*,#509,.T.);
#511=CARTESIAN_POINT('',(36.823804997,8.5299986,14.786805455));
#512=DIRECTION('',(-0.,0.,-1.));
#513=VECTOR('',#512,2.528764445);
#514=LINE('',#511,#513);
#515=EDGE_CURVE('',#503,#466,#514,.T.);
#516=ORIENTED_EDGE('',*,*,#515,.T.);
#517=EDGE_LOOP('',(#475,#484,#492,#501,#510,#516));
#518=FACE_BOUND('',#517,.T.);
#519=ADVANCED_FACE('',(#518),#464,.F.);
#520=CARTESIAN_POINT('',(61.008185377,8.5299986,28.727021669));
#521=DIRECTION('',(-0.,-1.,-0.));
#522=DIRECTION('',(0.,-0.,1.));
#523=AXIS2_PLACEMENT_3D('',#520,#521,#522);
#524=PLANE('',#523);
#525=CARTESIAN_POINT('',(36.823804997,8.5299986,27.295099503));
#526=VERTEX_POINT('',#525);
#527=CARTESIAN_POINT('',(33.735835397,8.5299986,30.858500248));
#528=VERTEX_POINT('',#527);
#529=CARTESIAN_POINT('',(37.335835397,8.5299986,30.858500248));
#530=DIRECTION('',(0.,1.,0.));
#531=DIRECTION('',(-0.,0.,-1.));
#532=AXIS2_PLACEMENT_3D('',#529,#530,#531);
#533=CIRCLE('',#532,3.6);
#534=EDGE_CURVE('',#526,#528,#533,.T.);
#535=ORIENTED_EDGE('',*,*,#534,.T.);
#536=CARTESIAN_POINT('',(36.823804997,8.5299986,34.421900992));
#537=VERTEX_POINT('',#536);
#538=CARTESIAN_POINT('',(37.335835397,8.5299986,30.858500248));
#539=DIRECTION('',(0.,1.,0.));
#540=DIRECTION('',(-0.,0.,-1.));
#541=AXIS2_PLACEMENT_3D('',#538,#539,#540);
#542=CIRCLE('',#541,3.6);
#543=EDGE_CURVE('',#528,#537,#542,.T.);
#544=ORIENTED_EDGE('',*,*,#543,.T.);
#545=CARTESIAN_POINT('',(36.823804997,8.5299986,31.893136547));
#546=VERTEX_POINT('',#545);
#547=CARTESIAN_POINT('',(36.823804997,8.5299986,34.421900992));
#548=DIRECTION('',(-0.,0.,-1.));
#549=VECTOR('',#548,2.528764445);
#550=LINE('',#547,#549);
#551=EDGE_CURVE('',#537,#546,#550,.T.);
#552=ORIENTED_EDGE('',*,*,#551,.T.);
#553=CARTESIAN_POINT('',(36.181431913,8.5299986,30.858500248));
#554=VERTEX_POINT('',#553);
#555=CARTESIAN_POINT('',(37.335835397,8.5299986,30.858500248));
#556=DIRECTION('',(-0.,-1.,-0.));
#557=DIRECTION('',(-0.,0.,-1.));
#558=AXIS2_PLACEMENT_3D('',#555,#556,#557);
#559=CIRCLE('',#558,1.154403484);
#560=EDGE_CURVE('',#546,#554,#559,.T.);
#561=ORIENTED_EDGE('',*,*,#560,.T.);
#562=CARTESIAN_POINT('',(36.823804997,8.5299986,29.823863948));
#563=VERTEX_POINT('',#562);
#564=CARTESIAN_POINT('',(37.335835397,8.5299986,30.858500248));
#565=DIRECTION('',(-0.,-1.,-0.));
#566=DIRECTION('',(-0.,0.,-1.));
#567=AXIS2_PLACEMENT_3D('',#564,#565,#566);
#568=CIRCLE('',#567,1.154403484);
#569=EDGE_CURVE('',#554,#563,#568,.T.);
#570=ORIENTED_EDGE('',*,*,#569,.T.);
#571=CARTESIAN_POINT('',(36.823804997,8.5299986,29.823863948));
#572=DIRECTION('',(-0.,0.,-1.));
#573=VECTOR('',#572,2.528764445);
#574=LINE('',#571,#573);
#575=EDGE_CURVE('',#563,#526,#574,.T.);
#576=ORIENTED_EDGE('',*,*,#575,.T.);
#577=EDGE_LOOP('',(#535,#544,#552,#561,#570,#576));
#578=FACE_BOUND('',#577,.T.);
#579=ADVANCED_FACE('',(#578),#524,.F.);
#580=CARTESIAN_POINT('',(61.008185377,39.840774734,28.727021669));
#581=DIRECTION('',(-0.,1.,0.));
#582=DIRECTION('',(0.,-0.,1.));
#583=AXIS2_PLACEMENT_3D('',#580,#581,#582);
#584=PLANE('',#583);
#585=CARTESIAN_POINT('',(33.735835397,39.840774734,30.858500248));
#586=VERTEX_POINT('',#585);
#587=CARTESIAN_POINT('',(36.823804997,39.840774734,34.421900992));
#588=VERTEX_POINT('',#587);
#589=CARTESIAN_POINT('',(37.335835397,39.840774734,30.858500248));
#590=DIRECTION('',(-0.,1.,0.));
#591=DIRECTION('',(-0.,0.,-1.));
#592=AXIS2_PLACEMENT_3D('',#589,#590,#591);
#593=CIRCLE('',#592,3.6);
#594=EDGE_CURVE('',#586,#588,#593,.T.);
#595=ORIENTED_EDGE('',*,*,#594,.F.);
#596=CARTESIAN_POINT('',(36.823804997,39.840774734,27.295099503));
#597=VERTEX_POINT('',#596);
#598=CARTESIAN_POINT('',(37.335835397,39.840774734,30.858500248));
#599=DIRECTION('',(-0.,1.,0.));
#600=DIRECTION('',(-0.,0.,-1.));
#601=AXIS2_PLACEMENT_3D('',#598,#599,#600);
#602=CIRCLE('',#601,3.6);
#603=EDGE_CURVE('',#597,#586,#602,.T.);
#604=ORIENTED_EDGE('',*,*,#603,.F.);
#605=CARTESIAN_POINT('',(36.823804997,39.840774734,29.823863948));
#606=VERTEX_POINT('',#605);
#607=CARTESIAN_POINT('',(36.823804997,39.840774734,29.823863948));
#608=DIRECTION('',(-0.,0.,-1.));
#609=VECTOR('',#608,2.528764445);
#610=LINE('',#607,#609);
#611=EDGE_CURVE('',#606,#597,#610,.T.);
#612=ORIENTED_EDGE('',*,*,#611,.F.);
#613=CARTESIAN_POINT('',(36.181431913,39.840774734,30.858500248));
#614=VERTEX_POINT('',#613);
#615=CARTESIAN_POINT('',(37.335835397,39.840774734,30.858500248));
#616=DIRECTION('',(0.,-1.,-0.));
#617=DIRECTION('',(-0.,0.,-1.));
#618=AXIS2_PLACEMENT_3D('',#615,#616,#617);
#619=CIRCLE('',#618,1.154403484);
#620=EDGE_CURVE('',#614,#606,#619,.T.);
#621=ORIENTED_EDGE('',*,*,#620,.F.);
#622=CARTESIAN_POINT('',(36.823804997,39.840774734,31.893136547));
#623=VERTEX_POINT('',#622);
#624=CARTESIAN_POINT('',(37.335835397,39.840774734,30.858500248));
#625=DIRECTION('',(0.,-1.,-0.));
#626=DIRECTION('',(-0.,0.,-1.));
#627=AXIS2_PLACEMENT_3D('',#624,#625,#626);
#628=CIRCLE('',#627,1.154403484);
#629=EDGE_CURVE('',#623,#614,#628,.T.);
#630=ORIENTED_EDGE('',*,*,#629,.F.);
#631=CARTESIAN_POINT('',(36.823804997,39.840774734,34.421900992));
#632=DIRECTION('',(-0.,0.,-1.));
#633=VECTOR('',#632,2.528764445);
#634=LINE('',#631,#633);
#635=EDGE_CURVE('',#588,#623,#634,.T.);
#636=ORIENTED_EDGE('',*,*,#635,.F.);
#637=EDGE_LOOP('',(#595,#604,#612,#621,#630,#636));
#638=FACE_BOUND('',#637,.T.);
#639=ADVANCED_FACE('',(#638),#584,.F.);
#640=CARTESIAN_POINT('',(61.008185377,39.840774734,13.689963176));
#641=DIRECTION('',(-0.,1.,0.));
#642=DIRECTION('',(0.,-0.,1.));
#643=AXIS2_PLACEMENT_3D('',#640,#641,#642);
#644=PLANE('',#643);
#645=CARTESIAN_POINT('',(33.735835397,39.840774734,15.821441755));
#646=VERTEX_POINT('',#645);
#647=CARTESIAN_POINT('',(36.823804997,39.840774734,19.384842499));
#648=VERTEX_POINT('',#647);
#649=CARTESIAN_POINT('',(37.335835397,39.840774734,15.821441755));
#650=DIRECTION('',(-0.,1.,0.));
#651=DIRECTION('',(-0.,0.,-1.));
#652=AXIS2_PLACEMENT_3D('',#649,#650,#651);
#653=CIRCLE('',#652,3.6);
#654=EDGE_CURVE('',#646,#648,#653,.T.);
#655=ORIENTED_EDGE('',*,*,#654,.F.);
#656=CARTESIAN_POINT('',(36.823804997,39.840774734,12.25804101));
#657=VERTEX_POINT('',#656);
#658=CARTESIAN_POINT('',(37.335835397,39.840774734,15.821441755));
#659=DIRECTION('',(-0.,1.,0.));
#660=DIRECTION('',(-0.,0.,-1.));
#661=AXIS2_PLACEMENT_3D('',#658,#659,#660);
#662=CIRCLE('',#661,3.6);
#663=EDGE_CURVE('',#657,#646,#662,.T.);
#664=ORIENTED_EDGE('',*,*,#663,.F.);
#665=CARTESIAN_POINT('',(36.823804997,39.840774734,14.786805455));
#666=VERTEX_POINT('',#665);
#667=CARTESIAN_POINT('',(36.823804997,39.840774734,14.786805455));
#668=DIRECTION('',(-0.,0.,-1.));
#669=VECTOR('',#668,2.528764445);
#670=LINE('',#667,#669);
#671=EDGE_CURVE('',#666,#657,#670,.T.);
#672=ORIENTED_EDGE('',*,*,#671,.F.);
#673=CARTESIAN_POINT('',(36.181431913,39.840774734,15.821441755));
#674=VERTEX_POINT('',#673);
#675=CARTESIAN_POINT('',(37.335835397,39.840774734,15.821441755));
#676=DIRECTION('',(0.,-1.,-0.));
#677=DIRECTION('',(-0.,0.,-1.));
#678=AXIS2_PLACEMENT_3D('',#675,#676,#677);
#679=CIRCLE('',#678,1.154403484);
#680=EDGE_CURVE('',#674,#666,#679,.T.);
#681=ORIENTED_EDGE('',*,*,#680,.F.);
#682=CARTESIAN_POINT('',(36.823804997,39.840774734,16.856078054));
#683=VERTEX_POINT('',#682);
#684=CARTESIAN_POINT('',(37.335835397,39.840774734,15.821441755));
#685=DIRECTION('',(0.,-1.,-0.));
#686=DIRECTION('',(-0.,0.,-1.));
#687=AXIS2_PLACEMENT_3D('',#684,#685,#686);
#688=CIRCLE('',#687,1.154403484);
#689=EDGE_CURVE('',#683,#674,#688,.T.);
#690=ORIENTED_EDGE('',*,*,#689,.F.);
#691=CARTESIAN_POINT('',(36.823804997,39.840774734,19.384842499));
#692=DIRECTION('',(-0.,0.,-1.));
#693=VECTOR('',#692,2.528764445);
#694=LINE('',#691,#693);
#695=EDGE_CURVE('',#648,#683,#694,.T.);
#696=ORIENTED_EDGE('',*,*,#695,.F.);
#697=EDGE_LOOP('',(#655,#664,#672,#681,#690,#696));
#698=FACE_BOUND('',#697,.T.);
#699=ADVANCED_FACE('',(#698),#644,.F.);
#700=CARTESIAN_POINT('',(31.059243152,36.81163302,20.153621654));
#701=DIRECTION('',(-0.,0.,1.));
#702=DIRECTION('',(-1.,0.,-0.));
#703=AXIS2_PLACEMENT_3D('',#700,#701,#702);
#704=CYLINDRICAL_SURFACE('',#703,1.154403484);
#705=CARTESIAN_POINT('',(29.904839668,36.81163302,38.536995353));
#706=VERTEX_POINT('',#705);
#707=CARTESIAN_POINT('',(29.904839668,36.81163302,36.3707379));
#708=VERTEX_POINT('',#707);
#709=CARTESIAN_POINT('',(29.904839668,36.81163302,38.536995353));
#710=DIRECTION('',(0.,-0.,-1.));
#711=VECTOR('',#710,2.166257453);
#712=LINE('',#709,#711);
#713=EDGE_CURVE('',#706,#708,#712,.T.);
#714=ORIENTED_EDGE('',*,*,#713,.F.);
#715=CARTESIAN_POINT('',(31.059243152,37.966036504,38.536995353));
#716=VERTEX_POINT('',#715);
#717=CARTESIAN_POINT('',(31.059243152,36.81163302,38.536995353));
#718=DIRECTION('',(0.,0.,1.));
#719=DIRECTION('',(0.,1.,-0.));
#720=AXIS2_PLACEMENT_3D('',#717,#718,#719);
#721=CIRCLE('',#720,1.154403484);
#722=EDGE_CURVE('',#706,#716,#721,.T.);
#723=ORIENTED_EDGE('',*,*,#722,.T.);
#724=CARTESIAN_POINT('',(31.059243152,36.81163302,38.536995353));
#725=DIRECTION('',(0.,0.,1.));
#726=DIRECTION('',(0.,1.,-0.));
#727=AXIS2_PLACEMENT_3D('',#724,#725,#726);
#728=CIRCLE('',#727,1.154403484);
#729=EDGE_CURVE('',#716,#706,#728,.T.);
#730=ORIENTED_EDGE('',*,*,#729,.T.);
#731=ORIENTED_EDGE('',*,*,#713,.T.);
#732=CARTESIAN_POINT('',(31.059243152,35.657229536,36.3707379));
#733=VERTEX_POINT('',#732);
#734=CARTESIAN_POINT('',(31.059243152,36.81163302,36.3707379));
#735=DIRECTION('',(0.,0.,1.));
#736=DIRECTION('',(-0.,-1.,0.));
#737=AXIS2_PLACEMENT_3D('',#734,#735,#736);
#738=CIRCLE('',#737,1.154403484);
#739=EDGE_CURVE('',#733,#708,#738,.T.);
#740=ORIENTED_EDGE('',*,*,#739,.F.);
#741=CARTESIAN_POINT('',(31.059243152,36.81163302,36.3707379));
#742=DIRECTION('',(0.,0.,1.));
#743=DIRECTION('',(-0.,-1.,0.));
#744=AXIS2_PLACEMENT_3D('',#741,#742,#743);
#745=CIRCLE('',#744,1.154403484);
#746=EDGE_CURVE('',#708,#733,#745,.T.);
#747=ORIENTED_EDGE('',*,*,#746,.F.);
#748=EDGE_LOOP('',(#714,#723,#730,#731,#740,#747));
#749=FACE_BOUND('',#748,.T.);
#750=ADVANCED_FACE('',(#749),#704,.F.);
#751=CARTESIAN_POINT('',(31.059243152,36.81163302,35.699003697));
#752=DIRECTION('',(0.,0.,1.));
#753=DIRECTION('',(-1.,0.,0.));
#754=AXIS2_PLACEMENT_3D('',#751,#752,#753);
#755=CYLINDRICAL_SURFACE('',#754,3.096030413);
#756=CARTESIAN_POINT('',(27.963212739,36.81163302,38.536995353));
#757=VERTEX_POINT('',#756);
#758=CARTESIAN_POINT('',(27.963212739,36.81163302,36.3707379));
#759=VERTEX_POINT('',#758);
#760=CARTESIAN_POINT('',(27.963212739,36.81163302,38.536995353));
#761=DIRECTION('',(-0.,-0.,-1.));
#762=VECTOR('',#761,2.166257453);
#763=LINE('',#760,#762);
#764=EDGE_CURVE('',#757,#759,#763,.T.);
#765=ORIENTED_EDGE('',*,*,#764,.T.);
#766=CARTESIAN_POINT('',(31.059243152,33.715602607,36.3707379));
#767=VERTEX_POINT('',#766);
#768=CARTESIAN_POINT('',(31.059243152,36.81163302,36.3707379));
#769=DIRECTION('',(-0.,-0.,-1.));
#770=DIRECTION('',(0.,-1.,0.));
#771=AXIS2_PLACEMENT_3D('',#768,#769,#770);
#772=CIRCLE('',#771,3.096030413);
#773=EDGE_CURVE('',#767,#759,#772,.T.);
#774=ORIENTED_EDGE('',*,*,#773,.F.);
#775=CARTESIAN_POINT('',(31.059243152,33.715602607,38.536995353));
#776=VERTEX_POINT('',#775);
#777=CARTESIAN_POINT('',(31.059243152,33.715602607,38.536995353));
#778=DIRECTION('',(-0.,-0.,-1.));
#779=VECTOR('',#778,2.166257453);
#780=LINE('',#777,#779);
#781=EDGE_CURVE('',#776,#767,#780,.T.);
#782=ORIENTED_EDGE('',*,*,#781,.F.);
#783=CARTESIAN_POINT('',(31.059243152,36.81163302,38.536995353));
#784=DIRECTION('',(0.,0.,1.));
#785=DIRECTION('',(0.,-1.,0.));
#786=AXIS2_PLACEMENT_3D('',#783,#784,#785);
#787=CIRCLE('',#786,3.096030413);
#788=EDGE_CURVE('',#757,#776,#787,.T.);
#789=ORIENTED_EDGE('',*,*,#788,.F.);
#790=EDGE_LOOP('',(#765,#774,#782,#789));
#791=FACE_BOUND('',#790,.T.);
#792=ADVANCED_FACE('',(#791),#755,.T.);
#793=CARTESIAN_POINT('',(58.21992354,104.972189132,38.536995353));
#794=DIRECTION('',(0.,0.,1.));
#795=DIRECTION('',(0.,1.,-0.));
#796=AXIS2_PLACEMENT_3D('',#793,#794,#795);
#797=PLANE('',#796);
#798=CARTESIAN_POINT('',(39.748228968,39.907663433,38.536995353));
#799=VERTEX_POINT('',#798);
#800=CARTESIAN_POINT('',(31.059243152,39.907663433,38.536995353));
#801=VERTEX_POINT('',#800);
#802=CARTESIAN_POINT('',(39.748228968,39.907663433,38.536995353));
#803=DIRECTION('',(-1.,0.,0.));
#804=VECTOR('',#803,8.688985817);
#805=LINE('',#802,#804);
#806=EDGE_CURVE('',#799,#801,#805,.T.);
#807=ORIENTED_EDGE('',*,*,#806,.T.);
#808=CARTESIAN_POINT('',(31.059243152,36.81163302,38.536995353));
#809=DIRECTION('',(0.,0.,1.));
#810=DIRECTION('',(0.,-1.,0.));
#811=AXIS2_PLACEMENT_3D('',#808,#809,#810);
#812=CIRCLE('',#811,3.096030413);
#813=EDGE_CURVE('',#801,#757,#812,.T.);
#814=ORIENTED_EDGE('',*,*,#813,.T.);
#815=ORIENTED_EDGE('',*,*,#788,.T.);
#816=CARTESIAN_POINT('',(39.748228968,33.715602607,38.536995353));
#817=VERTEX_POINT('',#816);
#818=CARTESIAN_POINT('',(31.059243152,33.715602607,38.536995353));
#819=DIRECTION('',(1.,-0.,-0.));
#820=VECTOR('',#819,8.688985817);
#821=LINE('',#818,#820);
#822=EDGE_CURVE('',#776,#817,#821,.T.);
#823=ORIENTED_EDGE('',*,*,#822,.T.);
#824=CARTESIAN_POINT('',(39.748228968,39.907663433,38.536995353));
#825=DIRECTION('',(-0.,-1.,0.));
#826=VECTOR('',#825,6.192060826);
#827=LINE('',#824,#826);
#828=EDGE_CURVE('',#799,#817,#827,.T.);
#829=ORIENTED_EDGE('',*,*,#828,.F.);
#830=EDGE_LOOP('',(#807,#814,#815,#823,#829));
#831=FACE_BOUND('',#830,.T.);
#832=ORIENTED_EDGE('',*,*,#722,.F.);
#833=ORIENTED_EDGE('',*,*,#729,.F.);
#834=EDGE_LOOP('',(#832,#833));
#835=FACE_BOUND('',#834,.T.);
#836=ADVANCED_FACE('',(#831,#835),#797,.T.);
#837=CARTESIAN_POINT('',(42.436213747,39.107663433,41.224980132));
#838=DIRECTION('',(0.707106781,-0.,-0.707106781));
#839=DIRECTION('',(0.,1.,-0.));
#840=AXIS2_PLACEMENT_3D('',#837,#838,#839);
#841=PLANE('',#840);
#842=CARTESIAN_POINT('',(42.436213747,33.715602607,41.224980132));
#843=VERTEX_POINT('',#842);
#844=CARTESIAN_POINT('',(39.748228968,33.715602607,38.536995353));
#845=DIRECTION('',(0.707106781,-0.,0.707106781));
#846=VECTOR('',#845,3.801384529);
#847=LINE('',#844,#846);
#848=EDGE_CURVE('',#817,#843,#847,.T.);
#849=ORIENTED_EDGE('',*,*,#848,.T.);
#850=CARTESIAN_POINT('',(42.436213747,39.907663433,41.224980132));
#851=VERTEX_POINT('',#850);
#852=CARTESIAN_POINT('',(42.436213747,33.715602607,41.224980132));
#853=DIRECTION('',(0.,1.,-0.));
#854=VECTOR('',#853,6.192060826);
#855=LINE('',#852,#854);
#856=EDGE_CURVE('',#843,#851,#855,.T.);
#857=ORIENTED_EDGE('',*,*,#856,.T.);
#858=CARTESIAN_POINT('',(42.436213747,39.907663433,41.224980132));
#859=DIRECTION('',(-0.707106781,0.,-0.707106781));
#860=VECTOR('',#859,3.801384529);
#861=LINE('',#858,#860);
#862=EDGE_CURVE('',#851,#799,#861,.T.);
#863=ORIENTED_EDGE('',*,*,#862,.T.);
#864=ORIENTED_EDGE('',*,*,#828,.T.);
#865=EDGE_LOOP('',(#849,#857,#863,#864));
#866=FACE_BOUND('',#865,.T.);
#867=ADVANCED_FACE('',(#866),#841,.F.);
#868=CARTESIAN_POINT('',(36.823804997,10.439374667,13.689963176));
#869=DIRECTION('',(0.,-0.,1.));
#870=DIRECTION('',(0.,1.,0.));
#871=AXIS2_PLACEMENT_3D('',#868,#869,#870);
#872=CYLINDRICAL_SURFACE('',#871,1.909376067);
#873=CARTESIAN_POINT('',(38.173937762,9.089241902,19.421441755));
#874=VERTEX_POINT('',#873);
#875=CARTESIAN_POINT('',(37.335835397,8.599934036,19.421441755));
#876=VERTEX_POINT('',#875);
#877=CARTESIAN_POINT('',(36.823804997,10.439374667,19.421441755));
#878=DIRECTION('',(-0.,0.,-1.));
#879=DIRECTION('',(-1.,0.,0.));
#880=AXIS2_PLACEMENT_3D('',#877,#878,#879);
#881=CIRCLE('',#880,1.909376067);
#882=EDGE_CURVE('',#874,#876,#881,.T.);
#883=ORIENTED_EDGE('',*,*,#882,.F.);
#884=CARTESIAN_POINT('',(38.173937762,9.089241902,16.615313174));
#885=VERTEX_POINT('',#884);
#886=CARTESIAN_POINT('',(38.173937762,9.089241902,16.615313174));
#887=DIRECTION('',(0.,-0.,1.));
#888=VECTOR('',#887,2.806128581);
#889=LINE('',#886,#888);
#890=EDGE_CURVE('',#885,#874,#889,.T.);
#891=ORIENTED_EDGE('',*,*,#890,.F.);
#892=CARTESIAN_POINT('',(36.823804997,8.5299986,16.856078054));
#893=CARTESIAN_POINT('',(36.884138988,8.5299986,16.885936699));
#894=CARTESIAN_POINT('',(36.94607203,8.532852865,16.910064926));
#895=CARTESIAN_POINT('',(37.009469906,8.53904693,16.928750641));
#896=CARTESIAN_POINT('',(37.072867782,8.545240995,16.947436356));
#897=CARTESIAN_POINT('',(37.138467283,8.554935184,16.960732243));
#898=CARTESIAN_POINT('',(37.203530572,8.568138323,16.968238527));
#899=CARTESIAN_POINT('',(37.26859386,8.581341462,16.975744811));
#900=CARTESIAN_POINT('',(37.332869093,8.597908537,16.977589872));
#901=CARTESIAN_POINT('',(37.396341699,8.617859174,16.974258475));
#902=CARTESIAN_POINT('',(37.459814305,8.637809812,16.970927078));
#903=CARTESIAN_POINT('',(37.522745448,8.661323849,16.962264189));
#904=CARTESIAN_POINT('',(37.582675747,8.687281019,16.949146169));
#905=CARTESIAN_POINT('',(37.702536344,8.739195359,16.922910129));
#906=CARTESIAN_POINT('',(37.814142893,8.802515337,16.878222378));
#907=CARTESIAN_POINT('',(37.912585263,8.870848448,16.821445253));
#908=CARTESIAN_POINT('',(38.011027633,8.93918156,16.764668128));
#909=CARTESIAN_POINT('',(38.097957354,9.013261495,16.695526868));
#910=CARTESIAN_POINT('',(38.173937762,9.089241902,16.615313174));
#911=B_SPLINE_CURVE_WITH_KNOTS('',3,(#892,#893,#894,#895,#896,#897,#898,#899,#900,#901,#902,#903,#904,#905,#906,#907,#908,#909,#910),.UNSPECIFIED.,.F.,.F.,(4,3,3,3,3,3,4),(0.,0.000199077,0.000398154,0.000597231,0.000796308,0.001194462,0.001592616),.UNSPECIFIED.);
#912=EDGE_CURVE('',#486,#885,#911,.T.);
#913=ORIENTED_EDGE('',*,*,#912,.F.);
#914=ORIENTED_EDGE('',*,*,#491,.F.);
#915=CARTESIAN_POINT('',(37.335835397,8.599934036,19.421441755));
#916=CARTESIAN_POINT('',(37.167502548,8.553076565,19.421441755));
#917=CARTESIAN_POINT('',(36.996761438,8.5299986,19.40969487));
#918=CARTESIAN_POINT('',(36.823804997,8.5299986,19.384842499));
#919=B_SPLINE_CURVE_WITH_KNOTS('',3,(#915,#916,#917,#918),.UNSPECIFIED.,.F.,.F.,(4,4),(0.,0.000518079),.UNSPECIFIED.);
#920=EDGE_CURVE('',#876,#477,#919,.T.);
#921=ORIENTED_EDGE('',*,*,#920,.F.);
#922=EDGE_LOOP('',(#883,#891,#913,#914,#921));
#923=FACE_BOUND('',#922,.T.);
#924=ADVANCED_FACE('',(#923),#872,.F.);
#925=CARTESIAN_POINT('',(37.335835397,23.519872066,15.821441755));
#926=DIRECTION('',(-0.,-1.,0.));
#927=DIRECTION('',(-1.,0.,0.));
#928=AXIS2_PLACEMENT_3D('',#925,#926,#927);
#929=CYLINDRICAL_SURFACE('',#928,1.154403484);
#930=CARTESIAN_POINT('',(36.181431913,6.165755163,15.821441755));
#931=VERTEX_POINT('',#930);
#932=CARTESIAN_POINT('',(36.181431913,6.165755163,15.821441755));
#933=DIRECTION('',(0.,1.,-0.));
#934=VECTOR('',#933,2.364243437);
#935=LINE('',#932,#934);
#936=EDGE_CURVE('',#931,#494,#935,.T.);
#937=ORIENTED_EDGE('',*,*,#936,.F.);
#938=CARTESIAN_POINT('',(37.335835397,6.165755163,14.667038271));
#939=VERTEX_POINT('',#938);
#940=CARTESIAN_POINT('',(37.335835397,6.165755163,15.821441755));
#941=DIRECTION('',(-0.,-1.,-0.));
#942=DIRECTION('',(-0.,0.,-1.));
#943=AXIS2_PLACEMENT_3D('',#940,#941,#942);
#944=CIRCLE('',#943,1.154403484);
#945=EDGE_CURVE('',#931,#939,#944,.T.);
#946=ORIENTED_EDGE('',*,*,#945,.T.);
#947=CARTESIAN_POINT('',(37.335835397,6.165755163,15.821441755));
#948=DIRECTION('',(-0.,-1.,-0.));
#949=DIRECTION('',(-0.,0.,-1.));
#950=AXIS2_PLACEMENT_3D('',#947,#948,#949);
#951=CIRCLE('',#950,1.154403484);
#952=EDGE_CURVE('',#939,#931,#951,.T.);
#953=ORIENTED_EDGE('',*,*,#952,.T.);
#954=ORIENTED_EDGE('',*,*,#936,.T.);
#955=ORIENTED_EDGE('',*,*,#500,.F.);
#956=ORIENTED_EDGE('',*,*,#912,.T.);
#957=CARTESIAN_POINT('',(38.173937762,9.089241902,15.027570335));
#958=VERTEX_POINT('',#957);
#959=CARTESIAN_POINT('',(37.335835397,8.251139537,15.821441755));
#960=DIRECTION('',(-0.707106781,0.707106781,0.));
#961=DIRECTION('',(-0.707106781,-0.707106781,0.));
#962=AXIS2_PLACEMENT_3D('',#959,#960,#961);
#963=ELLIPSE('',#962,1.632573063,1.154403484);
#964=EDGE_CURVE('',#885,#958,#963,.T.);
#965=ORIENTED_EDGE('',*,*,#964,.T.);
#966=CARTESIAN_POINT('',(38.173937762,9.089241902,15.027570335));
#967=CARTESIAN_POINT('',(38.097898344,9.013202484,14.947294343));
#968=CARTESIAN_POINT('',(38.011818237,8.939844201,14.878832592));
#969=CARTESIAN_POINT('',(37.913805123,8.871695908,14.8221428));
#970=CARTESIAN_POINT('',(37.815792008,8.803547615,14.765453008));
#971=CARTESIAN_POINT('',(37.703802826,8.73987075,14.720424459));
#972=CARTESIAN_POINT('',(37.58422961,8.687954851,14.694078584));
#973=CARTESIAN_POINT('',(37.464656394,8.636038951,14.667732709));
#974=CARTESIAN_POINT('',(37.334285876,8.594790237,14.659747278));
#975=CARTESIAN_POINT('',(37.205163085,8.568470347,14.674457818));
#976=CARTESIAN_POINT('',(37.076040294,8.542150456,14.689168358));
#977=CARTESIAN_POINT('',(36.944800399,8.5299986,14.726926129));
#978=CARTESIAN_POINT('',(36.823804997,8.5299986,14.786805455));
#979=B_SPLINE_CURVE_WITH_KNOTS('',3,(#966,#967,#968,#969,#970,#971,#972,#973,#974,#975,#976,#977,#978),.UNSPECIFIED.,.F.,.F.,(4,3,3,3,4),(0.,0.000395658,0.000791315,0.001186973,0.001582631),.UNSPECIFIED.);
#980=EDGE_CURVE('',#958,#503,#979,.T.);
#981=ORIENTED_EDGE('',*,*,#980,.T.);
#982=ORIENTED_EDGE('',*,*,#509,.F.);
#983=EDGE_LOOP('',(#937,#946,#953,#954,#955,#956,#965,#981,#982));
#984=FACE_BOUND('',#983,.T.);
#985=ADVANCED_FACE('',(#984),#929,.F.);
#986=CARTESIAN_POINT('',(37.335835397,7.974490022,15.821441755));
#987=DIRECTION('',(-0.,-1.,0.));
#988=DIRECTION('',(-1.,0.,0.));
#989=AXIS2_PLACEMENT_3D('',#986,#987,#988);
#990=CYLINDRICAL_SURFACE('',#989,3.6);
#991=CARTESIAN_POINT('',(33.735835397,6.165755163,15.821441755));
#992=VERTEX_POINT('',#991);
#993=CARTESIAN_POINT('',(33.735835397,6.165755163,15.821441755));
#994=DIRECTION('',(0.,1.,-0.));
#995=VECTOR('',#994,2.364243437);
#996=LINE('',#993,#995);
#997=EDGE_CURVE('',#992,#468,#996,.T.);
#998=ORIENTED_EDGE('',*,*,#997,.T.);
#999=ORIENTED_EDGE('',*,*,#474,.F.);
#1000=CARTESIAN_POINT('',(37.335835397,8.599934036,12.221441755));
#1001=VERTEX_POINT('',#1000);
#1002=CARTESIAN_POINT('',(36.823804997,8.5299986,12.25804101));
#1003=CARTESIAN_POINT('',(36.996761438,8.5299986,12.233188639));
#1004=CARTESIAN_POINT('',(37.167502548,8.553076565,12.221441755));
#1005=CARTESIAN_POINT('',(37.335835397,8.599934036,12.221441755));
#1006=B_SPLINE_CURVE_WITH_KNOTS('',3,(#1002,#1003,#1004,#1005),.UNSPECIFIED.,.F.,.F.,(4,4),(0.,0.000518079),.UNSPECIFIED.);
#1007=EDGE_CURVE('',#466,#1001,#1006,.T.);
#1008=ORIENTED_EDGE('',*,*,#1007,.T.);
#1009=CARTESIAN_POINT('',(37.335835397,6.165755163,12.221441755));
#1010=VERTEX_POINT('',#1009);
#1011=CARTESIAN_POINT('',(37.335835397,6.165755163,12.221441755));
#1012=DIRECTION('',(0.,1.,-0.));
#1013=VECTOR('',#1012,2.434178873);
#1014=LINE('',#1011,#1013);
#1015=EDGE_CURVE('',#1010,#1001,#1014,.T.);
#1016=ORIENTED_EDGE('',*,*,#1015,.F.);
#1017=CARTESIAN_POINT('',(37.335835397,6.165755163,15.821441755));
#1018=DIRECTION('',(-0.,-1.,-0.));
#1019=DIRECTION('',(-0.,0.,-1.));
#1020=AXIS2_PLACEMENT_3D('',#1017,#1018,#1019);
#1021=CIRCLE('',#1020,3.6);
#1022=EDGE_CURVE('',#992,#1010,#1021,.T.);
#1023=ORIENTED_EDGE('',*,*,#1022,.F.);
#1024=EDGE_LOOP('',(#998,#999,#1008,#1016,#1023));
#1025=FACE_BOUND('',#1024,.T.);
#1026=ADVANCED_FACE('',(#1025),#990,.T.);
#1027=CARTESIAN_POINT('',(36.823804997,10.439374667,13.689963176));
#1028=DIRECTION('',(0.,-0.,1.));
#1029=DIRECTION('',(0.,1.,0.));
#1030=AXIS2_PLACEMENT_3D('',#1027,#1028,#1029);
#1031=CYLINDRICAL_SURFACE('',#1030,1.909376067);
#1032=ORIENTED_EDGE('',*,*,#980,.F.);
#1033=CARTESIAN_POINT('',(38.173937762,9.089241902,12.221441755));
#1034=VERTEX_POINT('',#1033);
#1035=CARTESIAN_POINT('',(38.173937762,9.089241902,12.221441755));
#1036=DIRECTION('',(0.,-0.,1.));
#1037=VECTOR('',#1036,2.806128581);
#1038=LINE('',#1035,#1037);
#1039=EDGE_CURVE('',#1034,#958,#1038,.T.);
#1040=ORIENTED_EDGE('',*,*,#1039,.F.);
#1041=CARTESIAN_POINT('',(36.823804997,10.439374667,12.221441755));
#1042=DIRECTION('',(0.,0.,1.));
#1043=DIRECTION('',(1.,0.,-0.));
#1044=AXIS2_PLACEMENT_3D('',#1041,#1042,#1043);
#1045=CIRCLE('',#1044,1.909376067);
#1046=EDGE_CURVE('',#1001,#1034,#1045,.T.);
#1047=ORIENTED_EDGE('',*,*,#1046,.F.);
#1048=ORIENTED_EDGE('',*,*,#1007,.F.);
#1049=ORIENTED_EDGE('',*,*,#515,.F.);
#1050=EDGE_LOOP('',(#1032,#1040,#1047,#1048,#1049));
#1051=FACE_BOUND('',#1050,.T.);
#1052=ADVANCED_FACE('',(#1051),#1031,.F.);
#1053=CARTESIAN_POINT('',(37.809866345,8.725170485,13.689963176));
#1054=DIRECTION('',(0.707106781,-0.707106781,-0.));
#1055=DIRECTION('',(-0.,0.,-1.));
#1056=AXIS2_PLACEMENT_3D('',#1053,#1054,#1055);
#1057=PLANE('',#1056);
#1058=ORIENTED_EDGE('',*,*,#964,.F.);
#1059=ORIENTED_EDGE('',*,*,#890,.T.);
#1060=CARTESIAN_POINT('',(40.7553514,11.67065554,19.421441755));
#1061=VERTEX_POINT('',#1060);
#1062=CARTESIAN_POINT('',(40.7553514,11.67065554,19.421441755));
#1063=DIRECTION('',(-0.707106781,-0.707106781,0.));
#1064=VECTOR('',#1063,3.650670178);
#1065=LINE('',#1062,#1064);
#1066=EDGE_CURVE('',#1061,#874,#1065,.T.);
#1067=ORIENTED_EDGE('',*,*,#1066,.F.);
#1068=CARTESIAN_POINT('',(40.7553514,11.67065554,12.221441755));
#1069=VERTEX_POINT('',#1068);
#1070=CARTESIAN_POINT('',(40.7553514,11.67065554,19.421441755));
#1071=DIRECTION('',(-0.,0.,-1.));
#1072=VECTOR('',#1071,7.2);
#1073=LINE('',#1070,#1072);
#1074=EDGE_CURVE('',#1061,#1069,#1073,.T.);
#1075=ORIENTED_EDGE('',*,*,#1074,.T.);
#1076=CARTESIAN_POINT('',(38.173937762,9.089241902,12.221441755));
#1077=DIRECTION('',(0.707106781,0.707106781,-0.));
#1078=VECTOR('',#1077,3.650670178);
#1079=LINE('',#1076,#1078);
#1080=EDGE_CURVE('',#1034,#1069,#1079,.T.);
#1081=ORIENTED_EDGE('',*,*,#1080,.F.);
#1082=ORIENTED_EDGE('',*,*,#1039,.T.);
#1083=EDGE_LOOP('',(#1058,#1059,#1067,#1075,#1081,#1082));
#1084=FACE_BOUND('',#1083,.T.);
#1085=ADVANCED_FACE('',(#1084),#1057,.F.);
#1086=CARTESIAN_POINT('',(39.405218635,13.020788305,18.421441755));
#1087=DIRECTION('',(0.,-0.,1.));
#1088=DIRECTION('',(0.,1.,0.));
#1089=AXIS2_PLACEMENT_3D('',#1086,#1087,#1088);
#1090=CYLINDRICAL_SURFACE('',#1089,1.909376067);
#1091=CARTESIAN_POINT('',(41.314594702,13.020788305,12.221441755));
#1092=VERTEX_POINT('',#1091);
#1093=CARTESIAN_POINT('',(39.405218635,13.020788305,12.221441755));
#1094=DIRECTION('',(0.,0.,1.));
#1095=DIRECTION('',(1.,0.,-0.));
#1096=AXIS2_PLACEMENT_3D('',#1093,#1094,#1095);
#1097=CIRCLE('',#1096,1.909376067);
#1098=EDGE_CURVE('',#1069,#1092,#1097,.T.);
#1099=ORIENTED_EDGE('',*,*,#1098,.F.);
#1100=ORIENTED_EDGE('',*,*,#1074,.F.);
#1101=CARTESIAN_POINT('',(41.314594702,13.020788305,19.421441755));
#1102=VERTEX_POINT('',#1101);
#1103=CARTESIAN_POINT('',(39.405218635,13.020788305,19.421441755));
#1104=DIRECTION('',(-0.,0.,-1.));
#1105=DIRECTION('',(-1.,0.,0.));
#1106=AXIS2_PLACEMENT_3D('',#1103,#1104,#1105);
#1107=CIRCLE('',#1106,1.909376067);
#1108=EDGE_CURVE('',#1102,#1061,#1107,.T.);
#1109=ORIENTED_EDGE('',*,*,#1108,.F.);
#1110=CARTESIAN_POINT('',(41.314594702,13.020788305,19.421441755));
#1111=DIRECTION('',(-0.,0.,-1.));
#1112=VECTOR('',#1111,7.2);
#1113=LINE('',#1110,#1112);
#1114=EDGE_CURVE('',#1102,#1092,#1113,.T.);
#1115=ORIENTED_EDGE('',*,*,#1114,.T.);
#1116=EDGE_LOOP('',(#1099,#1100,#1109,#1115));
#1117=FACE_BOUND('',#1116,.T.);
#1118=ADVANCED_FACE('',(#1117),#1090,.F.);
#1119=CARTESIAN_POINT('',(36.823804997,10.439374667,28.727021669));
#1120=DIRECTION('',(0.,-0.,1.));
#1121=DIRECTION('',(0.,1.,0.));
#1122=AXIS2_PLACEMENT_3D('',#1119,#1120,#1121);
#1123=CYLINDRICAL_SURFACE('',#1122,1.909376067);
#1124=CARTESIAN_POINT('',(38.173937762,9.089241902,34.458500248));
#1125=VERTEX_POINT('',#1124);
#1126=CARTESIAN_POINT('',(37.335835397,8.599934036,34.458500248));
#1127=VERTEX_POINT('',#1126);
#1128=CARTESIAN_POINT('',(36.823804997,10.439374667,34.458500248));
#1129=DIRECTION('',(-0.,0.,-1.));
#1130=DIRECTION('',(-1.,0.,0.));
#1131=AXIS2_PLACEMENT_3D('',#1128,#1129,#1130);
#1132=CIRCLE('',#1131,1.909376067);
#1133=EDGE_CURVE('',#1125,#1127,#1132,.T.);
#1134=ORIENTED_EDGE('',*,*,#1133,.F.);
#1135=CARTESIAN_POINT('',(38.173937762,9.089241902,31.652371667));
#1136=VERTEX_POINT('',#1135);
#1137=CARTESIAN_POINT('',(38.173937762,9.089241902,31.652371667));
#1138=DIRECTION('',(0.,-0.,1.));
#1139=VECTOR('',#1138,2.806128581);
#1140=LINE('',#1137,#1139);
#1141=EDGE_CURVE('',#1136,#1125,#1140,.T.);
#1142=ORIENTED_EDGE('',*,*,#1141,.F.);
#1143=CARTESIAN_POINT('',(36.823804997,8.5299986,31.893136547));
#1144=CARTESIAN_POINT('',(36.884138988,8.5299986,31.922995192));
#1145=CARTESIAN_POINT('',(36.94607203,8.532852865,31.947123419));
#1146=CARTESIAN_POINT('',(37.009469906,8.53904693,31.965809134));
#1147=CARTESIAN_POINT('',(37.072867782,8.545240995,31.984494849));
#1148=CARTESIAN_POINT('',(37.138467283,8.554935184,31.997790736));
#1149=CARTESIAN_POINT('',(37.203530572,8.568138323,32.00529702));
#1150=CARTESIAN_POINT('',(37.26859386,8.581341462,32.012803304));
#1151=CARTESIAN_POINT('',(37.332869093,8.597908537,32.014648365));
#1152=CARTESIAN_POINT('',(37.396341699,8.617859174,32.011316968));
#1153=CARTESIAN_POINT('',(37.459814305,8.637809812,32.007985572));
#1154=CARTESIAN_POINT('',(37.522745448,8.661323849,31.999322682));
#1155=CARTESIAN_POINT('',(37.582675747,8.687281019,31.986204662));
#1156=CARTESIAN_POINT('',(37.702536344,8.739195359,31.959968622));
#1157=CARTESIAN_POINT('',(37.814142893,8.802515337,31.915280871));
#1158=CARTESIAN_POINT('',(37.912585263,8.870848448,31.858503746));
#1159=CARTESIAN_POINT('',(38.011027633,8.93918156,31.801726621));
#1160=CARTESIAN_POINT('',(38.097957354,9.013261495,31.732585361));
#1161=CARTESIAN_POINT('',(38.173937762,9.089241902,31.652371667));
#1162=B_SPLINE_CURVE_WITH_KNOTS('',3,(#1143,#1144,#1145,#1146,#1147,#1148,#1149,#1150,#1151,#1152,#1153,#1154,#1155,#1156,#1157,#1158,#1159,#1160,#1161),.UNSPECIFIED.,.F.,.F.,(4,3,3,3,3,3,4),(0.,0.000199077,0.000398154,0.000597231,0.000796308,0.001194462,0.001592616),.UNSPECIFIED.);
#1163=EDGE_CURVE('',#546,#1136,#1162,.T.);
#1164=ORIENTED_EDGE('',*,*,#1163,.F.);
#1165=ORIENTED_EDGE('',*,*,#551,.F.);
#1166=CARTESIAN_POINT('',(37.335835397,8.599934036,34.458500248));
#1167=CARTESIAN_POINT('',(37.167502548,8.553076565,34.458500248));
#1168=CARTESIAN_POINT('',(36.996761438,8.5299986,34.446753363));
#1169=CARTESIAN_POINT('',(36.823804997,8.5299986,34.421900992));
#1170=B_SPLINE_CURVE_WITH_KNOTS('',3,(#1166,#1167,#1168,#1169),.UNSPECIFIED.,.F.,.F.,(4,4),(0.,0.000518079),.UNSPECIFIED.);
#1171=EDGE_CURVE('',#1127,#537,#1170,.T.);
#1172=ORIENTED_EDGE('',*,*,#1171,.F.);
#1173=EDGE_LOOP('',(#1134,#1142,#1164,#1165,#1172));
#1174=FACE_BOUND('',#1173,.T.);
#1175=ADVANCED_FACE('',(#1174),#1123,.F.);
#1176=CARTESIAN_POINT('',(37.335835397,23.519872066,30.858500248));
#1177=DIRECTION('',(-0.,-1.,0.));
#1178=DIRECTION('',(-1.,0.,0.));
#1179=AXIS2_PLACEMENT_3D('',#1176,#1177,#1178);
#1180=CYLINDRICAL_SURFACE('',#1179,1.154403484);
#1181=CARTESIAN_POINT('',(36.181431913,6.165755163,30.858500248));
#1182=VERTEX_POINT('',#1181);
#1183=CARTESIAN_POINT('',(36.181431913,6.165755163,30.858500248));
#1184=DIRECTION('',(0.,1.,-0.));
#1185=VECTOR('',#1184,2.364243437);
#1186=LINE('',#1183,#1185);
#1187=EDGE_CURVE('',#1182,#554,#1186,.T.);
#1188=ORIENTED_EDGE('',*,*,#1187,.F.);
#1189=CARTESIAN_POINT('',(37.335835397,6.165755163,29.704096764));
#1190=VERTEX_POINT('',#1189);
#1191=CARTESIAN_POINT('',(37.335835397,6.165755163,30.858500248));
#1192=DIRECTION('',(-0.,-1.,-0.));
#1193=DIRECTION('',(-0.,0.,-1.));
#1194=AXIS2_PLACEMENT_3D('',#1191,#1192,#1193);
#1195=CIRCLE('',#1194,1.154403484);
#1196=EDGE_CURVE('',#1182,#1190,#1195,.T.);
#1197=ORIENTED_EDGE('',*,*,#1196,.T.);
#1198=CARTESIAN_POINT('',(37.335835397,6.165755163,30.858500248));
#1199=DIRECTION('',(-0.,-1.,-0.));
#1200=DIRECTION('',(-0.,0.,-1.));
#1201=AXIS2_PLACEMENT_3D('',#1198,#1199,#1200);
#1202=CIRCLE('',#1201,1.154403484);
#1203=EDGE_CURVE('',#1190,#1182,#1202,.T.);
#1204=ORIENTED_EDGE('',*,*,#1203,.T.);
#1205=ORIENTED_EDGE('',*,*,#1187,.T.);
#1206=ORIENTED_EDGE('',*,*,#560,.F.);
#1207=ORIENTED_EDGE('',*,*,#1163,.T.);
#1208=CARTESIAN_POINT('',(38.173937762,9.089241902,30.064628828));
#1209=VERTEX_POINT('',#1208);
#1210=CARTESIAN_POINT('',(37.335835397,8.251139537,30.858500248));
#1211=DIRECTION('',(-0.707106781,0.707106781,0.));
#1212=DIRECTION('',(-0.707106781,-0.707106781,0.));
#1213=AXIS2_PLACEMENT_3D('',#1210,#1211,#1212);
#1214=ELLIPSE('',#1213,1.632573063,1.154403484);
#1215=EDGE_CURVE('',#1136,#1209,#1214,.T.);
#1216=ORIENTED_EDGE('',*,*,#1215,.T.);
#1217=CARTESIAN_POINT('',(38.173937762,9.089241902,30.064628828));
#1218=CARTESIAN_POINT('',(38.097898344,9.013202484,29.984352836));
#1219=CARTESIAN_POINT('',(38.011818237,8.939844201,29.915891085));
#1220=CARTESIAN_POINT('',(37.913805123,8.871695908,29.859201293));
#1221=CARTESIAN_POINT('',(37.815792008,8.803547615,29.802511501));
#1222=CARTESIAN_POINT('',(37.703802826,8.73987075,29.757482952));
#1223=CARTESIAN_POINT('',(37.58422961,8.687954851,29.731137077));
#1224=CARTESIAN_POINT('',(37.464656394,8.636038951,29.704791202));
#1225=CARTESIAN_POINT('',(37.334285876,8.594790237,29.696805771));
#1226=CARTESIAN_POINT('',(37.205163085,8.568470347,29.711516311));
#1227=CARTESIAN_POINT('',(37.076040294,8.542150456,29.726226851));
#1228=CARTESIAN_POINT('',(36.944800399,8.5299986,29.763984622));
#1229=CARTESIAN_POINT('',(36.823804997,8.5299986,29.823863948));
#1230=B_SPLINE_CURVE_WITH_KNOTS('',3,(#1217,#1218,#1219,#1220,#1221,#1222,#1223,#1224,#1225,#1226,#1227,#1228,#1229),.UNSPECIFIED.,.F.,.F.,(4,3,3,3,4),(0.,0.000395658,0.000791315,0.001186973,0.001582631),.UNSPECIFIED.);
#1231=EDGE_CURVE('',#1209,#563,#1230,.T.);
#1232=ORIENTED_EDGE('',*,*,#1231,.T.);
#1233=ORIENTED_EDGE('',*,*,#569,.F.);
#1234=EDGE_LOOP('',(#1188,#1197,#1204,#1205,#1206,#1207,#1216,#1232,#1233));
#1235=FACE_BOUND('',#1234,.T.);
#1236=ADVANCED_FACE('',(#1235),#1180,.F.);
#1237=CARTESIAN_POINT('',(37.335835397,7.974490022,30.858500248));
#1238=DIRECTION('',(-0.,-1.,0.));
#1239=DIRECTION('',(-1.,0.,0.));
#1240=AXIS2_PLACEMENT_3D('',#1237,#1238,#1239);
#1241=CYLINDRICAL_SURFACE('',#1240,3.6);
#1242=CARTESIAN_POINT('',(33.735835397,6.165755163,30.858500248));
#1243=VERTEX_POINT('',#1242);
#1244=CARTESIAN_POINT('',(33.735835397,6.165755163,30.858500248));
#1245=DIRECTION('',(0.,1.,-0.));
#1246=VECTOR('',#1245,2.364243437);
#1247=LINE('',#1244,#1246);
#1248=EDGE_CURVE('',#1243,#528,#1247,.T.);
#1249=ORIENTED_EDGE('',*,*,#1248,.T.);
#1250=ORIENTED_EDGE('',*,*,#534,.F.);
#1251=CARTESIAN_POINT('',(37.335835397,8.599934036,27.258500248));
#1252=VERTEX_POINT('',#1251);
#1253=CARTESIAN_POINT('',(36.823804997,8.5299986,27.295099503));
#1254=CARTESIAN_POINT('',(36.996761438,8.5299986,27.270247132));
#1255=CARTESIAN_POINT('',(37.167502548,8.553076565,27.258500248));
#1256=CARTESIAN_POINT('',(37.335835397,8.599934036,27.258500248));
#1257=B_SPLINE_CURVE_WITH_KNOTS('',3,(#1253,#1254,#1255,#1256),.UNSPECIFIED.,.F.,.F.,(4,4),(0.,0.000518079),.UNSPECIFIED.);
#1258=EDGE_CURVE('',#526,#1252,#1257,.T.);
#1259=ORIENTED_EDGE('',*,*,#1258,.T.);
#1260=CARTESIAN_POINT('',(37.335835397,6.165755163,27.258500248));
#1261=VERTEX_POINT('',#1260);
#1262=CARTESIAN_POINT('',(37.335835397,6.165755163,27.258500248));
#1263=DIRECTION('',(0.,1.,-0.));
#1264=VECTOR('',#1263,2.434178873);
#1265=LINE('',#1262,#1264);
#1266=EDGE_CURVE('',#1261,#1252,#1265,.T.);
#1267=ORIENTED_EDGE('',*,*,#1266,.F.);
#1268=CARTESIAN_POINT('',(37.335835397,6.165755163,30.858500248));
#1269=DIRECTION('',(-0.,-1.,-0.));
#1270=DIRECTION('',(-0.,0.,-1.));
#1271=AXIS2_PLACEMENT_3D('',#1268,#1269,#1270);
#1272=CIRCLE('',#1271,3.6);
#1273=EDGE_CURVE('',#1243,#1261,#1272,.T.);
#1274=ORIENTED_EDGE('',*,*,#1273,.F.);
#1275=EDGE_LOOP('',(#1249,#1250,#1259,#1267,#1274));
#1276=FACE_BOUND('',#1275,.T.);
#1277=ADVANCED_FACE('',(#1276),#1241,.T.);
#1278=CARTESIAN_POINT('',(36.823804997,10.439374667,28.727021669));
#1279=DIRECTION('',(0.,-0.,1.));
#1280=DIRECTION('',(0.,1.,0.));
#1281=AXIS2_PLACEMENT_3D('',#1278,#1279,#1280);
#1282=CYLINDRICAL_SURFACE('',#1281,1.909376067);
#1283=ORIENTED_EDGE('',*,*,#1231,.F.);
#1284=CARTESIAN_POINT('',(38.173937762,9.089241902,27.258500248));
#1285=VERTEX_POINT('',#1284);
#1286=CARTESIAN_POINT('',(38.173937762,9.089241902,27.258500248));
#1287=DIRECTION('',(0.,-0.,1.));
#1288=VECTOR('',#1287,2.806128581);
#1289=LINE('',#1286,#1288);
#1290=EDGE_CURVE('',#1285,#1209,#1289,.T.);
#1291=ORIENTED_EDGE('',*,*,#1290,.F.);
#1292=CARTESIAN_POINT('',(36.823804997,10.439374667,27.258500248));
#1293=DIRECTION('',(0.,0.,1.));
#1294=DIRECTION('',(1.,0.,-0.));
#1295=AXIS2_PLACEMENT_3D('',#1292,#1293,#1294);
#1296=CIRCLE('',#1295,1.909376067);
#1297=EDGE_CURVE('',#1252,#1285,#1296,.T.);
#1298=ORIENTED_EDGE('',*,*,#1297,.F.);
#1299=ORIENTED_EDGE('',*,*,#1258,.F.);
#1300=ORIENTED_EDGE('',*,*,#575,.F.);
#1301=EDGE_LOOP('',(#1283,#1291,#1298,#1299,#1300));
#1302=FACE_BOUND('',#1301,.T.);
#1303=ADVANCED_FACE('',(#1302),#1282,.F.);
#1304=CARTESIAN_POINT('',(37.809866345,8.725170485,28.727021669));
#1305=DIRECTION('',(0.707106781,-0.707106781,-0.));
#1306=DIRECTION('',(-0.,0.,-1.));
#1307=AXIS2_PLACEMENT_3D('',#1304,#1305,#1306);
#1308=PLANE('',#1307);
#1309=ORIENTED_EDGE('',*,*,#1215,.F.);
#1310=ORIENTED_EDGE('',*,*,#1141,.T.);
#1311=CARTESIAN_POINT('',(40.7553514,11.67065554,34.458500248));
#1312=VERTEX_POINT('',#1311);
#1313=CARTESIAN_POINT('',(40.7553514,11.67065554,34.458500248));
#1314=DIRECTION('',(-0.707106781,-0.707106781,0.));
#1315=VECTOR('',#1314,3.650670178);
#1316=LINE('',#1313,#1315);
#1317=EDGE_CURVE('',#1312,#1125,#1316,.T.);
#1318=ORIENTED_EDGE('',*,*,#1317,.F.);
#1319=CARTESIAN_POINT('',(40.7553514,11.67065554,27.258500248));
#1320=VERTEX_POINT('',#1319);
#1321=CARTESIAN_POINT('',(40.7553514,11.67065554,34.458500248));
#1322=DIRECTION('',(-0.,0.,-1.));
#1323=VECTOR('',#1322,7.2);
#1324=LINE('',#1321,#1323);
#1325=EDGE_CURVE('',#1312,#1320,#1324,.T.);
#1326=ORIENTED_EDGE('',*,*,#1325,.T.);
#1327=CARTESIAN_POINT('',(38.173937762,9.089241902,27.258500248));
#1328=DIRECTION('',(0.707106781,0.707106781,-0.));
#1329=VECTOR('',#1328,3.650670178);
#1330=LINE('',#1327,#1329);
#1331=EDGE_CURVE('',#1285,#1320,#1330,.T.);
#1332=ORIENTED_EDGE('',*,*,#1331,.F.);
#1333=ORIENTED_EDGE('',*,*,#1290,.T.);
#1334=EDGE_LOOP('',(#1309,#1310,#1318,#1326,#1332,#1333));
#1335=FACE_BOUND('',#1334,.T.);
#1336=ADVANCED_FACE('',(#1335),#1308,.F.);
#1337=CARTESIAN_POINT('',(39.405218635,13.020788305,33.458500248));
#1338=DIRECTION('',(0.,-0.,1.));
#1339=DIRECTION('',(0.,1.,0.));
#1340=AXIS2_PLACEMENT_3D('',#1337,#1338,#1339);
#1341=CYLINDRICAL_SURFACE('',#1340,1.909376067);
#1342=CARTESIAN_POINT('',(41.314594702,13.020788305,27.258500248));
#1343=VERTEX_POINT('',#1342);
#1344=CARTESIAN_POINT('',(39.405218635,13.020788305,27.258500248));
#1345=DIRECTION('',(0.,0.,1.));
#1346=DIRECTION('',(1.,0.,-0.));
#1347=AXIS2_PLACEMENT_3D('',#1344,#1345,#1346);
#1348=CIRCLE('',#1347,1.909376067);
#1349=EDGE_CURVE('',#1320,#1343,#1348,.T.);
#1350=ORIENTED_EDGE('',*,*,#1349,.F.);
#1351=ORIENTED_EDGE('',*,*,#1325,.F.);
#1352=CARTESIAN_POINT('',(41.314594702,13.020788305,34.458500248));
#1353=VERTEX_POINT('',#1352);
#1354=CARTESIAN_POINT('',(39.405218635,13.020788305,34.458500248));
#1355=DIRECTION('',(-0.,0.,-1.));
#1356=DIRECTION('',(-1.,0.,0.));
#1357=AXIS2_PLACEMENT_3D('',#1354,#1355,#1356);
#1358=CIRCLE('',#1357,1.909376067);
#1359=EDGE_CURVE('',#1353,#1312,#1358,.T.);
#1360=ORIENTED_EDGE('',*,*,#1359,.F.);
#1361=CARTESIAN_POINT('',(41.314594702,13.020788305,34.458500248));
#1362=DIRECTION('',(-0.,0.,-1.));
#1363=VECTOR('',#1362,7.2);
#1364=LINE('',#1361,#1363);
#1365=EDGE_CURVE('',#1353,#1343,#1364,.T.);
#1366=ORIENTED_EDGE('',*,*,#1365,.T.);
#1367=EDGE_LOOP('',(#1350,#1351,#1360,#1366));
#1368=FACE_BOUND('',#1367,.T.);
#1369=ADVANCED_FACE('',(#1368),#1341,.F.);
#1370=CARTESIAN_POINT('',(36.823804997,37.931398667,28.727021669));
#1371=DIRECTION('',(0.,-0.,1.));
#1372=DIRECTION('',(0.,-1.,-0.));
#1373=AXIS2_PLACEMENT_3D('',#1370,#1371,#1372);
#1374=CYLINDRICAL_SURFACE('',#1373,1.909376067);
#1375=CARTESIAN_POINT('',(38.173937762,39.281531432,30.064628828));
#1376=VERTEX_POINT('',#1375);
#1377=CARTESIAN_POINT('',(38.173937762,39.281531432,30.064628828));
#1378=CARTESIAN_POINT('',(38.097898344,39.357570849,29.984352836));
#1379=CARTESIAN_POINT('',(38.011818237,39.430929133,29.915891085));
#1380=CARTESIAN_POINT('',(37.913805123,39.499077426,29.859201293));
#1381=CARTESIAN_POINT('',(37.815792008,39.567225719,29.802511501));
#1382=CARTESIAN_POINT('',(37.703802826,39.630902584,29.757482952));
#1383=CARTESIAN_POINT('',(37.58422961,39.682818483,29.731137077));
#1384=CARTESIAN_POINT('',(37.464656394,39.734734382,29.704791202));
#1385=CARTESIAN_POINT('',(37.334285876,39.775983096,29.696805771));
#1386=CARTESIAN_POINT('',(37.205163085,39.802302987,29.711516311));
#1387=CARTESIAN_POINT('',(37.076040294,39.828622877,29.726226851));
#1388=CARTESIAN_POINT('',(36.944800399,39.840774734,29.763984622));
#1389=CARTESIAN_POINT('',(36.823804997,39.840774734,29.823863948));
#1390=B_SPLINE_CURVE_WITH_KNOTS('',3,(#1377,#1378,#1379,#1380,#1381,#1382,#1383,#1384,#1385,#1386,#1387,#1388,#1389),.UNSPECIFIED.,.F.,.F.,(4,3,3,3,4),(0.,0.000395658,0.000791315,0.001186973,0.001582631),.UNSPECIFIED.);
#1391=EDGE_CURVE('',#1376,#606,#1390,.T.);
#1392=ORIENTED_EDGE('',*,*,#1391,.T.);
#1393=ORIENTED_EDGE('',*,*,#611,.T.);
#1394=CARTESIAN_POINT('',(37.335835397,39.770839298,27.258500248));
#1395=VERTEX_POINT('',#1394);
#1396=CARTESIAN_POINT('',(36.823804997,39.840774734,27.295099503));
#1397=CARTESIAN_POINT('',(36.996761438,39.840774734,27.270247132));
#1398=CARTESIAN_POINT('',(37.167502548,39.817696769,27.258500248));
#1399=CARTESIAN_POINT('',(37.335835397,39.770839298,27.258500248));
#1400=B_SPLINE_CURVE_WITH_KNOTS('',3,(#1396,#1397,#1398,#1399),.UNSPECIFIED.,.F.,.F.,(4,4),(0.,0.000518079),.UNSPECIFIED.);
#1401=EDGE_CURVE('',#597,#1395,#1400,.T.);
#1402=ORIENTED_EDGE('',*,*,#1401,.T.);
#1403=CARTESIAN_POINT('',(38.173937762,39.281531432,27.258500248));
#1404=VERTEX_POINT('',#1403);
#1405=CARTESIAN_POINT('',(36.823804997,37.931398667,27.258500248));
#1406=DIRECTION('',(-0.,0.,-1.));
#1407=DIRECTION('',(1.,0.,-0.));
#1408=AXIS2_PLACEMENT_3D('',#1405,#1406,#1407);
#1409=CIRCLE('',#1408,1.909376067);
#1410=EDGE_CURVE('',#1395,#1404,#1409,.T.);
#1411=ORIENTED_EDGE('',*,*,#1410,.T.);
#1412=CARTESIAN_POINT('',(38.173937762,39.281531432,27.258500248));
#1413=DIRECTION('',(0.,-0.,1.));
#1414=VECTOR('',#1413,2.806128581);
#1415=LINE('',#1412,#1414);
#1416=EDGE_CURVE('',#1404,#1376,#1415,.T.);
#1417=ORIENTED_EDGE('',*,*,#1416,.T.);
#1418=EDGE_LOOP('',(#1392,#1393,#1402,#1411,#1417));
#1419=FACE_BOUND('',#1418,.T.);
#1420=ADVANCED_FACE('',(#1419),#1374,.F.);
#1421=CARTESIAN_POINT('',(37.335835397,22.876113553,30.858500248));
#1422=DIRECTION('',(-0.,1.,0.));
#1423=DIRECTION('',(-1.,-0.,0.));
#1424=AXIS2_PLACEMENT_3D('',#1421,#1422,#1423);
#1425=CYLINDRICAL_SURFACE('',#1424,1.154403484);
#1426=CARTESIAN_POINT('',(36.181431913,42.007032187,30.858500248));
#1427=VERTEX_POINT('',#1426);
#1428=CARTESIAN_POINT('',(36.181431913,42.007032187,30.858500248));
#1429=DIRECTION('',(0.,-1.,-0.));
#1430=VECTOR('',#1429,2.166257453);
#1431=LINE('',#1428,#1430);
#1432=EDGE_CURVE('',#1427,#614,#1431,.T.);
#1433=ORIENTED_EDGE('',*,*,#1432,.F.);
#1434=CARTESIAN_POINT('',(37.335835397,42.007032187,32.012903731));
#1435=VERTEX_POINT('',#1434);
#1436=CARTESIAN_POINT('',(37.335835397,42.007032187,30.858500248));
#1437=DIRECTION('',(0.,-1.,-0.));
#1438=DIRECTION('',(0.,-0.,1.));
#1439=AXIS2_PLACEMENT_3D('',#1436,#1437,#1438);
#1440=CIRCLE('',#1439,1.154403484);
#1441=EDGE_CURVE('',#1435,#1427,#1440,.T.);
#1442=ORIENTED_EDGE('',*,*,#1441,.F.);
#1443=CARTESIAN_POINT('',(37.335835397,42.007032187,30.858500248));
#1444=DIRECTION('',(0.,-1.,-0.));
#1445=DIRECTION('',(0.,-0.,1.));
#1446=AXIS2_PLACEMENT_3D('',#1443,#1444,#1445);
#1447=CIRCLE('',#1446,1.154403484);
#1448=EDGE_CURVE('',#1427,#1435,#1447,.T.);
#1449=ORIENTED_EDGE('',*,*,#1448,.F.);
#1450=ORIENTED_EDGE('',*,*,#1432,.T.);
#1451=ORIENTED_EDGE('',*,*,#620,.T.);
#1452=ORIENTED_EDGE('',*,*,#1391,.F.);
#1453=CARTESIAN_POINT('',(38.173937762,39.281531432,31.652371667));
#1454=VERTEX_POINT('',#1453);
#1455=CARTESIAN_POINT('',(37.335835397,40.119633796,30.858500248));
#1456=DIRECTION('',(0.707106781,0.707106781,-0.));
#1457=DIRECTION('',(-0.707106781,0.707106781,0.));
#1458=AXIS2_PLACEMENT_3D('',#1455,#1456,#1457);
#1459=ELLIPSE('',#1458,1.632573063,1.154403484);
#1460=EDGE_CURVE('',#1454,#1376,#1459,.T.);
#1461=ORIENTED_EDGE('',*,*,#1460,.F.);
#1462=CARTESIAN_POINT('',(36.823804997,39.840774734,31.893136547));
#1463=CARTESIAN_POINT('',(36.884138988,39.840774734,31.922995192));
#1464=CARTESIAN_POINT('',(36.94607203,39.837920469,31.947123419));
#1465=CARTESIAN_POINT('',(37.009469906,39.831726404,31.965809134));
#1466=CARTESIAN_POINT('',(37.072867782,39.825532338,31.984494849));
#1467=CARTESIAN_POINT('',(37.138467283,39.815838149,31.997790736));
#1468=CARTESIAN_POINT('',(37.203530572,39.80263501,32.00529702));
#1469=CARTESIAN_POINT('',(37.26859386,39.789431871,32.012803304));
#1470=CARTESIAN_POINT('',(37.332869093,39.772864797,32.014648365));
#1471=CARTESIAN_POINT('',(37.396341699,39.75291416,32.011316968));
#1472=CARTESIAN_POINT('',(37.459814305,39.732963522,32.007985572));
#1473=CARTESIAN_POINT('',(37.522745448,39.709449485,31.999322682));
#1474=CARTESIAN_POINT('',(37.582675747,39.683492315,31.986204662));
#1475=CARTESIAN_POINT('',(37.702536344,39.631577975,31.959968622));
#1476=CARTESIAN_POINT('',(37.814142893,39.568257997,31.915280871));
#1477=CARTESIAN_POINT('',(37.912585263,39.499924885,31.858503746));
#1478=CARTESIAN_POINT('',(38.011027633,39.431591773,31.801726621));
#1479=CARTESIAN_POINT('',(38.097957354,39.357511839,31.732585361));
#1480=CARTESIAN_POINT('',(38.173937762,39.281531432,31.652371667));
#1481=B_SPLINE_CURVE_WITH_KNOTS('',3,(#1462,#1463,#1464,#1465,#1466,#1467,#1468,#1469,#1470,#1471,#1472,#1473,#1474,#1475,#1476,#1477,#1478,#1479,#1480),.UNSPECIFIED.,.F.,.F.,(4,3,3,3,3,3,4),(0.,0.000199077,0.000398154,0.000597231,0.000796308,0.001194462,0.001592616),.UNSPECIFIED.);
#1482=EDGE_CURVE('',#623,#1454,#1481,.T.);
#1483=ORIENTED_EDGE('',*,*,#1482,.F.);
#1484=ORIENTED_EDGE('',*,*,#629,.T.);
#1485=EDGE_LOOP('',(#1433,#1442,#1449,#1450,#1451,#1452,#1461,#1483,#1484));
#1486=FACE_BOUND('',#1485,.T.);
#1487=ADVANCED_FACE('',(#1486),#1425,.F.);
#1488=CARTESIAN_POINT('',(37.335835397,38.421495596,30.858500248));
#1489=DIRECTION('',(-0.,1.,0.));
#1490=DIRECTION('',(-1.,-0.,0.));
#1491=AXIS2_PLACEMENT_3D('',#1488,#1489,#1490);
#1492=CYLINDRICAL_SURFACE('',#1491,3.6);
#1493=CARTESIAN_POINT('',(33.735835397,42.007032187,30.858500248));
#1494=VERTEX_POINT('',#1493);
#1495=CARTESIAN_POINT('',(33.735835397,42.007032187,30.858500248));
#1496=DIRECTION('',(0.,-1.,-0.));
#1497=VECTOR('',#1496,2.166257453);
#1498=LINE('',#1495,#1497);
#1499=EDGE_CURVE('',#1494,#586,#1498,.T.);
#1500=ORIENTED_EDGE('',*,*,#1499,.T.);
#1501=ORIENTED_EDGE('',*,*,#594,.T.);
#1502=CARTESIAN_POINT('',(37.335835397,39.770839298,34.458500248));
#1503=VERTEX_POINT('',#1502);
#1504=CARTESIAN_POINT('',(37.335835397,39.770839298,34.458500248));
#1505=CARTESIAN_POINT('',(37.251668973,39.794268033,34.458500248));
#1506=CARTESIAN_POINT('',(37.166890453,39.811672193,34.455551558));
#1507=CARTESIAN_POINT('',(37.081544084,39.823299174,34.449507896));
#1508=CARTESIAN_POINT('',(37.038870899,39.829112664,34.446486064));
#1509=CARTESIAN_POINT('',(36.996055081,39.83347665,34.442689934));
#1510=CARTESIAN_POINT('',(36.953098382,39.836392154,34.438096926));
#1511=CARTESIAN_POINT('',(36.931620032,39.837849906,34.435800421));
#1512=CARTESIAN_POINT('',(36.910106426,39.838945237,34.433304645));
#1513=CARTESIAN_POINT('',(36.888557555,39.839676443,34.430606423));
#1514=CARTESIAN_POINT('',(36.867008685,39.840407649,34.427908202));
#1515=CARTESIAN_POINT('',(36.846257673,39.840774734,34.425127251));
#1516=CARTESIAN_POINT('',(36.823804997,39.840774734,34.421900992));
#1517=B_SPLINE_CURVE_WITH_KNOTS('',3,(#1504,#1505,#1506,#1507,#1508,#1509,#1510,#1511,#1512,#1513,#1514,#1515,#1516),.UNSPECIFIED.,.F.,.F.,(4,3,3,3,4),(0.,0.000259039,0.000388559,0.000453319,0.000518079),.UNSPECIFIED.);
#1518=EDGE_CURVE('',#1503,#588,#1517,.T.);
#1519=ORIENTED_EDGE('',*,*,#1518,.F.);
#1520=CARTESIAN_POINT('',(37.335835397,42.007032187,34.458500248));
#1521=VERTEX_POINT('',#1520);
#1522=CARTESIAN_POINT('',(37.335835397,39.770839298,34.458500248));
#1523=DIRECTION('',(-0.,1.,0.));
#1524=VECTOR('',#1523,2.236192889);
#1525=LINE('',#1522,#1524);
#1526=EDGE_CURVE('',#1503,#1521,#1525,.T.);
#1527=ORIENTED_EDGE('',*,*,#1526,.T.);
#1528=CARTESIAN_POINT('',(37.335835397,42.007032187,30.858500248));
#1529=DIRECTION('',(0.,-1.,-0.));
#1530=DIRECTION('',(0.,-0.,1.));
#1531=AXIS2_PLACEMENT_3D('',#1528,#1529,#1530);
#1532=CIRCLE('',#1531,3.6);
#1533=EDGE_CURVE('',#1521,#1494,#1532,.T.);
#1534=ORIENTED_EDGE('',*,*,#1533,.T.);
#1535=EDGE_LOOP('',(#1500,#1501,#1519,#1527,#1534));
#1536=FACE_BOUND('',#1535,.T.);
#1537=ADVANCED_FACE('',(#1536),#1492,.T.);
#1538=CARTESIAN_POINT('',(36.823804997,37.931398667,28.727021669));
#1539=DIRECTION('',(0.,-0.,1.));
#1540=DIRECTION('',(0.,-1.,-0.));
#1541=AXIS2_PLACEMENT_3D('',#1538,#1539,#1540);
#1542=CYLINDRICAL_SURFACE('',#1541,1.909376067);
#1543=CARTESIAN_POINT('',(38.173937762,39.281531432,34.458500248));
#1544=VERTEX_POINT('',#1543);
#1545=CARTESIAN_POINT('',(36.823804997,37.931398667,34.458500248));
#1546=DIRECTION('',(0.,-0.,1.));
#1547=DIRECTION('',(-1.,-0.,0.));
#1548=AXIS2_PLACEMENT_3D('',#1545,#1546,#1547);
#1549=CIRCLE('',#1548,1.909376067);
#1550=EDGE_CURVE('',#1544,#1503,#1549,.T.);
#1551=ORIENTED_EDGE('',*,*,#1550,.T.);
#1552=ORIENTED_EDGE('',*,*,#1518,.T.);
#1553=ORIENTED_EDGE('',*,*,#635,.T.);
#1554=ORIENTED_EDGE('',*,*,#1482,.T.);
#1555=CARTESIAN_POINT('',(38.173937762,39.281531432,31.652371667));
#1556=DIRECTION('',(0.,-0.,1.));
#1557=VECTOR('',#1556,2.806128581);
#1558=LINE('',#1555,#1557);
#1559=EDGE_CURVE('',#1454,#1544,#1558,.T.);
#1560=ORIENTED_EDGE('',*,*,#1559,.T.);
#1561=EDGE_LOOP('',(#1551,#1552,#1553,#1554,#1560));
#1562=FACE_BOUND('',#1561,.T.);
#1563=ADVANCED_FACE('',(#1562),#1542,.F.);
#1564=CARTESIAN_POINT('',(37.809866345,39.645602848,28.727021669));
#1565=DIRECTION('',(0.707106781,0.707106781,-0.));
#1566=DIRECTION('',(-0.,0.,-1.));
#1567=AXIS2_PLACEMENT_3D('',#1564,#1565,#1566);
#1568=PLANE('',#1567);
#1569=ORIENTED_EDGE('',*,*,#1460,.T.);
#1570=ORIENTED_EDGE('',*,*,#1416,.F.);
#1571=CARTESIAN_POINT('',(40.7553514,36.700117793,27.258500248));
#1572=VERTEX_POINT('',#1571);
#1573=CARTESIAN_POINT('',(38.173937762,39.281531432,27.258500248));
#1574=DIRECTION('',(0.707106781,-0.707106781,-0.));
#1575=VECTOR('',#1574,3.650670178);
#1576=LINE('',#1573,#1575);
#1577=EDGE_CURVE('',#1404,#1572,#1576,.T.);
#1578=ORIENTED_EDGE('',*,*,#1577,.T.);
#1579=CARTESIAN_POINT('',(40.7553514,36.700117793,34.458500248));
#1580=VERTEX_POINT('',#1579);
#1581=CARTESIAN_POINT('',(40.7553514,36.700117793,34.458500248));
#1582=DIRECTION('',(-0.,0.,-1.));
#1583=VECTOR('',#1582,7.2);
#1584=LINE('',#1581,#1583);
#1585=EDGE_CURVE('',#1580,#1572,#1584,.T.);
#1586=ORIENTED_EDGE('',*,*,#1585,.F.);
#1587=CARTESIAN_POINT('',(40.7553514,36.700117793,34.458500248));
#1588=DIRECTION('',(-0.707106781,0.707106781,0.));
#1589=VECTOR('',#1588,3.650670178);
#1590=LINE('',#1587,#1589);
#1591=EDGE_CURVE('',#1580,#1544,#1590,.T.);
#1592=ORIENTED_EDGE('',*,*,#1591,.T.);
#1593=ORIENTED_EDGE('',*,*,#1559,.F.);
#1594=EDGE_LOOP('',(#1569,#1570,#1578,#1586,#1592,#1593));
#1595=FACE_BOUND('',#1594,.T.);
#1596=ADVANCED_FACE('',(#1595),#1568,.F.);
#1597=CARTESIAN_POINT('',(39.405218635,35.349985028,33.458500248));
#1598=DIRECTION('',(0.,-0.,1.));
#1599=DIRECTION('',(0.,-1.,-0.));
#1600=AXIS2_PLACEMENT_3D('',#1597,#1598,#1599);
#1601=CYLINDRICAL_SURFACE('',#1600,1.909376067);
#1602=CARTESIAN_POINT('',(41.314594702,35.349985028,27.258500248));
#1603=VERTEX_POINT('',#1602);
#1604=CARTESIAN_POINT('',(39.405218635,35.349985028,27.258500248));
#1605=DIRECTION('',(-0.,0.,-1.));
#1606=DIRECTION('',(1.,0.,-0.));
#1607=AXIS2_PLACEMENT_3D('',#1604,#1605,#1606);
#1608=CIRCLE('',#1607,1.909376067);
#1609=EDGE_CURVE('',#1572,#1603,#1608,.T.);
#1610=ORIENTED_EDGE('',*,*,#1609,.T.);
#1611=CARTESIAN_POINT('',(41.314594702,35.349985028,34.458500248));
#1612=VERTEX_POINT('',#1611);
#1613=CARTESIAN_POINT('',(41.314594702,35.349985028,34.458500248));
#1614=DIRECTION('',(-0.,0.,-1.));
#1615=VECTOR('',#1614,7.2);
#1616=LINE('',#1613,#1615);
#1617=EDGE_CURVE('',#1612,#1603,#1616,.T.);
#1618=ORIENTED_EDGE('',*,*,#1617,.F.);
#1619=CARTESIAN_POINT('',(39.405218635,35.349985028,34.458500248));
#1620=DIRECTION('',(0.,-0.,1.));
#1621=DIRECTION('',(-1.,-0.,0.));
#1622=AXIS2_PLACEMENT_3D('',#1619,#1620,#1621);
#1623=CIRCLE('',#1622,1.909376067);
#1624=EDGE_CURVE('',#1612,#1580,#1623,.T.);
#1625=ORIENTED_EDGE('',*,*,#1624,.T.);
#1626=ORIENTED_EDGE('',*,*,#1585,.T.);
#1627=EDGE_LOOP('',(#1610,#1618,#1625,#1626));
#1628=FACE_BOUND('',#1627,.T.);
#1629=ADVANCED_FACE('',(#1628),#1601,.F.);
#1630=CARTESIAN_POINT('',(36.823804997,37.931398667,13.689963176));
#1631=DIRECTION('',(0.,-0.,1.));
#1632=DIRECTION('',(0.,-1.,-0.));
#1633=AXIS2_PLACEMENT_3D('',#1630,#1631,#1632);
#1634=CYLINDRICAL_SURFACE('',#1633,1.909376067);
#1635=CARTESIAN_POINT('',(38.173937762,39.281531432,15.027570335));
#1636=VERTEX_POINT('',#1635);
#1637=CARTESIAN_POINT('',(38.173937762,39.281531432,15.027570335));
#1638=CARTESIAN_POINT('',(38.097898344,39.357570849,14.947294343));
#1639=CARTESIAN_POINT('',(38.011818237,39.430929133,14.878832592));
#1640=CARTESIAN_POINT('',(37.913805123,39.499077426,14.8221428));
#1641=CARTESIAN_POINT('',(37.815792008,39.567225719,14.765453008));
#1642=CARTESIAN_POINT('',(37.703802826,39.630902584,14.720424459));
#1643=CARTESIAN_POINT('',(37.58422961,39.682818483,14.694078584));
#1644=CARTESIAN_POINT('',(37.464656394,39.734734382,14.667732709));
#1645=CARTESIAN_POINT('',(37.334285876,39.775983096,14.659747278));
#1646=CARTESIAN_POINT('',(37.205163085,39.802302987,14.674457818));
#1647=CARTESIAN_POINT('',(37.076040294,39.828622877,14.689168358));
#1648=CARTESIAN_POINT('',(36.944800399,39.840774734,14.726926129));
#1649=CARTESIAN_POINT('',(36.823804997,39.840774734,14.786805455));
#1650=B_SPLINE_CURVE_WITH_KNOTS('',3,(#1637,#1638,#1639,#1640,#1641,#1642,#1643,#1644,#1645,#1646,#1647,#1648,#1649),.UNSPECIFIED.,.F.,.F.,(4,3,3,3,4),(0.,0.000395658,0.000791315,0.001186973,0.001582631),.UNSPECIFIED.);
#1651=EDGE_CURVE('',#1636,#666,#1650,.T.);
#1652=ORIENTED_EDGE('',*,*,#1651,.T.);
#1653=ORIENTED_EDGE('',*,*,#671,.T.);
#1654=CARTESIAN_POINT('',(37.335835397,39.770839298,12.221441755));
#1655=VERTEX_POINT('',#1654);
#1656=CARTESIAN_POINT('',(36.823804997,39.840774734,12.25804101));
#1657=CARTESIAN_POINT('',(36.996761438,39.840774734,12.233188639));
#1658=CARTESIAN_POINT('',(37.167502548,39.817696769,12.221441755));
#1659=CARTESIAN_POINT('',(37.335835397,39.770839298,12.221441755));
#1660=B_SPLINE_CURVE_WITH_KNOTS('',3,(#1656,#1657,#1658,#1659),.UNSPECIFIED.,.F.,.F.,(4,4),(0.,0.000518079),.UNSPECIFIED.);
#1661=EDGE_CURVE('',#657,#1655,#1660,.T.);
#1662=ORIENTED_EDGE('',*,*,#1661,.T.);
#1663=CARTESIAN_POINT('',(38.173937762,39.281531432,12.221441755));
#1664=VERTEX_POINT('',#1663);
#1665=CARTESIAN_POINT('',(36.823804997,37.931398667,12.221441755));
#1666=DIRECTION('',(-0.,0.,-1.));
#1667=DIRECTION('',(1.,0.,-0.));
#1668=AXIS2_PLACEMENT_3D('',#1665,#1666,#1667);
#1669=CIRCLE('',#1668,1.909376067);
#1670=EDGE_CURVE('',#1655,#1664,#1669,.T.);
#1671=ORIENTED_EDGE('',*,*,#1670,.T.);
#1672=CARTESIAN_POINT('',(38.173937762,39.281531432,12.221441755));
#1673=DIRECTION('',(0.,-0.,1.));
#1674=VECTOR('',#1673,2.806128581);
#1675=LINE('',#1672,#1674);
#1676=EDGE_CURVE('',#1664,#1636,#1675,.T.);
#1677=ORIENTED_EDGE('',*,*,#1676,.T.);
#1678=EDGE_LOOP('',(#1652,#1653,#1662,#1671,#1677));
#1679=FACE_BOUND('',#1678,.T.);
#1680=ADVANCED_FACE('',(#1679),#1634,.F.);
#1681=CARTESIAN_POINT('',(37.335835397,22.876113553,15.821441755));
#1682=DIRECTION('',(-0.,1.,0.));
#1683=DIRECTION('',(-1.,-0.,0.));
#1684=AXIS2_PLACEMENT_3D('',#1681,#1682,#1683);
#1685=CYLINDRICAL_SURFACE('',#1684,1.154403484);
#1686=CARTESIAN_POINT('',(36.181431913,42.007032187,15.821441755));
#1687=VERTEX_POINT('',#1686);
#1688=CARTESIAN_POINT('',(36.181431913,42.007032187,15.821441755));
#1689=DIRECTION('',(0.,-1.,-0.));
#1690=VECTOR('',#1689,2.166257453);
#1691=LINE('',#1688,#1690);
#1692=EDGE_CURVE('',#1687,#674,#1691,.T.);
#1693=ORIENTED_EDGE('',*,*,#1692,.F.);
#1694=CARTESIAN_POINT('',(37.335835397,42.007032187,16.975845238));
#1695=VERTEX_POINT('',#1694);
#1696=CARTESIAN_POINT('',(37.335835397,42.007032187,15.821441755));
#1697=DIRECTION('',(0.,-1.,-0.));
#1698=DIRECTION('',(0.,-0.,1.));
#1699=AXIS2_PLACEMENT_3D('',#1696,#1697,#1698);
#1700=CIRCLE('',#1699,1.154403484);
#1701=EDGE_CURVE('',#1695,#1687,#1700,.T.);
#1702=ORIENTED_EDGE('',*,*,#1701,.F.);
#1703=CARTESIAN_POINT('',(37.335835397,42.007032187,15.821441755));
#1704=DIRECTION('',(0.,-1.,-0.));
#1705=DIRECTION('',(0.,-0.,1.));
#1706=AXIS2_PLACEMENT_3D('',#1703,#1704,#1705);
#1707=CIRCLE('',#1706,1.154403484);
#1708=EDGE_CURVE('',#1687,#1695,#1707,.T.);
#1709=ORIENTED_EDGE('',*,*,#1708,.F.);
#1710=ORIENTED_EDGE('',*,*,#1692,.T.);
#1711=ORIENTED_EDGE('',*,*,#680,.T.);
#1712=ORIENTED_EDGE('',*,*,#1651,.F.);
#1713=CARTESIAN_POINT('',(38.173937762,39.281531432,16.615313174));
#1714=VERTEX_POINT('',#1713);
#1715=CARTESIAN_POINT('',(37.335835397,40.119633796,15.821441755));
#1716=DIRECTION('',(0.707106781,0.707106781,-0.));
#1717=DIRECTION('',(-0.707106781,0.707106781,0.));
#1718=AXIS2_PLACEMENT_3D('',#1715,#1716,#1717);
#1719=ELLIPSE('',#1718,1.632573063,1.154403484);
#1720=EDGE_CURVE('',#1714,#1636,#1719,.T.);
#1721=ORIENTED_EDGE('',*,*,#1720,.F.);
#1722=CARTESIAN_POINT('',(36.823804997,39.840774734,16.856078054));
#1723=CARTESIAN_POINT('',(36.884138988,39.840774734,16.885936699));
#1724=CARTESIAN_POINT('',(36.94607203,39.837920469,16.910064926));
#1725=CARTESIAN_POINT('',(37.009469906,39.831726404,16.928750641));
#1726=CARTESIAN_POINT('',(37.072867782,39.825532338,16.947436356));
#1727=CARTESIAN_POINT('',(37.138467283,39.815838149,16.960732243));
#1728=CARTESIAN_POINT('',(37.203530572,39.80263501,16.968238527));
#1729=CARTESIAN_POINT('',(37.26859386,39.789431871,16.975744811));
#1730=CARTESIAN_POINT('',(37.332869093,39.772864797,16.977589872));
#1731=CARTESIAN_POINT('',(37.396341699,39.75291416,16.974258475));
#1732=CARTESIAN_POINT('',(37.459814305,39.732963522,16.970927078));
#1733=CARTESIAN_POINT('',(37.522745448,39.709449485,16.962264189));
#1734=CARTESIAN_POINT('',(37.582675747,39.683492315,16.949146169));
#1735=CARTESIAN_POINT('',(37.702536344,39.631577975,16.922910129));
#1736=CARTESIAN_POINT('',(37.814142893,39.568257997,16.878222378));
#1737=CARTESIAN_POINT('',(37.912585263,39.499924885,16.821445253));
#1738=CARTESIAN_POINT('',(38.011027633,39.431591773,16.764668128));
#1739=CARTESIAN_POINT('',(38.097957354,39.357511839,16.695526868));
#1740=CARTESIAN_POINT('',(38.173937762,39.281531432,16.615313174));
#1741=B_SPLINE_CURVE_WITH_KNOTS('',3,(#1722,#1723,#1724,#1725,#1726,#1727,#1728,#1729,#1730,#1731,#1732,#1733,#1734,#1735,#1736,#1737,#1738,#1739,#1740),.UNSPECIFIED.,.F.,.F.,(4,3,3,3,3,3,4),(0.,0.000199077,0.000398154,0.000597231,0.000796308,0.001194462,0.001592616),.UNSPECIFIED.);
#1742=EDGE_CURVE('',#683,#1714,#1741,.T.);
#1743=ORIENTED_EDGE('',*,*,#1742,.F.);
#1744=ORIENTED_EDGE('',*,*,#689,.T.);
#1745=EDGE_LOOP('',(#1693,#1702,#1709,#1710,#1711,#1712,#1721,#1743,#1744));
#1746=FACE_BOUND('',#1745,.T.);
#1747=ADVANCED_FACE('',(#1746),#1685,.F.);
#1748=CARTESIAN_POINT('',(37.335835397,38.421495596,15.821441755));
#1749=DIRECTION('',(-0.,1.,0.));
#1750=DIRECTION('',(-1.,-0.,0.));
#1751=AXIS2_PLACEMENT_3D('',#1748,#1749,#1750);
#1752=CYLINDRICAL_SURFACE('',#1751,3.6);
#1753=CARTESIAN_POINT('',(33.735835397,42.007032187,15.821441755));
#1754=VERTEX_POINT('',#1753);
#1755=CARTESIAN_POINT('',(33.735835397,42.007032187,15.821441755));
#1756=DIRECTION('',(0.,-1.,-0.));
#1757=VECTOR('',#1756,2.166257453);
#1758=LINE('',#1755,#1757);
#1759=EDGE_CURVE('',#1754,#646,#1758,.T.);
#1760=ORIENTED_EDGE('',*,*,#1759,.T.);
#1761=ORIENTED_EDGE('',*,*,#654,.T.);
#1762=CARTESIAN_POINT('',(37.335835397,39.770839298,19.421441755));
#1763=VERTEX_POINT('',#1762);
#1764=CARTESIAN_POINT('',(37.335835397,39.770839298,19.421441755));
#1765=CARTESIAN_POINT('',(37.251668973,39.794268033,19.421441755));
#1766=CARTESIAN_POINT('',(37.166890453,39.811672193,19.418493065));
#1767=CARTESIAN_POINT('',(37.081544084,39.823299174,19.412449402));
#1768=CARTESIAN_POINT('',(37.038870899,39.829112664,19.409427571));
#1769=CARTESIAN_POINT('',(36.996055081,39.83347665,19.405631441));
#1770=CARTESIAN_POINT('',(36.953098382,39.836392154,19.401038432));
#1771=CARTESIAN_POINT('',(36.931620032,39.837849906,19.398741928));
#1772=CARTESIAN_POINT('',(36.910106426,39.838945237,19.396246151));
#1773=CARTESIAN_POINT('',(36.888557555,39.839676443,19.39354793));
#1774=CARTESIAN_POINT('',(36.867008685,39.840407649,19.390849709));
#1775=CARTESIAN_POINT('',(36.846257673,39.840774734,19.388068758));
#1776=CARTESIAN_POINT('',(36.823804997,39.840774734,19.384842499));
#1777=B_SPLINE_CURVE_WITH_KNOTS('',3,(#1764,#1765,#1766,#1767,#1768,#1769,#1770,#1771,#1772,#1773,#1774,#1775,#1776),.UNSPECIFIED.,.F.,.F.,(4,3,3,3,4),(0.,0.000259039,0.000388559,0.000453319,0.000518079),.UNSPECIFIED.);
#1778=EDGE_CURVE('',#1763,#648,#1777,.T.);
#1779=ORIENTED_EDGE('',*,*,#1778,.F.);
#1780=CARTESIAN_POINT('',(37.335835397,42.007032187,19.421441755));
#1781=VERTEX_POINT('',#1780);
#1782=CARTESIAN_POINT('',(37.335835397,39.770839298,19.421441755));
#1783=DIRECTION('',(-0.,1.,0.));
#1784=VECTOR('',#1783,2.236192889);
#1785=LINE('',#1782,#1784);
#1786=EDGE_CURVE('',#1763,#1781,#1785,.T.);
#1787=ORIENTED_EDGE('',*,*,#1786,.T.);
#1788=CARTESIAN_POINT('',(37.335835397,42.007032187,15.821441755));
#1789=DIRECTION('',(0.,-1.,-0.));
#1790=DIRECTION('',(0.,-0.,1.));
#1791=AXIS2_PLACEMENT_3D('',#1788,#1789,#1790);
#1792=CIRCLE('',#1791,3.6);
#1793=EDGE_CURVE('',#1781,#1754,#1792,.T.);
#1794=ORIENTED_EDGE('',*,*,#1793,.T.);
#1795=EDGE_LOOP('',(#1760,#1761,#1779,#1787,#1794));
#1796=FACE_BOUND('',#1795,.T.);
#1797=ADVANCED_FACE('',(#1796),#1752,.T.);
#1798=CARTESIAN_POINT('',(36.823804997,37.931398667,13.689963176));
#1799=DIRECTION('',(0.,-0.,1.));
#1800=DIRECTION('',(0.,-1.,-0.));
#1801=AXIS2_PLACEMENT_3D('',#1798,#1799,#1800);
#1802=CYLINDRICAL_SURFACE('',#1801,1.909376067);
#1803=CARTESIAN_POINT('',(38.173937762,39.281531432,19.421441755));
#1804=VERTEX_POINT('',#1803);
#1805=CARTESIAN_POINT('',(36.823804997,37.931398667,19.421441755));
#1806=DIRECTION('',(0.,-0.,1.));
#1807=DIRECTION('',(-1.,-0.,0.));
#1808=AXIS2_PLACEMENT_3D('',#1805,#1806,#1807);
#1809=CIRCLE('',#1808,1.909376067);
#1810=EDGE_CURVE('',#1804,#1763,#1809,.T.);
#1811=ORIENTED_EDGE('',*,*,#1810,.T.);
#1812=ORIENTED_EDGE('',*,*,#1778,.T.);
#1813=ORIENTED_EDGE('',*,*,#695,.T.);
#1814=ORIENTED_EDGE('',*,*,#1742,.T.);
#1815=CARTESIAN_POINT('',(38.173937762,39.281531432,16.615313174));
#1816=DIRECTION('',(0.,-0.,1.));
#1817=VECTOR('',#1816,2.806128581);
#1818=LINE('',#1815,#1817);
#1819=EDGE_CURVE('',#1714,#1804,#1818,.T.);
#1820=ORIENTED_EDGE('',*,*,#1819,.T.);
#1821=EDGE_LOOP('',(#1811,#1812,#1813,#1814,#1820));
#1822=FACE_BOUND('',#1821,.T.);
#1823=ADVANCED_FACE('',(#1822),#1802,.F.);
#1824=CARTESIAN_POINT('',(37.809866345,39.645602848,13.689963176));
#1825=DIRECTION('',(0.707106781,0.707106781,-0.));
#1826=DIRECTION('',(-0.,0.,-1.));
#1827=AXIS2_PLACEMENT_3D('',#1824,#1825,#1826);
#1828=PLANE('',#1827);
#1829=ORIENTED_EDGE('',*,*,#1720,.T.);
#1830=ORIENTED_EDGE('',*,*,#1676,.F.);
#1831=CARTESIAN_POINT('',(40.7553514,36.700117793,12.221441755));
#1832=VERTEX_POINT('',#1831);
#1833=CARTESIAN_POINT('',(38.173937762,39.281531432,12.221441755));
#1834=DIRECTION('',(0.707106781,-0.707106781,-0.));
#1835=VECTOR('',#1834,3.650670178);
#1836=LINE('',#1833,#1835);
#1837=EDGE_CURVE('',#1664,#1832,#1836,.T.);
#1838=ORIENTED_EDGE('',*,*,#1837,.T.);
#1839=CARTESIAN_POINT('',(40.7553514,36.700117793,19.421441755));
#1840=VERTEX_POINT('',#1839);
#1841=CARTESIAN_POINT('',(40.7553514,36.700117793,19.421441755));
#1842=DIRECTION('',(-0.,0.,-1.));
#1843=VECTOR('',#1842,7.2);
#1844=LINE('',#1841,#1843);
#1845=EDGE_CURVE('',#1840,#1832,#1844,.T.);
#1846=ORIENTED_EDGE('',*,*,#1845,.F.);
#1847=CARTESIAN_POINT('',(40.7553514,36.700117793,19.421441755));
#1848=DIRECTION('',(-0.707106781,0.707106781,0.));
#1849=VECTOR('',#1848,3.650670178);
#1850=LINE('',#1847,#1849);
#1851=EDGE_CURVE('',#1840,#1804,#1850,.T.);
#1852=ORIENTED_EDGE('',*,*,#1851,.T.);
#1853=ORIENTED_EDGE('',*,*,#1819,.F.);
#1854=EDGE_LOOP('',(#1829,#1830,#1838,#1846,#1852,#1853));
#1855=FACE_BOUND('',#1854,.T.);
#1856=ADVANCED_FACE('',(#1855),#1828,.F.);
#1857=CARTESIAN_POINT('',(39.405218635,35.349985028,18.421441755));
#1858=DIRECTION('',(0.,-0.,1.));
#1859=DIRECTION('',(0.,-1.,-0.));
#1860=AXIS2_PLACEMENT_3D('',#1857,#1858,#1859);
#1861=CYLINDRICAL_SURFACE('',#1860,1.909376067);
#1862=CARTESIAN_POINT('',(41.314594702,35.349985028,12.221441755));
#1863=VERTEX_POINT('',#1862);
#1864=CARTESIAN_POINT('',(39.405218635,35.349985028,12.221441755));
#1865=DIRECTION('',(-0.,0.,-1.));
#1866=DIRECTION('',(1.,0.,-0.));
#1867=AXIS2_PLACEMENT_3D('',#1864,#1865,#1866);
#1868=CIRCLE('',#1867,1.909376067);
#1869=EDGE_CURVE('',#1832,#1863,#1868,.T.);
#1870=ORIENTED_EDGE('',*,*,#1869,.T.);
#1871=CARTESIAN_POINT('',(41.314594702,35.349985028,19.421441755));
#1872=VERTEX_POINT('',#1871);
#1873=CARTESIAN_POINT('',(41.314594702,35.349985028,19.421441755));
#1874=DIRECTION('',(-0.,0.,-1.));
#1875=VECTOR('',#1874,7.2);
#1876=LINE('',#1873,#1875);
#1877=EDGE_CURVE('',#1872,#1863,#1876,.T.);
#1878=ORIENTED_EDGE('',*,*,#1877,.F.);
#1879=CARTESIAN_POINT('',(39.405218635,35.349985028,19.421441755));
#1880=DIRECTION('',(0.,-0.,1.));
#1881=DIRECTION('',(-1.,-0.,0.));
#1882=AXIS2_PLACEMENT_3D('',#1879,#1880,#1881);
#1883=CIRCLE('',#1882,1.909376067);
#1884=EDGE_CURVE('',#1872,#1840,#1883,.T.);
#1885=ORIENTED_EDGE('',*,*,#1884,.T.);
#1886=ORIENTED_EDGE('',*,*,#1845,.T.);
#1887=EDGE_LOOP('',(#1870,#1878,#1885,#1886));
#1888=FACE_BOUND('',#1887,.T.);
#1889=ADVANCED_FACE('',(#1888),#1861,.F.);
#1890=CARTESIAN_POINT('',(42.436213747,39.107663433,38.536995353));
#1891=DIRECTION('',(1.,-0.,-0.));
#1892=DIRECTION('',(-0.,-1.,0.));
#1893=AXIS2_PLACEMENT_3D('',#1890,#1891,#1892);
#1894=PLANE('',#1893);
#1895=ORIENTED_EDGE('',*,*,#108,.T.);
#1896=CARTESIAN_POINT('',(42.436213747,39.907663433,44.699364505));
#1897=DIRECTION('',(-0.,-0.,-1.));
#1898=VECTOR('',#1897,3.474384374);
#1899=LINE('',#1896,#1898);
#1900=EDGE_CURVE('',#94,#851,#1899,.T.);
#1901=ORIENTED_EDGE('',*,*,#1900,.T.);
#1902=ORIENTED_EDGE('',*,*,#856,.F.);
#1903=CARTESIAN_POINT('',(42.436213747,33.715602607,44.699364505));
#1904=DIRECTION('',(-0.,-0.,-1.));
#1905=VECTOR('',#1904,3.474384374);
#1906=LINE('',#1903,#1905);
#1907=EDGE_CURVE('',#103,#843,#1906,.T.);
#1908=ORIENTED_EDGE('',*,*,#1907,.F.);
#1909=EDGE_LOOP('',(#1895,#1901,#1902,#1908));
#1910=FACE_BOUND('',#1909,.T.);
#1911=ADVANCED_FACE('',(#1910),#1894,.F.);
#1912=CARTESIAN_POINT('',(45.551643958,33.715602607,26.393723456));
#1913=DIRECTION('',(0.,1.,-0.));
#1914=DIRECTION('',(1.,-0.,-0.));
#1915=AXIS2_PLACEMENT_3D('',#1912,#1913,#1914);
#1916=PLANE('',#1915);
#1917=CARTESIAN_POINT('',(44.291178492,33.715602607,36.3707379));
#1918=VERTEX_POINT('',#1917);
#1919=CARTESIAN_POINT('',(44.291178492,33.715602607,36.3707379));
#1920=DIRECTION('',(0.,0.,1.));
#1921=VECTOR('',#1920,3.839277282);
#1922=LINE('',#1919,#1921);
#1923=EDGE_CURVE('',#1918,#111,#1922,.T.);
#1924=ORIENTED_EDGE('',*,*,#1923,.T.);
#1925=ORIENTED_EDGE('',*,*,#117,.T.);
#1926=ORIENTED_EDGE('',*,*,#1907,.T.);
#1927=ORIENTED_EDGE('',*,*,#848,.F.);
#1928=ORIENTED_EDGE('',*,*,#822,.F.);
#1929=ORIENTED_EDGE('',*,*,#781,.T.);
#1930=CARTESIAN_POINT('',(44.291178492,33.715602607,36.3707379));
#1931=DIRECTION('',(-1.,0.,0.));
#1932=VECTOR('',#1931,13.23193534);
#1933=LINE('',#1930,#1932);
#1934=EDGE_CURVE('',#1918,#767,#1933,.T.);
#1935=ORIENTED_EDGE('',*,*,#1934,.F.);
#1936=EDGE_LOOP('',(#1924,#1925,#1926,#1927,#1928,#1929,#1935));
#1937=FACE_BOUND('',#1936,.T.);
#1938=ADVANCED_FACE('',(#1937),#1916,.F.);
#1939=CARTESIAN_POINT('',(54.731593132,34.680154441,36.3707379));
#1940=DIRECTION('',(0.,0.,1.));
#1941=DIRECTION('',(0.,1.,-0.));
#1942=AXIS2_PLACEMENT_3D('',#1939,#1940,#1941);
#1943=PLANE('',#1942);
#1944=CARTESIAN_POINT('',(44.291178492,39.907663433,36.3707379));
#1945=VERTEX_POINT('',#1944);
#1946=CARTESIAN_POINT('',(44.291178492,39.907663433,36.3707379));
#1947=DIRECTION('',(0.,-1.,0.));
#1948=VECTOR('',#1947,6.192060826);
#1949=LINE('',#1946,#1948);
#1950=EDGE_CURVE('',#1945,#1918,#1949,.T.);
#1951=ORIENTED_EDGE('',*,*,#1950,.T.);
#1952=ORIENTED_EDGE('',*,*,#1934,.T.);
#1953=ORIENTED_EDGE('',*,*,#773,.T.);
#1954=CARTESIAN_POINT('',(31.059243152,39.907663433,36.3707379));
#1955=VERTEX_POINT('',#1954);
#1956=CARTESIAN_POINT('',(31.059243152,36.81163302,36.3707379));
#1957=DIRECTION('',(-0.,-0.,-1.));
#1958=DIRECTION('',(0.,-1.,0.));
#1959=AXIS2_PLACEMENT_3D('',#1956,#1957,#1958);
#1960=CIRCLE('',#1959,3.096030413);
#1961=EDGE_CURVE('',#759,#1955,#1960,.T.);
#1962=ORIENTED_EDGE('',*,*,#1961,.T.);
#1963=CARTESIAN_POINT('',(44.291178492,39.907663433,36.3707379));
#1964=DIRECTION('',(-1.,0.,0.));
#1965=VECTOR('',#1964,13.23193534);
#1966=LINE('',#1963,#1965);
#1967=EDGE_CURVE('',#1945,#1955,#1966,.T.);
#1968=ORIENTED_EDGE('',*,*,#1967,.F.);
#1969=EDGE_LOOP('',(#1951,#1952,#1953,#1962,#1968));
#1970=FACE_BOUND('',#1969,.T.);
#1971=ORIENTED_EDGE('',*,*,#739,.T.);
#1972=ORIENTED_EDGE('',*,*,#746,.T.);
#1973=EDGE_LOOP('',(#1971,#1972));
#1974=FACE_BOUND('',#1973,.T.);
#1975=ADVANCED_FACE('',(#1970,#1974),#1943,.F.);
#1976=CARTESIAN_POINT('',(45.551618545,39.907663433,26.393723456));
#1977=DIRECTION('',(-0.,-1.,0.));
#1978=DIRECTION('',(-1.,0.,0.));
#1979=AXIS2_PLACEMENT_3D('',#1976,#1977,#1978);
#1980=PLANE('',#1979);
#1981=CARTESIAN_POINT('',(44.291178492,39.907663433,40.210015182));
#1982=DIRECTION('',(-0.,-0.,-1.));
#1983=VECTOR('',#1982,3.839277282);
#1984=LINE('',#1981,#1983);
#1985=EDGE_CURVE('',#86,#1945,#1984,.T.);
#1986=ORIENTED_EDGE('',*,*,#1985,.T.);
#1987=ORIENTED_EDGE('',*,*,#1967,.T.);
#1988=CARTESIAN_POINT('',(31.059243152,39.907663433,36.3707379));
#1989=DIRECTION('',(0.,0.,1.));
#1990=VECTOR('',#1989,2.166257453);
#1991=LINE('',#1988,#1990);
#1992=EDGE_CURVE('',#1955,#801,#1991,.T.);
#1993=ORIENTED_EDGE('',*,*,#1992,.T.);
#1994=ORIENTED_EDGE('',*,*,#806,.F.);
#1995=ORIENTED_EDGE('',*,*,#862,.F.);
#1996=ORIENTED_EDGE('',*,*,#1900,.F.);
#1997=ORIENTED_EDGE('',*,*,#100,.T.);
#1998=EDGE_LOOP('',(#1986,#1987,#1993,#1994,#1995,#1996,#1997));
#1999=FACE_BOUND('',#1998,.T.);
#2000=ADVANCED_FACE('',(#1999),#1980,.F.);
#2001=CARTESIAN_POINT('',(51.828210791,17.279770264,19.421441755));
#2002=DIRECTION('',(-0.,0.,-1.));
#2003=DIRECTION('',(-1.,0.,0.));
#2004=AXIS2_PLACEMENT_3D('',#2001,#2002,#2003);
#2005=PLANE('',#2004);
#2006=CARTESIAN_POINT('',(44.291178492,6.165755163,19.421441755));
#2007=VERTEX_POINT('',#2006);
#2008=CARTESIAN_POINT('',(44.291178492,13.020788305,19.421441755));
#2009=VERTEX_POINT('',#2008);
#2010=CARTESIAN_POINT('',(44.291178492,6.165755163,19.421441755));
#2011=DIRECTION('',(0.,1.,0.));
#2012=VECTOR('',#2011,6.855033143);
#2013=LINE('',#2010,#2012);
#2014=EDGE_CURVE('',#2007,#2009,#2013,.T.);
#2015=ORIENTED_EDGE('',*,*,#2014,.T.);
#2016=CARTESIAN_POINT('',(44.291178492,13.020788305,19.421441755));
#2017=DIRECTION('',(-1.,-0.,0.));
#2018=VECTOR('',#2017,2.976583789);
#2019=LINE('',#2016,#2018);
#2020=EDGE_CURVE('',#2009,#1102,#2019,.T.);
#2021=ORIENTED_EDGE('',*,*,#2020,.T.);
#2022=ORIENTED_EDGE('',*,*,#1108,.T.);
#2023=ORIENTED_EDGE('',*,*,#1066,.T.);
#2024=ORIENTED_EDGE('',*,*,#882,.T.);
#2025=CARTESIAN_POINT('',(37.335835397,6.165755163,19.421441755));
#2026=VERTEX_POINT('',#2025);
#2027=CARTESIAN_POINT('',(37.335835397,8.599934036,19.421441755));
#2028=DIRECTION('',(-0.,-1.,-0.));
#2029=VECTOR('',#2028,2.434178873);
#2030=LINE('',#2027,#2029);
#2031=EDGE_CURVE('',#876,#2026,#2030,.T.);
#2032=ORIENTED_EDGE('',*,*,#2031,.T.);
#2033=CARTESIAN_POINT('',(44.291178492,6.165755163,19.421441755));
#2034=DIRECTION('',(-1.,0.,0.));
#2035=VECTOR('',#2034,6.955343095);
#2036=LINE('',#2033,#2035);
#2037=EDGE_CURVE('',#2007,#2026,#2036,.T.);
#2038=ORIENTED_EDGE('',*,*,#2037,.F.);
#2039=EDGE_LOOP('',(#2015,#2021,#2022,#2023,#2024,#2032,#2038));
#2040=FACE_BOUND('',#2039,.T.);
#2041=ADVANCED_FACE('',(#2040),#2005,.F.);
#2042=CARTESIAN_POINT('',(64.496515785,6.165755163,83.981997866));
#2043=DIRECTION('',(0.,-1.,0.));
#2044=DIRECTION('',(0.,0.,1.));
#2045=AXIS2_PLACEMENT_3D('',#2042,#2043,#2044);
#2046=PLANE('',#2045);
#2047=CARTESIAN_POINT('',(37.335835397,6.165755163,15.821441755));
#2048=DIRECTION('',(-0.,-1.,-0.));
#2049=DIRECTION('',(-0.,0.,-1.));
#2050=AXIS2_PLACEMENT_3D('',#2047,#2048,#2049);
#2051=CIRCLE('',#2050,3.6);
#2052=EDGE_CURVE('',#2026,#992,#2051,.T.);
#2053=ORIENTED_EDGE('',*,*,#2052,.T.);
#2054=ORIENTED_EDGE('',*,*,#1022,.T.);
#2055=CARTESIAN_POINT('',(44.291178492,6.165755163,12.221441755));
#2056=VERTEX_POINT('',#2055);
#2057=CARTESIAN_POINT('',(37.335835397,6.165755163,12.221441755));
#2058=DIRECTION('',(1.,0.,-0.));
#2059=VECTOR('',#2058,6.955343095);
#2060=LINE('',#2057,#2059);
#2061=EDGE_CURVE('',#1010,#2056,#2060,.T.);
#2062=ORIENTED_EDGE('',*,*,#2061,.T.);
#2063=CARTESIAN_POINT('',(44.291178492,6.165755163,19.421441755));
#2064=DIRECTION('',(-0.,0.,-1.));
#2065=VECTOR('',#2064,7.2);
#2066=LINE('',#2063,#2065);
#2067=EDGE_CURVE('',#2007,#2056,#2066,.T.);
#2068=ORIENTED_EDGE('',*,*,#2067,.F.);
#2069=ORIENTED_EDGE('',*,*,#2037,.T.);
#2070=EDGE_LOOP('',(#2053,#2054,#2062,#2068,#2069));
#2071=FACE_BOUND('',#2070,.T.);
#2072=ORIENTED_EDGE('',*,*,#945,.F.);
#2073=ORIENTED_EDGE('',*,*,#952,.F.);
#2074=EDGE_LOOP('',(#2072,#2073));
#2075=FACE_BOUND('',#2074,.T.);
#2076=ADVANCED_FACE('',(#2071,#2075),#2046,.T.);
#2077=CARTESIAN_POINT('',(51.828236204,17.279770264,12.221441755));
#2078=DIRECTION('',(0.,0.,1.));
#2079=DIRECTION('',(1.,0.,-0.));
#2080=AXIS2_PLACEMENT_3D('',#2077,#2078,#2079);
#2081=PLANE('',#2080);
#2082=CARTESIAN_POINT('',(44.291178492,13.020788305,12.221441755));
#2083=VERTEX_POINT('',#2082);
#2084=CARTESIAN_POINT('',(44.291178492,13.020788305,12.221441755));
#2085=DIRECTION('',(0.,-1.,0.));
#2086=VECTOR('',#2085,6.855033143);
#2087=LINE('',#2084,#2086);
#2088=EDGE_CURVE('',#2083,#2056,#2087,.T.);
#2089=ORIENTED_EDGE('',*,*,#2088,.T.);
#2090=ORIENTED_EDGE('',*,*,#2061,.F.);
#2091=ORIENTED_EDGE('',*,*,#1015,.T.);
#2092=ORIENTED_EDGE('',*,*,#1046,.T.);
#2093=ORIENTED_EDGE('',*,*,#1080,.T.);
#2094=ORIENTED_EDGE('',*,*,#1098,.T.);
#2095=CARTESIAN_POINT('',(44.291178492,13.020788305,12.221441755));
#2096=DIRECTION('',(-1.,-0.,0.));
#2097=VECTOR('',#2096,2.976583789);
#2098=LINE('',#2095,#2097);
#2099=EDGE_CURVE('',#2083,#1092,#2098,.T.);
#2100=ORIENTED_EDGE('',*,*,#2099,.F.);
#2101=EDGE_LOOP('',(#2089,#2090,#2091,#2092,#2093,#2094,#2100));
#2102=FACE_BOUND('',#2101,.T.);
#2103=ADVANCED_FACE('',(#2102),#2081,.F.);
#2104=CARTESIAN_POINT('',(40.648236204,13.020788305,15.821441755));
#2105=DIRECTION('',(0.,1.,0.));
#2106=DIRECTION('',(0.,-0.,1.));
#2107=AXIS2_PLACEMENT_3D('',#2104,#2105,#2106);
#2108=PLANE('',#2107);
#2109=ORIENTED_EDGE('',*,*,#2099,.T.);
#2110=ORIENTED_EDGE('',*,*,#1114,.F.);
#2111=ORIENTED_EDGE('',*,*,#2020,.F.);
#2112=CARTESIAN_POINT('',(44.291178492,13.020788305,12.221441755));
#2113=DIRECTION('',(0.,-0.,1.));
#2114=VECTOR('',#2113,7.2);
#2115=LINE('',#2112,#2114);
#2116=EDGE_CURVE('',#2083,#2009,#2115,.T.);
#2117=ORIENTED_EDGE('',*,*,#2116,.F.);
#2118=EDGE_LOOP('',(#2109,#2110,#2111,#2117));
#2119=FACE_BOUND('',#2118,.T.);
#2120=ADVANCED_FACE('',(#2119),#2108,.T.);
#2121=CARTESIAN_POINT('',(51.828210791,17.279770264,34.458500248));
#2122=DIRECTION('',(-0.,0.,-1.));
#2123=DIRECTION('',(-1.,0.,0.));
#2124=AXIS2_PLACEMENT_3D('',#2121,#2122,#2123);
#2125=PLANE('',#2124);
#2126=CARTESIAN_POINT('',(44.291178492,6.165755163,34.458500248));
#2127=VERTEX_POINT('',#2126);
#2128=CARTESIAN_POINT('',(44.291178492,13.020788305,34.458500248));
#2129=VERTEX_POINT('',#2128);
#2130=CARTESIAN_POINT('',(44.291178492,6.165755163,34.458500248));
#2131=DIRECTION('',(0.,1.,0.));
#2132=VECTOR('',#2131,6.855033143);
#2133=LINE('',#2130,#2132);
#2134=EDGE_CURVE('',#2127,#2129,#2133,.T.);
#2135=ORIENTED_EDGE('',*,*,#2134,.T.);
#2136=CARTESIAN_POINT('',(44.291178492,13.020788305,34.458500248));
#2137=DIRECTION('',(-1.,-0.,0.));
#2138=VECTOR('',#2137,2.976583789);
#2139=LINE('',#2136,#2138);
#2140=EDGE_CURVE('',#2129,#1353,#2139,.T.);
#2141=ORIENTED_EDGE('',*,*,#2140,.T.);
#2142=ORIENTED_EDGE('',*,*,#1359,.T.);
#2143=ORIENTED_EDGE('',*,*,#1317,.T.);
#2144=ORIENTED_EDGE('',*,*,#1133,.T.);
#2145=CARTESIAN_POINT('',(37.335835397,6.165755163,34.458500248));
#2146=VERTEX_POINT('',#2145);
#2147=CARTESIAN_POINT('',(37.335835397,8.599934036,34.458500248));
#2148=DIRECTION('',(-0.,-1.,-0.));
#2149=VECTOR('',#2148,2.434178873);
#2150=LINE('',#2147,#2149);
#2151=EDGE_CURVE('',#1127,#2146,#2150,.T.);
#2152=ORIENTED_EDGE('',*,*,#2151,.T.);
#2153=CARTESIAN_POINT('',(44.291178492,6.165755163,34.458500248));
#2154=DIRECTION('',(-1.,0.,0.));
#2155=VECTOR('',#2154,6.955343095);
#2156=LINE('',#2153,#2155);
#2157=EDGE_CURVE('',#2127,#2146,#2156,.T.);
#2158=ORIENTED_EDGE('',*,*,#2157,.F.);
#2159=EDGE_LOOP('',(#2135,#2141,#2142,#2143,#2144,#2152,#2158));
#2160=FACE_BOUND('',#2159,.T.);
#2161=ADVANCED_FACE('',(#2160),#2125,.F.);
#2162=CARTESIAN_POINT('',(64.496515785,6.165755163,99.019056359));
#2163=DIRECTION('',(0.,-1.,0.));
#2164=DIRECTION('',(0.,0.,1.));
#2165=AXIS2_PLACEMENT_3D('',#2162,#2163,#2164);
#2166=PLANE('',#2165);
#2167=CARTESIAN_POINT('',(37.335835397,6.165755163,30.858500248));
#2168=DIRECTION('',(-0.,-1.,-0.));
#2169=DIRECTION('',(-0.,0.,-1.));
#2170=AXIS2_PLACEMENT_3D('',#2167,#2168,#2169);
#2171=CIRCLE('',#2170,3.6);
#2172=EDGE_CURVE('',#2146,#1243,#2171,.T.);
#2173=ORIENTED_EDGE('',*,*,#2172,.T.);
#2174=ORIENTED_EDGE('',*,*,#1273,.T.);
#2175=CARTESIAN_POINT('',(44.291178492,6.165755163,27.258500248));
#2176=VERTEX_POINT('',#2175);
#2177=CARTESIAN_POINT('',(37.335835397,6.165755163,27.258500248));
#2178=DIRECTION('',(1.,0.,-0.));
#2179=VECTOR('',#2178,6.955343095);
#2180=LINE('',#2177,#2179);
#2181=EDGE_CURVE('',#1261,#2176,#2180,.T.);
#2182=ORIENTED_EDGE('',*,*,#2181,.T.);
#2183=CARTESIAN_POINT('',(44.291178492,6.165755163,34.458500248));
#2184=DIRECTION('',(-0.,0.,-1.));
#2185=VECTOR('',#2184,7.2);
#2186=LINE('',#2183,#2185);
#2187=EDGE_CURVE('',#2127,#2176,#2186,.T.);
#2188=ORIENTED_EDGE('',*,*,#2187,.F.);
#2189=ORIENTED_EDGE('',*,*,#2157,.T.);
#2190=EDGE_LOOP('',(#2173,#2174,#2182,#2188,#2189));
#2191=FACE_BOUND('',#2190,.T.);
#2192=ORIENTED_EDGE('',*,*,#1196,.F.);
#2193=ORIENTED_EDGE('',*,*,#1203,.F.);
#2194=EDGE_LOOP('',(#2192,#2193));
#2195=FACE_BOUND('',#2194,.T.);
#2196=ADVANCED_FACE('',(#2191,#2195),#2166,.T.);
#2197=CARTESIAN_POINT('',(51.828236204,17.279770264,27.258500248));
#2198=DIRECTION('',(0.,0.,1.));
#2199=DIRECTION('',(1.,0.,-0.));
#2200=AXIS2_PLACEMENT_3D('',#2197,#2198,#2199);
#2201=PLANE('',#2200);
#2202=CARTESIAN_POINT('',(44.291178492,13.020788305,27.258500248));
#2203=VERTEX_POINT('',#2202);
#2204=CARTESIAN_POINT('',(44.291178492,13.020788305,27.258500248));
#2205=DIRECTION('',(0.,-1.,0.));
#2206=VECTOR('',#2205,6.855033143);
#2207=LINE('',#2204,#2206);
#2208=EDGE_CURVE('',#2203,#2176,#2207,.T.);
#2209=ORIENTED_EDGE('',*,*,#2208,.T.);
#2210=ORIENTED_EDGE('',*,*,#2181,.F.);
#2211=ORIENTED_EDGE('',*,*,#1266,.T.);
#2212=ORIENTED_EDGE('',*,*,#1297,.T.);
#2213=ORIENTED_EDGE('',*,*,#1331,.T.);
#2214=ORIENTED_EDGE('',*,*,#1349,.T.);
#2215=CARTESIAN_POINT('',(44.291178492,13.020788305,27.258500248));
#2216=DIRECTION('',(-1.,-0.,0.));
#2217=VECTOR('',#2216,2.976583789);
#2218=LINE('',#2215,#2217);
#2219=EDGE_CURVE('',#2203,#1343,#2218,.T.);
#2220=ORIENTED_EDGE('',*,*,#2219,.F.);
#2221=EDGE_LOOP('',(#2209,#2210,#2211,#2212,#2213,#2214,#2220));
#2222=FACE_BOUND('',#2221,.T.);
#2223=ADVANCED_FACE('',(#2222),#2201,.F.);
#2224=CARTESIAN_POINT('',(40.648236204,13.020788305,30.858500248));
#2225=DIRECTION('',(0.,1.,0.));
#2226=DIRECTION('',(0.,-0.,1.));
#2227=AXIS2_PLACEMENT_3D('',#2224,#2225,#2226);
#2228=PLANE('',#2227);
#2229=ORIENTED_EDGE('',*,*,#2219,.T.);
#2230=ORIENTED_EDGE('',*,*,#1365,.F.);
#2231=ORIENTED_EDGE('',*,*,#2140,.F.);
#2232=CARTESIAN_POINT('',(44.291178492,13.020788305,27.258500248));
#2233=DIRECTION('',(0.,-0.,1.));
#2234=VECTOR('',#2233,7.2);
#2235=LINE('',#2232,#2234);
#2236=EDGE_CURVE('',#2203,#2129,#2235,.T.);
#2237=ORIENTED_EDGE('',*,*,#2236,.F.);
#2238=EDGE_LOOP('',(#2229,#2230,#2231,#2237));
#2239=FACE_BOUND('',#2238,.T.);
#2240=ADVANCED_FACE('',(#2239),#2228,.T.);
#2241=CARTESIAN_POINT('',(51.828236204,29.116215355,27.258500248));
#2242=DIRECTION('',(0.,-0.,1.));
#2243=DIRECTION('',(1.,0.,-0.));
#2244=AXIS2_PLACEMENT_3D('',#2241,#2242,#2243);
#2245=PLANE('',#2244);
#2246=CARTESIAN_POINT('',(44.291178492,35.349985028,27.258500248));
#2247=VERTEX_POINT('',#2246);
#2248=CARTESIAN_POINT('',(44.291178492,42.007032187,27.258500248));
#2249=VERTEX_POINT('',#2248);
#2250=CARTESIAN_POINT('',(44.291178492,35.349985028,27.258500248));
#2251=DIRECTION('',(-0.,1.,0.));
#2252=VECTOR('',#2251,6.657047159);
#2253=LINE('',#2250,#2252);
#2254=EDGE_CURVE('',#2247,#2249,#2253,.T.);
#2255=ORIENTED_EDGE('',*,*,#2254,.F.);
#2256=CARTESIAN_POINT('',(44.291178492,35.349985028,27.258500248));
#2257=DIRECTION('',(-1.,-0.,0.));
#2258=VECTOR('',#2257,2.976583789);
#2259=LINE('',#2256,#2258);
#2260=EDGE_CURVE('',#2247,#1603,#2259,.T.);
#2261=ORIENTED_EDGE('',*,*,#2260,.T.);
#2262=ORIENTED_EDGE('',*,*,#1609,.F.);
#2263=ORIENTED_EDGE('',*,*,#1577,.F.);
#2264=ORIENTED_EDGE('',*,*,#1410,.F.);
#2265=CARTESIAN_POINT('',(37.335835397,42.007032187,27.258500248));
#2266=VERTEX_POINT('',#2265);
#2267=CARTESIAN_POINT('',(37.335835397,42.007032187,27.258500248));
#2268=DIRECTION('',(0.,-1.,-0.));
#2269=VECTOR('',#2268,2.236192889);
#2270=LINE('',#2267,#2269);
#2271=EDGE_CURVE('',#2266,#1395,#2270,.T.);
#2272=ORIENTED_EDGE('',*,*,#2271,.F.);
#2273=CARTESIAN_POINT('',(37.335835397,42.007032187,27.258500248));
#2274=DIRECTION('',(1.,0.,-0.));
#2275=VECTOR('',#2274,6.955343095);
#2276=LINE('',#2273,#2275);
#2277=EDGE_CURVE('',#2266,#2249,#2276,.T.);
#2278=ORIENTED_EDGE('',*,*,#2277,.T.);
#2279=EDGE_LOOP('',(#2255,#2261,#2262,#2263,#2264,#2272,#2278));
#2280=FACE_BOUND('',#2279,.T.);
#2281=ADVANCED_FACE('',(#2280),#2245,.F.);
#2282=CARTESIAN_POINT('',(64.496515785,42.007032187,99.019056359));
#2283=DIRECTION('',(-0.,1.,0.));
#2284=DIRECTION('',(0.,-0.,1.));
#2285=AXIS2_PLACEMENT_3D('',#2282,#2283,#2284);
#2286=PLANE('',#2285);
#2287=CARTESIAN_POINT('',(37.335835397,42.007032187,30.858500248));
#2288=DIRECTION('',(0.,-1.,-0.));
#2289=DIRECTION('',(0.,-0.,1.));
#2290=AXIS2_PLACEMENT_3D('',#2287,#2288,#2289);
#2291=CIRCLE('',#2290,3.6);
#2292=EDGE_CURVE('',#1494,#2266,#2291,.T.);
#2293=ORIENTED_EDGE('',*,*,#2292,.F.);
#2294=ORIENTED_EDGE('',*,*,#1533,.F.);
#2295=CARTESIAN_POINT('',(44.291178492,42.007032187,34.458500248));
#2296=VERTEX_POINT('',#2295);
#2297=CARTESIAN_POINT('',(44.291178492,42.007032187,34.458500248));
#2298=DIRECTION('',(-1.,-0.,0.));
#2299=VECTOR('',#2298,6.955343095);
#2300=LINE('',#2297,#2299);
#2301=EDGE_CURVE('',#2296,#1521,#2300,.T.);
#2302=ORIENTED_EDGE('',*,*,#2301,.F.);
#2303=CARTESIAN_POINT('',(44.291178492,42.007032187,34.458500248));
#2304=DIRECTION('',(-0.,0.,-1.));
#2305=VECTOR('',#2304,7.2);
#2306=LINE('',#2303,#2305);
#2307=EDGE_CURVE('',#2296,#2249,#2306,.T.);
#2308=ORIENTED_EDGE('',*,*,#2307,.T.);
#2309=ORIENTED_EDGE('',*,*,#2277,.F.);
#2310=EDGE_LOOP('',(#2293,#2294,#2302,#2308,#2309));
#2311=FACE_BOUND('',#2310,.T.);
#2312=ORIENTED_EDGE('',*,*,#1441,.T.);
#2313=ORIENTED_EDGE('',*,*,#1448,.T.);
#2314=EDGE_LOOP('',(#2312,#2313));
#2315=FACE_BOUND('',#2314,.T.);
#2316=ADVANCED_FACE('',(#2311,#2315),#2286,.T.);
#2317=CARTESIAN_POINT('',(51.828210791,29.116215355,34.458500248));
#2318=DIRECTION('',(-0.,0.,-1.));
#2319=DIRECTION('',(-1.,-0.,0.));
#2320=AXIS2_PLACEMENT_3D('',#2317,#2318,#2319);
#2321=PLANE('',#2320);
#2322=CARTESIAN_POINT('',(44.291178492,35.349985028,34.458500248));
#2323=VERTEX_POINT('',#2322);
#2324=CARTESIAN_POINT('',(44.291178492,42.007032187,34.458500248));
#2325=DIRECTION('',(0.,-1.,-0.));
#2326=VECTOR('',#2325,6.657047159);
#2327=LINE('',#2324,#2326);
#2328=EDGE_CURVE('',#2296,#2323,#2327,.T.);
#2329=ORIENTED_EDGE('',*,*,#2328,.F.);
#2330=ORIENTED_EDGE('',*,*,#2301,.T.);
#2331=ORIENTED_EDGE('',*,*,#1526,.F.);
#2332=ORIENTED_EDGE('',*,*,#1550,.F.);
#2333=ORIENTED_EDGE('',*,*,#1591,.F.);
#2334=ORIENTED_EDGE('',*,*,#1624,.F.);
#2335=CARTESIAN_POINT('',(44.291178492,35.349985028,34.458500248));
#2336=DIRECTION('',(-1.,-0.,0.));
#2337=VECTOR('',#2336,2.976583789);
#2338=LINE('',#2335,#2337);
#2339=EDGE_CURVE('',#2323,#1612,#2338,.T.);
#2340=ORIENTED_EDGE('',*,*,#2339,.F.);
#2341=EDGE_LOOP('',(#2329,#2330,#2331,#2332,#2333,#2334,#2340));
#2342=FACE_BOUND('',#2341,.T.);
#2343=ADVANCED_FACE('',(#2342),#2321,.F.);
#2344=CARTESIAN_POINT('',(40.648236204,35.349985028,30.858500248));
#2345=DIRECTION('',(0.,-1.,-0.));
#2346=DIRECTION('',(0.,-0.,1.));
#2347=AXIS2_PLACEMENT_3D('',#2344,#2345,#2346);
#2348=PLANE('',#2347);
#2349=ORIENTED_EDGE('',*,*,#2260,.F.);
#2350=CARTESIAN_POINT('',(44.291178492,35.349985028,27.258500248));
#2351=DIRECTION('',(0.,-0.,1.));
#2352=VECTOR('',#2351,7.2);
#2353=LINE('',#2350,#2352);
#2354=EDGE_CURVE('',#2247,#2323,#2353,.T.);
#2355=ORIENTED_EDGE('',*,*,#2354,.T.);
#2356=ORIENTED_EDGE('',*,*,#2339,.T.);
#2357=ORIENTED_EDGE('',*,*,#1617,.T.);
#2358=EDGE_LOOP('',(#2349,#2355,#2356,#2357));
#2359=FACE_BOUND('',#2358,.T.);
#2360=ADVANCED_FACE('',(#2359),#2348,.T.);
#2361=CARTESIAN_POINT('',(51.828236204,29.116215355,12.221441755));
#2362=DIRECTION('',(0.,-0.,1.));
#2363=DIRECTION('',(1.,0.,-0.));
#2364=AXIS2_PLACEMENT_3D('',#2361,#2362,#2363);
#2365=PLANE('',#2364);
#2366=CARTESIAN_POINT('',(44.291178492,35.349985028,12.221441755));
#2367=VERTEX_POINT('',#2366);
#2368=CARTESIAN_POINT('',(44.291178492,42.007032187,12.221441755));
#2369=VERTEX_POINT('',#2368);
#2370=CARTESIAN_POINT('',(44.291178492,35.349985028,12.221441755));
#2371=DIRECTION('',(-0.,1.,0.));
#2372=VECTOR('',#2371,6.657047159);
#2373=LINE('',#2370,#2372);
#2374=EDGE_CURVE('',#2367,#2369,#2373,.T.);
#2375=ORIENTED_EDGE('',*,*,#2374,.F.);
#2376=CARTESIAN_POINT('',(44.291178492,35.349985028,12.221441755));
#2377=DIRECTION('',(-1.,-0.,0.));
#2378=VECTOR('',#2377,2.976583789);
#2379=LINE('',#2376,#2378);
#2380=EDGE_CURVE('',#2367,#1863,#2379,.T.);
#2381=ORIENTED_EDGE('',*,*,#2380,.T.);
#2382=ORIENTED_EDGE('',*,*,#1869,.F.);
#2383=ORIENTED_EDGE('',*,*,#1837,.F.);
#2384=ORIENTED_EDGE('',*,*,#1670,.F.);
#2385=CARTESIAN_POINT('',(37.335835397,42.007032187,12.221441755));
#2386=VERTEX_POINT('',#2385);
#2387=CARTESIAN_POINT('',(37.335835397,42.007032187,12.221441755));
#2388=DIRECTION('',(0.,-1.,-0.));
#2389=VECTOR('',#2388,2.236192889);
#2390=LINE('',#2387,#2389);
#2391=EDGE_CURVE('',#2386,#1655,#2390,.T.);
#2392=ORIENTED_EDGE('',*,*,#2391,.F.);
#2393=CARTESIAN_POINT('',(37.335835397,42.007032187,12.221441755));
#2394=DIRECTION('',(1.,0.,-0.));
#2395=VECTOR('',#2394,6.955343095);
#2396=LINE('',#2393,#2395);
#2397=EDGE_CURVE('',#2386,#2369,#2396,.T.);
#2398=ORIENTED_EDGE('',*,*,#2397,.T.);
#2399=EDGE_LOOP('',(#2375,#2381,#2382,#2383,#2384,#2392,#2398));
#2400=FACE_BOUND('',#2399,.T.);
#2401=ADVANCED_FACE('',(#2400),#2365,.F.);
#2402=CARTESIAN_POINT('',(64.496515785,42.007032187,83.981997866));
#2403=DIRECTION('',(-0.,1.,0.));
#2404=DIRECTION('',(0.,-0.,1.));
#2405=AXIS2_PLACEMENT_3D('',#2402,#2403,#2404);
#2406=PLANE('',#2405);
#2407=CARTESIAN_POINT('',(37.335835397,42.007032187,15.821441755));
#2408=DIRECTION('',(0.,-1.,-0.));
#2409=DIRECTION('',(0.,-0.,1.));
#2410=AXIS2_PLACEMENT_3D('',#2407,#2408,#2409);
#2411=CIRCLE('',#2410,3.6);
#2412=EDGE_CURVE('',#1754,#2386,#2411,.T.);
#2413=ORIENTED_EDGE('',*,*,#2412,.F.);
#2414=ORIENTED_EDGE('',*,*,#1793,.F.);
#2415=CARTESIAN_POINT('',(44.291178492,42.007032187,19.421441755));
#2416=VERTEX_POINT('',#2415);
#2417=CARTESIAN_POINT('',(44.291178492,42.007032187,19.421441755));
#2418=DIRECTION('',(-1.,-0.,0.));
#2419=VECTOR('',#2418,6.955343095);
#2420=LINE('',#2417,#2419);
#2421=EDGE_CURVE('',#2416,#1781,#2420,.T.);
#2422=ORIENTED_EDGE('',*,*,#2421,.F.);
#2423=CARTESIAN_POINT('',(44.291178492,42.007032187,19.421441755));
#2424=DIRECTION('',(-0.,0.,-1.));
#2425=VECTOR('',#2424,7.2);
#2426=LINE('',#2423,#2425);
#2427=EDGE_CURVE('',#2416,#2369,#2426,.T.);
#2428=ORIENTED_EDGE('',*,*,#2427,.T.);
#2429=ORIENTED_EDGE('',*,*,#2397,.F.);
#2430=EDGE_LOOP('',(#2413,#2414,#2422,#2428,#2429));
#2431=FACE_BOUND('',#2430,.T.);
#2432=ORIENTED_EDGE('',*,*,#1701,.T.);
#2433=ORIENTED_EDGE('',*,*,#1708,.T.);
#2434=EDGE_LOOP('',(#2432,#2433));
#2435=FACE_BOUND('',#2434,.T.);
#2436=ADVANCED_FACE('',(#2431,#2435),#2406,.T.);
#2437=CARTESIAN_POINT('',(51.828210791,29.116215355,19.421441755));
#2438=DIRECTION('',(-0.,0.,-1.));
#2439=DIRECTION('',(-1.,-0.,0.));
#2440=AXIS2_PLACEMENT_3D('',#2437,#2438,#2439);
#2441=PLANE('',#2440);
#2442=CARTESIAN_POINT('',(44.291178492,35.349985028,19.421441755));
#2443=VERTEX_POINT('',#2442);
#2444=CARTESIAN_POINT('',(44.291178492,42.007032187,19.421441755));
#2445=DIRECTION('',(0.,-1.,-0.));
#2446=VECTOR('',#2445,6.657047159);
#2447=LINE('',#2444,#2446);
#2448=EDGE_CURVE('',#2416,#2443,#2447,.T.);
#2449=ORIENTED_EDGE('',*,*,#2448,.F.);
#2450=ORIENTED_EDGE('',*,*,#2421,.T.);
#2451=ORIENTED_EDGE('',*,*,#1786,.F.);
#2452=ORIENTED_EDGE('',*,*,#1810,.F.);
#2453=ORIENTED_EDGE('',*,*,#1851,.F.);
#2454=ORIENTED_EDGE('',*,*,#1884,.F.);
#2455=CARTESIAN_POINT('',(44.291178492,35.349985028,19.421441755));
#2456=DIRECTION('',(-1.,-0.,0.));
#2457=VECTOR('',#2456,2.976583789);
#2458=LINE('',#2455,#2457);
#2459=EDGE_CURVE('',#2443,#1872,#2458,.T.);
#2460=ORIENTED_EDGE('',*,*,#2459,.F.);
#2461=EDGE_LOOP('',(#2449,#2450,#2451,#2452,#2453,#2454,#2460));
#2462=FACE_BOUND('',#2461,.T.);
#2463=ADVANCED_FACE('',(#2462),#2441,.F.);
#2464=CARTESIAN_POINT('',(40.648236204,35.349985028,15.821441755));
#2465=DIRECTION('',(0.,-1.,-0.));
#2466=DIRECTION('',(0.,-0.,1.));
#2467=AXIS2_PLACEMENT_3D('',#2464,#2465,#2466);
#2468=PLANE('',#2467);
#2469=ORIENTED_EDGE('',*,*,#2380,.F.);
#2470=CARTESIAN_POINT('',(44.291178492,35.349985028,12.221441755));
#2471=DIRECTION('',(0.,-0.,1.));
#2472=VECTOR('',#2471,7.2);
#2473=LINE('',#2470,#2472);
#2474=EDGE_CURVE('',#2367,#2443,#2473,.T.);
#2475=ORIENTED_EDGE('',*,*,#2474,.T.);
#2476=ORIENTED_EDGE('',*,*,#2459,.T.);
#2477=ORIENTED_EDGE('',*,*,#1877,.T.);
#2478=EDGE_LOOP('',(#2469,#2475,#2476,#2477));
#2479=FACE_BOUND('',#2478,.T.);
#2480=ADVANCED_FACE('',(#2479),#2468,.T.);
#2481=CARTESIAN_POINT('',(46.291178492,43.34248006,6.340146241));
#2482=DIRECTION('',(-1.,-0.,0.));
#2483=DIRECTION('',(-0.,0.,-1.));
#2484=AXIS2_PLACEMENT_3D('',#2481,#2482,#2483);
#2485=PLANE('',#2484);
#2486=CARTESIAN_POINT('',(46.291178492,46.045871089,6.340146241));
#2487=VERTEX_POINT('',#2486);
#2488=CARTESIAN_POINT('',(46.291178492,0.300114529,6.340146241));
#2489=VERTEX_POINT('',#2488);
#2490=CARTESIAN_POINT('',(46.291178492,46.045871089,6.340146241));
#2491=DIRECTION('',(0.,-1.,-0.));
#2492=VECTOR('',#2491,45.74575656);
#2493=LINE('',#2490,#2492);
#2494=EDGE_CURVE('',#2487,#2489,#2493,.T.);
#2495=ORIENTED_EDGE('',*,*,#2494,.F.);
#2496=CARTESIAN_POINT('',(46.291178492,46.045871089,40.210015182));
#2497=VERTEX_POINT('',#2496);
#2498=CARTESIAN_POINT('',(46.291178492,46.045871089,40.210015182));
#2499=DIRECTION('',(-0.,0.,-1.));
#2500=VECTOR('',#2499,33.869868941);
#2501=LINE('',#2498,#2500);
#2502=EDGE_CURVE('',#2497,#2487,#2501,.T.);
#2503=ORIENTED_EDGE('',*,*,#2502,.F.);
#2504=CARTESIAN_POINT('',(46.291178492,0.300114529,40.210015182));
#2505=VERTEX_POINT('',#2504);
#2506=CARTESIAN_POINT('',(46.291178492,46.045871089,40.210015182));
#2507=DIRECTION('',(0.,-1.,-0.));
#2508=VECTOR('',#2507,45.74575656);
#2509=LINE('',#2506,#2508);
#2510=EDGE_CURVE('',#2497,#2505,#2509,.T.);
#2511=ORIENTED_EDGE('',*,*,#2510,.T.);
#2512=CARTESIAN_POINT('',(46.291178492,0.300114529,40.210015182));
#2513=DIRECTION('',(-0.,0.,-1.));
#2514=VECTOR('',#2513,33.869868941);
#2515=LINE('',#2512,#2514);
#2516=EDGE_CURVE('',#2505,#2489,#2515,.T.);
#2517=ORIENTED_EDGE('',*,*,#2516,.T.);
#2518=EDGE_LOOP('',(#2495,#2503,#2511,#2517));
#2519=FACE_BOUND('',#2518,.T.);
#2520=ADVANCED_FACE('',(#2519),#2485,.F.);
#2521=CARTESIAN_POINT('',(44.291178492,43.34248006,6.340146241));
#2522=DIRECTION('',(-1.,-0.,0.));
#2523=DIRECTION('',(-0.,0.,-1.));
#2524=AXIS2_PLACEMENT_3D('',#2521,#2522,#2523);
#2525=PLANE('',#2524);
#2526=CARTESIAN_POINT('',(44.291178492,14.708549351,36.3707379));
#2527=VERTEX_POINT('',#2526);
#2528=CARTESIAN_POINT('',(44.291178492,14.708549351,36.3707379));
#2529=DIRECTION('',(0.,0.,1.));
#2530=VECTOR('',#2529,3.839277282);
#2531=LINE('',#2528,#2530);
#2532=EDGE_CURVE('',#2527,#43,#2531,.T.);
#2533=ORIENTED_EDGE('',*,*,#2532,.F.);
#2534=CARTESIAN_POINT('',(44.291178492,20.900610176,36.3707379));
#2535=VERTEX_POINT('',#2534);
#2536=CARTESIAN_POINT('',(44.291178492,20.900610176,36.3707379));
#2537=DIRECTION('',(0.,-1.,0.));
#2538=VECTOR('',#2537,6.192060826);
#2539=LINE('',#2536,#2538);
#2540=EDGE_CURVE('',#2535,#2527,#2539,.T.);
#2541=ORIENTED_EDGE('',*,*,#2540,.F.);
#2542=CARTESIAN_POINT('',(44.291178492,20.900610176,40.210015182));
#2543=DIRECTION('',(-0.,-0.,-1.));
#2544=VECTOR('',#2543,3.839277282);
#2545=LINE('',#2542,#2544);
#2546=EDGE_CURVE('',#120,#2535,#2545,.T.);
#2547=ORIENTED_EDGE('',*,*,#2546,.F.);
#2548=ORIENTED_EDGE('',*,*,#125,.F.);
#2549=ORIENTED_EDGE('',*,*,#1923,.F.);
#2550=ORIENTED_EDGE('',*,*,#1950,.F.);
#2551=ORIENTED_EDGE('',*,*,#1985,.F.);
#2552=ORIENTED_EDGE('',*,*,#91,.F.);
#2553=CARTESIAN_POINT('',(44.291178492,46.045871089,6.340146241));
#2554=VERTEX_POINT('',#2553);
#2555=CARTESIAN_POINT('',(44.291178492,46.045871089,40.210015182));
#2556=DIRECTION('',(-0.,0.,-1.));
#2557=VECTOR('',#2556,33.869868941);
#2558=LINE('',#2555,#2557);
#2559=EDGE_CURVE('',#77,#2554,#2558,.T.);
#2560=ORIENTED_EDGE('',*,*,#2559,.T.);
#2561=CARTESIAN_POINT('',(44.291178492,0.300114529,6.340146241));
#2562=VERTEX_POINT('',#2561);
#2563=CARTESIAN_POINT('',(44.291178492,46.045871089,6.340146241));
#2564=DIRECTION('',(0.,-1.,-0.));
#2565=VECTOR('',#2564,45.74575656);
#2566=LINE('',#2563,#2565);
#2567=EDGE_CURVE('',#2554,#2562,#2566,.T.);
#2568=ORIENTED_EDGE('',*,*,#2567,.T.);
#2569=CARTESIAN_POINT('',(44.291178492,0.300114529,40.210015182));
#2570=DIRECTION('',(-0.,0.,-1.));
#2571=VECTOR('',#2570,33.869868941);
#2572=LINE('',#2569,#2571);
#2573=EDGE_CURVE('',#52,#2562,#2572,.T.);
#2574=ORIENTED_EDGE('',*,*,#2573,.F.);
#2575=ORIENTED_EDGE('',*,*,#57,.F.);
#2576=EDGE_LOOP('',(#2533,#2541,#2547,#2548,#2549,#2550,#2551,#2552,#2560,#2568,#2574,#2575));
#2577=FACE_BOUND('',#2576,.T.);
#2578=ORIENTED_EDGE('',*,*,#2474,.F.);
#2579=ORIENTED_EDGE('',*,*,#2374,.T.);
#2580=ORIENTED_EDGE('',*,*,#2427,.F.);
#2581=ORIENTED_EDGE('',*,*,#2448,.T.);
#2582=EDGE_LOOP('',(#2578,#2579,#2580,#2581));
#2583=FACE_BOUND('',#2582,.T.);
#2584=ORIENTED_EDGE('',*,*,#2354,.F.);
#2585=ORIENTED_EDGE('',*,*,#2254,.T.);
#2586=ORIENTED_EDGE('',*,*,#2307,.F.);
#2587=ORIENTED_EDGE('',*,*,#2328,.T.);
#2588=EDGE_LOOP('',(#2584,#2585,#2586,#2587));
#2589=FACE_BOUND('',#2588,.T.);
#2590=ORIENTED_EDGE('',*,*,#2236,.T.);
#2591=ORIENTED_EDGE('',*,*,#2134,.F.);
#2592=ORIENTED_EDGE('',*,*,#2187,.T.);
#2593=ORIENTED_EDGE('',*,*,#2208,.F.);
#2594=EDGE_LOOP('',(#2590,#2591,#2592,#2593));
#2595=FACE_BOUND('',#2594,.T.);
#2596=ORIENTED_EDGE('',*,*,#2116,.T.);
#2597=ORIENTED_EDGE('',*,*,#2014,.F.);
#2598=ORIENTED_EDGE('',*,*,#2067,.T.);
#2599=ORIENTED_EDGE('',*,*,#2088,.F.);
#2600=EDGE_LOOP('',(#2596,#2597,#2598,#2599));
#2601=FACE_BOUND('',#2600,.T.);
#2602=ADVANCED_FACE('',(#2577,#2583,#2589,#2595,#2601),#2525,.T.);
#2603=CARTESIAN_POINT('',(37.931178492,43.34248006,40.210015182));
#2604=DIRECTION('',(0.,-1.,-0.));
#2605=DIRECTION('',(0.,-0.,1.));
#2606=AXIS2_PLACEMENT_3D('',#2603,#2604,#2605);
#2607=CYLINDRICAL_SURFACE('',#2606,8.36);
#2608=ORIENTED_EDGE('',*,*,#2510,.F.);
#2609=CARTESIAN_POINT('',(37.931178492,46.045871089,48.570015182));
#2610=VERTEX_POINT('',#2609);
#2611=CARTESIAN_POINT('',(37.931178492,46.045871089,40.210015182));
#2612=DIRECTION('',(-0.,1.,0.));
#2613=DIRECTION('',(-1.,-0.,0.));
#2614=AXIS2_PLACEMENT_3D('',#2611,#2612,#2613);
#2615=CIRCLE('',#2614,8.36);
#2616=EDGE_CURVE('',#2610,#2497,#2615,.T.);
#2617=ORIENTED_EDGE('',*,*,#2616,.F.);
#2618=CARTESIAN_POINT('',(37.931178492,0.300114529,48.570015182));
#2619=VERTEX_POINT('',#2618);
#2620=CARTESIAN_POINT('',(37.931178492,46.045871089,48.570015182));
#2621=DIRECTION('',(0.,-1.,-0.));
#2622=VECTOR('',#2621,45.74575656);
#2623=LINE('',#2620,#2622);
#2624=EDGE_CURVE('',#2610,#2619,#2623,.T.);
#2625=ORIENTED_EDGE('',*,*,#2624,.T.);
#2626=CARTESIAN_POINT('',(37.931178492,0.300114529,40.210015182));
#2627=DIRECTION('',(-0.,1.,0.));
#2628=DIRECTION('',(0.,-0.,1.));
#2629=AXIS2_PLACEMENT_3D('',#2626,#2627,#2628);
#2630=CIRCLE('',#2629,8.36);
#2631=EDGE_CURVE('',#2619,#2505,#2630,.T.);
#2632=ORIENTED_EDGE('',*,*,#2631,.T.);
#2633=EDGE_LOOP('',(#2608,#2617,#2625,#2632));
#2634=FACE_BOUND('',#2633,.T.);
#2635=ADVANCED_FACE('',(#2634),#2607,.T.);
#2636=CARTESIAN_POINT('',(36.111178492,43.34248006,233.157607447));
#2637=DIRECTION('',(1.,0.,-0.));
#2638=DIRECTION('',(0.,-1.,-0.));
#2639=AXIS2_PLACEMENT_3D('',#2636,#2637,#2638);
#2640=PLANE('',#2639);
#2641=CARTESIAN_POINT('',(36.111178492,4.950114529,46.570015182));
#2642=VERTEX_POINT('',#2641);
#2643=CARTESIAN_POINT('',(36.111178492,41.445871089,46.570015182));
#2644=VERTEX_POINT('',#2643);
#2645=CARTESIAN_POINT('',(36.111178492,4.950114529,46.570015182));
#2646=DIRECTION('',(-0.,1.,0.));
#2647=VECTOR('',#2646,36.49575656);
#2648=LINE('',#2645,#2647);
#2649=EDGE_CURVE('',#2642,#2644,#2648,.T.);
#2650=ORIENTED_EDGE('',*,*,#2649,.F.);
#2651=CARTESIAN_POINT('',(36.111178492,4.950114529,48.570015182));
#2652=VERTEX_POINT('',#2651);
#2653=CARTESIAN_POINT('',(36.111178492,4.950114529,48.570015182));
#2654=DIRECTION('',(-0.,0.,-1.));
#2655=VECTOR('',#2654,2.);
#2656=LINE('',#2653,#2655);
#2657=EDGE_CURVE('',#2652,#2642,#2656,.T.);
#2658=ORIENTED_EDGE('',*,*,#2657,.F.);
#2659=CARTESIAN_POINT('',(36.111178492,41.445871089,48.570015182));
#2660=VERTEX_POINT('',#2659);
#2661=CARTESIAN_POINT('',(36.111178492,4.950114529,48.570015182));
#2662=DIRECTION('',(-0.,1.,-0.));
#2663=VECTOR('',#2662,36.49575656);
#2664=LINE('',#2661,#2663);
#2665=EDGE_CURVE('',#2652,#2660,#2664,.T.);
#2666=ORIENTED_EDGE('',*,*,#2665,.T.);
#2667=CARTESIAN_POINT('',(36.111178492,41.445871089,48.570015182));
#2668=DIRECTION('',(-0.,0.,-1.));
#2669=VECTOR('',#2668,2.);
#2670=LINE('',#2667,#2669);
#2671=EDGE_CURVE('',#2660,#2644,#2670,.T.);
#2672=ORIENTED_EDGE('',*,*,#2671,.T.);
#2673=EDGE_LOOP('',(#2650,#2658,#2666,#2672));
#2674=FACE_BOUND('',#2673,.T.);
#2675=ADVANCED_FACE('',(#2674),#2640,.F.);
#2676=CARTESIAN_POINT('',(33.931178492,41.445871089,233.157607447));
#2677=DIRECTION('',(-0.,0.,-1.));
#2678=DIRECTION('',(0.,1.,0.));
#2679=AXIS2_PLACEMENT_3D('',#2676,#2677,#2678);
#2680=CYLINDRICAL_SURFACE('',#2679,2.18);
#2681=CARTESIAN_POINT('',(33.931178492,43.625871089,46.570015182));
#2682=VERTEX_POINT('',#2681);
#2683=CARTESIAN_POINT('',(33.931178492,41.445871089,46.570015182));
#2684=DIRECTION('',(0.,-0.,1.));
#2685=DIRECTION('',(0.,1.,0.));
#2686=AXIS2_PLACEMENT_3D('',#2683,#2684,#2685);
#2687=CIRCLE('',#2686,2.18);
#2688=EDGE_CURVE('',#2644,#2682,#2687,.T.);
#2689=ORIENTED_EDGE('',*,*,#2688,.F.);
#2690=ORIENTED_EDGE('',*,*,#2671,.F.);
#2691=CARTESIAN_POINT('',(33.931178492,43.625871089,48.570015182));
#2692=VERTEX_POINT('',#2691);
#2693=CARTESIAN_POINT('',(33.931178492,41.445871089,48.570015182));
#2694=DIRECTION('',(0.,0.,1.));
#2695=DIRECTION('',(1.,0.,-0.));
#2696=AXIS2_PLACEMENT_3D('',#2693,#2694,#2695);
#2697=CIRCLE('',#2696,2.18);
#2698=EDGE_CURVE('',#2660,#2692,#2697,.T.);
#2699=ORIENTED_EDGE('',*,*,#2698,.T.);
#2700=CARTESIAN_POINT('',(33.931178492,43.625871089,48.570015182));
#2701=DIRECTION('',(-0.,0.,-1.));
#2702=VECTOR('',#2701,2.);
#2703=LINE('',#2700,#2702);
#2704=EDGE_CURVE('',#2692,#2682,#2703,.T.);
#2705=ORIENTED_EDGE('',*,*,#2704,.T.);
#2706=EDGE_LOOP('',(#2689,#2690,#2699,#2705));
#2707=FACE_BOUND('',#2706,.T.);
#2708=ADVANCED_FACE('',(#2707),#2680,.F.);
#2709=CARTESIAN_POINT('',(33.931178492,4.950114529,233.157607447));
#2710=DIRECTION('',(-0.,0.,-1.));
#2711=DIRECTION('',(0.,1.,0.));
#2712=AXIS2_PLACEMENT_3D('',#2709,#2710,#2711);
#2713=CYLINDRICAL_SURFACE('',#2712,2.18);
#2714=CARTESIAN_POINT('',(33.931178492,2.770114529,46.570015182));
#2715=VERTEX_POINT('',#2714);
#2716=CARTESIAN_POINT('',(33.931178492,4.950114529,46.570015182));
#2717=DIRECTION('',(0.,-0.,1.));
#2718=DIRECTION('',(0.,1.,0.));
#2719=AXIS2_PLACEMENT_3D('',#2716,#2717,#2718);
#2720=CIRCLE('',#2719,2.18);
#2721=EDGE_CURVE('',#2715,#2642,#2720,.T.);
#2722=ORIENTED_EDGE('',*,*,#2721,.F.);
#2723=CARTESIAN_POINT('',(33.931178492,2.770114529,48.570015182));
#2724=VERTEX_POINT('',#2723);
#2725=CARTESIAN_POINT('',(33.931178492,2.770114529,48.570015182));
#2726=DIRECTION('',(-0.,0.,-1.));
#2727=VECTOR('',#2726,2.);
#2728=LINE('',#2725,#2727);
#2729=EDGE_CURVE('',#2724,#2715,#2728,.T.);
#2730=ORIENTED_EDGE('',*,*,#2729,.F.);
#2731=CARTESIAN_POINT('',(33.931178492,4.950114529,48.570015182));
#2732=DIRECTION('',(0.,0.,1.));
#2733=DIRECTION('',(1.,0.,-0.));
#2734=AXIS2_PLACEMENT_3D('',#2731,#2732,#2733);
#2735=CIRCLE('',#2734,2.18);
#2736=EDGE_CURVE('',#2724,#2652,#2735,.T.);
#2737=ORIENTED_EDGE('',*,*,#2736,.T.);
#2738=ORIENTED_EDGE('',*,*,#2657,.T.);
#2739=EDGE_LOOP('',(#2722,#2730,#2737,#2738));
#2740=FACE_BOUND('',#2739,.T.);
#2741=ADVANCED_FACE('',(#2740),#2713,.F.);
#2742=CARTESIAN_POINT('',(37.931178492,43.34248006,6.340146241));
#2743=DIRECTION('',(0.,-1.,-0.));
#2744=DIRECTION('',(0.,-0.,1.));
#2745=AXIS2_PLACEMENT_3D('',#2742,#2743,#2744);
#2746=CYLINDRICAL_SURFACE('',#2745,8.36);
#2747=CARTESIAN_POINT('',(37.931178492,46.045871089,-2.019853759));
#2748=VERTEX_POINT('',#2747);
#2749=CARTESIAN_POINT('',(37.931178492,0.300114529,-2.019853759));
#2750=VERTEX_POINT('',#2749);
#2751=CARTESIAN_POINT('',(37.931178492,46.045871089,-2.019853759));
#2752=DIRECTION('',(0.,-1.,-0.));
#2753=VECTOR('',#2752,45.74575656);
#2754=LINE('',#2751,#2753);
#2755=EDGE_CURVE('',#2748,#2750,#2754,.T.);
#2756=ORIENTED_EDGE('',*,*,#2755,.F.);
#2757=CARTESIAN_POINT('',(37.931178492,46.045871089,6.340146241));
#2758=DIRECTION('',(-0.,1.,0.));
#2759=DIRECTION('',(-1.,-0.,0.));
#2760=AXIS2_PLACEMENT_3D('',#2757,#2758,#2759);
#2761=CIRCLE('',#2760,8.36);
#2762=EDGE_CURVE('',#2487,#2748,#2761,.T.);
#2763=ORIENTED_EDGE('',*,*,#2762,.F.);
#2764=ORIENTED_EDGE('',*,*,#2494,.T.);
#2765=CARTESIAN_POINT('',(37.931178492,0.300114529,6.340146241));
#2766=DIRECTION('',(-0.,1.,0.));
#2767=DIRECTION('',(0.,-0.,1.));
#2768=AXIS2_PLACEMENT_3D('',#2765,#2766,#2767);
#2769=CIRCLE('',#2768,8.36);
#2770=EDGE_CURVE('',#2489,#2750,#2769,.T.);
#2771=ORIENTED_EDGE('',*,*,#2770,.T.);
#2772=EDGE_LOOP('',(#2756,#2763,#2764,#2771));
#2773=FACE_BOUND('',#2772,.T.);
#2774=ADVANCED_FACE('',(#2773),#2746,.T.);
#2775=CARTESIAN_POINT('',(37.931178492,43.34248006,6.340146241));
#2776=DIRECTION('',(0.,-1.,-0.));
#2777=DIRECTION('',(0.,-0.,1.));
#2778=AXIS2_PLACEMENT_3D('',#2775,#2776,#2777);
#2779=CYLINDRICAL_SURFACE('',#2778,6.36);
#2780=ORIENTED_EDGE('',*,*,#2567,.F.);
#2781=CARTESIAN_POINT('',(37.931178492,46.045871089,-0.019853759));
#2782=VERTEX_POINT('',#2781);
#2783=CARTESIAN_POINT('',(37.931178492,46.045871089,6.340146241));
#2784=DIRECTION('',(-0.,1.,0.));
#2785=DIRECTION('',(-1.,-0.,0.));
#2786=AXIS2_PLACEMENT_3D('',#2783,#2784,#2785);
#2787=CIRCLE('',#2786,6.36);
#2788=EDGE_CURVE('',#2554,#2782,#2787,.T.);
#2789=ORIENTED_EDGE('',*,*,#2788,.T.);
#2790=CARTESIAN_POINT('',(37.931178492,0.300114529,-0.019853759));
#2791=VERTEX_POINT('',#2790);
#2792=CARTESIAN_POINT('',(37.931178492,46.045871089,-0.019853759));
#2793=DIRECTION('',(0.,-1.,-0.));
#2794=VECTOR('',#2793,45.74575656);
#2795=LINE('',#2792,#2794);
#2796=EDGE_CURVE('',#2782,#2791,#2795,.T.);
#2797=ORIENTED_EDGE('',*,*,#2796,.T.);
#2798=CARTESIAN_POINT('',(37.931178492,0.300114529,6.340146241));
#2799=DIRECTION('',(-0.,1.,0.));
#2800=DIRECTION('',(0.,-0.,1.));
#2801=AXIS2_PLACEMENT_3D('',#2798,#2799,#2800);
#2802=CIRCLE('',#2801,6.36);
#2803=EDGE_CURVE('',#2562,#2791,#2802,.T.);
#2804=ORIENTED_EDGE('',*,*,#2803,.F.);
#2805=EDGE_LOOP('',(#2780,#2789,#2797,#2804));
#2806=FACE_BOUND('',#2805,.T.);
#2807=ADVANCED_FACE('',(#2806),#2779,.F.);
#2808=CARTESIAN_POINT('',(-37.931178492,43.625871089,233.157607447));
#2809=DIRECTION('',(-0.,1.,0.));
#2810=DIRECTION('',(0.,-0.,1.));
#2811=AXIS2_PLACEMENT_3D('',#2808,#2809,#2810);
#2812=PLANE('',#2811);
#2813=CARTESIAN_POINT('',(-33.931178492,43.625871089,46.570015182));
#2814=VERTEX_POINT('',#2813);
#2815=CARTESIAN_POINT('',(33.931178492,43.625871089,46.570015182));
#2816=DIRECTION('',(-1.,-0.,0.));
#2817=VECTOR('',#2816,67.862356984);
#2818=LINE('',#2815,#2817);
#2819=EDGE_CURVE('',#2682,#2814,#2818,.T.);
#2820=ORIENTED_EDGE('',*,*,#2819,.F.);
#2821=ORIENTED_EDGE('',*,*,#2704,.F.);
#2822=CARTESIAN_POINT('',(-33.931178492,43.625871089,48.570015182));
#2823=VERTEX_POINT('',#2822);
#2824=CARTESIAN_POINT('',(33.931178492,43.625871089,48.570015182));
#2825=DIRECTION('',(-1.,-0.,0.));
#2826=VECTOR('',#2825,67.862356984);
#2827=LINE('',#2824,#2826);
#2828=EDGE_CURVE('',#2692,#2823,#2827,.T.);
#2829=ORIENTED_EDGE('',*,*,#2828,.T.);
#2830=CARTESIAN_POINT('',(-33.931178492,43.625871089,48.570015182));
#2831=DIRECTION('',(-0.,0.,-1.));
#2832=VECTOR('',#2831,2.);
#2833=LINE('',#2830,#2832);
#2834=EDGE_CURVE('',#2823,#2814,#2833,.T.);
#2835=ORIENTED_EDGE('',*,*,#2834,.T.);
#2836=EDGE_LOOP('',(#2820,#2821,#2829,#2835));
#2837=FACE_BOUND('',#2836,.T.);
#2838=ADVANCED_FACE('',(#2837),#2812,.F.);
#2839=CARTESIAN_POINT('',(-37.931178492,2.770114529,233.157607447));
#2840=DIRECTION('',(0.,-1.,-0.));
#2841=DIRECTION('',(-0.,0.,-1.));
#2842=AXIS2_PLACEMENT_3D('',#2839,#2840,#2841);
#2843=PLANE('',#2842);
#2844=CARTESIAN_POINT('',(-33.931178492,2.770114529,48.570015182));
#2845=VERTEX_POINT('',#2844);
#2846=CARTESIAN_POINT('',(-33.931178492,2.770114529,48.570015182));
#2847=DIRECTION('',(1.,0.,-0.));
#2848=VECTOR('',#2847,67.862356984);
#2849=LINE('',#2846,#2848);
#2850=EDGE_CURVE('',#2845,#2724,#2849,.T.);
#2851=ORIENTED_EDGE('',*,*,#2850,.T.);
#2852=ORIENTED_EDGE('',*,*,#2729,.T.);
#2853=CARTESIAN_POINT('',(-33.931178492,2.770114529,46.570015182));
#2854=VERTEX_POINT('',#2853);
#2855=CARTESIAN_POINT('',(-33.931178492,2.770114529,46.570015182));
#2856=DIRECTION('',(1.,0.,-0.));
#2857=VECTOR('',#2856,67.862356984);
#2858=LINE('',#2855,#2857);
#2859=EDGE_CURVE('',#2854,#2715,#2858,.T.);
#2860=ORIENTED_EDGE('',*,*,#2859,.F.);
#2861=CARTESIAN_POINT('',(-33.931178492,2.770114529,48.570015182));
#2862=DIRECTION('',(0.,0.,-1.));
#2863=VECTOR('',#2862,2.);
#2864=LINE('',#2861,#2863);
#2865=EDGE_CURVE('',#2845,#2854,#2864,.T.);
#2866=ORIENTED_EDGE('',*,*,#2865,.F.);
#2867=EDGE_LOOP('',(#2851,#2852,#2860,#2866));
#2868=FACE_BOUND('',#2867,.T.);
#2869=ADVANCED_FACE('',(#2868),#2843,.F.);
#2870=CARTESIAN_POINT('',(-21.55452272,23.234834914,48.570015182));
#2871=DIRECTION('',(-0.,-0.,-1.));
#2872=DIRECTION('',(1.,0.,-0.));
#2873=AXIS2_PLACEMENT_3D('',#2870,#2871,#2872);
#2874=PLANE('',#2873);
#2875=CARTESIAN_POINT('',(-37.931178492,46.045871089,48.570015182));
#2876=VERTEX_POINT('',#2875);
#2877=CARTESIAN_POINT('',(-37.931178492,46.045871089,48.570015182));
#2878=DIRECTION('',(1.,0.,-0.));
#2879=VECTOR('',#2878,75.862356984);
#2880=LINE('',#2877,#2879);
#2881=EDGE_CURVE('',#2876,#2610,#2880,.T.);
#2882=ORIENTED_EDGE('',*,*,#2881,.F.);
#2883=CARTESIAN_POINT('',(-37.931178492,0.300114529,48.570015182));
#2884=VERTEX_POINT('',#2883);
#2885=CARTESIAN_POINT('',(-37.931178492,46.045871089,48.570015182));
#2886=DIRECTION('',(-0.,-1.,-0.));
#2887=VECTOR('',#2886,45.74575656);
#2888=LINE('',#2885,#2887);
#2889=EDGE_CURVE('',#2876,#2884,#2888,.T.);
#2890=ORIENTED_EDGE('',*,*,#2889,.T.);
#2891=CARTESIAN_POINT('',(-37.931178492,0.300114529,48.570015182));
#2892=DIRECTION('',(1.,0.,-0.));
#2893=VECTOR('',#2892,75.862356984);
#2894=LINE('',#2891,#2893);
#2895=EDGE_CURVE('',#2884,#2619,#2894,.T.);
#2896=ORIENTED_EDGE('',*,*,#2895,.T.);
#2897=ORIENTED_EDGE('',*,*,#2624,.F.);
#2898=EDGE_LOOP('',(#2882,#2890,#2896,#2897));
#2899=FACE_BOUND('',#2898,.T.);
#2900=CARTESIAN_POINT('',(-36.111178492,41.445871089,48.570015182));
#2901=VERTEX_POINT('',#2900);
#2902=CARTESIAN_POINT('',(-33.931178492,41.445871089,48.570015182));
#2903=DIRECTION('',(0.,-0.,-1.));
#2904=DIRECTION('',(-1.,0.,-0.));
#2905=AXIS2_PLACEMENT_3D('',#2902,#2903,#2904);
#2906=CIRCLE('',#2905,2.18);
#2907=EDGE_CURVE('',#2901,#2823,#2906,.T.);
#2908=ORIENTED_EDGE('',*,*,#2907,.T.);
#2909=ORIENTED_EDGE('',*,*,#2828,.F.);
#2910=ORIENTED_EDGE('',*,*,#2698,.F.);
#2911=ORIENTED_EDGE('',*,*,#2665,.F.);
#2912=ORIENTED_EDGE('',*,*,#2736,.F.);
#2913=ORIENTED_EDGE('',*,*,#2850,.F.);
#2914=CARTESIAN_POINT('',(-36.111178492,4.950114529,48.570015182));
#2915=VERTEX_POINT('',#2914);
#2916=CARTESIAN_POINT('',(-33.931178492,4.950114529,48.570015182));
#2917=DIRECTION('',(0.,-0.,-1.));
#2918=DIRECTION('',(-1.,0.,-0.));
#2919=AXIS2_PLACEMENT_3D('',#2916,#2917,#2918);
#2920=CIRCLE('',#2919,2.18);
#2921=EDGE_CURVE('',#2845,#2915,#2920,.T.);
#2922=ORIENTED_EDGE('',*,*,#2921,.T.);
#2923=CARTESIAN_POINT('',(-36.111178492,4.950114529,48.570015182));
#2924=DIRECTION('',(0.,1.,-0.));
#2925=VECTOR('',#2924,36.49575656);
#2926=LINE('',#2923,#2925);
#2927=EDGE_CURVE('',#2915,#2901,#2926,.T.);
#2928=ORIENTED_EDGE('',*,*,#2927,.T.);
#2929=EDGE_LOOP('',(#2908,#2909,#2910,#2911,#2912,#2913,#2922,#2928));
#2930=FACE_BOUND('',#2929,.T.);
#2931=ADVANCED_FACE('',(#2899,#2930),#2874,.F.);
#2932=CARTESIAN_POINT('',(-37.931178492,43.34248006,-0.019853759));
#2933=DIRECTION('',(0.,-0.,1.));
#2934=DIRECTION('',(-1.,-0.,0.));
#2935=AXIS2_PLACEMENT_3D('',#2932,#2933,#2934);
#2936=PLANE('',#2935);
#2937=CARTESIAN_POINT('',(-37.931178492,46.045871089,-0.019853759));
#2938=VERTEX_POINT('',#2937);
#2939=CARTESIAN_POINT('',(37.931178492,46.045871089,-0.019853759));
#2940=DIRECTION('',(-1.,-0.,0.));
#2941=VECTOR('',#2940,75.862356984);
#2942=LINE('',#2939,#2941);
#2943=EDGE_CURVE('',#2782,#2938,#2942,.T.);
#2944=ORIENTED_EDGE('',*,*,#2943,.T.);
#2945=CARTESIAN_POINT('',(-37.931178492,0.300114529,-0.019853759));
#2946=VERTEX_POINT('',#2945);
#2947=CARTESIAN_POINT('',(-37.931178492,46.045871089,-0.019853759));
#2948=DIRECTION('',(-0.,-1.,-0.));
#2949=VECTOR('',#2948,45.74575656);
#2950=LINE('',#2947,#2949);
#2951=EDGE_CURVE('',#2938,#2946,#2950,.T.);
#2952=ORIENTED_EDGE('',*,*,#2951,.T.);
#2953=CARTESIAN_POINT('',(37.931178492,0.300114529,-0.019853759));
#2954=DIRECTION('',(-1.,-0.,0.));
#2955=VECTOR('',#2954,75.862356984);
#2956=LINE('',#2953,#2955);
#2957=EDGE_CURVE('',#2791,#2946,#2956,.T.);
#2958=ORIENTED_EDGE('',*,*,#2957,.F.);
#2959=ORIENTED_EDGE('',*,*,#2796,.F.);
#2960=EDGE_LOOP('',(#2944,#2952,#2958,#2959));
#2961=FACE_BOUND('',#2960,.T.);
#2962=ADVANCED_FACE('',(#2961),#2936,.T.);
#2963=CARTESIAN_POINT('',(-37.931178492,43.34248006,-2.019853759));
#2964=DIRECTION('',(0.,-0.,1.));
#2965=DIRECTION('',(-1.,-0.,0.));
#2966=AXIS2_PLACEMENT_3D('',#2963,#2964,#2965);
#2967=PLANE('',#2966);
#2968=CARTESIAN_POINT('',(-37.931178492,46.045871089,-2.019853759));
#2969=VERTEX_POINT('',#2968);
#2970=CARTESIAN_POINT('',(37.931178492,46.045871089,-2.019853759));
#2971=DIRECTION('',(-1.,-0.,0.));
#2972=VECTOR('',#2971,75.862356984);
#2973=LINE('',#2970,#2972);
#2974=EDGE_CURVE('',#2748,#2969,#2973,.T.);
#2975=ORIENTED_EDGE('',*,*,#2974,.F.);
#2976=ORIENTED_EDGE('',*,*,#2755,.T.);
#2977=CARTESIAN_POINT('',(-37.931178492,0.300114529,-2.019853759));
#2978=VERTEX_POINT('',#2977);
#2979=CARTESIAN_POINT('',(37.931178492,0.300114529,-2.019853759));
#2980=DIRECTION('',(-1.,-0.,0.));
#2981=VECTOR('',#2980,75.862356984);
#2982=LINE('',#2979,#2981);
#2983=EDGE_CURVE('',#2750,#2978,#2982,.T.);
#2984=ORIENTED_EDGE('',*,*,#2983,.T.);
#2985=CARTESIAN_POINT('',(-37.931178492,46.045871089,-2.019853759));
#2986=DIRECTION('',(-0.,-1.,-0.));
#2987=VECTOR('',#2986,45.74575656);
#2988=LINE('',#2985,#2987);
#2989=EDGE_CURVE('',#2969,#2978,#2988,.T.);
#2990=ORIENTED_EDGE('',*,*,#2989,.F.);
#2991=EDGE_LOOP('',(#2975,#2976,#2984,#2990));
#2992=FACE_BOUND('',#2991,.T.);
#2993=ADVANCED_FACE('',(#2992),#2967,.F.);
#2994=CARTESIAN_POINT('',(0.,0.300114529,23.275080711));
#2995=DIRECTION('',(-0.,1.,0.));
#2996=DIRECTION('',(0.,-0.,1.));
#2997=AXIS2_PLACEMENT_3D('',#2994,#2995,#2996);
#2998=PLANE('',#2997);
#2999=ORIENTED_EDGE('',*,*,#2895,.F.);
#3000=CARTESIAN_POINT('',(-46.291178492,0.300114529,40.210015182));
#3001=VERTEX_POINT('',#3000);
#3002=CARTESIAN_POINT('',(-37.931178492,0.300114529,40.210015182));
#3003=DIRECTION('',(-0.,-1.,-0.));
#3004=DIRECTION('',(0.,-0.,1.));
#3005=AXIS2_PLACEMENT_3D('',#3002,#3003,#3004);
#3006=CIRCLE('',#3005,8.36);
#3007=EDGE_CURVE('',#2884,#3001,#3006,.T.);
#3008=ORIENTED_EDGE('',*,*,#3007,.T.);
#3009=CARTESIAN_POINT('',(-46.291178492,0.300114529,6.340146241));
#3010=VERTEX_POINT('',#3009);
#3011=CARTESIAN_POINT('',(-46.291178492,0.300114529,40.210015182));
#3012=DIRECTION('',(0.,0.,-1.));
#3013=VECTOR('',#3012,33.869868941);
#3014=LINE('',#3011,#3013);
#3015=EDGE_CURVE('',#3001,#3010,#3014,.T.);
#3016=ORIENTED_EDGE('',*,*,#3015,.T.);
#3017=CARTESIAN_POINT('',(-37.931178492,0.300114529,6.340146241));
#3018=DIRECTION('',(-0.,-1.,-0.));
#3019=DIRECTION('',(0.,-0.,1.));
#3020=AXIS2_PLACEMENT_3D('',#3017,#3018,#3019);
#3021=CIRCLE('',#3020,8.36);
#3022=EDGE_CURVE('',#3010,#2978,#3021,.T.);
#3023=ORIENTED_EDGE('',*,*,#3022,.T.);
#3024=ORIENTED_EDGE('',*,*,#2983,.F.);
#3025=ORIENTED_EDGE('',*,*,#2770,.F.);
#3026=ORIENTED_EDGE('',*,*,#2516,.F.);
#3027=ORIENTED_EDGE('',*,*,#2631,.F.);
#3028=EDGE_LOOP('',(#2999,#3008,#3016,#3023,#3024,#3025,#3026,#3027));
#3029=FACE_BOUND('',#3028,.T.);
#3030=ORIENTED_EDGE('',*,*,#242,.F.);
#3031=CARTESIAN_POINT('',(-37.931178492,0.300114529,46.570015182));
#3032=DIRECTION('',(1.,0.,-0.));
#3033=VECTOR('',#3032,75.862356984);
#3034=LINE('',#3031,#3033);
#3035=EDGE_CURVE('',#230,#60,#3034,.T.);
#3036=ORIENTED_EDGE('',*,*,#3035,.T.);
#3037=ORIENTED_EDGE('',*,*,#66,.T.);
#3038=ORIENTED_EDGE('',*,*,#2573,.T.);
#3039=ORIENTED_EDGE('',*,*,#2803,.T.);
#3040=ORIENTED_EDGE('',*,*,#2957,.T.);
#3041=CARTESIAN_POINT('',(-37.931178492,0.300114529,6.340146241));
#3042=DIRECTION('',(-0.,-1.,-0.));
#3043=DIRECTION('',(0.,-0.,1.));
#3044=AXIS2_PLACEMENT_3D('',#3041,#3042,#3043);
#3045=CIRCLE('',#3044,6.36);
#3046=EDGE_CURVE('',#413,#2946,#3045,.T.);
#3047=ORIENTED_EDGE('',*,*,#3046,.F.);
#3048=ORIENTED_EDGE('',*,*,#418,.F.);
#3049=EDGE_LOOP('',(#3030,#3036,#3037,#3038,#3039,#3040,#3047,#3048));
#3050=FACE_BOUND('',#3049,.T.);
#3051=ADVANCED_FACE('',(#3029,#3050),#2998,.F.);
#3052=CARTESIAN_POINT('',(0.,46.045871089,23.275080711));
#3053=DIRECTION('',(0.,-1.,-0.));
#3054=DIRECTION('',(0.,-0.,1.));
#3055=AXIS2_PLACEMENT_3D('',#3052,#3053,#3054);
#3056=PLANE('',#3055);
#3057=ORIENTED_EDGE('',*,*,#2974,.T.);
#3058=CARTESIAN_POINT('',(-46.291178492,46.045871089,6.340146241));
#3059=VERTEX_POINT('',#3058);
#3060=CARTESIAN_POINT('',(-37.931178492,46.045871089,6.340146241));
#3061=DIRECTION('',(-0.,-1.,-0.));
#3062=DIRECTION('',(1.,-0.,0.));
#3063=AXIS2_PLACEMENT_3D('',#3060,#3061,#3062);
#3064=CIRCLE('',#3063,8.36);
#3065=EDGE_CURVE('',#3059,#2969,#3064,.T.);
#3066=ORIENTED_EDGE('',*,*,#3065,.F.);
#3067=CARTESIAN_POINT('',(-46.291178492,46.045871089,40.210015182));
#3068=VERTEX_POINT('',#3067);
#3069=CARTESIAN_POINT('',(-46.291178492,46.045871089,40.210015182));
#3070=DIRECTION('',(0.,0.,-1.));
#3071=VECTOR('',#3070,33.869868941);
#3072=LINE('',#3069,#3071);
#3073=EDGE_CURVE('',#3068,#3059,#3072,.T.);
#3074=ORIENTED_EDGE('',*,*,#3073,.F.);
#3075=CARTESIAN_POINT('',(-37.931178492,46.045871089,40.210015182));
#3076=DIRECTION('',(-0.,-1.,-0.));
#3077=DIRECTION('',(1.,-0.,0.));
#3078=AXIS2_PLACEMENT_3D('',#3075,#3076,#3077);
#3079=CIRCLE('',#3078,8.36);
#3080=EDGE_CURVE('',#2876,#3068,#3079,.T.);
#3081=ORIENTED_EDGE('',*,*,#3080,.F.);
#3082=ORIENTED_EDGE('',*,*,#2881,.T.);
#3083=ORIENTED_EDGE('',*,*,#2616,.T.);
#3084=ORIENTED_EDGE('',*,*,#2502,.T.);
#3085=ORIENTED_EDGE('',*,*,#2762,.T.);
#3086=EDGE_LOOP('',(#3057,#3066,#3074,#3081,#3082,#3083,#3084,#3085));
#3087=FACE_BOUND('',#3086,.T.);
#3088=CARTESIAN_POINT('',(-37.931178492,46.045871089,6.340146241));
#3089=DIRECTION('',(-0.,-1.,-0.));
#3090=DIRECTION('',(1.,-0.,0.));
#3091=AXIS2_PLACEMENT_3D('',#3088,#3089,#3090);
#3092=CIRCLE('',#3091,6.36);
#3093=EDGE_CURVE('',#421,#2938,#3092,.T.);
#3094=ORIENTED_EDGE('',*,*,#3093,.T.);
#3095=ORIENTED_EDGE('',*,*,#2943,.F.);
#3096=ORIENTED_EDGE('',*,*,#2788,.F.);
#3097=ORIENTED_EDGE('',*,*,#2559,.F.);
#3098=ORIENTED_EDGE('',*,*,#83,.F.);
#3099=CARTESIAN_POINT('',(-37.931178492,46.045871089,46.570015182));
#3100=DIRECTION('',(1.,0.,-0.));
#3101=VECTOR('',#3100,75.862356984);
#3102=LINE('',#3099,#3101);
#3103=EDGE_CURVE('',#221,#69,#3102,.T.);
#3104=ORIENTED_EDGE('',*,*,#3103,.F.);
#3105=ORIENTED_EDGE('',*,*,#227,.T.);
#3106=ORIENTED_EDGE('',*,*,#432,.T.);
#3107=EDGE_LOOP('',(#3094,#3095,#3096,#3097,#3098,#3104,#3105,#3106));
#3108=FACE_BOUND('',#3107,.T.);
#3109=ADVANCED_FACE('',(#3087,#3108),#3056,.F.);
#3110=CARTESIAN_POINT('',(-37.931178492,43.34248006,46.570015182));
#3111=DIRECTION('',(-0.,0.,-1.));
#3112=DIRECTION('',(1.,0.,-0.));
#3113=AXIS2_PLACEMENT_3D('',#3110,#3111,#3112);
#3114=PLANE('',#3113);
#3115=CARTESIAN_POINT('',(-36.111178492,4.950114529,46.570015182));
#3116=VERTEX_POINT('',#3115);
#3117=CARTESIAN_POINT('',(-33.931178492,4.950114529,46.570015182));
#3118=DIRECTION('',(0.,0.,-1.));
#3119=DIRECTION('',(0.,1.,0.));
#3120=AXIS2_PLACEMENT_3D('',#3117,#3118,#3119);
#3121=CIRCLE('',#3120,2.18);
#3122=EDGE_CURVE('',#2854,#3116,#3121,.T.);
#3123=ORIENTED_EDGE('',*,*,#3122,.F.);
#3124=ORIENTED_EDGE('',*,*,#2859,.T.);
#3125=ORIENTED_EDGE('',*,*,#2721,.T.);
#3126=ORIENTED_EDGE('',*,*,#2649,.T.);
#3127=ORIENTED_EDGE('',*,*,#2688,.T.);
#3128=ORIENTED_EDGE('',*,*,#2819,.T.);
#3129=CARTESIAN_POINT('',(-36.111178492,41.445871089,46.570015182));
#3130=VERTEX_POINT('',#3129);
#3131=CARTESIAN_POINT('',(-33.931178492,41.445871089,46.570015182));
#3132=DIRECTION('',(0.,0.,-1.));
#3133=DIRECTION('',(0.,1.,0.));
#3134=AXIS2_PLACEMENT_3D('',#3131,#3132,#3133);
#3135=CIRCLE('',#3134,2.18);
#3136=EDGE_CURVE('',#3130,#2814,#3135,.T.);
#3137=ORIENTED_EDGE('',*,*,#3136,.F.);
#3138=CARTESIAN_POINT('',(-36.111178492,4.950114529,46.570015182));
#3139=DIRECTION('',(0.,1.,0.));
#3140=VECTOR('',#3139,36.49575656);
#3141=LINE('',#3138,#3140);
#3142=EDGE_CURVE('',#3116,#3130,#3141,.T.);
#3143=ORIENTED_EDGE('',*,*,#3142,.F.);
#3144=EDGE_LOOP('',(#3123,#3124,#3125,#3126,#3127,#3128,#3137,#3143));
#3145=FACE_BOUND('',#3144,.T.);
#3146=ORIENTED_EDGE('',*,*,#3035,.F.);
#3147=ORIENTED_EDGE('',*,*,#235,.F.);
#3148=ORIENTED_EDGE('',*,*,#3103,.T.);
#3149=ORIENTED_EDGE('',*,*,#74,.T.);
#3150=EDGE_LOOP('',(#3146,#3147,#3148,#3149));
#3151=FACE_BOUND('',#3150,.T.);
#3152=ADVANCED_FACE('',(#3145,#3151),#3114,.T.);
#3153=CARTESIAN_POINT('',(-61.008185377,8.5299986,13.689963176));
#3154=DIRECTION('',(0.,-1.,-0.));
#3155=DIRECTION('',(-0.,-0.,1.));
#3156=AXIS2_PLACEMENT_3D('',#3153,#3154,#3155);
#3157=PLANE('',#3156);
#3158=CARTESIAN_POINT('',(-33.735835397,8.5299986,15.821441755));
#3159=VERTEX_POINT('',#3158);
#3160=CARTESIAN_POINT('',(-36.823804997,8.5299986,19.384842499));
#3161=VERTEX_POINT('',#3160);
#3162=CARTESIAN_POINT('',(-37.335835397,8.5299986,15.821441755));
#3163=DIRECTION('',(0.,-1.,-0.));
#3164=DIRECTION('',(0.,0.,-1.));
#3165=AXIS2_PLACEMENT_3D('',#3162,#3163,#3164);
#3166=CIRCLE('',#3165,3.6);
#3167=EDGE_CURVE('',#3159,#3161,#3166,.T.);
#3168=ORIENTED_EDGE('',*,*,#3167,.F.);
#3169=CARTESIAN_POINT('',(-36.823804997,8.5299986,12.25804101));
#3170=VERTEX_POINT('',#3169);
#3171=CARTESIAN_POINT('',(-37.335835397,8.5299986,15.821441755));
#3172=DIRECTION('',(0.,-1.,-0.));
#3173=DIRECTION('',(0.,0.,-1.));
#3174=AXIS2_PLACEMENT_3D('',#3171,#3172,#3173);
#3175=CIRCLE('',#3174,3.6);
#3176=EDGE_CURVE('',#3170,#3159,#3175,.T.);
#3177=ORIENTED_EDGE('',*,*,#3176,.F.);
#3178=CARTESIAN_POINT('',(-36.823804997,8.5299986,14.786805455));
#3179=VERTEX_POINT('',#3178);
#3180=CARTESIAN_POINT('',(-36.823804997,8.5299986,14.786805455));
#3181=DIRECTION('',(0.,0.,-1.));
#3182=VECTOR('',#3181,2.528764445);
#3183=LINE('',#3180,#3182);
#3184=EDGE_CURVE('',#3179,#3170,#3183,.T.);
#3185=ORIENTED_EDGE('',*,*,#3184,.F.);
#3186=CARTESIAN_POINT('',(-36.181431913,8.5299986,15.821441755));
#3187=VERTEX_POINT('',#3186);
#3188=CARTESIAN_POINT('',(-37.335835397,8.5299986,15.821441755));
#3189=DIRECTION('',(-0.,1.,0.));
#3190=DIRECTION('',(0.,0.,-1.));
#3191=AXIS2_PLACEMENT_3D('',#3188,#3189,#3190);
#3192=CIRCLE('',#3191,1.154403484);
#3193=EDGE_CURVE('',#3187,#3179,#3192,.T.);
#3194=ORIENTED_EDGE('',*,*,#3193,.F.);
#3195=CARTESIAN_POINT('',(-36.823804997,8.5299986,16.856078054));
#3196=VERTEX_POINT('',#3195);
#3197=CARTESIAN_POINT('',(-37.335835397,8.5299986,15.821441755));
#3198=DIRECTION('',(-0.,1.,0.));
#3199=DIRECTION('',(0.,0.,-1.));
#3200=AXIS2_PLACEMENT_3D('',#3197,#3198,#3199);
#3201=CIRCLE('',#3200,1.154403484);
#3202=EDGE_CURVE('',#3196,#3187,#3201,.T.);
#3203=ORIENTED_EDGE('',*,*,#3202,.F.);
#3204=CARTESIAN_POINT('',(-36.823804997,8.5299986,19.384842499));
#3205=DIRECTION('',(0.,0.,-1.));
#3206=VECTOR('',#3205,2.528764445);
#3207=LINE('',#3204,#3206);
#3208=EDGE_CURVE('',#3161,#3196,#3207,.T.);
#3209=ORIENTED_EDGE('',*,*,#3208,.F.);
#3210=EDGE_LOOP('',(#3168,#3177,#3185,#3194,#3203,#3209));
#3211=FACE_BOUND('',#3210,.T.);
#3212=ADVANCED_FACE('',(#3211),#3157,.F.);
#3213=CARTESIAN_POINT('',(-61.008185377,8.5299986,28.727021669));
#3214=DIRECTION('',(0.,-1.,-0.));
#3215=DIRECTION('',(-0.,-0.,1.));
#3216=AXIS2_PLACEMENT_3D('',#3213,#3214,#3215);
#3217=PLANE('',#3216);
#3218=CARTESIAN_POINT('',(-33.735835397,8.5299986,30.858500248));
#3219=VERTEX_POINT('',#3218);
#3220=CARTESIAN_POINT('',(-36.823804997,8.5299986,34.421900992));
#3221=VERTEX_POINT('',#3220);
#3222=CARTESIAN_POINT('',(-37.335835397,8.5299986,30.858500248));
#3223=DIRECTION('',(0.,-1.,-0.));
#3224=DIRECTION('',(0.,0.,-1.));
#3225=AXIS2_PLACEMENT_3D('',#3222,#3223,#3224);
#3226=CIRCLE('',#3225,3.6);
#3227=EDGE_CURVE('',#3219,#3221,#3226,.T.);
#3228=ORIENTED_EDGE('',*,*,#3227,.F.);
#3229=CARTESIAN_POINT('',(-36.823804997,8.5299986,27.295099503));
#3230=VERTEX_POINT('',#3229);
#3231=CARTESIAN_POINT('',(-37.335835397,8.5299986,30.858500248));
#3232=DIRECTION('',(0.,-1.,-0.));
#3233=DIRECTION('',(0.,0.,-1.));
#3234=AXIS2_PLACEMENT_3D('',#3231,#3232,#3233);
#3235=CIRCLE('',#3234,3.6);
#3236=EDGE_CURVE('',#3230,#3219,#3235,.T.);
#3237=ORIENTED_EDGE('',*,*,#3236,.F.);
#3238=CARTESIAN_POINT('',(-36.823804997,8.5299986,29.823863948));
#3239=VERTEX_POINT('',#3238);
#3240=CARTESIAN_POINT('',(-36.823804997,8.5299986,29.823863948));
#3241=DIRECTION('',(0.,0.,-1.));
#3242=VECTOR('',#3241,2.528764445);
#3243=LINE('',#3240,#3242);
#3244=EDGE_CURVE('',#3239,#3230,#3243,.T.);
#3245=ORIENTED_EDGE('',*,*,#3244,.F.);
#3246=CARTESIAN_POINT('',(-36.181431913,8.5299986,30.858500248));
#3247=VERTEX_POINT('',#3246);
#3248=CARTESIAN_POINT('',(-37.335835397,8.5299986,30.858500248));
#3249=DIRECTION('',(-0.,1.,0.));
#3250=DIRECTION('',(0.,0.,-1.));
#3251=AXIS2_PLACEMENT_3D('',#3248,#3249,#3250);
#3252=CIRCLE('',#3251,1.154403484);
#3253=EDGE_CURVE('',#3247,#3239,#3252,.T.);
#3254=ORIENTED_EDGE('',*,*,#3253,.F.);
#3255=CARTESIAN_POINT('',(-36.823804997,8.5299986,31.893136547));
#3256=VERTEX_POINT('',#3255);
#3257=CARTESIAN_POINT('',(-37.335835397,8.5299986,30.858500248));
#3258=DIRECTION('',(-0.,1.,0.));
#3259=DIRECTION('',(0.,0.,-1.));
#3260=AXIS2_PLACEMENT_3D('',#3257,#3258,#3259);
#3261=CIRCLE('',#3260,1.154403484);
#3262=EDGE_CURVE('',#3256,#3247,#3261,.T.);
#3263=ORIENTED_EDGE('',*,*,#3262,.F.);
#3264=CARTESIAN_POINT('',(-36.823804997,8.5299986,34.421900992));
#3265=DIRECTION('',(0.,0.,-1.));
#3266=VECTOR('',#3265,2.528764445);
#3267=LINE('',#3264,#3266);
#3268=EDGE_CURVE('',#3221,#3256,#3267,.T.);
#3269=ORIENTED_EDGE('',*,*,#3268,.F.);
#3270=EDGE_LOOP('',(#3228,#3237,#3245,#3254,#3263,#3269));
#3271=FACE_BOUND('',#3270,.T.);
#3272=ADVANCED_FACE('',(#3271),#3217,.F.);
#3273=CARTESIAN_POINT('',(-61.008185377,39.840774734,28.727021669));
#3274=DIRECTION('',(0.,1.,0.));
#3275=DIRECTION('',(-0.,-0.,1.));
#3276=AXIS2_PLACEMENT_3D('',#3273,#3274,#3275);
#3277=PLANE('',#3276);
#3278=CARTESIAN_POINT('',(-36.823804997,39.840774734,27.295099503));
#3279=VERTEX_POINT('',#3278);
#3280=CARTESIAN_POINT('',(-33.735835397,39.840774734,30.858500248));
#3281=VERTEX_POINT('',#3280);
#3282=CARTESIAN_POINT('',(-37.335835397,39.840774734,30.858500248));
#3283=DIRECTION('',(-0.,-1.,-0.));
#3284=DIRECTION('',(0.,0.,-1.));
#3285=AXIS2_PLACEMENT_3D('',#3282,#3283,#3284);
#3286=CIRCLE('',#3285,3.6);
#3287=EDGE_CURVE('',#3279,#3281,#3286,.T.);
#3288=ORIENTED_EDGE('',*,*,#3287,.T.);
#3289=CARTESIAN_POINT('',(-36.823804997,39.840774734,34.421900992));
#3290=VERTEX_POINT('',#3289);
#3291=CARTESIAN_POINT('',(-37.335835397,39.840774734,30.858500248));
#3292=DIRECTION('',(-0.,-1.,-0.));
#3293=DIRECTION('',(0.,0.,-1.));
#3294=AXIS2_PLACEMENT_3D('',#3291,#3292,#3293);
#3295=CIRCLE('',#3294,3.6);
#3296=EDGE_CURVE('',#3281,#3290,#3295,.T.);
#3297=ORIENTED_EDGE('',*,*,#3296,.T.);
#3298=CARTESIAN_POINT('',(-36.823804997,39.840774734,31.893136547));
#3299=VERTEX_POINT('',#3298);
#3300=CARTESIAN_POINT('',(-36.823804997,39.840774734,34.421900992));
#3301=DIRECTION('',(0.,0.,-1.));
#3302=VECTOR('',#3301,2.528764445);
#3303=LINE('',#3300,#3302);
#3304=EDGE_CURVE('',#3290,#3299,#3303,.T.);
#3305=ORIENTED_EDGE('',*,*,#3304,.T.);
#3306=CARTESIAN_POINT('',(-36.181431913,39.840774734,30.858500248));
#3307=VERTEX_POINT('',#3306);
#3308=CARTESIAN_POINT('',(-37.335835397,39.840774734,30.858500248));
#3309=DIRECTION('',(0.,1.,0.));
#3310=DIRECTION('',(0.,0.,-1.));
#3311=AXIS2_PLACEMENT_3D('',#3308,#3309,#3310);
#3312=CIRCLE('',#3311,1.154403484);
#3313=EDGE_CURVE('',#3299,#3307,#3312,.T.);
#3314=ORIENTED_EDGE('',*,*,#3313,.T.);
#3315=CARTESIAN_POINT('',(-36.823804997,39.840774734,29.823863948));
#3316=VERTEX_POINT('',#3315);
#3317=CARTESIAN_POINT('',(-37.335835397,39.840774734,30.858500248));
#3318=DIRECTION('',(0.,1.,0.));
#3319=DIRECTION('',(0.,0.,-1.));
#3320=AXIS2_PLACEMENT_3D('',#3317,#3318,#3319);
#3321=CIRCLE('',#3320,1.154403484);
#3322=EDGE_CURVE('',#3307,#3316,#3321,.T.);
#3323=ORIENTED_EDGE('',*,*,#3322,.T.);
#3324=CARTESIAN_POINT('',(-36.823804997,39.840774734,29.823863948));
#3325=DIRECTION('',(0.,0.,-1.));
#3326=VECTOR('',#3325,2.528764445);
#3327=LINE('',#3324,#3326);
#3328=EDGE_CURVE('',#3316,#3279,#3327,.T.);
#3329=ORIENTED_EDGE('',*,*,#3328,.T.);
#3330=EDGE_LOOP('',(#3288,#3297,#3305,#3314,#3323,#3329));
#3331=FACE_BOUND('',#3330,.T.);
#3332=ADVANCED_FACE('',(#3331),#3277,.F.);
#3333=CARTESIAN_POINT('',(-61.008185377,39.840774734,13.689963176));
#3334=DIRECTION('',(0.,1.,0.));
#3335=DIRECTION('',(-0.,-0.,1.));
#3336=AXIS2_PLACEMENT_3D('',#3333,#3334,#3335);
#3337=PLANE('',#3336);
#3338=CARTESIAN_POINT('',(-36.823804997,39.840774734,12.25804101));
#3339=VERTEX_POINT('',#3338);
#3340=CARTESIAN_POINT('',(-33.735835397,39.840774734,15.821441755));
#3341=VERTEX_POINT('',#3340);
#3342=CARTESIAN_POINT('',(-37.335835397,39.840774734,15.821441755));
#3343=DIRECTION('',(-0.,-1.,-0.));
#3344=DIRECTION('',(0.,0.,-1.));
#3345=AXIS2_PLACEMENT_3D('',#3342,#3343,#3344);
#3346=CIRCLE('',#3345,3.6);
#3347=EDGE_CURVE('',#3339,#3341,#3346,.T.);
#3348=ORIENTED_EDGE('',*,*,#3347,.T.);
#3349=CARTESIAN_POINT('',(-36.823804997,39.840774734,19.384842499));
#3350=VERTEX_POINT('',#3349);
#3351=CARTESIAN_POINT('',(-37.335835397,39.840774734,15.821441755));
#3352=DIRECTION('',(-0.,-1.,-0.));
#3353=DIRECTION('',(0.,0.,-1.));
#3354=AXIS2_PLACEMENT_3D('',#3351,#3352,#3353);
#3355=CIRCLE('',#3354,3.6);
#3356=EDGE_CURVE('',#3341,#3350,#3355,.T.);
#3357=ORIENTED_EDGE('',*,*,#3356,.T.);
#3358=CARTESIAN_POINT('',(-36.823804997,39.840774734,16.856078054));
#3359=VERTEX_POINT('',#3358);
#3360=CARTESIAN_POINT('',(-36.823804997,39.840774734,19.384842499));
#3361=DIRECTION('',(0.,0.,-1.));
#3362=VECTOR('',#3361,2.528764445);
#3363=LINE('',#3360,#3362);
#3364=EDGE_CURVE('',#3350,#3359,#3363,.T.);
#3365=ORIENTED_EDGE('',*,*,#3364,.T.);
#3366=CARTESIAN_POINT('',(-36.181431913,39.840774734,15.821441755));
#3367=VERTEX_POINT('',#3366);
#3368=CARTESIAN_POINT('',(-37.335835397,39.840774734,15.821441755));
#3369=DIRECTION('',(0.,1.,0.));
#3370=DIRECTION('',(0.,0.,-1.));
#3371=AXIS2_PLACEMENT_3D('',#3368,#3369,#3370);
#3372=CIRCLE('',#3371,1.154403484);
#3373=EDGE_CURVE('',#3359,#3367,#3372,.T.);
#3374=ORIENTED_EDGE('',*,*,#3373,.T.);
#3375=CARTESIAN_POINT('',(-36.823804997,39.840774734,14.786805455));
#3376=VERTEX_POINT('',#3375);
#3377=CARTESIAN_POINT('',(-37.335835397,39.840774734,15.821441755));
#3378=DIRECTION('',(0.,1.,0.));
#3379=DIRECTION('',(0.,0.,-1.));
#3380=AXIS2_PLACEMENT_3D('',#3377,#3378,#3379);
#3381=CIRCLE('',#3380,1.154403484);
#3382=EDGE_CURVE('',#3367,#3376,#3381,.T.);
#3383=ORIENTED_EDGE('',*,*,#3382,.T.);
#3384=CARTESIAN_POINT('',(-36.823804997,39.840774734,14.786805455));
#3385=DIRECTION('',(0.,0.,-1.));
#3386=VECTOR('',#3385,2.528764445);
#3387=LINE('',#3384,#3386);
#3388=EDGE_CURVE('',#3376,#3339,#3387,.T.);
#3389=ORIENTED_EDGE('',*,*,#3388,.T.);
#3390=EDGE_LOOP('',(#3348,#3357,#3365,#3374,#3383,#3389));
#3391=FACE_BOUND('',#3390,.T.);
#3392=ADVANCED_FACE('',(#3391),#3337,.F.);
#3393=CARTESIAN_POINT('',(-31.059243152,36.81163302,20.153621654));
#3394=DIRECTION('',(0.,0.,1.));
#3395=DIRECTION('',(1.,0.,-0.));
#3396=AXIS2_PLACEMENT_3D('',#3393,#3394,#3395);
#3397=CYLINDRICAL_SURFACE('',#3396,1.154403484);
#3398=CARTESIAN_POINT('',(-29.904839668,36.81163302,38.536995353));
#3399=VERTEX_POINT('',#3398);
#3400=CARTESIAN_POINT('',(-29.904839668,36.81163302,36.3707379));
#3401=VERTEX_POINT('',#3400);
#3402=CARTESIAN_POINT('',(-29.904839668,36.81163302,38.536995353));
#3403=DIRECTION('',(-0.,-0.,-1.));
#3404=VECTOR('',#3403,2.166257453);
#3405=LINE('',#3402,#3404);
#3406=EDGE_CURVE('',#3399,#3401,#3405,.T.);
#3407=ORIENTED_EDGE('',*,*,#3406,.F.);
#3408=CARTESIAN_POINT('',(-31.059243152,37.966036504,38.536995353));
#3409=VERTEX_POINT('',#3408);
#3410=CARTESIAN_POINT('',(-31.059243152,36.81163302,38.536995353));
#3411=DIRECTION('',(0.,-0.,-1.));
#3412=DIRECTION('',(-0.,1.,-0.));
#3413=AXIS2_PLACEMENT_3D('',#3410,#3411,#3412);
#3414=CIRCLE('',#3413,1.154403484);
#3415=EDGE_CURVE('',#3409,#3399,#3414,.T.);
#3416=ORIENTED_EDGE('',*,*,#3415,.F.);
#3417=CARTESIAN_POINT('',(-31.059243152,36.81163302,38.536995353));
#3418=DIRECTION('',(0.,-0.,-1.));
#3419=DIRECTION('',(-0.,1.,-0.));
#3420=AXIS2_PLACEMENT_3D('',#3417,#3418,#3419);
#3421=CIRCLE('',#3420,1.154403484);
#3422=EDGE_CURVE('',#3399,#3409,#3421,.T.);
#3423=ORIENTED_EDGE('',*,*,#3422,.F.);
#3424=ORIENTED_EDGE('',*,*,#3406,.T.);
#3425=CARTESIAN_POINT('',(-31.059243152,35.657229536,36.3707379));
#3426=VERTEX_POINT('',#3425);
#3427=CARTESIAN_POINT('',(-31.059243152,36.81163302,36.3707379));
#3428=DIRECTION('',(0.,-0.,-1.));
#3429=DIRECTION('',(0.,-1.,0.));
#3430=AXIS2_PLACEMENT_3D('',#3427,#3428,#3429);
#3431=CIRCLE('',#3430,1.154403484);
#3432=EDGE_CURVE('',#3401,#3426,#3431,.T.);
#3433=ORIENTED_EDGE('',*,*,#3432,.T.);
#3434=CARTESIAN_POINT('',(-31.059243152,36.81163302,36.3707379));
#3435=DIRECTION('',(0.,-0.,-1.));
#3436=DIRECTION('',(0.,-1.,0.));
#3437=AXIS2_PLACEMENT_3D('',#3434,#3435,#3436);
#3438=CIRCLE('',#3437,1.154403484);
#3439=EDGE_CURVE('',#3426,#3401,#3438,.T.);
#3440=ORIENTED_EDGE('',*,*,#3439,.T.);
#3441=EDGE_LOOP('',(#3407,#3416,#3423,#3424,#3433,#3440));
#3442=FACE_BOUND('',#3441,.T.);
#3443=ADVANCED_FACE('',(#3442),#3397,.F.);
#3444=CARTESIAN_POINT('',(-31.059243152,36.81163302,35.699003697));
#3445=DIRECTION('',(0.,0.,1.));
#3446=DIRECTION('',(1.,0.,-0.));
#3447=AXIS2_PLACEMENT_3D('',#3444,#3445,#3446);
#3448=CYLINDRICAL_SURFACE('',#3447,3.096030413);
#3449=CARTESIAN_POINT('',(-27.963212739,36.81163302,38.536995353));
#3450=VERTEX_POINT('',#3449);
#3451=CARTESIAN_POINT('',(-27.963212739,36.81163302,36.3707379));
#3452=VERTEX_POINT('',#3451);
#3453=CARTESIAN_POINT('',(-27.963212739,36.81163302,38.536995353));
#3454=DIRECTION('',(-0.,-0.,-1.));
#3455=VECTOR('',#3454,2.166257453);
#3456=LINE('',#3453,#3455);
#3457=EDGE_CURVE('',#3450,#3452,#3456,.T.);
#3458=ORIENTED_EDGE('',*,*,#3457,.T.);
#3459=CARTESIAN_POINT('',(-31.059243152,39.907663433,36.3707379));
#3460=VERTEX_POINT('',#3459);
#3461=CARTESIAN_POINT('',(-31.059243152,36.81163302,36.3707379));
#3462=DIRECTION('',(-0.,0.,1.));
#3463=DIRECTION('',(0.,-1.,0.));
#3464=AXIS2_PLACEMENT_3D('',#3461,#3462,#3463);
#3465=CIRCLE('',#3464,3.096030413);
#3466=EDGE_CURVE('',#3452,#3460,#3465,.T.);
#3467=ORIENTED_EDGE('',*,*,#3466,.T.);
#3468=CARTESIAN_POINT('',(-31.059243152,39.907663433,38.536995353));
#3469=VERTEX_POINT('',#3468);
#3470=CARTESIAN_POINT('',(-31.059243152,39.907663433,36.3707379));
#3471=DIRECTION('',(0.,0.,1.));
#3472=VECTOR('',#3471,2.166257453);
#3473=LINE('',#3470,#3472);
#3474=EDGE_CURVE('',#3460,#3469,#3473,.T.);
#3475=ORIENTED_EDGE('',*,*,#3474,.T.);
#3476=CARTESIAN_POINT('',(-31.059243152,36.81163302,38.536995353));
#3477=DIRECTION('',(0.,-0.,-1.));
#3478=DIRECTION('',(0.,-1.,0.));
#3479=AXIS2_PLACEMENT_3D('',#3476,#3477,#3478);
#3480=CIRCLE('',#3479,3.096030413);
#3481=EDGE_CURVE('',#3469,#3450,#3480,.T.);
#3482=ORIENTED_EDGE('',*,*,#3481,.T.);
#3483=EDGE_LOOP('',(#3458,#3467,#3475,#3482));
#3484=FACE_BOUND('',#3483,.T.);
#3485=ADVANCED_FACE('',(#3484),#3448,.T.);
#3486=CARTESIAN_POINT('',(-58.21992354,104.972189132,38.536995353));
#3487=DIRECTION('',(-0.,0.,1.));
#3488=DIRECTION('',(-0.,1.,-0.));
#3489=AXIS2_PLACEMENT_3D('',#3486,#3487,#3488);
#3490=PLANE('',#3489);
#3491=CARTESIAN_POINT('',(-39.748228968,39.907663433,38.536995353));
#3492=VERTEX_POINT('',#3491);
#3493=CARTESIAN_POINT('',(-39.748228968,39.907663433,38.536995353));
#3494=DIRECTION('',(1.,0.,0.));
#3495=VECTOR('',#3494,8.688985817);
#3496=LINE('',#3493,#3495);
#3497=EDGE_CURVE('',#3492,#3469,#3496,.T.);
#3498=ORIENTED_EDGE('',*,*,#3497,.F.);
#3499=CARTESIAN_POINT('',(-39.748228968,33.715602607,38.536995353));
#3500=VERTEX_POINT('',#3499);
#3501=CARTESIAN_POINT('',(-39.748228968,39.907663433,38.536995353));
#3502=DIRECTION('',(0.,-1.,0.));
#3503=VECTOR('',#3502,6.192060826);
#3504=LINE('',#3501,#3503);
#3505=EDGE_CURVE('',#3492,#3500,#3504,.T.);
#3506=ORIENTED_EDGE('',*,*,#3505,.T.);
#3507=CARTESIAN_POINT('',(-31.059243152,33.715602607,38.536995353));
#3508=VERTEX_POINT('',#3507);
#3509=CARTESIAN_POINT('',(-31.059243152,33.715602607,38.536995353));
#3510=DIRECTION('',(-1.,-0.,-0.));
#3511=VECTOR('',#3510,8.688985817);
#3512=LINE('',#3509,#3511);
#3513=EDGE_CURVE('',#3508,#3500,#3512,.T.);
#3514=ORIENTED_EDGE('',*,*,#3513,.F.);
#3515=CARTESIAN_POINT('',(-31.059243152,36.81163302,38.536995353));
#3516=DIRECTION('',(0.,-0.,-1.));
#3517=DIRECTION('',(0.,-1.,0.));
#3518=AXIS2_PLACEMENT_3D('',#3515,#3516,#3517);
#3519=CIRCLE('',#3518,3.096030413);
#3520=EDGE_CURVE('',#3450,#3508,#3519,.T.);
#3521=ORIENTED_EDGE('',*,*,#3520,.F.);
#3522=ORIENTED_EDGE('',*,*,#3481,.F.);
#3523=EDGE_LOOP('',(#3498,#3506,#3514,#3521,#3522));
#3524=FACE_BOUND('',#3523,.T.);
#3525=ORIENTED_EDGE('',*,*,#3415,.T.);
#3526=ORIENTED_EDGE('',*,*,#3422,.T.);
#3527=EDGE_LOOP('',(#3525,#3526));
#3528=FACE_BOUND('',#3527,.T.);
#3529=ADVANCED_FACE('',(#3524,#3528),#3490,.T.);
#3530=CARTESIAN_POINT('',(-42.436213747,39.107663433,41.224980132));
#3531=DIRECTION('',(-0.707106781,-0.,-0.707106781));
#3532=DIRECTION('',(-0.,1.,-0.));
#3533=AXIS2_PLACEMENT_3D('',#3530,#3531,#3532);
#3534=PLANE('',#3533);
#3535=CARTESIAN_POINT('',(-42.436213747,33.715602607,41.224980132));
#3536=VERTEX_POINT('',#3535);
#3537=CARTESIAN_POINT('',(-39.748228968,33.715602607,38.536995353));
#3538=DIRECTION('',(-0.707106781,-0.,0.707106781));
#3539=VECTOR('',#3538,3.801384529);
#3540=LINE('',#3537,#3539);
#3541=EDGE_CURVE('',#3500,#3536,#3540,.T.);
#3542=ORIENTED_EDGE('',*,*,#3541,.F.);
#3543=ORIENTED_EDGE('',*,*,#3505,.F.);
#3544=CARTESIAN_POINT('',(-42.436213747,39.907663433,41.224980132));
#3545=VERTEX_POINT('',#3544);
#3546=CARTESIAN_POINT('',(-42.436213747,39.907663433,41.224980132));
#3547=DIRECTION('',(0.707106781,0.,-0.707106781));
#3548=VECTOR('',#3547,3.801384529);
#3549=LINE('',#3546,#3548);
#3550=EDGE_CURVE('',#3545,#3492,#3549,.T.);
#3551=ORIENTED_EDGE('',*,*,#3550,.F.);
#3552=CARTESIAN_POINT('',(-42.436213747,33.715602607,41.224980132));
#3553=DIRECTION('',(-0.,1.,-0.));
#3554=VECTOR('',#3553,6.192060826);
#3555=LINE('',#3552,#3554);
#3556=EDGE_CURVE('',#3536,#3545,#3555,.T.);
#3557=ORIENTED_EDGE('',*,*,#3556,.F.);
#3558=EDGE_LOOP('',(#3542,#3543,#3551,#3557));
#3559=FACE_BOUND('',#3558,.T.);
#3560=ADVANCED_FACE('',(#3559),#3534,.F.);
#3561=CARTESIAN_POINT('',(-36.823804997,10.439374667,13.689963176));
#3562=DIRECTION('',(-0.,-0.,1.));
#3563=DIRECTION('',(-0.,1.,0.));
#3564=AXIS2_PLACEMENT_3D('',#3561,#3562,#3563);
#3565=CYLINDRICAL_SURFACE('',#3564,1.909376067);
#3566=CARTESIAN_POINT('',(-38.173937762,9.089241902,19.421441755));
#3567=VERTEX_POINT('',#3566);
#3568=CARTESIAN_POINT('',(-37.335835397,8.599934036,19.421441755));
#3569=VERTEX_POINT('',#3568);
#3570=CARTESIAN_POINT('',(-36.823804997,10.439374667,19.421441755));
#3571=DIRECTION('',(-0.,0.,1.));
#3572=DIRECTION('',(1.,0.,0.));
#3573=AXIS2_PLACEMENT_3D('',#3570,#3571,#3572);
#3574=CIRCLE('',#3573,1.909376067);
#3575=EDGE_CURVE('',#3567,#3569,#3574,.T.);
#3576=ORIENTED_EDGE('',*,*,#3575,.T.);
#3577=CARTESIAN_POINT('',(-37.335835397,8.599934036,19.421441755));
#3578=CARTESIAN_POINT('',(-37.167502548,8.553076565,19.421441755));
#3579=CARTESIAN_POINT('',(-36.996761438,8.5299986,19.40969487));
#3580=CARTESIAN_POINT('',(-36.823804997,8.5299986,19.384842499));
#3581=B_SPLINE_CURVE_WITH_KNOTS('',3,(#3577,#3578,#3579,#3580),.UNSPECIFIED.,.F.,.F.,(4,4),(0.,0.000518079),.UNSPECIFIED.);
#3582=EDGE_CURVE('',#3569,#3161,#3581,.T.);
#3583=ORIENTED_EDGE('',*,*,#3582,.T.);
#3584=ORIENTED_EDGE('',*,*,#3208,.T.);
#3585=CARTESIAN_POINT('',(-38.173937762,9.089241902,16.615313174));
#3586=VERTEX_POINT('',#3585);
#3587=CARTESIAN_POINT('',(-36.823804997,8.5299986,16.856078054));
#3588=CARTESIAN_POINT('',(-36.884138988,8.5299986,16.885936699));
#3589=CARTESIAN_POINT('',(-36.94607203,8.532852865,16.910064926));
#3590=CARTESIAN_POINT('',(-37.009469906,8.53904693,16.928750641));
#3591=CARTESIAN_POINT('',(-37.072867782,8.545240995,16.947436356));
#3592=CARTESIAN_POINT('',(-37.138467283,8.554935184,16.960732243));
#3593=CARTESIAN_POINT('',(-37.203530572,8.568138323,16.968238527));
#3594=CARTESIAN_POINT('',(-37.26859386,8.581341462,16.975744811));
#3595=CARTESIAN_POINT('',(-37.332869093,8.597908537,16.977589872));
#3596=CARTESIAN_POINT('',(-37.396341699,8.617859174,16.974258475));
#3597=CARTESIAN_POINT('',(-37.459814305,8.637809812,16.970927078));
#3598=CARTESIAN_POINT('',(-37.522745448,8.661323849,16.962264189));
#3599=CARTESIAN_POINT('',(-37.582675747,8.687281019,16.949146169));
#3600=CARTESIAN_POINT('',(-37.702536344,8.739195359,16.922910129));
#3601=CARTESIAN_POINT('',(-37.814142893,8.802515337,16.878222378));
#3602=CARTESIAN_POINT('',(-37.912585263,8.870848448,16.821445253));
#3603=CARTESIAN_POINT('',(-38.011027633,8.93918156,16.764668128));
#3604=CARTESIAN_POINT('',(-38.097957354,9.013261495,16.695526868));
#3605=CARTESIAN_POINT('',(-38.173937762,9.089241902,16.615313174));
#3606=B_SPLINE_CURVE_WITH_KNOTS('',3,(#3587,#3588,#3589,#3590,#3591,#3592,#3593,#3594,#3595,#3596,#3597,#3598,#3599,#3600,#3601,#3602,#3603,#3604,#3605),.UNSPECIFIED.,.F.,.F.,(4,3,3,3,3,3,4),(0.,0.000199077,0.000398154,0.000597231,0.000796308,0.001194462,0.001592616),.UNSPECIFIED.);
#3607=EDGE_CURVE('',#3196,#3586,#3606,.T.);
#3608=ORIENTED_EDGE('',*,*,#3607,.T.);
#3609=CARTESIAN_POINT('',(-38.173937762,9.089241902,16.615313174));
#3610=DIRECTION('',(-0.,-0.,1.));
#3611=VECTOR('',#3610,2.806128581);
#3612=LINE('',#3609,#3611);
#3613=EDGE_CURVE('',#3586,#3567,#3612,.T.);
#3614=ORIENTED_EDGE('',*,*,#3613,.T.);
#3615=EDGE_LOOP('',(#3576,#3583,#3584,#3608,#3614));
#3616=FACE_BOUND('',#3615,.T.);
#3617=ADVANCED_FACE('',(#3616),#3565,.F.);
#3618=CARTESIAN_POINT('',(-37.335835397,23.519872066,15.821441755));
#3619=DIRECTION('',(0.,-1.,0.));
#3620=DIRECTION('',(1.,0.,0.));
#3621=AXIS2_PLACEMENT_3D('',#3618,#3619,#3620);
#3622=CYLINDRICAL_SURFACE('',#3621,1.154403484);
#3623=CARTESIAN_POINT('',(-36.181431913,6.165755163,15.821441755));
#3624=VERTEX_POINT('',#3623);
#3625=CARTESIAN_POINT('',(-36.181431913,6.165755163,15.821441755));
#3626=DIRECTION('',(-0.,1.,-0.));
#3627=VECTOR('',#3626,2.364243437);
#3628=LINE('',#3625,#3627);
#3629=EDGE_CURVE('',#3624,#3187,#3628,.T.);
#3630=ORIENTED_EDGE('',*,*,#3629,.F.);
#3631=CARTESIAN_POINT('',(-37.335835397,6.165755163,14.667038271));
#3632=VERTEX_POINT('',#3631);
#3633=CARTESIAN_POINT('',(-37.335835397,6.165755163,15.821441755));
#3634=DIRECTION('',(-0.,1.,-0.));
#3635=DIRECTION('',(0.,0.,-1.));
#3636=AXIS2_PLACEMENT_3D('',#3633,#3634,#3635);
#3637=CIRCLE('',#3636,1.154403484);
#3638=EDGE_CURVE('',#3632,#3624,#3637,.T.);
#3639=ORIENTED_EDGE('',*,*,#3638,.F.);
#3640=CARTESIAN_POINT('',(-37.335835397,6.165755163,15.821441755));
#3641=DIRECTION('',(-0.,1.,-0.));
#3642=DIRECTION('',(0.,0.,-1.));
#3643=AXIS2_PLACEMENT_3D('',#3640,#3641,#3642);
#3644=CIRCLE('',#3643,1.154403484);
#3645=EDGE_CURVE('',#3624,#3632,#3644,.T.);
#3646=ORIENTED_EDGE('',*,*,#3645,.F.);
#3647=ORIENTED_EDGE('',*,*,#3629,.T.);
#3648=ORIENTED_EDGE('',*,*,#3193,.T.);
#3649=CARTESIAN_POINT('',(-38.173937762,9.089241902,15.027570335));
#3650=VERTEX_POINT('',#3649);
#3651=CARTESIAN_POINT('',(-38.173937762,9.089241902,15.027570335));
#3652=CARTESIAN_POINT('',(-38.097898344,9.013202484,14.947294343));
#3653=CARTESIAN_POINT('',(-38.011818237,8.939844201,14.878832592));
#3654=CARTESIAN_POINT('',(-37.913805123,8.871695908,14.8221428));
#3655=CARTESIAN_POINT('',(-37.815792008,8.803547615,14.765453008));
#3656=CARTESIAN_POINT('',(-37.703802826,8.73987075,14.720424459));
#3657=CARTESIAN_POINT('',(-37.58422961,8.687954851,14.694078584));
#3658=CARTESIAN_POINT('',(-37.464656394,8.636038951,14.667732709));
#3659=CARTESIAN_POINT('',(-37.334285876,8.594790237,14.659747278));
#3660=CARTESIAN_POINT('',(-37.205163085,8.568470347,14.674457818));
#3661=CARTESIAN_POINT('',(-37.076040294,8.542150456,14.689168358));
#3662=CARTESIAN_POINT('',(-36.944800399,8.5299986,14.726926129));
#3663=CARTESIAN_POINT('',(-36.823804997,8.5299986,14.786805455));
#3664=B_SPLINE_CURVE_WITH_KNOTS('',3,(#3651,#3652,#3653,#3654,#3655,#3656,#3657,#3658,#3659,#3660,#3661,#3662,#3663),.UNSPECIFIED.,.F.,.F.,(4,3,3,3,4),(0.,0.000395658,0.000791315,0.001186973,0.001582631),.UNSPECIFIED.);
#3665=EDGE_CURVE('',#3650,#3179,#3664,.T.);
#3666=ORIENTED_EDGE('',*,*,#3665,.F.);
#3667=CARTESIAN_POINT('',(-37.335835397,8.251139537,15.821441755));
#3668=DIRECTION('',(-0.707106781,-0.707106781,-0.));
#3669=DIRECTION('',(0.707106781,-0.707106781,0.));
#3670=AXIS2_PLACEMENT_3D('',#3667,#3668,#3669);
#3671=ELLIPSE('',#3670,1.632573063,1.154403484);
#3672=EDGE_CURVE('',#3586,#3650,#3671,.T.);
#3673=ORIENTED_EDGE('',*,*,#3672,.F.);
#3674=ORIENTED_EDGE('',*,*,#3607,.F.);
#3675=ORIENTED_EDGE('',*,*,#3202,.T.);
#3676=EDGE_LOOP('',(#3630,#3639,#3646,#3647,#3648,#3666,#3673,#3674,#3675));
#3677=FACE_BOUND('',#3676,.T.);
#3678=ADVANCED_FACE('',(#3677),#3622,.F.);
#3679=CARTESIAN_POINT('',(-37.335835397,7.974490022,15.821441755));
#3680=DIRECTION('',(0.,-1.,0.));
#3681=DIRECTION('',(1.,0.,0.));
#3682=AXIS2_PLACEMENT_3D('',#3679,#3680,#3681);
#3683=CYLINDRICAL_SURFACE('',#3682,3.6);
#3684=CARTESIAN_POINT('',(-33.735835397,6.165755163,15.821441755));
#3685=VERTEX_POINT('',#3684);
#3686=CARTESIAN_POINT('',(-33.735835397,6.165755163,15.821441755));
#3687=DIRECTION('',(-0.,1.,-0.));
#3688=VECTOR('',#3687,2.364243437);
#3689=LINE('',#3686,#3688);
#3690=EDGE_CURVE('',#3685,#3159,#3689,.T.);
#3691=ORIENTED_EDGE('',*,*,#3690,.T.);
#3692=ORIENTED_EDGE('',*,*,#3167,.T.);
#3693=ORIENTED_EDGE('',*,*,#3582,.F.);
#3694=CARTESIAN_POINT('',(-37.335835397,6.165755163,19.421441755));
#3695=VERTEX_POINT('',#3694);
#3696=CARTESIAN_POINT('',(-37.335835397,8.599934036,19.421441755));
#3697=DIRECTION('',(0.,-1.,0.));
#3698=VECTOR('',#3697,2.434178873);
#3699=LINE('',#3696,#3698);
#3700=EDGE_CURVE('',#3569,#3695,#3699,.T.);
#3701=ORIENTED_EDGE('',*,*,#3700,.T.);
#3702=CARTESIAN_POINT('',(-37.335835397,6.165755163,15.821441755));
#3703=DIRECTION('',(-0.,1.,-0.));
#3704=DIRECTION('',(0.,0.,-1.));
#3705=AXIS2_PLACEMENT_3D('',#3702,#3703,#3704);
#3706=CIRCLE('',#3705,3.6);
#3707=EDGE_CURVE('',#3695,#3685,#3706,.T.);
#3708=ORIENTED_EDGE('',*,*,#3707,.T.);
#3709=EDGE_LOOP('',(#3691,#3692,#3693,#3701,#3708));
#3710=FACE_BOUND('',#3709,.T.);
#3711=ADVANCED_FACE('',(#3710),#3683,.T.);
#3712=CARTESIAN_POINT('',(-36.823804997,10.439374667,13.689963176));
#3713=DIRECTION('',(-0.,-0.,1.));
#3714=DIRECTION('',(-0.,1.,0.));
#3715=AXIS2_PLACEMENT_3D('',#3712,#3713,#3714);
#3716=CYLINDRICAL_SURFACE('',#3715,1.909376067);
#3717=ORIENTED_EDGE('',*,*,#3665,.T.);
#3718=ORIENTED_EDGE('',*,*,#3184,.T.);
#3719=CARTESIAN_POINT('',(-37.335835397,8.599934036,12.221441755));
#3720=VERTEX_POINT('',#3719);
#3721=CARTESIAN_POINT('',(-36.823804997,8.5299986,12.25804101));
#3722=CARTESIAN_POINT('',(-36.996761438,8.5299986,12.233188639));
#3723=CARTESIAN_POINT('',(-37.167502548,8.553076565,12.221441755));
#3724=CARTESIAN_POINT('',(-37.335835397,8.599934036,12.221441755));
#3725=B_SPLINE_CURVE_WITH_KNOTS('',3,(#3721,#3722,#3723,#3724),.UNSPECIFIED.,.F.,.F.,(4,4),(0.,0.000518079),.UNSPECIFIED.);
#3726=EDGE_CURVE('',#3170,#3720,#3725,.T.);
#3727=ORIENTED_EDGE('',*,*,#3726,.T.);
#3728=CARTESIAN_POINT('',(-38.173937762,9.089241902,12.221441755));
#3729=VERTEX_POINT('',#3728);
#3730=CARTESIAN_POINT('',(-36.823804997,10.439374667,12.221441755));
#3731=DIRECTION('',(0.,0.,-1.));
#3732=DIRECTION('',(-1.,0.,-0.));
#3733=AXIS2_PLACEMENT_3D('',#3730,#3731,#3732);
#3734=CIRCLE('',#3733,1.909376067);
#3735=EDGE_CURVE('',#3720,#3729,#3734,.T.);
#3736=ORIENTED_EDGE('',*,*,#3735,.T.);
#3737=CARTESIAN_POINT('',(-38.173937762,9.089241902,12.221441755));
#3738=DIRECTION('',(-0.,-0.,1.));
#3739=VECTOR('',#3738,2.806128581);
#3740=LINE('',#3737,#3739);
#3741=EDGE_CURVE('',#3729,#3650,#3740,.T.);
#3742=ORIENTED_EDGE('',*,*,#3741,.T.);
#3743=EDGE_LOOP('',(#3717,#3718,#3727,#3736,#3742));
#3744=FACE_BOUND('',#3743,.T.);
#3745=ADVANCED_FACE('',(#3744),#3716,.F.);
#3746=CARTESIAN_POINT('',(-37.809866345,8.725170485,13.689963176));
#3747=DIRECTION('',(-0.707106781,-0.707106781,-0.));
#3748=DIRECTION('',(0.,0.,-1.));
#3749=AXIS2_PLACEMENT_3D('',#3746,#3747,#3748);
#3750=PLANE('',#3749);
#3751=ORIENTED_EDGE('',*,*,#3672,.T.);
#3752=ORIENTED_EDGE('',*,*,#3741,.F.);
#3753=CARTESIAN_POINT('',(-40.7553514,11.67065554,12.221441755));
#3754=VERTEX_POINT('',#3753);
#3755=CARTESIAN_POINT('',(-38.173937762,9.089241902,12.221441755));
#3756=DIRECTION('',(-0.707106781,0.707106781,-0.));
#3757=VECTOR('',#3756,3.650670178);
#3758=LINE('',#3755,#3757);
#3759=EDGE_CURVE('',#3729,#3754,#3758,.T.);
#3760=ORIENTED_EDGE('',*,*,#3759,.T.);
#3761=CARTESIAN_POINT('',(-40.7553514,11.67065554,19.421441755));
#3762=VERTEX_POINT('',#3761);
#3763=CARTESIAN_POINT('',(-40.7553514,11.67065554,19.421441755));
#3764=DIRECTION('',(0.,0.,-1.));
#3765=VECTOR('',#3764,7.2);
#3766=LINE('',#3763,#3765);
#3767=EDGE_CURVE('',#3762,#3754,#3766,.T.);
#3768=ORIENTED_EDGE('',*,*,#3767,.F.);
#3769=CARTESIAN_POINT('',(-40.7553514,11.67065554,19.421441755));
#3770=DIRECTION('',(0.707106781,-0.707106781,0.));
#3771=VECTOR('',#3770,3.650670178);
#3772=LINE('',#3769,#3771);
#3773=EDGE_CURVE('',#3762,#3567,#3772,.T.);
#3774=ORIENTED_EDGE('',*,*,#3773,.T.);
#3775=ORIENTED_EDGE('',*,*,#3613,.F.);
#3776=EDGE_LOOP('',(#3751,#3752,#3760,#3768,#3774,#3775));
#3777=FACE_BOUND('',#3776,.T.);
#3778=ADVANCED_FACE('',(#3777),#3750,.F.);
#3779=CARTESIAN_POINT('',(-39.405218635,13.020788305,18.421441755));
#3780=DIRECTION('',(-0.,-0.,1.));
#3781=DIRECTION('',(-0.,1.,0.));
#3782=AXIS2_PLACEMENT_3D('',#3779,#3780,#3781);
#3783=CYLINDRICAL_SURFACE('',#3782,1.909376067);
#3784=CARTESIAN_POINT('',(-41.314594702,13.020788305,12.221441755));
#3785=VERTEX_POINT('',#3784);
#3786=CARTESIAN_POINT('',(-39.405218635,13.020788305,12.221441755));
#3787=DIRECTION('',(0.,0.,-1.));
#3788=DIRECTION('',(-1.,0.,-0.));
#3789=AXIS2_PLACEMENT_3D('',#3786,#3787,#3788);
#3790=CIRCLE('',#3789,1.909376067);
#3791=EDGE_CURVE('',#3754,#3785,#3790,.T.);
#3792=ORIENTED_EDGE('',*,*,#3791,.T.);
#3793=CARTESIAN_POINT('',(-41.314594702,13.020788305,19.421441755));
#3794=VERTEX_POINT('',#3793);
#3795=CARTESIAN_POINT('',(-41.314594702,13.020788305,19.421441755));
#3796=DIRECTION('',(0.,0.,-1.));
#3797=VECTOR('',#3796,7.2);
#3798=LINE('',#3795,#3797);
#3799=EDGE_CURVE('',#3794,#3785,#3798,.T.);
#3800=ORIENTED_EDGE('',*,*,#3799,.F.);
#3801=CARTESIAN_POINT('',(-39.405218635,13.020788305,19.421441755));
#3802=DIRECTION('',(-0.,0.,1.));
#3803=DIRECTION('',(1.,0.,0.));
#3804=AXIS2_PLACEMENT_3D('',#3801,#3802,#3803);
#3805=CIRCLE('',#3804,1.909376067);
#3806=EDGE_CURVE('',#3794,#3762,#3805,.T.);
#3807=ORIENTED_EDGE('',*,*,#3806,.T.);
#3808=ORIENTED_EDGE('',*,*,#3767,.T.);
#3809=EDGE_LOOP('',(#3792,#3800,#3807,#3808));
#3810=FACE_BOUND('',#3809,.T.);
#3811=ADVANCED_FACE('',(#3810),#3783,.F.);
#3812=CARTESIAN_POINT('',(-36.823804997,10.439374667,28.727021669));
#3813=DIRECTION('',(-0.,-0.,1.));
#3814=DIRECTION('',(-0.,1.,0.));
#3815=AXIS2_PLACEMENT_3D('',#3812,#3813,#3814);
#3816=CYLINDRICAL_SURFACE('',#3815,1.909376067);
#3817=CARTESIAN_POINT('',(-38.173937762,9.089241902,34.458500248));
#3818=VERTEX_POINT('',#3817);
#3819=CARTESIAN_POINT('',(-37.335835397,8.599934036,34.458500248));
#3820=VERTEX_POINT('',#3819);
#3821=CARTESIAN_POINT('',(-36.823804997,10.439374667,34.458500248));
#3822=DIRECTION('',(-0.,0.,1.));
#3823=DIRECTION('',(1.,0.,0.));
#3824=AXIS2_PLACEMENT_3D('',#3821,#3822,#3823);
#3825=CIRCLE('',#3824,1.909376067);
#3826=EDGE_CURVE('',#3818,#3820,#3825,.T.);
#3827=ORIENTED_EDGE('',*,*,#3826,.T.);
#3828=CARTESIAN_POINT('',(-37.335835397,8.599934036,34.458500248));
#3829=CARTESIAN_POINT('',(-37.167502548,8.553076565,34.458500248));
#3830=CARTESIAN_POINT('',(-36.996761438,8.5299986,34.446753363));
#3831=CARTESIAN_POINT('',(-36.823804997,8.5299986,34.421900992));
#3832=B_SPLINE_CURVE_WITH_KNOTS('',3,(#3828,#3829,#3830,#3831),.UNSPECIFIED.,.F.,.F.,(4,4),(0.,0.000518079),.UNSPECIFIED.);
#3833=EDGE_CURVE('',#3820,#3221,#3832,.T.);
#3834=ORIENTED_EDGE('',*,*,#3833,.T.);
#3835=ORIENTED_EDGE('',*,*,#3268,.T.);
#3836=CARTESIAN_POINT('',(-38.173937762,9.089241902,31.652371667));
#3837=VERTEX_POINT('',#3836);
#3838=CARTESIAN_POINT('',(-36.823804997,8.5299986,31.893136547));
#3839=CARTESIAN_POINT('',(-36.884138988,8.5299986,31.922995192));
#3840=CARTESIAN_POINT('',(-36.94607203,8.532852865,31.947123419));
#3841=CARTESIAN_POINT('',(-37.009469906,8.53904693,31.965809134));
#3842=CARTESIAN_POINT('',(-37.072867782,8.545240995,31.984494849));
#3843=CARTESIAN_POINT('',(-37.138467283,8.554935184,31.997790736));
#3844=CARTESIAN_POINT('',(-37.203530572,8.568138323,32.00529702));
#3845=CARTESIAN_POINT('',(-37.26859386,8.581341462,32.012803304));
#3846=CARTESIAN_POINT('',(-37.332869093,8.597908537,32.014648365));
#3847=CARTESIAN_POINT('',(-37.396341699,8.617859174,32.011316968));
#3848=CARTESIAN_POINT('',(-37.459814305,8.637809812,32.007985572));
#3849=CARTESIAN_POINT('',(-37.522745448,8.661323849,31.999322682));
#3850=CARTESIAN_POINT('',(-37.582675747,8.687281019,31.986204662));
#3851=CARTESIAN_POINT('',(-37.702536344,8.739195359,31.959968622));
#3852=CARTESIAN_POINT('',(-37.814142893,8.802515337,31.915280871));
#3853=CARTESIAN_POINT('',(-37.912585263,8.870848448,31.858503746));
#3854=CARTESIAN_POINT('',(-38.011027633,8.93918156,31.801726621));
#3855=CARTESIAN_POINT('',(-38.097957354,9.013261495,31.732585361));
#3856=CARTESIAN_POINT('',(-38.173937762,9.089241902,31.652371667));
#3857=B_SPLINE_CURVE_WITH_KNOTS('',3,(#3838,#3839,#3840,#3841,#3842,#3843,#3844,#3845,#3846,#3847,#3848,#3849,#3850,#3851,#3852,#3853,#3854,#3855,#3856),.UNSPECIFIED.,.F.,.F.,(4,3,3,3,3,3,4),(0.,0.000199077,0.000398154,0.000597231,0.000796308,0.001194462,0.001592616),.UNSPECIFIED.);
#3858=EDGE_CURVE('',#3256,#3837,#3857,.T.);
#3859=ORIENTED_EDGE('',*,*,#3858,.T.);
#3860=CARTESIAN_POINT('',(-38.173937762,9.089241902,31.652371667));
#3861=DIRECTION('',(-0.,-0.,1.));
#3862=VECTOR('',#3861,2.806128581);
#3863=LINE('',#3860,#3862);
#3864=EDGE_CURVE('',#3837,#3818,#3863,.T.);
#3865=ORIENTED_EDGE('',*,*,#3864,.T.);
#3866=EDGE_LOOP('',(#3827,#3834,#3835,#3859,#3865));
#3867=FACE_BOUND('',#3866,.T.);
#3868=ADVANCED_FACE('',(#3867),#3816,.F.);
#3869=CARTESIAN_POINT('',(-37.335835397,23.519872066,30.858500248));
#3870=DIRECTION('',(0.,-1.,0.));
#3871=DIRECTION('',(1.,0.,0.));
#3872=AXIS2_PLACEMENT_3D('',#3869,#3870,#3871);
#3873=CYLINDRICAL_SURFACE('',#3872,1.154403484);
#3874=CARTESIAN_POINT('',(-36.181431913,6.165755163,30.858500248));
#3875=VERTEX_POINT('',#3874);
#3876=CARTESIAN_POINT('',(-36.181431913,6.165755163,30.858500248));
#3877=DIRECTION('',(-0.,1.,-0.));
#3878=VECTOR('',#3877,2.364243437);
#3879=LINE('',#3876,#3878);
#3880=EDGE_CURVE('',#3875,#3247,#3879,.T.);
#3881=ORIENTED_EDGE('',*,*,#3880,.F.);
#3882=CARTESIAN_POINT('',(-37.335835397,6.165755163,29.704096764));
#3883=VERTEX_POINT('',#3882);
#3884=CARTESIAN_POINT('',(-37.335835397,6.165755163,30.858500248));
#3885=DIRECTION('',(-0.,1.,-0.));
#3886=DIRECTION('',(0.,0.,-1.));
#3887=AXIS2_PLACEMENT_3D('',#3884,#3885,#3886);
#3888=CIRCLE('',#3887,1.154403484);
#3889=EDGE_CURVE('',#3883,#3875,#3888,.T.);
#3890=ORIENTED_EDGE('',*,*,#3889,.F.);
#3891=CARTESIAN_POINT('',(-37.335835397,6.165755163,30.858500248));
#3892=DIRECTION('',(-0.,1.,-0.));
#3893=DIRECTION('',(0.,0.,-1.));
#3894=AXIS2_PLACEMENT_3D('',#3891,#3892,#3893);
#3895=CIRCLE('',#3894,1.154403484);
#3896=EDGE_CURVE('',#3875,#3883,#3895,.T.);
#3897=ORIENTED_EDGE('',*,*,#3896,.F.);
#3898=ORIENTED_EDGE('',*,*,#3880,.T.);
#3899=ORIENTED_EDGE('',*,*,#3253,.T.);
#3900=CARTESIAN_POINT('',(-38.173937762,9.089241902,30.064628828));
#3901=VERTEX_POINT('',#3900);
#3902=CARTESIAN_POINT('',(-38.173937762,9.089241902,30.064628828));
#3903=CARTESIAN_POINT('',(-38.097898344,9.013202484,29.984352836));
#3904=CARTESIAN_POINT('',(-38.011818237,8.939844201,29.915891085));
#3905=CARTESIAN_POINT('',(-37.913805123,8.871695908,29.859201293));
#3906=CARTESIAN_POINT('',(-37.815792008,8.803547615,29.802511501));
#3907=CARTESIAN_POINT('',(-37.703802826,8.73987075,29.757482952));
#3908=CARTESIAN_POINT('',(-37.58422961,8.687954851,29.731137077));
#3909=CARTESIAN_POINT('',(-37.464656394,8.636038951,29.704791202));
#3910=CARTESIAN_POINT('',(-37.334285876,8.594790237,29.696805771));
#3911=CARTESIAN_POINT('',(-37.205163085,8.568470347,29.711516311));
#3912=CARTESIAN_POINT('',(-37.076040294,8.542150456,29.726226851));
#3913=CARTESIAN_POINT('',(-36.944800399,8.5299986,29.763984622));
#3914=CARTESIAN_POINT('',(-36.823804997,8.5299986,29.823863948));
#3915=B_SPLINE_CURVE_WITH_KNOTS('',3,(#3902,#3903,#3904,#3905,#3906,#3907,#3908,#3909,#3910,#3911,#3912,#3913,#3914),.UNSPECIFIED.,.F.,.F.,(4,3,3,3,4),(0.,0.000395658,0.000791315,0.001186973,0.001582631),.UNSPECIFIED.);
#3916=EDGE_CURVE('',#3901,#3239,#3915,.T.);
#3917=ORIENTED_EDGE('',*,*,#3916,.F.);
#3918=CARTESIAN_POINT('',(-37.335835397,8.251139537,30.858500248));
#3919=DIRECTION('',(-0.707106781,-0.707106781,-0.));
#3920=DIRECTION('',(0.707106781,-0.707106781,0.));
#3921=AXIS2_PLACEMENT_3D('',#3918,#3919,#3920);
#3922=ELLIPSE('',#3921,1.632573063,1.154403484);
#3923=EDGE_CURVE('',#3837,#3901,#3922,.T.);
#3924=ORIENTED_EDGE('',*,*,#3923,.F.);
#3925=ORIENTED_EDGE('',*,*,#3858,.F.);
#3926=ORIENTED_EDGE('',*,*,#3262,.T.);
#3927=EDGE_LOOP('',(#3881,#3890,#3897,#3898,#3899,#3917,#3924,#3925,#3926));
#3928=FACE_BOUND('',#3927,.T.);
#3929=ADVANCED_FACE('',(#3928),#3873,.F.);
#3930=CARTESIAN_POINT('',(-37.335835397,7.974490022,30.858500248));
#3931=DIRECTION('',(0.,-1.,0.));
#3932=DIRECTION('',(1.,0.,0.));
#3933=AXIS2_PLACEMENT_3D('',#3930,#3931,#3932);
#3934=CYLINDRICAL_SURFACE('',#3933,3.6);
#3935=CARTESIAN_POINT('',(-33.735835397,6.165755163,30.858500248));
#3936=VERTEX_POINT('',#3935);
#3937=CARTESIAN_POINT('',(-33.735835397,6.165755163,30.858500248));
#3938=DIRECTION('',(-0.,1.,-0.));
#3939=VECTOR('',#3938,2.364243437);
#3940=LINE('',#3937,#3939);
#3941=EDGE_CURVE('',#3936,#3219,#3940,.T.);
#3942=ORIENTED_EDGE('',*,*,#3941,.T.);
#3943=ORIENTED_EDGE('',*,*,#3227,.T.);
#3944=ORIENTED_EDGE('',*,*,#3833,.F.);
#3945=CARTESIAN_POINT('',(-37.335835397,6.165755163,34.458500248));
#3946=VERTEX_POINT('',#3945);
#3947=CARTESIAN_POINT('',(-37.335835397,8.599934036,34.458500248));
#3948=DIRECTION('',(0.,-1.,0.));
#3949=VECTOR('',#3948,2.434178873);
#3950=LINE('',#3947,#3949);
#3951=EDGE_CURVE('',#3820,#3946,#3950,.T.);
#3952=ORIENTED_EDGE('',*,*,#3951,.T.);
#3953=CARTESIAN_POINT('',(-37.335835397,6.165755163,30.858500248));
#3954=DIRECTION('',(-0.,1.,-0.));
#3955=DIRECTION('',(0.,0.,-1.));
#3956=AXIS2_PLACEMENT_3D('',#3953,#3954,#3955);
#3957=CIRCLE('',#3956,3.6);
#3958=EDGE_CURVE('',#3946,#3936,#3957,.T.);
#3959=ORIENTED_EDGE('',*,*,#3958,.T.);
#3960=EDGE_LOOP('',(#3942,#3943,#3944,#3952,#3959));
#3961=FACE_BOUND('',#3960,.T.);
#3962=ADVANCED_FACE('',(#3961),#3934,.T.);
#3963=CARTESIAN_POINT('',(-36.823804997,10.439374667,28.727021669));
#3964=DIRECTION('',(-0.,-0.,1.));
#3965=DIRECTION('',(-0.,1.,0.));
#3966=AXIS2_PLACEMENT_3D('',#3963,#3964,#3965);
#3967=CYLINDRICAL_SURFACE('',#3966,1.909376067);
#3968=ORIENTED_EDGE('',*,*,#3916,.T.);
#3969=ORIENTED_EDGE('',*,*,#3244,.T.);
#3970=CARTESIAN_POINT('',(-37.335835397,8.599934036,27.258500248));
#3971=VERTEX_POINT('',#3970);
#3972=CARTESIAN_POINT('',(-36.823804997,8.5299986,27.295099503));
#3973=CARTESIAN_POINT('',(-36.996761438,8.5299986,27.270247132));
#3974=CARTESIAN_POINT('',(-37.167502548,8.553076565,27.258500248));
#3975=CARTESIAN_POINT('',(-37.335835397,8.599934036,27.258500248));
#3976=B_SPLINE_CURVE_WITH_KNOTS('',3,(#3972,#3973,#3974,#3975),.UNSPECIFIED.,.F.,.F.,(4,4),(0.,0.000518079),.UNSPECIFIED.);
#3977=EDGE_CURVE('',#3230,#3971,#3976,.T.);
#3978=ORIENTED_EDGE('',*,*,#3977,.T.);
#3979=CARTESIAN_POINT('',(-38.173937762,9.089241902,27.258500248));
#3980=VERTEX_POINT('',#3979);
#3981=CARTESIAN_POINT('',(-36.823804997,10.439374667,27.258500248));
#3982=DIRECTION('',(0.,0.,-1.));
#3983=DIRECTION('',(-1.,0.,-0.));
#3984=AXIS2_PLACEMENT_3D('',#3981,#3982,#3983);
#3985=CIRCLE('',#3984,1.909376067);
#3986=EDGE_CURVE('',#3971,#3980,#3985,.T.);
#3987=ORIENTED_EDGE('',*,*,#3986,.T.);
#3988=CARTESIAN_POINT('',(-38.173937762,9.089241902,27.258500248));
#3989=DIRECTION('',(-0.,-0.,1.));
#3990=VECTOR('',#3989,2.806128581);
#3991=LINE('',#3988,#3990);
#3992=EDGE_CURVE('',#3980,#3901,#3991,.T.);
#3993=ORIENTED_EDGE('',*,*,#3992,.T.);
#3994=EDGE_LOOP('',(#3968,#3969,#3978,#3987,#3993));
#3995=FACE_BOUND('',#3994,.T.);
#3996=ADVANCED_FACE('',(#3995),#3967,.F.);
#3997=CARTESIAN_POINT('',(-37.809866345,8.725170485,28.727021669));
#3998=DIRECTION('',(-0.707106781,-0.707106781,-0.));
#3999=DIRECTION('',(0.,0.,-1.));
#4000=AXIS2_PLACEMENT_3D('',#3997,#3998,#3999);
#4001=PLANE('',#4000);
#4002=ORIENTED_EDGE('',*,*,#3923,.T.);
#4003=ORIENTED_EDGE('',*,*,#3992,.F.);
#4004=CARTESIAN_POINT('',(-40.7553514,11.67065554,27.258500248));
#4005=VERTEX_POINT('',#4004);
#4006=CARTESIAN_POINT('',(-38.173937762,9.089241902,27.258500248));
#4007=DIRECTION('',(-0.707106781,0.707106781,-0.));
#4008=VECTOR('',#4007,3.650670178);
#4009=LINE('',#4006,#4008);
#4010=EDGE_CURVE('',#3980,#4005,#4009,.T.);
#4011=ORIENTED_EDGE('',*,*,#4010,.T.);
#4012=CARTESIAN_POINT('',(-40.7553514,11.67065554,34.458500248));
#4013=VERTEX_POINT('',#4012);
#4014=CARTESIAN_POINT('',(-40.7553514,11.67065554,34.458500248));
#4015=DIRECTION('',(0.,0.,-1.));
#4016=VECTOR('',#4015,7.2);
#4017=LINE('',#4014,#4016);
#4018=EDGE_CURVE('',#4013,#4005,#4017,.T.);
#4019=ORIENTED_EDGE('',*,*,#4018,.F.);
#4020=CARTESIAN_POINT('',(-40.7553514,11.67065554,34.458500248));
#4021=DIRECTION('',(0.707106781,-0.707106781,0.));
#4022=VECTOR('',#4021,3.650670178);
#4023=LINE('',#4020,#4022);
#4024=EDGE_CURVE('',#4013,#3818,#4023,.T.);
#4025=ORIENTED_EDGE('',*,*,#4024,.T.);
#4026=ORIENTED_EDGE('',*,*,#3864,.F.);
#4027=EDGE_LOOP('',(#4002,#4003,#4011,#4019,#4025,#4026));
#4028=FACE_BOUND('',#4027,.T.);
#4029=ADVANCED_FACE('',(#4028),#4001,.F.);
#4030=CARTESIAN_POINT('',(-39.405218635,13.020788305,33.458500248));
#4031=DIRECTION('',(-0.,-0.,1.));
#4032=DIRECTION('',(-0.,1.,0.));
#4033=AXIS2_PLACEMENT_3D('',#4030,#4031,#4032);
#4034=CYLINDRICAL_SURFACE('',#4033,1.909376067);
#4035=CARTESIAN_POINT('',(-41.314594702,13.020788305,27.258500248));
#4036=VERTEX_POINT('',#4035);
#4037=CARTESIAN_POINT('',(-39.405218635,13.020788305,27.258500248));
#4038=DIRECTION('',(0.,0.,-1.));
#4039=DIRECTION('',(-1.,0.,-0.));
#4040=AXIS2_PLACEMENT_3D('',#4037,#4038,#4039);
#4041=CIRCLE('',#4040,1.909376067);
#4042=EDGE_CURVE('',#4005,#4036,#4041,.T.);
#4043=ORIENTED_EDGE('',*,*,#4042,.T.);
#4044=CARTESIAN_POINT('',(-41.314594702,13.020788305,34.458500248));
#4045=VERTEX_POINT('',#4044);
#4046=CARTESIAN_POINT('',(-41.314594702,13.020788305,34.458500248));
#4047=DIRECTION('',(0.,0.,-1.));
#4048=VECTOR('',#4047,7.2);
#4049=LINE('',#4046,#4048);
#4050=EDGE_CURVE('',#4045,#4036,#4049,.T.);
#4051=ORIENTED_EDGE('',*,*,#4050,.F.);
#4052=CARTESIAN_POINT('',(-39.405218635,13.020788305,34.458500248));
#4053=DIRECTION('',(-0.,0.,1.));
#4054=DIRECTION('',(1.,0.,0.));
#4055=AXIS2_PLACEMENT_3D('',#4052,#4053,#4054);
#4056=CIRCLE('',#4055,1.909376067);
#4057=EDGE_CURVE('',#4045,#4013,#4056,.T.);
#4058=ORIENTED_EDGE('',*,*,#4057,.T.);
#4059=ORIENTED_EDGE('',*,*,#4018,.T.);
#4060=EDGE_LOOP('',(#4043,#4051,#4058,#4059));
#4061=FACE_BOUND('',#4060,.T.);
#4062=ADVANCED_FACE('',(#4061),#4034,.F.);
#4063=CARTESIAN_POINT('',(-36.823804997,37.931398667,28.727021669));
#4064=DIRECTION('',(-0.,-0.,1.));
#4065=DIRECTION('',(-0.,-1.,-0.));
#4066=AXIS2_PLACEMENT_3D('',#4063,#4064,#4065);
#4067=CYLINDRICAL_SURFACE('',#4066,1.909376067);
#4068=CARTESIAN_POINT('',(-38.173937762,39.281531432,30.064628828));
#4069=VERTEX_POINT('',#4068);
#4070=CARTESIAN_POINT('',(-38.173937762,39.281531432,30.064628828));
#4071=CARTESIAN_POINT('',(-38.097898344,39.357570849,29.984352836));
#4072=CARTESIAN_POINT('',(-38.011818237,39.430929133,29.915891085));
#4073=CARTESIAN_POINT('',(-37.913805123,39.499077426,29.859201293));
#4074=CARTESIAN_POINT('',(-37.815792008,39.567225719,29.802511501));
#4075=CARTESIAN_POINT('',(-37.703802826,39.630902584,29.757482952));
#4076=CARTESIAN_POINT('',(-37.58422961,39.682818483,29.731137077));
#4077=CARTESIAN_POINT('',(-37.464656394,39.734734382,29.704791202));
#4078=CARTESIAN_POINT('',(-37.334285876,39.775983096,29.696805771));
#4079=CARTESIAN_POINT('',(-37.205163085,39.802302987,29.711516311));
#4080=CARTESIAN_POINT('',(-37.076040294,39.828622877,29.726226851));
#4081=CARTESIAN_POINT('',(-36.944800399,39.840774734,29.763984622));
#4082=CARTESIAN_POINT('',(-36.823804997,39.840774734,29.823863948));
#4083=B_SPLINE_CURVE_WITH_KNOTS('',3,(#4070,#4071,#4072,#4073,#4074,#4075,#4076,#4077,#4078,#4079,#4080,#4081,#4082),.UNSPECIFIED.,.F.,.F.,(4,3,3,3,4),(0.,0.000395658,0.000791315,0.001186973,0.001582631),.UNSPECIFIED.);
#4084=EDGE_CURVE('',#4069,#3316,#4083,.T.);
#4085=ORIENTED_EDGE('',*,*,#4084,.F.);
#4086=CARTESIAN_POINT('',(-38.173937762,39.281531432,27.258500248));
#4087=VERTEX_POINT('',#4086);
#4088=CARTESIAN_POINT('',(-38.173937762,39.281531432,27.258500248));
#4089=DIRECTION('',(-0.,-0.,1.));
#4090=VECTOR('',#4089,2.806128581);
#4091=LINE('',#4088,#4090);
#4092=EDGE_CURVE('',#4087,#4069,#4091,.T.);
#4093=ORIENTED_EDGE('',*,*,#4092,.F.);
#4094=CARTESIAN_POINT('',(-37.335835397,39.770839298,27.258500248));
#4095=VERTEX_POINT('',#4094);
#4096=CARTESIAN_POINT('',(-36.823804997,37.931398667,27.258500248));
#4097=DIRECTION('',(-0.,-0.,1.));
#4098=DIRECTION('',(-1.,0.,-0.));
#4099=AXIS2_PLACEMENT_3D('',#4096,#4097,#4098);
#4100=CIRCLE('',#4099,1.909376067);
#4101=EDGE_CURVE('',#4095,#4087,#4100,.T.);
#4102=ORIENTED_EDGE('',*,*,#4101,.F.);
#4103=CARTESIAN_POINT('',(-36.823804997,39.840774734,27.295099503));
#4104=CARTESIAN_POINT('',(-36.996761438,39.840774734,27.270247132));
#4105=CARTESIAN_POINT('',(-37.167502548,39.817696769,27.258500248));
#4106=CARTESIAN_POINT('',(-37.335835397,39.770839298,27.258500248));
#4107=B_SPLINE_CURVE_WITH_KNOTS('',3,(#4103,#4104,#4105,#4106),.UNSPECIFIED.,.F.,.F.,(4,4),(0.,0.000518079),.UNSPECIFIED.);
#4108=EDGE_CURVE('',#3279,#4095,#4107,.T.);
#4109=ORIENTED_EDGE('',*,*,#4108,.F.);
#4110=ORIENTED_EDGE('',*,*,#3328,.F.);
#4111=EDGE_LOOP('',(#4085,#4093,#4102,#4109,#4110));
#4112=FACE_BOUND('',#4111,.T.);
#4113=ADVANCED_FACE('',(#4112),#4067,.F.);
#4114=CARTESIAN_POINT('',(-37.335835397,22.876113553,30.858500248));
#4115=DIRECTION('',(0.,1.,0.));
#4116=DIRECTION('',(1.,-0.,0.));
#4117=AXIS2_PLACEMENT_3D('',#4114,#4115,#4116);
#4118=CYLINDRICAL_SURFACE('',#4117,1.154403484);
#4119=CARTESIAN_POINT('',(-36.181431913,42.007032187,30.858500248));
#4120=VERTEX_POINT('',#4119);
#4121=CARTESIAN_POINT('',(-36.181431913,42.007032187,30.858500248));
#4122=DIRECTION('',(-0.,-1.,-0.));
#4123=VECTOR('',#4122,2.166257453);
#4124=LINE('',#4121,#4123);
#4125=EDGE_CURVE('',#4120,#3307,#4124,.T.);
#4126=ORIENTED_EDGE('',*,*,#4125,.F.);
#4127=CARTESIAN_POINT('',(-37.335835397,42.007032187,32.012903731));
#4128=VERTEX_POINT('',#4127);
#4129=CARTESIAN_POINT('',(-37.335835397,42.007032187,30.858500248));
#4130=DIRECTION('',(0.,1.,0.));
#4131=DIRECTION('',(0.,-0.,1.));
#4132=AXIS2_PLACEMENT_3D('',#4129,#4130,#4131);
#4133=CIRCLE('',#4132,1.154403484);
#4134=EDGE_CURVE('',#4120,#4128,#4133,.T.);
#4135=ORIENTED_EDGE('',*,*,#4134,.T.);
#4136=CARTESIAN_POINT('',(-37.335835397,42.007032187,30.858500248));
#4137=DIRECTION('',(0.,1.,0.));
#4138=DIRECTION('',(0.,-0.,1.));
#4139=AXIS2_PLACEMENT_3D('',#4136,#4137,#4138);
#4140=CIRCLE('',#4139,1.154403484);
#4141=EDGE_CURVE('',#4128,#4120,#4140,.T.);
#4142=ORIENTED_EDGE('',*,*,#4141,.T.);
#4143=ORIENTED_EDGE('',*,*,#4125,.T.);
#4144=ORIENTED_EDGE('',*,*,#3313,.F.);
#4145=CARTESIAN_POINT('',(-38.173937762,39.281531432,31.652371667));
#4146=VERTEX_POINT('',#4145);
#4147=CARTESIAN_POINT('',(-36.823804997,39.840774734,31.893136547));
#4148=CARTESIAN_POINT('',(-36.884138988,39.840774734,31.922995192));
#4149=CARTESIAN_POINT('',(-36.94607203,39.837920469,31.947123419));
#4150=CARTESIAN_POINT('',(-37.009469906,39.831726404,31.965809134));
#4151=CARTESIAN_POINT('',(-37.072867782,39.825532338,31.984494849));
#4152=CARTESIAN_POINT('',(-37.138467283,39.815838149,31.997790736));
#4153=CARTESIAN_POINT('',(-37.203530572,39.80263501,32.00529702));
#4154=CARTESIAN_POINT('',(-37.26859386,39.789431871,32.012803304));
#4155=CARTESIAN_POINT('',(-37.332869093,39.772864797,32.014648365));
#4156=CARTESIAN_POINT('',(-37.396341699,39.75291416,32.011316968));
#4157=CARTESIAN_POINT('',(-37.459814305,39.732963522,32.007985572));
#4158=CARTESIAN_POINT('',(-37.522745448,39.709449485,31.999322682));
#4159=CARTESIAN_POINT('',(-37.582675747,39.683492315,31.986204662));
#4160=CARTESIAN_POINT('',(-37.702536344,39.631577975,31.959968622));
#4161=CARTESIAN_POINT('',(-37.814142893,39.568257997,31.915280871));
#4162=CARTESIAN_POINT('',(-37.912585263,39.499924885,31.858503746));
#4163=CARTESIAN_POINT('',(-38.011027633,39.431591773,31.801726621));
#4164=CARTESIAN_POINT('',(-38.097957354,39.357511839,31.732585361));
#4165=CARTESIAN_POINT('',(-38.173937762,39.281531432,31.652371667));
#4166=B_SPLINE_CURVE_WITH_KNOTS('',3,(#4147,#4148,#4149,#4150,#4151,#4152,#4153,#4154,#4155,#4156,#4157,#4158,#4159,#4160,#4161,#4162,#4163,#4164,#4165),.UNSPECIFIED.,.F.,.F.,(4,3,3,3,3,3,4),(0.,0.000199077,0.000398154,0.000597231,0.000796308,0.001194462,0.001592616),.UNSPECIFIED.);
#4167=EDGE_CURVE('',#3299,#4146,#4166,.T.);
#4168=ORIENTED_EDGE('',*,*,#4167,.T.);
#4169=CARTESIAN_POINT('',(-37.335835397,40.119633796,30.858500248));
#4170=DIRECTION('',(0.707106781,-0.707106781,0.));
#4171=DIRECTION('',(0.707106781,0.707106781,0.));
#4172=AXIS2_PLACEMENT_3D('',#4169,#4170,#4171);
#4173=ELLIPSE('',#4172,1.632573063,1.154403484);
#4174=EDGE_CURVE('',#4146,#4069,#4173,.T.);
#4175=ORIENTED_EDGE('',*,*,#4174,.T.);
#4176=ORIENTED_EDGE('',*,*,#4084,.T.);
#4177=ORIENTED_EDGE('',*,*,#3322,.F.);
#4178=EDGE_LOOP('',(#4126,#4135,#4142,#4143,#4144,#4168,#4175,#4176,#4177));
#4179=FACE_BOUND('',#4178,.T.);
#4180=ADVANCED_FACE('',(#4179),#4118,.F.);
#4181=CARTESIAN_POINT('',(-37.335835397,38.421495596,30.858500248));
#4182=DIRECTION('',(0.,1.,0.));
#4183=DIRECTION('',(1.,-0.,0.));
#4184=AXIS2_PLACEMENT_3D('',#4181,#4182,#4183);
#4185=CYLINDRICAL_SURFACE('',#4184,3.6);
#4186=CARTESIAN_POINT('',(-33.735835397,42.007032187,30.858500248));
#4187=VERTEX_POINT('',#4186);
#4188=CARTESIAN_POINT('',(-33.735835397,42.007032187,30.858500248));
#4189=DIRECTION('',(-0.,-1.,-0.));
#4190=VECTOR('',#4189,2.166257453);
#4191=LINE('',#4188,#4190);
#4192=EDGE_CURVE('',#4187,#3281,#4191,.T.);
#4193=ORIENTED_EDGE('',*,*,#4192,.T.);
#4194=ORIENTED_EDGE('',*,*,#3287,.F.);
#4195=ORIENTED_EDGE('',*,*,#4108,.T.);
#4196=CARTESIAN_POINT('',(-37.335835397,42.007032187,27.258500248));
#4197=VERTEX_POINT('',#4196);
#4198=CARTESIAN_POINT('',(-37.335835397,42.007032187,27.258500248));
#4199=DIRECTION('',(-0.,-1.,-0.));
#4200=VECTOR('',#4199,2.236192889);
#4201=LINE('',#4198,#4200);
#4202=EDGE_CURVE('',#4197,#4095,#4201,.T.);
#4203=ORIENTED_EDGE('',*,*,#4202,.F.);
#4204=CARTESIAN_POINT('',(-37.335835397,42.007032187,30.858500248));
#4205=DIRECTION('',(0.,1.,0.));
#4206=DIRECTION('',(0.,-0.,1.));
#4207=AXIS2_PLACEMENT_3D('',#4204,#4205,#4206);
#4208=CIRCLE('',#4207,3.6);
#4209=EDGE_CURVE('',#4187,#4197,#4208,.T.);
#4210=ORIENTED_EDGE('',*,*,#4209,.F.);
#4211=EDGE_LOOP('',(#4193,#4194,#4195,#4203,#4210));
#4212=FACE_BOUND('',#4211,.T.);
#4213=ADVANCED_FACE('',(#4212),#4185,.T.);
#4214=CARTESIAN_POINT('',(-36.823804997,37.931398667,28.727021669));
#4215=DIRECTION('',(-0.,-0.,1.));
#4216=DIRECTION('',(-0.,-1.,-0.));
#4217=AXIS2_PLACEMENT_3D('',#4214,#4215,#4216);
#4218=CYLINDRICAL_SURFACE('',#4217,1.909376067);
#4219=CARTESIAN_POINT('',(-38.173937762,39.281531432,34.458500248));
#4220=VERTEX_POINT('',#4219);
#4221=CARTESIAN_POINT('',(-37.335835397,39.770839298,34.458500248));
#4222=VERTEX_POINT('',#4221);
#4223=CARTESIAN_POINT('',(-36.823804997,37.931398667,34.458500248));
#4224=DIRECTION('',(0.,0.,-1.));
#4225=DIRECTION('',(1.,-0.,0.));
#4226=AXIS2_PLACEMENT_3D('',#4223,#4224,#4225);
#4227=CIRCLE('',#4226,1.909376067);
#4228=EDGE_CURVE('',#4220,#4222,#4227,.T.);
#4229=ORIENTED_EDGE('',*,*,#4228,.F.);
#4230=CARTESIAN_POINT('',(-38.173937762,39.281531432,31.652371667));
#4231=DIRECTION('',(-0.,-0.,1.));
#4232=VECTOR('',#4231,2.806128581);
#4233=LINE('',#4230,#4232);
#4234=EDGE_CURVE('',#4146,#4220,#4233,.T.);
#4235=ORIENTED_EDGE('',*,*,#4234,.F.);
#4236=ORIENTED_EDGE('',*,*,#4167,.F.);
#4237=ORIENTED_EDGE('',*,*,#3304,.F.);
#4238=CARTESIAN_POINT('',(-37.335835397,39.770839298,34.458500248));
#4239=CARTESIAN_POINT('',(-37.251668973,39.794268033,34.458500248));
#4240=CARTESIAN_POINT('',(-37.166890453,39.811672193,34.455551558));
#4241=CARTESIAN_POINT('',(-37.081544084,39.823299174,34.449507896));
#4242=CARTESIAN_POINT('',(-37.038870899,39.829112664,34.446486064));
#4243=CARTESIAN_POINT('',(-36.996055081,39.83347665,34.442689934));
#4244=CARTESIAN_POINT('',(-36.953098382,39.836392154,34.438096926));
#4245=CARTESIAN_POINT('',(-36.931620032,39.837849906,34.435800421));
#4246=CARTESIAN_POINT('',(-36.910106426,39.838945237,34.433304645));
#4247=CARTESIAN_POINT('',(-36.888557555,39.839676443,34.430606423));
#4248=CARTESIAN_POINT('',(-36.867008685,39.840407649,34.427908202));
#4249=CARTESIAN_POINT('',(-36.846257673,39.840774734,34.425127251));
#4250=CARTESIAN_POINT('',(-36.823804997,39.840774734,34.421900992));
#4251=B_SPLINE_CURVE_WITH_KNOTS('',3,(#4238,#4239,#4240,#4241,#4242,#4243,#4244,#4245,#4246,#4247,#4248,#4249,#4250),.UNSPECIFIED.,.F.,.F.,(4,3,3,3,4),(0.,0.000259039,0.000388559,0.000453319,0.000518079),.UNSPECIFIED.);
#4252=EDGE_CURVE('',#4222,#3290,#4251,.T.);
#4253=ORIENTED_EDGE('',*,*,#4252,.F.);
#4254=EDGE_LOOP('',(#4229,#4235,#4236,#4237,#4253));
#4255=FACE_BOUND('',#4254,.T.);
#4256=ADVANCED_FACE('',(#4255),#4218,.F.);
#4257=CARTESIAN_POINT('',(-37.809866345,39.645602848,28.727021669));
#4258=DIRECTION('',(-0.707106781,0.707106781,-0.));
#4259=DIRECTION('',(0.,0.,-1.));
#4260=AXIS2_PLACEMENT_3D('',#4257,#4258,#4259);
#4261=PLANE('',#4260);
#4262=ORIENTED_EDGE('',*,*,#4174,.F.);
#4263=ORIENTED_EDGE('',*,*,#4234,.T.);
#4264=CARTESIAN_POINT('',(-40.7553514,36.700117793,34.458500248));
#4265=VERTEX_POINT('',#4264);
#4266=CARTESIAN_POINT('',(-40.7553514,36.700117793,34.458500248));
#4267=DIRECTION('',(0.707106781,0.707106781,0.));
#4268=VECTOR('',#4267,3.650670178);
#4269=LINE('',#4266,#4268);
#4270=EDGE_CURVE('',#4265,#4220,#4269,.T.);
#4271=ORIENTED_EDGE('',*,*,#4270,.F.);
#4272=CARTESIAN_POINT('',(-40.7553514,36.700117793,27.258500248));
#4273=VERTEX_POINT('',#4272);
#4274=CARTESIAN_POINT('',(-40.7553514,36.700117793,34.458500248));
#4275=DIRECTION('',(0.,0.,-1.));
#4276=VECTOR('',#4275,7.2);
#4277=LINE('',#4274,#4276);
#4278=EDGE_CURVE('',#4265,#4273,#4277,.T.);
#4279=ORIENTED_EDGE('',*,*,#4278,.T.);
#4280=CARTESIAN_POINT('',(-38.173937762,39.281531432,27.258500248));
#4281=DIRECTION('',(-0.707106781,-0.707106781,-0.));
#4282=VECTOR('',#4281,3.650670178);
#4283=LINE('',#4280,#4282);
#4284=EDGE_CURVE('',#4087,#4273,#4283,.T.);
#4285=ORIENTED_EDGE('',*,*,#4284,.F.);
#4286=ORIENTED_EDGE('',*,*,#4092,.T.);
#4287=EDGE_LOOP('',(#4262,#4263,#4271,#4279,#4285,#4286));
#4288=FACE_BOUND('',#4287,.T.);
#4289=ADVANCED_FACE('',(#4288),#4261,.F.);
#4290=CARTESIAN_POINT('',(-39.405218635,35.349985028,33.458500248));
#4291=DIRECTION('',(-0.,-0.,1.));
#4292=DIRECTION('',(-0.,-1.,-0.));
#4293=AXIS2_PLACEMENT_3D('',#4290,#4291,#4292);
#4294=CYLINDRICAL_SURFACE('',#4293,1.909376067);
#4295=CARTESIAN_POINT('',(-41.314594702,35.349985028,27.258500248));
#4296=VERTEX_POINT('',#4295);
#4297=CARTESIAN_POINT('',(-39.405218635,35.349985028,27.258500248));
#4298=DIRECTION('',(-0.,-0.,1.));
#4299=DIRECTION('',(-1.,0.,-0.));
#4300=AXIS2_PLACEMENT_3D('',#4297,#4298,#4299);
#4301=CIRCLE('',#4300,1.909376067);
#4302=EDGE_CURVE('',#4273,#4296,#4301,.T.);
#4303=ORIENTED_EDGE('',*,*,#4302,.F.);
#4304=ORIENTED_EDGE('',*,*,#4278,.F.);
#4305=CARTESIAN_POINT('',(-41.314594702,35.349985028,34.458500248));
#4306=VERTEX_POINT('',#4305);
#4307=CARTESIAN_POINT('',(-39.405218635,35.349985028,34.458500248));
#4308=DIRECTION('',(0.,0.,-1.));
#4309=DIRECTION('',(1.,-0.,0.));
#4310=AXIS2_PLACEMENT_3D('',#4307,#4308,#4309);
#4311=CIRCLE('',#4310,1.909376067);
#4312=EDGE_CURVE('',#4306,#4265,#4311,.T.);
#4313=ORIENTED_EDGE('',*,*,#4312,.F.);
#4314=CARTESIAN_POINT('',(-41.314594702,35.349985028,34.458500248));
#4315=DIRECTION('',(0.,0.,-1.));
#4316=VECTOR('',#4315,7.2);
#4317=LINE('',#4314,#4316);
#4318=EDGE_CURVE('',#4306,#4296,#4317,.T.);
#4319=ORIENTED_EDGE('',*,*,#4318,.T.);
#4320=EDGE_LOOP('',(#4303,#4304,#4313,#4319));
#4321=FACE_BOUND('',#4320,.T.);
#4322=ADVANCED_FACE('',(#4321),#4294,.F.);
#4323=CARTESIAN_POINT('',(-36.823804997,37.931398667,13.689963176));
#4324=DIRECTION('',(-0.,-0.,1.));
#4325=DIRECTION('',(-0.,-1.,-0.));
#4326=AXIS2_PLACEMENT_3D('',#4323,#4324,#4325);
#4327=CYLINDRICAL_SURFACE('',#4326,1.909376067);
#4328=CARTESIAN_POINT('',(-38.173937762,39.281531432,15.027570335));
#4329=VERTEX_POINT('',#4328);
#4330=CARTESIAN_POINT('',(-38.173937762,39.281531432,15.027570335));
#4331=CARTESIAN_POINT('',(-38.097898344,39.357570849,14.947294343));
#4332=CARTESIAN_POINT('',(-38.011818237,39.430929133,14.878832592));
#4333=CARTESIAN_POINT('',(-37.913805123,39.499077426,14.8221428));
#4334=CARTESIAN_POINT('',(-37.815792008,39.567225719,14.765453008));
#4335=CARTESIAN_POINT('',(-37.703802826,39.630902584,14.720424459));
#4336=CARTESIAN_POINT('',(-37.58422961,39.682818483,14.694078584));
#4337=CARTESIAN_POINT('',(-37.464656394,39.734734382,14.667732709));
#4338=CARTESIAN_POINT('',(-37.334285876,39.775983096,14.659747278));
#4339=CARTESIAN_POINT('',(-37.205163085,39.802302987,14.674457818));
#4340=CARTESIAN_POINT('',(-37.076040294,39.828622877,14.689168358));
#4341=CARTESIAN_POINT('',(-36.944800399,39.840774734,14.726926129));
#4342=CARTESIAN_POINT('',(-36.823804997,39.840774734,14.786805455));
#4343=B_SPLINE_CURVE_WITH_KNOTS('',3,(#4330,#4331,#4332,#4333,#4334,#4335,#4336,#4337,#4338,#4339,#4340,#4341,#4342),.UNSPECIFIED.,.F.,.F.,(4,3,3,3,4),(0.,0.000395658,0.000791315,0.001186973,0.001582631),.UNSPECIFIED.);
#4344=EDGE_CURVE('',#4329,#3376,#4343,.T.);
#4345=ORIENTED_EDGE('',*,*,#4344,.F.);
#4346=CARTESIAN_POINT('',(-38.173937762,39.281531432,12.221441755));
#4347=VERTEX_POINT('',#4346);
#4348=CARTESIAN_POINT('',(-38.173937762,39.281531432,12.221441755));
#4349=DIRECTION('',(-0.,-0.,1.));
#4350=VECTOR('',#4349,2.806128581);
#4351=LINE('',#4348,#4350);
#4352=EDGE_CURVE('',#4347,#4329,#4351,.T.);
#4353=ORIENTED_EDGE('',*,*,#4352,.F.);
#4354=CARTESIAN_POINT('',(-37.335835397,39.770839298,12.221441755));
#4355=VERTEX_POINT('',#4354);
#4356=CARTESIAN_POINT('',(-36.823804997,37.931398667,12.221441755));
#4357=DIRECTION('',(-0.,-0.,1.));
#4358=DIRECTION('',(-1.,0.,-0.));
#4359=AXIS2_PLACEMENT_3D('',#4356,#4357,#4358);
#4360=CIRCLE('',#4359,1.909376067);
#4361=EDGE_CURVE('',#4355,#4347,#4360,.T.);
#4362=ORIENTED_EDGE('',*,*,#4361,.F.);
#4363=CARTESIAN_POINT('',(-36.823804997,39.840774734,12.25804101));
#4364=CARTESIAN_POINT('',(-36.996761438,39.840774734,12.233188639));
#4365=CARTESIAN_POINT('',(-37.167502548,39.817696769,12.221441755));
#4366=CARTESIAN_POINT('',(-37.335835397,39.770839298,12.221441755));
#4367=B_SPLINE_CURVE_WITH_KNOTS('',3,(#4363,#4364,#4365,#4366),.UNSPECIFIED.,.F.,.F.,(4,4),(0.,0.000518079),.UNSPECIFIED.);
#4368=EDGE_CURVE('',#3339,#4355,#4367,.T.);
#4369=ORIENTED_EDGE('',*,*,#4368,.F.);
#4370=ORIENTED_EDGE('',*,*,#3388,.F.);
#4371=EDGE_LOOP('',(#4345,#4353,#4362,#4369,#4370));
#4372=FACE_BOUND('',#4371,.T.);
#4373=ADVANCED_FACE('',(#4372),#4327,.F.);
#4374=CARTESIAN_POINT('',(-37.335835397,22.876113553,15.821441755));
#4375=DIRECTION('',(0.,1.,0.));
#4376=DIRECTION('',(1.,-0.,0.));
#4377=AXIS2_PLACEMENT_3D('',#4374,#4375,#4376);
#4378=CYLINDRICAL_SURFACE('',#4377,1.154403484);
#4379=CARTESIAN_POINT('',(-36.181431913,42.007032187,15.821441755));
#4380=VERTEX_POINT('',#4379);
#4381=CARTESIAN_POINT('',(-36.181431913,42.007032187,15.821441755));
#4382=DIRECTION('',(-0.,-1.,-0.));
#4383=VECTOR('',#4382,2.166257453);
#4384=LINE('',#4381,#4383);
#4385=EDGE_CURVE('',#4380,#3367,#4384,.T.);
#4386=ORIENTED_EDGE('',*,*,#4385,.F.);
#4387=CARTESIAN_POINT('',(-37.335835397,42.007032187,16.975845238));
#4388=VERTEX_POINT('',#4387);
#4389=CARTESIAN_POINT('',(-37.335835397,42.007032187,15.821441755));
#4390=DIRECTION('',(0.,1.,0.));
#4391=DIRECTION('',(0.,-0.,1.));
#4392=AXIS2_PLACEMENT_3D('',#4389,#4390,#4391);
#4393=CIRCLE('',#4392,1.154403484);
#4394=EDGE_CURVE('',#4380,#4388,#4393,.T.);
#4395=ORIENTED_EDGE('',*,*,#4394,.T.);
#4396=CARTESIAN_POINT('',(-37.335835397,42.007032187,15.821441755));
#4397=DIRECTION('',(0.,1.,0.));
#4398=DIRECTION('',(0.,-0.,1.));
#4399=AXIS2_PLACEMENT_3D('',#4396,#4397,#4398);
#4400=CIRCLE('',#4399,1.154403484);
#4401=EDGE_CURVE('',#4388,#4380,#4400,.T.);
#4402=ORIENTED_EDGE('',*,*,#4401,.T.);
#4403=ORIENTED_EDGE('',*,*,#4385,.T.);
#4404=ORIENTED_EDGE('',*,*,#3373,.F.);
#4405=CARTESIAN_POINT('',(-38.173937762,39.281531432,16.615313174));
#4406=VERTEX_POINT('',#4405);
#4407=CARTESIAN_POINT('',(-36.823804997,39.840774734,16.856078054));
#4408=CARTESIAN_POINT('',(-36.884138988,39.840774734,16.885936699));
#4409=CARTESIAN_POINT('',(-36.94607203,39.837920469,16.910064926));
#4410=CARTESIAN_POINT('',(-37.009469906,39.831726404,16.928750641));
#4411=CARTESIAN_POINT('',(-37.072867782,39.825532338,16.947436356));
#4412=CARTESIAN_POINT('',(-37.138467283,39.815838149,16.960732243));
#4413=CARTESIAN_POINT('',(-37.203530572,39.80263501,16.968238527));
#4414=CARTESIAN_POINT('',(-37.26859386,39.789431871,16.975744811));
#4415=CARTESIAN_POINT('',(-37.332869093,39.772864797,16.977589872));
#4416=CARTESIAN_POINT('',(-37.396341699,39.75291416,16.974258475));
#4417=CARTESIAN_POINT('',(-37.459814305,39.732963522,16.970927078));
#4418=CARTESIAN_POINT('',(-37.522745448,39.709449485,16.962264189));
#4419=CARTESIAN_POINT('',(-37.582675747,39.683492315,16.949146169));
#4420=CARTESIAN_POINT('',(-37.702536344,39.631577975,16.922910129));
#4421=CARTESIAN_POINT('',(-37.814142893,39.568257997,16.878222378));
#4422=CARTESIAN_POINT('',(-37.912585263,39.499924885,16.821445253));
#4423=CARTESIAN_POINT('',(-38.011027633,39.431591773,16.764668128));
#4424=CARTESIAN_POINT('',(-38.097957354,39.357511839,16.695526868));
#4425=CARTESIAN_POINT('',(-38.173937762,39.281531432,16.615313174));
#4426=B_SPLINE_CURVE_WITH_KNOTS('',3,(#4407,#4408,#4409,#4410,#4411,#4412,#4413,#4414,#4415,#4416,#4417,#4418,#4419,#4420,#4421,#4422,#4423,#4424,#4425),.UNSPECIFIED.,.F.,.F.,(4,3,3,3,3,3,4),(0.,0.000199077,0.000398154,0.000597231,0.000796308,0.001194462,0.001592616),.UNSPECIFIED.);
#4427=EDGE_CURVE('',#3359,#4406,#4426,.T.);
#4428=ORIENTED_EDGE('',*,*,#4427,.T.);
#4429=CARTESIAN_POINT('',(-37.335835397,40.119633796,15.821441755));
#4430=DIRECTION('',(0.707106781,-0.707106781,0.));
#4431=DIRECTION('',(0.707106781,0.707106781,0.));
#4432=AXIS2_PLACEMENT_3D('',#4429,#4430,#4431);
#4433=ELLIPSE('',#4432,1.632573063,1.154403484);
#4434=EDGE_CURVE('',#4406,#4329,#4433,.T.);
#4435=ORIENTED_EDGE('',*,*,#4434,.T.);
#4436=ORIENTED_EDGE('',*,*,#4344,.T.);
#4437=ORIENTED_EDGE('',*,*,#3382,.F.);
#4438=EDGE_LOOP('',(#4386,#4395,#4402,#4403,#4404,#4428,#4435,#4436,#4437));
#4439=FACE_BOUND('',#4438,.T.);
#4440=ADVANCED_FACE('',(#4439),#4378,.F.);
#4441=CARTESIAN_POINT('',(-37.335835397,38.421495596,15.821441755));
#4442=DIRECTION('',(0.,1.,0.));
#4443=DIRECTION('',(1.,-0.,0.));
#4444=AXIS2_PLACEMENT_3D('',#4441,#4442,#4443);
#4445=CYLINDRICAL_SURFACE('',#4444,3.6);
#4446=CARTESIAN_POINT('',(-33.735835397,42.007032187,15.821441755));
#4447=VERTEX_POINT('',#4446);
#4448=CARTESIAN_POINT('',(-33.735835397,42.007032187,15.821441755));
#4449=DIRECTION('',(-0.,-1.,-0.));
#4450=VECTOR('',#4449,2.166257453);
#4451=LINE('',#4448,#4450);
#4452=EDGE_CURVE('',#4447,#3341,#4451,.T.);
#4453=ORIENTED_EDGE('',*,*,#4452,.T.);
#4454=ORIENTED_EDGE('',*,*,#3347,.F.);
#4455=ORIENTED_EDGE('',*,*,#4368,.T.);
#4456=CARTESIAN_POINT('',(-37.335835397,42.007032187,12.221441755));
#4457=VERTEX_POINT('',#4456);
#4458=CARTESIAN_POINT('',(-37.335835397,42.007032187,12.221441755));
#4459=DIRECTION('',(-0.,-1.,-0.));
#4460=VECTOR('',#4459,2.236192889);
#4461=LINE('',#4458,#4460);
#4462=EDGE_CURVE('',#4457,#4355,#4461,.T.);
#4463=ORIENTED_EDGE('',*,*,#4462,.F.);
#4464=CARTESIAN_POINT('',(-37.335835397,42.007032187,15.821441755));
#4465=DIRECTION('',(0.,1.,0.));
#4466=DIRECTION('',(0.,-0.,1.));
#4467=AXIS2_PLACEMENT_3D('',#4464,#4465,#4466);
#4468=CIRCLE('',#4467,3.6);
#4469=EDGE_CURVE('',#4447,#4457,#4468,.T.);
#4470=ORIENTED_EDGE('',*,*,#4469,.F.);
#4471=EDGE_LOOP('',(#4453,#4454,#4455,#4463,#4470));
#4472=FACE_BOUND('',#4471,.T.);
#4473=ADVANCED_FACE('',(#4472),#4445,.T.);
#4474=CARTESIAN_POINT('',(-36.823804997,37.931398667,13.689963176));
#4475=DIRECTION('',(-0.,-0.,1.));
#4476=DIRECTION('',(-0.,-1.,-0.));
#4477=AXIS2_PLACEMENT_3D('',#4474,#4475,#4476);
#4478=CYLINDRICAL_SURFACE('',#4477,1.909376067);
#4479=CARTESIAN_POINT('',(-38.173937762,39.281531432,19.421441755));
#4480=VERTEX_POINT('',#4479);
#4481=CARTESIAN_POINT('',(-37.335835397,39.770839298,19.421441755));
#4482=VERTEX_POINT('',#4481);
#4483=CARTESIAN_POINT('',(-36.823804997,37.931398667,19.421441755));
#4484=DIRECTION('',(0.,0.,-1.));
#4485=DIRECTION('',(1.,-0.,0.));
#4486=AXIS2_PLACEMENT_3D('',#4483,#4484,#4485);
#4487=CIRCLE('',#4486,1.909376067);
#4488=EDGE_CURVE('',#4480,#4482,#4487,.T.);
#4489=ORIENTED_EDGE('',*,*,#4488,.F.);
#4490=CARTESIAN_POINT('',(-38.173937762,39.281531432,16.615313174));
#4491=DIRECTION('',(-0.,-0.,1.));
#4492=VECTOR('',#4491,2.806128581);
#4493=LINE('',#4490,#4492);
#4494=EDGE_CURVE('',#4406,#4480,#4493,.T.);
#4495=ORIENTED_EDGE('',*,*,#4494,.F.);
#4496=ORIENTED_EDGE('',*,*,#4427,.F.);
#4497=ORIENTED_EDGE('',*,*,#3364,.F.);
#4498=CARTESIAN_POINT('',(-37.335835397,39.770839298,19.421441755));
#4499=CARTESIAN_POINT('',(-37.251668973,39.794268033,19.421441755));
#4500=CARTESIAN_POINT('',(-37.166890453,39.811672193,19.418493065));
#4501=CARTESIAN_POINT('',(-37.081544084,39.823299174,19.412449402));
#4502=CARTESIAN_POINT('',(-37.038870899,39.829112664,19.409427571));
#4503=CARTESIAN_POINT('',(-36.996055081,39.83347665,19.405631441));
#4504=CARTESIAN_POINT('',(-36.953098382,39.836392154,19.401038432));
#4505=CARTESIAN_POINT('',(-36.931620032,39.837849906,19.398741928));
#4506=CARTESIAN_POINT('',(-36.910106426,39.838945237,19.396246151));
#4507=CARTESIAN_POINT('',(-36.888557555,39.839676443,19.39354793));
#4508=CARTESIAN_POINT('',(-36.867008685,39.840407649,19.390849709));
#4509=CARTESIAN_POINT('',(-36.846257673,39.840774734,19.388068758));
#4510=CARTESIAN_POINT('',(-36.823804997,39.840774734,19.384842499));
#4511=B_SPLINE_CURVE_WITH_KNOTS('',3,(#4498,#4499,#4500,#4501,#4502,#4503,#4504,#4505,#4506,#4507,#4508,#4509,#4510),.UNSPECIFIED.,.F.,.F.,(4,3,3,3,4),(0.,0.000259039,0.000388559,0.000453319,0.000518079),.UNSPECIFIED.);
#4512=EDGE_CURVE('',#4482,#3350,#4511,.T.);
#4513=ORIENTED_EDGE('',*,*,#4512,.F.);
#4514=EDGE_LOOP('',(#4489,#4495,#4496,#4497,#4513));
#4515=FACE_BOUND('',#4514,.T.);
#4516=ADVANCED_FACE('',(#4515),#4478,.F.);
#4517=CARTESIAN_POINT('',(-37.809866345,39.645602848,13.689963176));
#4518=DIRECTION('',(-0.707106781,0.707106781,-0.));
#4519=DIRECTION('',(0.,0.,-1.));
#4520=AXIS2_PLACEMENT_3D('',#4517,#4518,#4519);
#4521=PLANE('',#4520);
#4522=ORIENTED_EDGE('',*,*,#4434,.F.);
#4523=ORIENTED_EDGE('',*,*,#4494,.T.);
#4524=CARTESIAN_POINT('',(-40.7553514,36.700117793,19.421441755));
#4525=VERTEX_POINT('',#4524);
#4526=CARTESIAN_POINT('',(-40.7553514,36.700117793,19.421441755));
#4527=DIRECTION('',(0.707106781,0.707106781,0.));
#4528=VECTOR('',#4527,3.650670178);
#4529=LINE('',#4526,#4528);
#4530=EDGE_CURVE('',#4525,#4480,#4529,.T.);
#4531=ORIENTED_EDGE('',*,*,#4530,.F.);
#4532=CARTESIAN_POINT('',(-40.7553514,36.700117793,12.221441755));
#4533=VERTEX_POINT('',#4532);
#4534=CARTESIAN_POINT('',(-40.7553514,36.700117793,19.421441755));
#4535=DIRECTION('',(0.,0.,-1.));
#4536=VECTOR('',#4535,7.2);
#4537=LINE('',#4534,#4536);
#4538=EDGE_CURVE('',#4525,#4533,#4537,.T.);
#4539=ORIENTED_EDGE('',*,*,#4538,.T.);
#4540=CARTESIAN_POINT('',(-38.173937762,39.281531432,12.221441755));
#4541=DIRECTION('',(-0.707106781,-0.707106781,-0.));
#4542=VECTOR('',#4541,3.650670178);
#4543=LINE('',#4540,#4542);
#4544=EDGE_CURVE('',#4347,#4533,#4543,.T.);
#4545=ORIENTED_EDGE('',*,*,#4544,.F.);
#4546=ORIENTED_EDGE('',*,*,#4352,.T.);
#4547=EDGE_LOOP('',(#4522,#4523,#4531,#4539,#4545,#4546));
#4548=FACE_BOUND('',#4547,.T.);
#4549=ADVANCED_FACE('',(#4548),#4521,.F.);
#4550=CARTESIAN_POINT('',(-39.405218635,35.349985028,18.421441755));
#4551=DIRECTION('',(-0.,-0.,1.));
#4552=DIRECTION('',(-0.,-1.,-0.));
#4553=AXIS2_PLACEMENT_3D('',#4550,#4551,#4552);
#4554=CYLINDRICAL_SURFACE('',#4553,1.909376067);
#4555=CARTESIAN_POINT('',(-41.314594702,35.349985028,12.221441755));
#4556=VERTEX_POINT('',#4555);
#4557=CARTESIAN_POINT('',(-39.405218635,35.349985028,12.221441755));
#4558=DIRECTION('',(-0.,-0.,1.));
#4559=DIRECTION('',(-1.,0.,-0.));
#4560=AXIS2_PLACEMENT_3D('',#4557,#4558,#4559);
#4561=CIRCLE('',#4560,1.909376067);
#4562=EDGE_CURVE('',#4533,#4556,#4561,.T.);
#4563=ORIENTED_EDGE('',*,*,#4562,.F.);
#4564=ORIENTED_EDGE('',*,*,#4538,.F.);
#4565=CARTESIAN_POINT('',(-41.314594702,35.349985028,19.421441755));
#4566=VERTEX_POINT('',#4565);
#4567=CARTESIAN_POINT('',(-39.405218635,35.349985028,19.421441755));
#4568=DIRECTION('',(0.,0.,-1.));
#4569=DIRECTION('',(1.,-0.,0.));
#4570=AXIS2_PLACEMENT_3D('',#4567,#4568,#4569);
#4571=CIRCLE('',#4570,1.909376067);
#4572=EDGE_CURVE('',#4566,#4525,#4571,.T.);
#4573=ORIENTED_EDGE('',*,*,#4572,.F.);
#4574=CARTESIAN_POINT('',(-41.314594702,35.349985028,19.421441755));
#4575=DIRECTION('',(0.,0.,-1.));
#4576=VECTOR('',#4575,7.2);
#4577=LINE('',#4574,#4576);
#4578=EDGE_CURVE('',#4566,#4556,#4577,.T.);
#4579=ORIENTED_EDGE('',*,*,#4578,.T.);
#4580=EDGE_LOOP('',(#4563,#4564,#4573,#4579));
#4581=FACE_BOUND('',#4580,.T.);
#4582=ADVANCED_FACE('',(#4581),#4554,.F.);
#4583=CARTESIAN_POINT('',(-42.436213747,39.107663433,38.536995353));
#4584=DIRECTION('',(-1.,-0.,-0.));
#4585=DIRECTION('',(0.,-1.,0.));
#4586=AXIS2_PLACEMENT_3D('',#4583,#4584,#4585);
#4587=PLANE('',#4586);
#4588=ORIENTED_EDGE('',*,*,#201,.F.);
#4589=CARTESIAN_POINT('',(-42.436213747,33.715602607,44.699364505));
#4590=DIRECTION('',(0.,-0.,-1.));
#4591=VECTOR('',#4590,3.474384374);
#4592=LINE('',#4589,#4591);
#4593=EDGE_CURVE('',#187,#3536,#4592,.T.);
#4594=ORIENTED_EDGE('',*,*,#4593,.T.);
#4595=ORIENTED_EDGE('',*,*,#3556,.T.);
#4596=CARTESIAN_POINT('',(-42.436213747,39.907663433,44.699364505));
#4597=DIRECTION('',(0.,-0.,-1.));
#4598=VECTOR('',#4597,3.474384374);
#4599=LINE('',#4596,#4598);
#4600=EDGE_CURVE('',#196,#3545,#4599,.T.);
#4601=ORIENTED_EDGE('',*,*,#4600,.F.);
#4602=EDGE_LOOP('',(#4588,#4594,#4595,#4601));
#4603=FACE_BOUND('',#4602,.T.);
#4604=ADVANCED_FACE('',(#4603),#4587,.F.);
#4605=CARTESIAN_POINT('',(-45.551643958,33.715602607,26.393723456));
#4606=DIRECTION('',(-0.,1.,-0.));
#4607=DIRECTION('',(-1.,-0.,-0.));
#4608=AXIS2_PLACEMENT_3D('',#4605,#4606,#4607);
#4609=PLANE('',#4608);
#4610=ORIENTED_EDGE('',*,*,#455,.F.);
#4611=CARTESIAN_POINT('',(-31.059243152,33.715602607,36.3707379));
#4612=VERTEX_POINT('',#4611);
#4613=CARTESIAN_POINT('',(-44.291178492,33.715602607,36.3707379));
#4614=DIRECTION('',(1.,0.,0.));
#4615=VECTOR('',#4614,13.23193534);
#4616=LINE('',#4613,#4615);
#4617=EDGE_CURVE('',#444,#4612,#4616,.T.);
#4618=ORIENTED_EDGE('',*,*,#4617,.T.);
#4619=CARTESIAN_POINT('',(-31.059243152,33.715602607,38.536995353));
#4620=DIRECTION('',(-0.,-0.,-1.));
#4621=VECTOR('',#4620,2.166257453);
#4622=LINE('',#4619,#4621);
#4623=EDGE_CURVE('',#3508,#4612,#4622,.T.);
#4624=ORIENTED_EDGE('',*,*,#4623,.F.);
#4625=ORIENTED_EDGE('',*,*,#3513,.T.);
#4626=ORIENTED_EDGE('',*,*,#3541,.T.);
#4627=ORIENTED_EDGE('',*,*,#4593,.F.);
#4628=ORIENTED_EDGE('',*,*,#193,.F.);
#4629=EDGE_LOOP('',(#4610,#4618,#4624,#4625,#4626,#4627,#4628));
#4630=FACE_BOUND('',#4629,.T.);
#4631=ADVANCED_FACE('',(#4630),#4609,.F.);
#4632=CARTESIAN_POINT('',(-54.731593132,34.680154441,36.3707379));
#4633=DIRECTION('',(-0.,0.,1.));
#4634=DIRECTION('',(-0.,1.,-0.));
#4635=AXIS2_PLACEMENT_3D('',#4632,#4633,#4634);
#4636=PLANE('',#4635);
#4637=ORIENTED_EDGE('',*,*,#449,.F.);
#4638=CARTESIAN_POINT('',(-44.291178492,39.907663433,36.3707379));
#4639=DIRECTION('',(1.,0.,0.));
#4640=VECTOR('',#4639,13.23193534);
#4641=LINE('',#4638,#4640);
#4642=EDGE_CURVE('',#436,#3460,#4641,.T.);
#4643=ORIENTED_EDGE('',*,*,#4642,.T.);
#4644=ORIENTED_EDGE('',*,*,#3466,.F.);
#4645=CARTESIAN_POINT('',(-31.059243152,36.81163302,36.3707379));
#4646=DIRECTION('',(-0.,0.,1.));
#4647=DIRECTION('',(0.,-1.,0.));
#4648=AXIS2_PLACEMENT_3D('',#4645,#4646,#4647);
#4649=CIRCLE('',#4648,3.096030413);
#4650=EDGE_CURVE('',#4612,#3452,#4649,.T.);
#4651=ORIENTED_EDGE('',*,*,#4650,.F.);
#4652=ORIENTED_EDGE('',*,*,#4617,.F.);
#4653=EDGE_LOOP('',(#4637,#4643,#4644,#4651,#4652));
#4654=FACE_BOUND('',#4653,.T.);
#4655=ORIENTED_EDGE('',*,*,#3432,.F.);
#4656=ORIENTED_EDGE('',*,*,#3439,.F.);
#4657=EDGE_LOOP('',(#4655,#4656));
#4658=FACE_BOUND('',#4657,.T.);
#4659=ADVANCED_FACE('',(#4654,#4658),#4636,.F.);
#4660=CARTESIAN_POINT('',(-45.551618545,39.907663433,26.393723456));
#4661=DIRECTION('',(0.,-1.,0.));
#4662=DIRECTION('',(1.,0.,0.));
#4663=AXIS2_PLACEMENT_3D('',#4660,#4661,#4662);
#4664=PLANE('',#4663);
#4665=ORIENTED_EDGE('',*,*,#441,.F.);
#4666=ORIENTED_EDGE('',*,*,#210,.F.);
#4667=ORIENTED_EDGE('',*,*,#4600,.T.);
#4668=ORIENTED_EDGE('',*,*,#3550,.T.);
#4669=ORIENTED_EDGE('',*,*,#3497,.T.);
#4670=ORIENTED_EDGE('',*,*,#3474,.F.);
#4671=ORIENTED_EDGE('',*,*,#4642,.F.);
#4672=EDGE_LOOP('',(#4665,#4666,#4667,#4668,#4669,#4670,#4671));
#4673=FACE_BOUND('',#4672,.T.);
#4674=ADVANCED_FACE('',(#4673),#4664,.F.);
#4675=CARTESIAN_POINT('',(-51.828210791,17.279770264,19.421441755));
#4676=DIRECTION('',(0.,0.,-1.));
#4677=DIRECTION('',(1.,0.,0.));
#4678=AXIS2_PLACEMENT_3D('',#4675,#4676,#4677);
#4679=PLANE('',#4678);
#4680=ORIENTED_EDGE('',*,*,#384,.F.);
#4681=CARTESIAN_POINT('',(-44.291178492,6.165755163,19.421441755));
#4682=DIRECTION('',(1.,0.,0.));
#4683=VECTOR('',#4682,6.955343095);
#4684=LINE('',#4681,#4683);
#4685=EDGE_CURVE('',#373,#3695,#4684,.T.);
#4686=ORIENTED_EDGE('',*,*,#4685,.T.);
#4687=ORIENTED_EDGE('',*,*,#3700,.F.);
#4688=ORIENTED_EDGE('',*,*,#3575,.F.);
#4689=ORIENTED_EDGE('',*,*,#3773,.F.);
#4690=ORIENTED_EDGE('',*,*,#3806,.F.);
#4691=CARTESIAN_POINT('',(-44.291178492,13.020788305,19.421441755));
#4692=DIRECTION('',(1.,-0.,0.));
#4693=VECTOR('',#4692,2.976583789);
#4694=LINE('',#4691,#4693);
#4695=EDGE_CURVE('',#357,#3794,#4694,.T.);
#4696=ORIENTED_EDGE('',*,*,#4695,.F.);
#4697=EDGE_LOOP('',(#4680,#4686,#4687,#4688,#4689,#4690,#4696));
#4698=FACE_BOUND('',#4697,.T.);
#4699=ADVANCED_FACE('',(#4698),#4679,.F.);
#4700=CARTESIAN_POINT('',(-64.496515785,6.165755163,83.981997866));
#4701=DIRECTION('',(0.,-1.,0.));
#4702=DIRECTION('',(-0.,0.,1.));
#4703=AXIS2_PLACEMENT_3D('',#4700,#4701,#4702);
#4704=PLANE('',#4703);
#4705=CARTESIAN_POINT('',(-37.335835397,6.165755163,12.221441755));
#4706=VERTEX_POINT('',#4705);
#4707=CARTESIAN_POINT('',(-37.335835397,6.165755163,15.821441755));
#4708=DIRECTION('',(-0.,1.,-0.));
#4709=DIRECTION('',(0.,0.,-1.));
#4710=AXIS2_PLACEMENT_3D('',#4707,#4708,#4709);
#4711=CIRCLE('',#4710,3.6);
#4712=EDGE_CURVE('',#3685,#4706,#4711,.T.);
#4713=ORIENTED_EDGE('',*,*,#4712,.F.);
#4714=ORIENTED_EDGE('',*,*,#3707,.F.);
#4715=ORIENTED_EDGE('',*,*,#4685,.F.);
#4716=ORIENTED_EDGE('',*,*,#378,.T.);
#4717=CARTESIAN_POINT('',(-37.335835397,6.165755163,12.221441755));
#4718=DIRECTION('',(-1.,0.,-0.));
#4719=VECTOR('',#4718,6.955343095);
#4720=LINE('',#4717,#4719);
#4721=EDGE_CURVE('',#4706,#365,#4720,.T.);
#4722=ORIENTED_EDGE('',*,*,#4721,.F.);
#4723=EDGE_LOOP('',(#4713,#4714,#4715,#4716,#4722));
#4724=FACE_BOUND('',#4723,.T.);
#4725=ORIENTED_EDGE('',*,*,#3638,.T.);
#4726=ORIENTED_EDGE('',*,*,#3645,.T.);
#4727=EDGE_LOOP('',(#4725,#4726));
#4728=FACE_BOUND('',#4727,.T.);
#4729=ADVANCED_FACE('',(#4724,#4728),#4704,.T.);
#4730=CARTESIAN_POINT('',(-51.828236204,17.279770264,12.221441755));
#4731=DIRECTION('',(-0.,0.,1.));
#4732=DIRECTION('',(-1.,0.,-0.));
#4733=AXIS2_PLACEMENT_3D('',#4730,#4731,#4732);
#4734=PLANE('',#4733);
#4735=ORIENTED_EDGE('',*,*,#370,.F.);
#4736=CARTESIAN_POINT('',(-44.291178492,13.020788305,12.221441755));
#4737=DIRECTION('',(1.,-0.,0.));
#4738=VECTOR('',#4737,2.976583789);
#4739=LINE('',#4736,#4738);
#4740=EDGE_CURVE('',#355,#3785,#4739,.T.);
#4741=ORIENTED_EDGE('',*,*,#4740,.T.);
#4742=ORIENTED_EDGE('',*,*,#3791,.F.);
#4743=ORIENTED_EDGE('',*,*,#3759,.F.);
#4744=ORIENTED_EDGE('',*,*,#3735,.F.);
#4745=CARTESIAN_POINT('',(-37.335835397,6.165755163,12.221441755));
#4746=DIRECTION('',(-0.,1.,-0.));
#4747=VECTOR('',#4746,2.434178873);
#4748=LINE('',#4745,#4747);
#4749=EDGE_CURVE('',#4706,#3720,#4748,.T.);
#4750=ORIENTED_EDGE('',*,*,#4749,.F.);
#4751=ORIENTED_EDGE('',*,*,#4721,.T.);
#4752=EDGE_LOOP('',(#4735,#4741,#4742,#4743,#4744,#4750,#4751));
#4753=FACE_BOUND('',#4752,.T.);
#4754=ADVANCED_FACE('',(#4753),#4734,.F.);
#4755=CARTESIAN_POINT('',(-40.648236204,13.020788305,15.821441755));
#4756=DIRECTION('',(-0.,1.,0.));
#4757=DIRECTION('',(-0.,-0.,1.));
#4758=AXIS2_PLACEMENT_3D('',#4755,#4756,#4757);
#4759=PLANE('',#4758);
#4760=ORIENTED_EDGE('',*,*,#4740,.F.);
#4761=ORIENTED_EDGE('',*,*,#362,.T.);
#4762=ORIENTED_EDGE('',*,*,#4695,.T.);
#4763=ORIENTED_EDGE('',*,*,#3799,.T.);
#4764=EDGE_LOOP('',(#4760,#4761,#4762,#4763));
#4765=FACE_BOUND('',#4764,.T.);
#4766=ADVANCED_FACE('',(#4765),#4759,.T.);
#4767=CARTESIAN_POINT('',(-51.828210791,17.279770264,34.458500248));
#4768=DIRECTION('',(0.,0.,-1.));
#4769=DIRECTION('',(1.,0.,0.));
#4770=AXIS2_PLACEMENT_3D('',#4767,#4768,#4769);
#4771=PLANE('',#4770);
#4772=ORIENTED_EDGE('',*,*,#350,.F.);
#4773=CARTESIAN_POINT('',(-44.291178492,6.165755163,34.458500248));
#4774=DIRECTION('',(1.,0.,0.));
#4775=VECTOR('',#4774,6.955343095);
#4776=LINE('',#4773,#4775);
#4777=EDGE_CURVE('',#339,#3946,#4776,.T.);
#4778=ORIENTED_EDGE('',*,*,#4777,.T.);
#4779=ORIENTED_EDGE('',*,*,#3951,.F.);
#4780=ORIENTED_EDGE('',*,*,#3826,.F.);
#4781=ORIENTED_EDGE('',*,*,#4024,.F.);
#4782=ORIENTED_EDGE('',*,*,#4057,.F.);
#4783=CARTESIAN_POINT('',(-44.291178492,13.020788305,34.458500248));
#4784=DIRECTION('',(1.,-0.,0.));
#4785=VECTOR('',#4784,2.976583789);
#4786=LINE('',#4783,#4785);
#4787=EDGE_CURVE('',#323,#4045,#4786,.T.);
#4788=ORIENTED_EDGE('',*,*,#4787,.F.);
#4789=EDGE_LOOP('',(#4772,#4778,#4779,#4780,#4781,#4782,#4788));
#4790=FACE_BOUND('',#4789,.T.);
#4791=ADVANCED_FACE('',(#4790),#4771,.F.);
#4792=CARTESIAN_POINT('',(-64.496515785,6.165755163,99.019056359));
#4793=DIRECTION('',(0.,-1.,0.));
#4794=DIRECTION('',(-0.,0.,1.));
#4795=AXIS2_PLACEMENT_3D('',#4792,#4793,#4794);
#4796=PLANE('',#4795);
#4797=CARTESIAN_POINT('',(-37.335835397,6.165755163,27.258500248));
#4798=VERTEX_POINT('',#4797);
#4799=CARTESIAN_POINT('',(-37.335835397,6.165755163,30.858500248));
#4800=DIRECTION('',(-0.,1.,-0.));
#4801=DIRECTION('',(0.,0.,-1.));
#4802=AXIS2_PLACEMENT_3D('',#4799,#4800,#4801);
#4803=CIRCLE('',#4802,3.6);
#4804=EDGE_CURVE('',#3936,#4798,#4803,.T.);
#4805=ORIENTED_EDGE('',*,*,#4804,.F.);
#4806=ORIENTED_EDGE('',*,*,#3958,.F.);
#4807=ORIENTED_EDGE('',*,*,#4777,.F.);
#4808=ORIENTED_EDGE('',*,*,#344,.T.);
#4809=CARTESIAN_POINT('',(-37.335835397,6.165755163,27.258500248));
#4810=DIRECTION('',(-1.,0.,-0.));
#4811=VECTOR('',#4810,6.955343095);
#4812=LINE('',#4809,#4811);
#4813=EDGE_CURVE('',#4798,#331,#4812,.T.);
#4814=ORIENTED_EDGE('',*,*,#4813,.F.);
#4815=EDGE_LOOP('',(#4805,#4806,#4807,#4808,#4814));
#4816=FACE_BOUND('',#4815,.T.);
#4817=ORIENTED_EDGE('',*,*,#3889,.T.);
#4818=ORIENTED_EDGE('',*,*,#3896,.T.);
#4819=EDGE_LOOP('',(#4817,#4818));
#4820=FACE_BOUND('',#4819,.T.);
#4821=ADVANCED_FACE('',(#4816,#4820),#4796,.T.);
#4822=CARTESIAN_POINT('',(-51.828236204,17.279770264,27.258500248));
#4823=DIRECTION('',(-0.,0.,1.));
#4824=DIRECTION('',(-1.,0.,-0.));
#4825=AXIS2_PLACEMENT_3D('',#4822,#4823,#4824);
#4826=PLANE('',#4825);
#4827=ORIENTED_EDGE('',*,*,#336,.F.);
#4828=CARTESIAN_POINT('',(-44.291178492,13.020788305,27.258500248));
#4829=DIRECTION('',(1.,-0.,0.));
#4830=VECTOR('',#4829,2.976583789);
#4831=LINE('',#4828,#4830);
#4832=EDGE_CURVE('',#321,#4036,#4831,.T.);
#4833=ORIENTED_EDGE('',*,*,#4832,.T.);
#4834=ORIENTED_EDGE('',*,*,#4042,.F.);
#4835=ORIENTED_EDGE('',*,*,#4010,.F.);
#4836=ORIENTED_EDGE('',*,*,#3986,.F.);
#4837=CARTESIAN_POINT('',(-37.335835397,6.165755163,27.258500248));
#4838=DIRECTION('',(-0.,1.,-0.));
#4839=VECTOR('',#4838,2.434178873);
#4840=LINE('',#4837,#4839);
#4841=EDGE_CURVE('',#4798,#3971,#4840,.T.);
#4842=ORIENTED_EDGE('',*,*,#4841,.F.);
#4843=ORIENTED_EDGE('',*,*,#4813,.T.);
#4844=EDGE_LOOP('',(#4827,#4833,#4834,#4835,#4836,#4842,#4843));
#4845=FACE_BOUND('',#4844,.T.);
#4846=ADVANCED_FACE('',(#4845),#4826,.F.);
#4847=CARTESIAN_POINT('',(-40.648236204,13.020788305,30.858500248));
#4848=DIRECTION('',(-0.,1.,0.));
#4849=DIRECTION('',(-0.,-0.,1.));
#4850=AXIS2_PLACEMENT_3D('',#4847,#4848,#4849);
#4851=PLANE('',#4850);
#4852=ORIENTED_EDGE('',*,*,#4832,.F.);
#4853=ORIENTED_EDGE('',*,*,#328,.T.);
#4854=ORIENTED_EDGE('',*,*,#4787,.T.);
#4855=ORIENTED_EDGE('',*,*,#4050,.T.);
#4856=EDGE_LOOP('',(#4852,#4853,#4854,#4855));
#4857=FACE_BOUND('',#4856,.T.);
#4858=ADVANCED_FACE('',(#4857),#4851,.T.);
#4859=CARTESIAN_POINT('',(-51.828236204,29.116215355,27.258500248));
#4860=DIRECTION('',(-0.,-0.,1.));
#4861=DIRECTION('',(-1.,0.,-0.));
#4862=AXIS2_PLACEMENT_3D('',#4859,#4860,#4861);
#4863=PLANE('',#4862);
#4864=ORIENTED_EDGE('',*,*,#316,.T.);
#4865=CARTESIAN_POINT('',(-37.335835397,42.007032187,27.258500248));
#4866=DIRECTION('',(-1.,0.,-0.));
#4867=VECTOR('',#4866,6.955343095);
#4868=LINE('',#4865,#4867);
#4869=EDGE_CURVE('',#4197,#305,#4868,.T.);
#4870=ORIENTED_EDGE('',*,*,#4869,.F.);
#4871=ORIENTED_EDGE('',*,*,#4202,.T.);
#4872=ORIENTED_EDGE('',*,*,#4101,.T.);
#4873=ORIENTED_EDGE('',*,*,#4284,.T.);
#4874=ORIENTED_EDGE('',*,*,#4302,.T.);
#4875=CARTESIAN_POINT('',(-44.291178492,35.349985028,27.258500248));
#4876=DIRECTION('',(1.,-0.,0.));
#4877=VECTOR('',#4876,2.976583789);
#4878=LINE('',#4875,#4877);
#4879=EDGE_CURVE('',#287,#4296,#4878,.T.);
#4880=ORIENTED_EDGE('',*,*,#4879,.F.);
#4881=EDGE_LOOP('',(#4864,#4870,#4871,#4872,#4873,#4874,#4880));
#4882=FACE_BOUND('',#4881,.T.);
#4883=ADVANCED_FACE('',(#4882),#4863,.F.);
#4884=CARTESIAN_POINT('',(-64.496515785,42.007032187,99.019056359));
#4885=DIRECTION('',(0.,1.,0.));
#4886=DIRECTION('',(-0.,-0.,1.));
#4887=AXIS2_PLACEMENT_3D('',#4884,#4885,#4886);
#4888=PLANE('',#4887);
#4889=CARTESIAN_POINT('',(-37.335835397,42.007032187,34.458500248));
#4890=VERTEX_POINT('',#4889);
#4891=CARTESIAN_POINT('',(-37.335835397,42.007032187,30.858500248));
#4892=DIRECTION('',(0.,1.,0.));
#4893=DIRECTION('',(0.,-0.,1.));
#4894=AXIS2_PLACEMENT_3D('',#4891,#4892,#4893);
#4895=CIRCLE('',#4894,3.6);
#4896=EDGE_CURVE('',#4890,#4187,#4895,.T.);
#4897=ORIENTED_EDGE('',*,*,#4896,.T.);
#4898=ORIENTED_EDGE('',*,*,#4209,.T.);
#4899=ORIENTED_EDGE('',*,*,#4869,.T.);
#4900=ORIENTED_EDGE('',*,*,#310,.F.);
#4901=CARTESIAN_POINT('',(-44.291178492,42.007032187,34.458500248));
#4902=DIRECTION('',(1.,-0.,0.));
#4903=VECTOR('',#4902,6.955343095);
#4904=LINE('',#4901,#4903);
#4905=EDGE_CURVE('',#297,#4890,#4904,.T.);
#4906=ORIENTED_EDGE('',*,*,#4905,.T.);
#4907=EDGE_LOOP('',(#4897,#4898,#4899,#4900,#4906));
#4908=FACE_BOUND('',#4907,.T.);
#4909=ORIENTED_EDGE('',*,*,#4134,.F.);
#4910=ORIENTED_EDGE('',*,*,#4141,.F.);
#4911=EDGE_LOOP('',(#4909,#4910));
#4912=FACE_BOUND('',#4911,.T.);
#4913=ADVANCED_FACE('',(#4908,#4912),#4888,.T.);
#4914=CARTESIAN_POINT('',(-51.828210791,29.116215355,34.458500248));
#4915=DIRECTION('',(0.,0.,-1.));
#4916=DIRECTION('',(1.,-0.,0.));
#4917=AXIS2_PLACEMENT_3D('',#4914,#4915,#4916);
#4918=PLANE('',#4917);
#4919=ORIENTED_EDGE('',*,*,#302,.T.);
#4920=CARTESIAN_POINT('',(-44.291178492,35.349985028,34.458500248));
#4921=DIRECTION('',(1.,-0.,0.));
#4922=VECTOR('',#4921,2.976583789);
#4923=LINE('',#4920,#4922);
#4924=EDGE_CURVE('',#289,#4306,#4923,.T.);
#4925=ORIENTED_EDGE('',*,*,#4924,.T.);
#4926=ORIENTED_EDGE('',*,*,#4312,.T.);
#4927=ORIENTED_EDGE('',*,*,#4270,.T.);
#4928=ORIENTED_EDGE('',*,*,#4228,.T.);
#4929=CARTESIAN_POINT('',(-37.335835397,39.770839298,34.458500248));
#4930=DIRECTION('',(0.,1.,0.));
#4931=VECTOR('',#4930,2.236192889);
#4932=LINE('',#4929,#4931);
#4933=EDGE_CURVE('',#4222,#4890,#4932,.T.);
#4934=ORIENTED_EDGE('',*,*,#4933,.T.);
#4935=ORIENTED_EDGE('',*,*,#4905,.F.);
#4936=EDGE_LOOP('',(#4919,#4925,#4926,#4927,#4928,#4934,#4935));
#4937=FACE_BOUND('',#4936,.T.);
#4938=ADVANCED_FACE('',(#4937),#4918,.F.);
#4939=CARTESIAN_POINT('',(-40.648236204,35.349985028,30.858500248));
#4940=DIRECTION('',(-0.,-1.,-0.));
#4941=DIRECTION('',(-0.,-0.,1.));
#4942=AXIS2_PLACEMENT_3D('',#4939,#4940,#4941);
#4943=PLANE('',#4942);
#4944=ORIENTED_EDGE('',*,*,#4879,.T.);
#4945=ORIENTED_EDGE('',*,*,#4318,.F.);
#4946=ORIENTED_EDGE('',*,*,#4924,.F.);
#4947=ORIENTED_EDGE('',*,*,#294,.F.);
#4948=EDGE_LOOP('',(#4944,#4945,#4946,#4947));
#4949=FACE_BOUND('',#4948,.T.);
#4950=ADVANCED_FACE('',(#4949),#4943,.T.);
#4951=CARTESIAN_POINT('',(-51.828236204,29.116215355,12.221441755));
#4952=DIRECTION('',(-0.,-0.,1.));
#4953=DIRECTION('',(-1.,0.,-0.));
#4954=AXIS2_PLACEMENT_3D('',#4951,#4952,#4953);
#4955=PLANE('',#4954);
#4956=ORIENTED_EDGE('',*,*,#282,.T.);
#4957=CARTESIAN_POINT('',(-37.335835397,42.007032187,12.221441755));
#4958=DIRECTION('',(-1.,0.,-0.));
#4959=VECTOR('',#4958,6.955343095);
#4960=LINE('',#4957,#4959);
#4961=EDGE_CURVE('',#4457,#271,#4960,.T.);
#4962=ORIENTED_EDGE('',*,*,#4961,.F.);
#4963=ORIENTED_EDGE('',*,*,#4462,.T.);
#4964=ORIENTED_EDGE('',*,*,#4361,.T.);
#4965=ORIENTED_EDGE('',*,*,#4544,.T.);
#4966=ORIENTED_EDGE('',*,*,#4562,.T.);
#4967=CARTESIAN_POINT('',(-44.291178492,35.349985028,12.221441755));
#4968=DIRECTION('',(1.,-0.,0.));
#4969=VECTOR('',#4968,2.976583789);
#4970=LINE('',#4967,#4969);
#4971=EDGE_CURVE('',#253,#4556,#4970,.T.);
#4972=ORIENTED_EDGE('',*,*,#4971,.F.);
#4973=EDGE_LOOP('',(#4956,#4962,#4963,#4964,#4965,#4966,#4972));
#4974=FACE_BOUND('',#4973,.T.);
#4975=ADVANCED_FACE('',(#4974),#4955,.F.);
#4976=CARTESIAN_POINT('',(-64.496515785,42.007032187,83.981997866));
#4977=DIRECTION('',(0.,1.,0.));
#4978=DIRECTION('',(-0.,-0.,1.));
#4979=AXIS2_PLACEMENT_3D('',#4976,#4977,#4978);
#4980=PLANE('',#4979);
#4981=CARTESIAN_POINT('',(-37.335835397,42.007032187,19.421441755));
#4982=VERTEX_POINT('',#4981);
#4983=CARTESIAN_POINT('',(-37.335835397,42.007032187,15.821441755));
#4984=DIRECTION('',(0.,1.,0.));
#4985=DIRECTION('',(0.,-0.,1.));
#4986=AXIS2_PLACEMENT_3D('',#4983,#4984,#4985);
#4987=CIRCLE('',#4986,3.6);
#4988=EDGE_CURVE('',#4982,#4447,#4987,.T.);
#4989=ORIENTED_EDGE('',*,*,#4988,.T.);
#4990=ORIENTED_EDGE('',*,*,#4469,.T.);
#4991=ORIENTED_EDGE('',*,*,#4961,.T.);
#4992=ORIENTED_EDGE('',*,*,#276,.F.);
#4993=CARTESIAN_POINT('',(-44.291178492,42.007032187,19.421441755));
#4994=DIRECTION('',(1.,-0.,0.));
#4995=VECTOR('',#4994,6.955343095);
#4996=LINE('',#4993,#4995);
#4997=EDGE_CURVE('',#263,#4982,#4996,.T.);
#4998=ORIENTED_EDGE('',*,*,#4997,.T.);
#4999=EDGE_LOOP('',(#4989,#4990,#4991,#4992,#4998));
#5000=FACE_BOUND('',#4999,.T.);
#5001=ORIENTED_EDGE('',*,*,#4394,.F.);
#5002=ORIENTED_EDGE('',*,*,#4401,.F.);
#5003=EDGE_LOOP('',(#5001,#5002));
#5004=FACE_BOUND('',#5003,.T.);
#5005=ADVANCED_FACE('',(#5000,#5004),#4980,.T.);
#5006=CARTESIAN_POINT('',(-51.828210791,29.116215355,19.421441755));
#5007=DIRECTION('',(0.,0.,-1.));
#5008=DIRECTION('',(1.,-0.,0.));
#5009=AXIS2_PLACEMENT_3D('',#5006,#5007,#5008);
#5010=PLANE('',#5009);
#5011=ORIENTED_EDGE('',*,*,#268,.T.);
#5012=CARTESIAN_POINT('',(-44.291178492,35.349985028,19.421441755));
#5013=DIRECTION('',(1.,-0.,0.));
#5014=VECTOR('',#5013,2.976583789);
#5015=LINE('',#5012,#5014);
#5016=EDGE_CURVE('',#255,#4566,#5015,.T.);
#5017=ORIENTED_EDGE('',*,*,#5016,.T.);
#5018=ORIENTED_EDGE('',*,*,#4572,.T.);
#5019=ORIENTED_EDGE('',*,*,#4530,.T.);
#5020=ORIENTED_EDGE('',*,*,#4488,.T.);
#5021=CARTESIAN_POINT('',(-37.335835397,39.770839298,19.421441755));
#5022=DIRECTION('',(0.,1.,0.));
#5023=VECTOR('',#5022,2.236192889);
#5024=LINE('',#5021,#5023);
#5025=EDGE_CURVE('',#4482,#4982,#5024,.T.);
#5026=ORIENTED_EDGE('',*,*,#5025,.T.);
#5027=ORIENTED_EDGE('',*,*,#4997,.F.);
#5028=EDGE_LOOP('',(#5011,#5017,#5018,#5019,#5020,#5026,#5027));
#5029=FACE_BOUND('',#5028,.T.);
#5030=ADVANCED_FACE('',(#5029),#5010,.F.);
#5031=CARTESIAN_POINT('',(-40.648236204,35.349985028,15.821441755));
#5032=DIRECTION('',(-0.,-1.,-0.));
#5033=DIRECTION('',(-0.,-0.,1.));
#5034=AXIS2_PLACEMENT_3D('',#5031,#5032,#5033);
#5035=PLANE('',#5034);
#5036=ORIENTED_EDGE('',*,*,#4971,.T.);
#5037=ORIENTED_EDGE('',*,*,#4578,.F.);
#5038=ORIENTED_EDGE('',*,*,#5016,.F.);
#5039=ORIENTED_EDGE('',*,*,#260,.F.);
#5040=EDGE_LOOP('',(#5036,#5037,#5038,#5039));
#5041=FACE_BOUND('',#5040,.T.);
#5042=ADVANCED_FACE('',(#5041),#5035,.T.);
#5043=CARTESIAN_POINT('',(-46.291178492,43.34248006,6.340146241));
#5044=DIRECTION('',(1.,-0.,-0.));
#5045=DIRECTION('',(0.,0.,-1.));
#5046=AXIS2_PLACEMENT_3D('',#5043,#5044,#5045);
#5047=PLANE('',#5046);
#5048=CARTESIAN_POINT('',(-46.291178492,46.045871089,6.340146241));
#5049=DIRECTION('',(-0.,-1.,-0.));
#5050=VECTOR('',#5049,45.74575656);
#5051=LINE('',#5048,#5050);
#5052=EDGE_CURVE('',#3059,#3010,#5051,.T.);
#5053=ORIENTED_EDGE('',*,*,#5052,.T.);
#5054=ORIENTED_EDGE('',*,*,#3015,.F.);
#5055=CARTESIAN_POINT('',(-46.291178492,46.045871089,40.210015182));
#5056=DIRECTION('',(-0.,-1.,-0.));
#5057=VECTOR('',#5056,45.74575656);
#5058=LINE('',#5055,#5057);
#5059=EDGE_CURVE('',#3068,#3001,#5058,.T.);
#5060=ORIENTED_EDGE('',*,*,#5059,.F.);
#5061=ORIENTED_EDGE('',*,*,#3073,.T.);
#5062=EDGE_LOOP('',(#5053,#5054,#5060,#5061));
#5063=FACE_BOUND('',#5062,.T.);
#5064=ADVANCED_FACE('',(#5063),#5047,.F.);
#5065=CARTESIAN_POINT('',(-37.931178492,43.34248006,40.210015182));
#5066=DIRECTION('',(-0.,-1.,-0.));
#5067=DIRECTION('',(-0.,-0.,1.));
#5068=AXIS2_PLACEMENT_3D('',#5065,#5066,#5067);
#5069=CYLINDRICAL_SURFACE('',#5068,8.36);
#5070=ORIENTED_EDGE('',*,*,#5059,.T.);
#5071=ORIENTED_EDGE('',*,*,#3007,.F.);
#5072=ORIENTED_EDGE('',*,*,#2889,.F.);
#5073=ORIENTED_EDGE('',*,*,#3080,.T.);
#5074=EDGE_LOOP('',(#5070,#5071,#5072,#5073));
#5075=FACE_BOUND('',#5074,.T.);
#5076=ADVANCED_FACE('',(#5075),#5069,.T.);
#5077=CARTESIAN_POINT('',(-36.111178492,43.34248006,233.157607447));
#5078=DIRECTION('',(-1.,0.,0.));
#5079=DIRECTION('',(-0.,-1.,0.));
#5080=AXIS2_PLACEMENT_3D('',#5077,#5078,#5079);
#5081=PLANE('',#5080);
#5082=ORIENTED_EDGE('',*,*,#3142,.T.);
#5083=CARTESIAN_POINT('',(-36.111178492,41.445871089,48.570015182));
#5084=DIRECTION('',(0.,0.,-1.));
#5085=VECTOR('',#5084,2.);
#5086=LINE('',#5083,#5085);
#5087=EDGE_CURVE('',#2901,#3130,#5086,.T.);
#5088=ORIENTED_EDGE('',*,*,#5087,.F.);
#5089=ORIENTED_EDGE('',*,*,#2927,.F.);
#5090=CARTESIAN_POINT('',(-36.111178492,4.950114529,48.570015182));
#5091=DIRECTION('',(-0.,0.,-1.));
#5092=VECTOR('',#5091,2.);
#5093=LINE('',#5090,#5092);
#5094=EDGE_CURVE('',#2915,#3116,#5093,.T.);
#5095=ORIENTED_EDGE('',*,*,#5094,.T.);
#5096=EDGE_LOOP('',(#5082,#5088,#5089,#5095));
#5097=FACE_BOUND('',#5096,.T.);
#5098=ADVANCED_FACE('',(#5097),#5081,.F.);
#5099=CARTESIAN_POINT('',(-33.931178492,41.445871089,233.157607447));
#5100=DIRECTION('',(0.,0.,-1.));
#5101=DIRECTION('',(0.,1.,0.));
#5102=AXIS2_PLACEMENT_3D('',#5099,#5100,#5101);
#5103=CYLINDRICAL_SURFACE('',#5102,2.18);
#5104=ORIENTED_EDGE('',*,*,#3136,.T.);
#5105=ORIENTED_EDGE('',*,*,#2834,.F.);
#5106=ORIENTED_EDGE('',*,*,#2907,.F.);
#5107=ORIENTED_EDGE('',*,*,#5087,.T.);
#5108=EDGE_LOOP('',(#5104,#5105,#5106,#5107));
#5109=FACE_BOUND('',#5108,.T.);
#5110=ADVANCED_FACE('',(#5109),#5103,.F.);
#5111=CARTESIAN_POINT('',(-33.931178492,4.950114529,233.157607447));
#5112=DIRECTION('',(0.,0.,-1.));
#5113=DIRECTION('',(0.,1.,0.));
#5114=AXIS2_PLACEMENT_3D('',#5111,#5112,#5113);
#5115=CYLINDRICAL_SURFACE('',#5114,2.18);
#5116=ORIENTED_EDGE('',*,*,#3122,.T.);
#5117=ORIENTED_EDGE('',*,*,#5094,.F.);
#5118=ORIENTED_EDGE('',*,*,#2921,.F.);
#5119=ORIENTED_EDGE('',*,*,#2865,.T.);
#5120=EDGE_LOOP('',(#5116,#5117,#5118,#5119));
#5121=FACE_BOUND('',#5120,.T.);
#5122=ADVANCED_FACE('',(#5121),#5115,.F.);
#5123=CARTESIAN_POINT('',(-37.931178492,43.34248006,6.340146241));
#5124=DIRECTION('',(-0.,-1.,-0.));
#5125=DIRECTION('',(-0.,-0.,1.));
#5126=AXIS2_PLACEMENT_3D('',#5123,#5124,#5125);
#5127=CYLINDRICAL_SURFACE('',#5126,8.36);
#5128=ORIENTED_EDGE('',*,*,#2989,.T.);
#5129=ORIENTED_EDGE('',*,*,#3022,.F.);
#5130=ORIENTED_EDGE('',*,*,#5052,.F.);
#5131=ORIENTED_EDGE('',*,*,#3065,.T.);
#5132=EDGE_LOOP('',(#5128,#5129,#5130,#5131));
#5133=FACE_BOUND('',#5132,.T.);
#5134=ADVANCED_FACE('',(#5133),#5127,.T.);
#5135=CARTESIAN_POINT('',(-37.931178492,43.34248006,6.340146241));
#5136=DIRECTION('',(-0.,-1.,-0.));
#5137=DIRECTION('',(-0.,-0.,1.));
#5138=AXIS2_PLACEMENT_3D('',#5135,#5136,#5137);
#5139=CYLINDRICAL_SURFACE('',#5138,6.36);
#5140=ORIENTED_EDGE('',*,*,#426,.T.);
#5141=ORIENTED_EDGE('',*,*,#3046,.T.);
#5142=ORIENTED_EDGE('',*,*,#2951,.F.);
#5143=ORIENTED_EDGE('',*,*,#3093,.F.);
#5144=EDGE_LOOP('',(#5140,#5141,#5142,#5143));
#5145=FACE_BOUND('',#5144,.T.);
#5146=ADVANCED_FACE('',(#5145),#5139,.F.);
#5147=CARTESIAN_POINT('',(-31.059243152,17.804579763,20.153621654));
#5148=DIRECTION('',(0.,0.,1.));
#5149=DIRECTION('',(1.,0.,-0.));
#5150=AXIS2_PLACEMENT_3D('',#5147,#5148,#5149);
#5151=CYLINDRICAL_SURFACE('',#5150,1.154403484);
#5152=CARTESIAN_POINT('',(-29.904839668,17.804579763,38.536995353));
#5153=VERTEX_POINT('',#5152);
#5154=CARTESIAN_POINT('',(-29.904839668,17.804579763,36.3707379));
#5155=VERTEX_POINT('',#5154);
#5156=CARTESIAN_POINT('',(-29.904839668,17.804579763,38.536995353));
#5157=DIRECTION('',(-0.,-0.,-1.));
#5158=VECTOR('',#5157,2.166257453);
#5159=LINE('',#5156,#5158);
#5160=EDGE_CURVE('',#5153,#5155,#5159,.T.);
#5161=ORIENTED_EDGE('',*,*,#5160,.F.);
#5162=CARTESIAN_POINT('',(-31.059243152,18.958983247,38.536995353));
#5163=VERTEX_POINT('',#5162);
#5164=CARTESIAN_POINT('',(-31.059243152,17.804579763,38.536995353));
#5165=DIRECTION('',(0.,-0.,-1.));
#5166=DIRECTION('',(-0.,1.,-0.));
#5167=AXIS2_PLACEMENT_3D('',#5164,#5165,#5166);
#5168=CIRCLE('',#5167,1.154403484);
#5169=EDGE_CURVE('',#5163,#5153,#5168,.T.);
#5170=ORIENTED_EDGE('',*,*,#5169,.F.);
#5171=CARTESIAN_POINT('',(-31.059243152,17.804579763,38.536995353));
#5172=DIRECTION('',(0.,-0.,-1.));
#5173=DIRECTION('',(-0.,1.,-0.));
#5174=AXIS2_PLACEMENT_3D('',#5171,#5172,#5173);
#5175=CIRCLE('',#5174,1.154403484);
#5176=EDGE_CURVE('',#5153,#5163,#5175,.T.);
#5177=ORIENTED_EDGE('',*,*,#5176,.F.);
#5178=ORIENTED_EDGE('',*,*,#5160,.T.);
#5179=CARTESIAN_POINT('',(-31.059243152,16.65017628,36.3707379));
#5180=VERTEX_POINT('',#5179);
#5181=CARTESIAN_POINT('',(-31.059243152,17.804579763,36.3707379));
#5182=DIRECTION('',(0.,-0.,-1.));
#5183=DIRECTION('',(0.,-1.,0.));
#5184=AXIS2_PLACEMENT_3D('',#5181,#5182,#5183);
#5185=CIRCLE('',#5184,1.154403484);
#5186=EDGE_CURVE('',#5155,#5180,#5185,.T.);
#5187=ORIENTED_EDGE('',*,*,#5186,.T.);
#5188=CARTESIAN_POINT('',(-31.059243152,17.804579763,36.3707379));
#5189=DIRECTION('',(0.,-0.,-1.));
#5190=DIRECTION('',(0.,-1.,0.));
#5191=AXIS2_PLACEMENT_3D('',#5188,#5189,#5190);
#5192=CIRCLE('',#5191,1.154403484);
#5193=EDGE_CURVE('',#5180,#5155,#5192,.T.);
#5194=ORIENTED_EDGE('',*,*,#5193,.T.);
#5195=EDGE_LOOP('',(#5161,#5170,#5177,#5178,#5187,#5194));
#5196=FACE_BOUND('',#5195,.T.);
#5197=ADVANCED_FACE('',(#5196),#5151,.F.);
#5198=CARTESIAN_POINT('',(-31.059243152,17.804579763,35.699003697));
#5199=DIRECTION('',(0.,0.,1.));
#5200=DIRECTION('',(1.,0.,-0.));
#5201=AXIS2_PLACEMENT_3D('',#5198,#5199,#5200);
#5202=CYLINDRICAL_SURFACE('',#5201,3.096030413);
#5203=CARTESIAN_POINT('',(-27.963212739,17.804579763,38.536995353));
#5204=VERTEX_POINT('',#5203);
#5205=CARTESIAN_POINT('',(-27.963212739,17.804579763,36.3707379));
#5206=VERTEX_POINT('',#5205);
#5207=CARTESIAN_POINT('',(-27.963212739,17.804579763,38.536995353));
#5208=DIRECTION('',(-0.,-0.,-1.));
#5209=VECTOR('',#5208,2.166257453);
#5210=LINE('',#5207,#5209);
#5211=EDGE_CURVE('',#5204,#5206,#5210,.T.);
#5212=ORIENTED_EDGE('',*,*,#5211,.T.);
#5213=CARTESIAN_POINT('',(-31.059243152,20.900610176,36.3707379));
#5214=VERTEX_POINT('',#5213);
#5215=CARTESIAN_POINT('',(-31.059243152,17.804579763,36.3707379));
#5216=DIRECTION('',(-0.,0.,1.));
#5217=DIRECTION('',(0.,-1.,0.));
#5218=AXIS2_PLACEMENT_3D('',#5215,#5216,#5217);
#5219=CIRCLE('',#5218,3.096030413);
#5220=EDGE_CURVE('',#5206,#5214,#5219,.T.);
#5221=ORIENTED_EDGE('',*,*,#5220,.T.);
#5222=CARTESIAN_POINT('',(-31.059243152,20.900610176,38.536995353));
#5223=VERTEX_POINT('',#5222);
#5224=CARTESIAN_POINT('',(-31.059243152,20.900610176,36.3707379));
#5225=DIRECTION('',(0.,0.,1.));
#5226=VECTOR('',#5225,2.166257453);
#5227=LINE('',#5224,#5226);
#5228=EDGE_CURVE('',#5214,#5223,#5227,.T.);
#5229=ORIENTED_EDGE('',*,*,#5228,.T.);
#5230=CARTESIAN_POINT('',(-31.059243152,17.804579763,38.536995353));
#5231=DIRECTION('',(0.,-0.,-1.));
#5232=DIRECTION('',(0.,-1.,0.));
#5233=AXIS2_PLACEMENT_3D('',#5230,#5231,#5232);
#5234=CIRCLE('',#5233,3.096030413);
#5235=EDGE_CURVE('',#5223,#5204,#5234,.T.);
#5236=ORIENTED_EDGE('',*,*,#5235,.T.);
#5237=EDGE_LOOP('',(#5212,#5221,#5229,#5236));
#5238=FACE_BOUND('',#5237,.T.);
#5239=ADVANCED_FACE('',(#5238),#5202,.T.);
#5240=CARTESIAN_POINT('',(-58.21992354,85.965135875,38.536995353));
#5241=DIRECTION('',(-0.,0.,1.));
#5242=DIRECTION('',(-0.,1.,-0.));
#5243=AXIS2_PLACEMENT_3D('',#5240,#5241,#5242);
#5244=PLANE('',#5243);
#5245=CARTESIAN_POINT('',(-39.748228968,20.900610176,38.536995353));
#5246=VERTEX_POINT('',#5245);
#5247=CARTESIAN_POINT('',(-39.748228968,20.900610176,38.536995353));
#5248=DIRECTION('',(1.,0.,0.));
#5249=VECTOR('',#5248,8.688985817);
#5250=LINE('',#5247,#5249);
#5251=EDGE_CURVE('',#5246,#5223,#5250,.T.);
#5252=ORIENTED_EDGE('',*,*,#5251,.F.);
#5253=CARTESIAN_POINT('',(-39.748228968,14.708549351,38.536995353));
#5254=VERTEX_POINT('',#5253);
#5255=CARTESIAN_POINT('',(-39.748228968,20.900610176,38.536995353));
#5256=DIRECTION('',(0.,-1.,0.));
#5257=VECTOR('',#5256,6.192060826);
#5258=LINE('',#5255,#5257);
#5259=EDGE_CURVE('',#5246,#5254,#5258,.T.);
#5260=ORIENTED_EDGE('',*,*,#5259,.T.);
#5261=CARTESIAN_POINT('',(-31.059243152,14.708549351,38.536995353));
#5262=VERTEX_POINT('',#5261);
#5263=CARTESIAN_POINT('',(-31.059243152,14.708549351,38.536995353));
#5264=DIRECTION('',(-1.,-0.,-0.));
#5265=VECTOR('',#5264,8.688985817);
#5266=LINE('',#5263,#5265);
#5267=EDGE_CURVE('',#5262,#5254,#5266,.T.);
#5268=ORIENTED_EDGE('',*,*,#5267,.F.);
#5269=CARTESIAN_POINT('',(-31.059243152,17.804579763,38.536995353));
#5270=DIRECTION('',(0.,-0.,-1.));
#5271=DIRECTION('',(0.,-1.,0.));
#5272=AXIS2_PLACEMENT_3D('',#5269,#5270,#5271);
#5273=CIRCLE('',#5272,3.096030413);
#5274=EDGE_CURVE('',#5204,#5262,#5273,.T.);
#5275=ORIENTED_EDGE('',*,*,#5274,.F.);
#5276=ORIENTED_EDGE('',*,*,#5235,.F.);
#5277=EDGE_LOOP('',(#5252,#5260,#5268,#5275,#5276));
#5278=FACE_BOUND('',#5277,.T.);
#5279=ORIENTED_EDGE('',*,*,#5169,.T.);
#5280=ORIENTED_EDGE('',*,*,#5176,.T.);
#5281=EDGE_LOOP('',(#5279,#5280));
#5282=FACE_BOUND('',#5281,.T.);
#5283=ADVANCED_FACE('',(#5278,#5282),#5244,.T.);
#5284=CARTESIAN_POINT('',(-42.436213747,20.100610176,41.224980132));
#5285=DIRECTION('',(-0.707106781,-0.,-0.707106781));
#5286=DIRECTION('',(-0.,1.,-0.));
#5287=AXIS2_PLACEMENT_3D('',#5284,#5285,#5286);
#5288=PLANE('',#5287);
#5289=CARTESIAN_POINT('',(-42.436213747,14.708549351,41.224980132));
#5290=VERTEX_POINT('',#5289);
#5291=CARTESIAN_POINT('',(-39.748228968,14.708549351,38.536995353));
#5292=DIRECTION('',(-0.707106781,-0.,0.707106781));
#5293=VECTOR('',#5292,3.801384529);
#5294=LINE('',#5291,#5293);
#5295=EDGE_CURVE('',#5254,#5290,#5294,.T.);
#5296=ORIENTED_EDGE('',*,*,#5295,.F.);
#5297=ORIENTED_EDGE('',*,*,#5259,.F.);
#5298=CARTESIAN_POINT('',(-42.436213747,20.900610176,41.224980132));
#5299=VERTEX_POINT('',#5298);
#5300=CARTESIAN_POINT('',(-42.436213747,20.900610176,41.224980132));
#5301=DIRECTION('',(0.707106781,0.,-0.707106781));
#5302=VECTOR('',#5301,3.801384529);
#5303=LINE('',#5300,#5302);
#5304=EDGE_CURVE('',#5299,#5246,#5303,.T.);
#5305=ORIENTED_EDGE('',*,*,#5304,.F.);
#5306=CARTESIAN_POINT('',(-42.436213747,14.708549351,41.224980132));
#5307=DIRECTION('',(-0.,1.,-0.));
#5308=VECTOR('',#5307,6.192060826);
#5309=LINE('',#5306,#5308);
#5310=EDGE_CURVE('',#5290,#5299,#5309,.T.);
#5311=ORIENTED_EDGE('',*,*,#5310,.F.);
#5312=EDGE_LOOP('',(#5296,#5297,#5305,#5311));
#5313=FACE_BOUND('',#5312,.T.);
#5314=ADVANCED_FACE('',(#5313),#5288,.F.);
#5315=CARTESIAN_POINT('',(-42.436213747,20.100610176,38.536995353));
#5316=DIRECTION('',(-1.,-0.,-0.));
#5317=DIRECTION('',(0.,-1.,0.));
#5318=AXIS2_PLACEMENT_3D('',#5315,#5316,#5317);
#5319=PLANE('',#5318);
#5320=ORIENTED_EDGE('',*,*,#167,.F.);
#5321=CARTESIAN_POINT('',(-42.436213747,14.708549351,44.699364505));
#5322=DIRECTION('',(0.,-0.,-1.));
#5323=VECTOR('',#5322,3.474384374);
#5324=LINE('',#5321,#5323);
#5325=EDGE_CURVE('',#153,#5290,#5324,.T.);
#5326=ORIENTED_EDGE('',*,*,#5325,.T.);
#5327=ORIENTED_EDGE('',*,*,#5310,.T.);
#5328=CARTESIAN_POINT('',(-42.436213747,20.900610176,44.699364505));
#5329=DIRECTION('',(0.,-0.,-1.));
#5330=VECTOR('',#5329,3.474384374);
#5331=LINE('',#5328,#5330);
#5332=EDGE_CURVE('',#162,#5299,#5331,.T.);
#5333=ORIENTED_EDGE('',*,*,#5332,.F.);
#5334=EDGE_LOOP('',(#5320,#5326,#5327,#5333));
#5335=FACE_BOUND('',#5334,.T.);
#5336=ADVANCED_FACE('',(#5335),#5319,.F.);
#5337=CARTESIAN_POINT('',(-45.551643958,14.708549351,26.393723456));
#5338=DIRECTION('',(-0.,1.,-0.));
#5339=DIRECTION('',(-1.,-0.,-0.));
#5340=AXIS2_PLACEMENT_3D('',#5337,#5338,#5339);
#5341=PLANE('',#5340);
#5342=ORIENTED_EDGE('',*,*,#159,.F.);
#5343=ORIENTED_EDGE('',*,*,#409,.F.);
#5344=CARTESIAN_POINT('',(-31.059243152,14.708549351,36.3707379));
#5345=VERTEX_POINT('',#5344);
#5346=CARTESIAN_POINT('',(-44.291178492,14.708549351,36.3707379));
#5347=DIRECTION('',(1.,0.,0.));
#5348=VECTOR('',#5347,13.23193534);
#5349=LINE('',#5346,#5348);
#5350=EDGE_CURVE('',#398,#5345,#5349,.T.);
#5351=ORIENTED_EDGE('',*,*,#5350,.T.);
#5352=CARTESIAN_POINT('',(-31.059243152,14.708549351,38.536995353));
#5353=DIRECTION('',(-0.,-0.,-1.));
#5354=VECTOR('',#5353,2.166257453);
#5355=LINE('',#5352,#5354);
#5356=EDGE_CURVE('',#5262,#5345,#5355,.T.);
#5357=ORIENTED_EDGE('',*,*,#5356,.F.);
#5358=ORIENTED_EDGE('',*,*,#5267,.T.);
#5359=ORIENTED_EDGE('',*,*,#5295,.T.);
#5360=ORIENTED_EDGE('',*,*,#5325,.F.);
#5361=EDGE_LOOP('',(#5342,#5343,#5351,#5357,#5358,#5359,#5360));
#5362=FACE_BOUND('',#5361,.T.);
#5363=ADVANCED_FACE('',(#5362),#5341,.F.);
#5364=CARTESIAN_POINT('',(-54.731593132,15.673101185,36.3707379));
#5365=DIRECTION('',(-0.,0.,1.));
#5366=DIRECTION('',(-0.,1.,-0.));
#5367=AXIS2_PLACEMENT_3D('',#5364,#5365,#5366);
#5368=PLANE('',#5367);
#5369=ORIENTED_EDGE('',*,*,#403,.F.);
#5370=CARTESIAN_POINT('',(-44.291178492,20.900610176,36.3707379));
#5371=DIRECTION('',(1.,0.,0.));
#5372=VECTOR('',#5371,13.23193534);
#5373=LINE('',#5370,#5372);
#5374=EDGE_CURVE('',#390,#5214,#5373,.T.);
#5375=ORIENTED_EDGE('',*,*,#5374,.T.);
#5376=ORIENTED_EDGE('',*,*,#5220,.F.);
#5377=CARTESIAN_POINT('',(-31.059243152,17.804579763,36.3707379));
#5378=DIRECTION('',(-0.,0.,1.));
#5379=DIRECTION('',(0.,-1.,0.));
#5380=AXIS2_PLACEMENT_3D('',#5377,#5378,#5379);
#5381=CIRCLE('',#5380,3.096030413);
#5382=EDGE_CURVE('',#5345,#5206,#5381,.T.);
#5383=ORIENTED_EDGE('',*,*,#5382,.F.);
#5384=ORIENTED_EDGE('',*,*,#5350,.F.);
#5385=EDGE_LOOP('',(#5369,#5375,#5376,#5383,#5384));
#5386=FACE_BOUND('',#5385,.T.);
#5387=ORIENTED_EDGE('',*,*,#5186,.F.);
#5388=ORIENTED_EDGE('',*,*,#5193,.F.);
#5389=EDGE_LOOP('',(#5387,#5388));
#5390=FACE_BOUND('',#5389,.T.);
#5391=ADVANCED_FACE('',(#5386,#5390),#5368,.F.);
#5392=CARTESIAN_POINT('',(-45.551618545,20.900610176,26.393723456));
#5393=DIRECTION('',(0.,-1.,0.));
#5394=DIRECTION('',(1.,0.,0.));
#5395=AXIS2_PLACEMENT_3D('',#5392,#5393,#5394);
#5396=PLANE('',#5395);
#5397=ORIENTED_EDGE('',*,*,#176,.F.);
#5398=ORIENTED_EDGE('',*,*,#5332,.T.);
#5399=ORIENTED_EDGE('',*,*,#5304,.T.);
#5400=ORIENTED_EDGE('',*,*,#5251,.T.);
#5401=ORIENTED_EDGE('',*,*,#5228,.F.);
#5402=ORIENTED_EDGE('',*,*,#5374,.F.);
#5403=ORIENTED_EDGE('',*,*,#395,.F.);
#5404=EDGE_LOOP('',(#5397,#5398,#5399,#5400,#5401,#5402,#5403));
#5405=FACE_BOUND('',#5404,.T.);
#5406=ADVANCED_FACE('',(#5405),#5396,.F.);
#5407=CARTESIAN_POINT('',(31.059243152,17.804579763,20.153621654));
#5408=DIRECTION('',(-0.,0.,1.));
#5409=DIRECTION('',(-1.,0.,-0.));
#5410=AXIS2_PLACEMENT_3D('',#5407,#5408,#5409);
#5411=CYLINDRICAL_SURFACE('',#5410,1.154403484);
#5412=CARTESIAN_POINT('',(29.904839668,17.804579763,38.536995353));
#5413=VERTEX_POINT('',#5412);
#5414=CARTESIAN_POINT('',(29.904839668,17.804579763,36.3707379));
#5415=VERTEX_POINT('',#5414);
#5416=CARTESIAN_POINT('',(29.904839668,17.804579763,38.536995353));
#5417=DIRECTION('',(0.,-0.,-1.));
#5418=VECTOR('',#5417,2.166257453);
#5419=LINE('',#5416,#5418);
#5420=EDGE_CURVE('',#5413,#5415,#5419,.T.);
#5421=ORIENTED_EDGE('',*,*,#5420,.F.);
#5422=CARTESIAN_POINT('',(31.059243152,18.958983247,38.536995353));
#5423=VERTEX_POINT('',#5422);
#5424=CARTESIAN_POINT('',(31.059243152,17.804579763,38.536995353));
#5425=DIRECTION('',(0.,0.,1.));
#5426=DIRECTION('',(0.,1.,-0.));
#5427=AXIS2_PLACEMENT_3D('',#5424,#5425,#5426);
#5428=CIRCLE('',#5427,1.154403484);
#5429=EDGE_CURVE('',#5413,#5423,#5428,.T.);
#5430=ORIENTED_EDGE('',*,*,#5429,.T.);
#5431=CARTESIAN_POINT('',(31.059243152,17.804579763,38.536995353));
#5432=DIRECTION('',(0.,0.,1.));
#5433=DIRECTION('',(0.,1.,-0.));
#5434=AXIS2_PLACEMENT_3D('',#5431,#5432,#5433);
#5435=CIRCLE('',#5434,1.154403484);
#5436=EDGE_CURVE('',#5423,#5413,#5435,.T.);
#5437=ORIENTED_EDGE('',*,*,#5436,.T.);
#5438=ORIENTED_EDGE('',*,*,#5420,.T.);
#5439=CARTESIAN_POINT('',(31.059243152,16.65017628,36.3707379));
#5440=VERTEX_POINT('',#5439);
#5441=CARTESIAN_POINT('',(31.059243152,17.804579763,36.3707379));
#5442=DIRECTION('',(0.,0.,1.));
#5443=DIRECTION('',(-0.,-1.,0.));
#5444=AXIS2_PLACEMENT_3D('',#5441,#5442,#5443);
#5445=CIRCLE('',#5444,1.154403484);
#5446=EDGE_CURVE('',#5440,#5415,#5445,.T.);
#5447=ORIENTED_EDGE('',*,*,#5446,.F.);
#5448=CARTESIAN_POINT('',(31.059243152,17.804579763,36.3707379));
#5449=DIRECTION('',(0.,0.,1.));
#5450=DIRECTION('',(-0.,-1.,0.));
#5451=AXIS2_PLACEMENT_3D('',#5448,#5449,#5450);
#5452=CIRCLE('',#5451,1.154403484);
#5453=EDGE_CURVE('',#5415,#5440,#5452,.T.);
#5454=ORIENTED_EDGE('',*,*,#5453,.F.);
#5455=EDGE_LOOP('',(#5421,#5430,#5437,#5438,#5447,#5454));
#5456=FACE_BOUND('',#5455,.T.);
#5457=ADVANCED_FACE('',(#5456),#5411,.F.);
#5458=CARTESIAN_POINT('',(31.059243152,17.804579763,35.699003697));
#5459=DIRECTION('',(0.,0.,1.));
#5460=DIRECTION('',(-1.,0.,0.));
#5461=AXIS2_PLACEMENT_3D('',#5458,#5459,#5460);
#5462=CYLINDRICAL_SURFACE('',#5461,3.096030413);
#5463=CARTESIAN_POINT('',(27.963212739,17.804579763,38.536995353));
#5464=VERTEX_POINT('',#5463);
#5465=CARTESIAN_POINT('',(27.963212739,17.804579763,36.3707379));
#5466=VERTEX_POINT('',#5465);
#5467=CARTESIAN_POINT('',(27.963212739,17.804579763,38.536995353));
#5468=DIRECTION('',(-0.,-0.,-1.));
#5469=VECTOR('',#5468,2.166257453);
#5470=LINE('',#5467,#5469);
#5471=EDGE_CURVE('',#5464,#5466,#5470,.T.);
#5472=ORIENTED_EDGE('',*,*,#5471,.T.);
#5473=CARTESIAN_POINT('',(31.059243152,14.708549351,36.3707379));
#5474=VERTEX_POINT('',#5473);
#5475=CARTESIAN_POINT('',(31.059243152,17.804579763,36.3707379));
#5476=DIRECTION('',(-0.,-0.,-1.));
#5477=DIRECTION('',(0.,-1.,0.));
#5478=AXIS2_PLACEMENT_3D('',#5475,#5476,#5477);
#5479=CIRCLE('',#5478,3.096030413);
#5480=EDGE_CURVE('',#5474,#5466,#5479,.T.);
#5481=ORIENTED_EDGE('',*,*,#5480,.F.);
#5482=CARTESIAN_POINT('',(31.059243152,14.708549351,38.536995353));
#5483=VERTEX_POINT('',#5482);
#5484=CARTESIAN_POINT('',(31.059243152,14.708549351,38.536995353));
#5485=DIRECTION('',(-0.,-0.,-1.));
#5486=VECTOR('',#5485,2.166257453);
#5487=LINE('',#5484,#5486);
#5488=EDGE_CURVE('',#5483,#5474,#5487,.T.);
#5489=ORIENTED_EDGE('',*,*,#5488,.F.);
#5490=CARTESIAN_POINT('',(31.059243152,17.804579763,38.536995353));
#5491=DIRECTION('',(0.,0.,1.));
#5492=DIRECTION('',(0.,-1.,0.));
#5493=AXIS2_PLACEMENT_3D('',#5490,#5491,#5492);
#5494=CIRCLE('',#5493,3.096030413);
#5495=EDGE_CURVE('',#5464,#5483,#5494,.T.);
#5496=ORIENTED_EDGE('',*,*,#5495,.F.);
#5497=EDGE_LOOP('',(#5472,#5481,#5489,#5496));
#5498=FACE_BOUND('',#5497,.T.);
#5499=ADVANCED_FACE('',(#5498),#5462,.T.);
#5500=CARTESIAN_POINT('',(58.21992354,85.965135875,38.536995353));
#5501=DIRECTION('',(0.,0.,1.));
#5502=DIRECTION('',(0.,1.,-0.));
#5503=AXIS2_PLACEMENT_3D('',#5500,#5501,#5502);
#5504=PLANE('',#5503);
#5505=CARTESIAN_POINT('',(39.748228968,20.900610176,38.536995353));
#5506=VERTEX_POINT('',#5505);
#5507=CARTESIAN_POINT('',(31.059243152,20.900610176,38.536995353));
#5508=VERTEX_POINT('',#5507);
#5509=CARTESIAN_POINT('',(39.748228968,20.900610176,38.536995353));
#5510=DIRECTION('',(-1.,0.,0.));
#5511=VECTOR('',#5510,8.688985817);
#5512=LINE('',#5509,#5511);
#5513=EDGE_CURVE('',#5506,#5508,#5512,.T.);
#5514=ORIENTED_EDGE('',*,*,#5513,.T.);
#5515=CARTESIAN_POINT('',(31.059243152,17.804579763,38.536995353));
#5516=DIRECTION('',(0.,0.,1.));
#5517=DIRECTION('',(0.,-1.,0.));
#5518=AXIS2_PLACEMENT_3D('',#5515,#5516,#5517);
#5519=CIRCLE('',#5518,3.096030413);
#5520=EDGE_CURVE('',#5508,#5464,#5519,.T.);
#5521=ORIENTED_EDGE('',*,*,#5520,.T.);
#5522=ORIENTED_EDGE('',*,*,#5495,.T.);
#5523=CARTESIAN_POINT('',(39.748228968,14.708549351,38.536995353));
#5524=VERTEX_POINT('',#5523);
#5525=CARTESIAN_POINT('',(31.059243152,14.708549351,38.536995353));
#5526=DIRECTION('',(1.,-0.,-0.));
#5527=VECTOR('',#5526,8.688985817);
#5528=LINE('',#5525,#5527);
#5529=EDGE_CURVE('',#5483,#5524,#5528,.T.);
#5530=ORIENTED_EDGE('',*,*,#5529,.T.);
#5531=CARTESIAN_POINT('',(39.748228968,20.900610176,38.536995353));
#5532=DIRECTION('',(-0.,-1.,0.));
#5533=VECTOR('',#5532,6.192060826);
#5534=LINE('',#5531,#5533);
#5535=EDGE_CURVE('',#5506,#5524,#5534,.T.);
#5536=ORIENTED_EDGE('',*,*,#5535,.F.);
#5537=EDGE_LOOP('',(#5514,#5521,#5522,#5530,#5536));
#5538=FACE_BOUND('',#5537,.T.);
#5539=ORIENTED_EDGE('',*,*,#5429,.F.);
#5540=ORIENTED_EDGE('',*,*,#5436,.F.);
#5541=EDGE_LOOP('',(#5539,#5540));
#5542=FACE_BOUND('',#5541,.T.);
#5543=ADVANCED_FACE('',(#5538,#5542),#5504,.T.);
#5544=CARTESIAN_POINT('',(42.436213747,20.100610176,41.224980132));
#5545=DIRECTION('',(0.707106781,-0.,-0.707106781));
#5546=DIRECTION('',(0.,1.,-0.));
#5547=AXIS2_PLACEMENT_3D('',#5544,#5545,#5546);
#5548=PLANE('',#5547);
#5549=CARTESIAN_POINT('',(42.436213747,14.708549351,41.224980132));
#5550=VERTEX_POINT('',#5549);
#5551=CARTESIAN_POINT('',(39.748228968,14.708549351,38.536995353));
#5552=DIRECTION('',(0.707106781,-0.,0.707106781));
#5553=VECTOR('',#5552,3.801384529);
#5554=LINE('',#5551,#5553);
#5555=EDGE_CURVE('',#5524,#5550,#5554,.T.);
#5556=ORIENTED_EDGE('',*,*,#5555,.T.);
#5557=CARTESIAN_POINT('',(42.436213747,20.900610176,41.224980132));
#5558=VERTEX_POINT('',#5557);
#5559=CARTESIAN_POINT('',(42.436213747,14.708549351,41.224980132));
#5560=DIRECTION('',(0.,1.,-0.));
#5561=VECTOR('',#5560,6.192060826);
#5562=LINE('',#5559,#5561);
#5563=EDGE_CURVE('',#5550,#5558,#5562,.T.);
#5564=ORIENTED_EDGE('',*,*,#5563,.T.);
#5565=CARTESIAN_POINT('',(42.436213747,20.900610176,41.224980132));
#5566=DIRECTION('',(-0.707106781,0.,-0.707106781));
#5567=VECTOR('',#5566,3.801384529);
#5568=LINE('',#5565,#5567);
#5569=EDGE_CURVE('',#5558,#5506,#5568,.T.);
#5570=ORIENTED_EDGE('',*,*,#5569,.T.);
#5571=ORIENTED_EDGE('',*,*,#5535,.T.);
#5572=EDGE_LOOP('',(#5556,#5564,#5570,#5571));
#5573=FACE_BOUND('',#5572,.T.);
#5574=ADVANCED_FACE('',(#5573),#5548,.F.);
#5575=CARTESIAN_POINT('',(42.436213747,20.100610176,38.536995353));
#5576=DIRECTION('',(1.,-0.,-0.));
#5577=DIRECTION('',(-0.,-1.,0.));
#5578=AXIS2_PLACEMENT_3D('',#5575,#5576,#5577);
#5579=PLANE('',#5578);
#5580=ORIENTED_EDGE('',*,*,#40,.F.);
#5581=CARTESIAN_POINT('',(42.436213747,20.900610176,44.699364505));
#5582=DIRECTION('',(-0.,-0.,-1.));
#5583=VECTOR('',#5582,3.474384374);
#5584=LINE('',#5581,#5583);
#5585=EDGE_CURVE('',#33,#5558,#5584,.T.);
#5586=ORIENTED_EDGE('',*,*,#5585,.T.);
#5587=ORIENTED_EDGE('',*,*,#5563,.F.);
#5588=CARTESIAN_POINT('',(42.436213747,14.708549351,44.699364505));
#5589=DIRECTION('',(-0.,-0.,-1.));
#5590=VECTOR('',#5589,3.474384374);
#5591=LINE('',#5588,#5590);
#5592=EDGE_CURVE('',#35,#5550,#5591,.T.);
#5593=ORIENTED_EDGE('',*,*,#5592,.F.);
#5594=EDGE_LOOP('',(#5580,#5586,#5587,#5593));
#5595=FACE_BOUND('',#5594,.T.);
#5596=ADVANCED_FACE('',(#5595),#5579,.F.);
#5597=CARTESIAN_POINT('',(45.551643958,14.708549351,26.393723456));
#5598=DIRECTION('',(0.,1.,-0.));
#5599=DIRECTION('',(1.,-0.,-0.));
#5600=AXIS2_PLACEMENT_3D('',#5597,#5598,#5599);
#5601=PLANE('',#5600);
#5602=ORIENTED_EDGE('',*,*,#49,.F.);
#5603=ORIENTED_EDGE('',*,*,#5592,.T.);
#5604=ORIENTED_EDGE('',*,*,#5555,.F.);
#5605=ORIENTED_EDGE('',*,*,#5529,.F.);
#5606=ORIENTED_EDGE('',*,*,#5488,.T.);
#5607=CARTESIAN_POINT('',(44.291178492,14.708549351,36.3707379));
#5608=DIRECTION('',(-1.,0.,0.));
#5609=VECTOR('',#5608,13.23193534);
#5610=LINE('',#5607,#5609);
#5611=EDGE_CURVE('',#2527,#5474,#5610,.T.);
#5612=ORIENTED_EDGE('',*,*,#5611,.F.);
#5613=ORIENTED_EDGE('',*,*,#2532,.T.);
#5614=EDGE_LOOP('',(#5602,#5603,#5604,#5605,#5606,#5612,#5613));
#5615=FACE_BOUND('',#5614,.T.);
#5616=ADVANCED_FACE('',(#5615),#5601,.F.);
#5617=CARTESIAN_POINT('',(54.731593132,15.673101185,36.3707379));
#5618=DIRECTION('',(0.,0.,1.));
#5619=DIRECTION('',(0.,1.,-0.));
#5620=AXIS2_PLACEMENT_3D('',#5617,#5618,#5619);
#5621=PLANE('',#5620);
#5622=ORIENTED_EDGE('',*,*,#2540,.T.);
#5623=ORIENTED_EDGE('',*,*,#5611,.T.);
#5624=ORIENTED_EDGE('',*,*,#5480,.T.);
#5625=CARTESIAN_POINT('',(31.059243152,20.900610176,36.3707379));
#5626=VERTEX_POINT('',#5625);
#5627=CARTESIAN_POINT('',(31.059243152,17.804579763,36.3707379));
#5628=DIRECTION('',(-0.,-0.,-1.));
#5629=DIRECTION('',(0.,-1.,0.));
#5630=AXIS2_PLACEMENT_3D('',#5627,#5628,#5629);
#5631=CIRCLE('',#5630,3.096030413);
#5632=EDGE_CURVE('',#5466,#5626,#5631,.T.);
#5633=ORIENTED_EDGE('',*,*,#5632,.T.);
#5634=CARTESIAN_POINT('',(44.291178492,20.900610176,36.3707379));
#5635=DIRECTION('',(-1.,0.,0.));
#5636=VECTOR('',#5635,13.23193534);
#5637=LINE('',#5634,#5636);
#5638=EDGE_CURVE('',#2535,#5626,#5637,.T.);
#5639=ORIENTED_EDGE('',*,*,#5638,.F.);
#5640=EDGE_LOOP('',(#5622,#5623,#5624,#5633,#5639));
#5641=FACE_BOUND('',#5640,.T.);
#5642=ORIENTED_EDGE('',*,*,#5446,.T.);
#5643=ORIENTED_EDGE('',*,*,#5453,.T.);
#5644=EDGE_LOOP('',(#5642,#5643));
#5645=FACE_BOUND('',#5644,.T.);
#5646=ADVANCED_FACE('',(#5641,#5645),#5621,.F.);
#5647=CARTESIAN_POINT('',(45.551618545,20.900610176,26.393723456));
#5648=DIRECTION('',(-0.,-1.,0.));
#5649=DIRECTION('',(-1.,0.,0.));
#5650=AXIS2_PLACEMENT_3D('',#5647,#5648,#5649);
#5651=PLANE('',#5650);
#5652=ORIENTED_EDGE('',*,*,#132,.F.);
#5653=ORIENTED_EDGE('',*,*,#2546,.T.);
#5654=ORIENTED_EDGE('',*,*,#5638,.T.);
#5655=CARTESIAN_POINT('',(31.059243152,20.900610176,36.3707379));
#5656=DIRECTION('',(0.,0.,1.));
#5657=VECTOR('',#5656,2.166257453);
#5658=LINE('',#5655,#5657);
#5659=EDGE_CURVE('',#5626,#5508,#5658,.T.);
#5660=ORIENTED_EDGE('',*,*,#5659,.T.);
#5661=ORIENTED_EDGE('',*,*,#5513,.F.);
#5662=ORIENTED_EDGE('',*,*,#5569,.F.);
#5663=ORIENTED_EDGE('',*,*,#5585,.F.);
#5664=EDGE_LOOP('',(#5652,#5653,#5654,#5660,#5661,#5662,#5663));
#5665=FACE_BOUND('',#5664,.T.);
#5666=ADVANCED_FACE('',(#5665),#5651,.F.);
#5667=CARTESIAN_POINT('',(31.059243152,36.81163302,35.699003697));
#5668=DIRECTION('',(0.,0.,1.));
#5669=DIRECTION('',(-1.,0.,0.));
#5670=AXIS2_PLACEMENT_3D('',#5667,#5668,#5669);
#5671=CYLINDRICAL_SURFACE('',#5670,3.096030413);
#5672=ORIENTED_EDGE('',*,*,#764,.F.);
#5673=ORIENTED_EDGE('',*,*,#813,.F.);
#5674=ORIENTED_EDGE('',*,*,#1992,.F.);
#5675=ORIENTED_EDGE('',*,*,#1961,.F.);
#5676=EDGE_LOOP('',(#5672,#5673,#5674,#5675));
#5677=FACE_BOUND('',#5676,.T.);
#5678=ADVANCED_FACE('',(#5677),#5671,.T.);
#5679=CARTESIAN_POINT('',(37.335835397,7.974490022,15.821441755));
#5680=DIRECTION('',(-0.,-1.,0.));
#5681=DIRECTION('',(-1.,0.,0.));
#5682=AXIS2_PLACEMENT_3D('',#5679,#5680,#5681);
#5683=CYLINDRICAL_SURFACE('',#5682,3.6);
#5684=ORIENTED_EDGE('',*,*,#997,.F.);
#5685=ORIENTED_EDGE('',*,*,#2052,.F.);
#5686=ORIENTED_EDGE('',*,*,#2031,.F.);
#5687=ORIENTED_EDGE('',*,*,#920,.T.);
#5688=ORIENTED_EDGE('',*,*,#483,.F.);
#5689=EDGE_LOOP('',(#5684,#5685,#5686,#5687,#5688));
#5690=FACE_BOUND('',#5689,.T.);
#5691=ADVANCED_FACE('',(#5690),#5683,.T.);
#5692=CARTESIAN_POINT('',(37.335835397,7.974490022,30.858500248));
#5693=DIRECTION('',(-0.,-1.,0.));
#5694=DIRECTION('',(-1.,0.,0.));
#5695=AXIS2_PLACEMENT_3D('',#5692,#5693,#5694);
#5696=CYLINDRICAL_SURFACE('',#5695,3.6);
#5697=ORIENTED_EDGE('',*,*,#1248,.F.);
#5698=ORIENTED_EDGE('',*,*,#2172,.F.);
#5699=ORIENTED_EDGE('',*,*,#2151,.F.);
#5700=ORIENTED_EDGE('',*,*,#1171,.T.);
#5701=ORIENTED_EDGE('',*,*,#543,.F.);
#5702=EDGE_LOOP('',(#5697,#5698,#5699,#5700,#5701));
#5703=FACE_BOUND('',#5702,.T.);
#5704=ADVANCED_FACE('',(#5703),#5696,.T.);
#5705=CARTESIAN_POINT('',(37.335835397,38.421495596,30.858500248));
#5706=DIRECTION('',(-0.,1.,0.));
#5707=DIRECTION('',(-1.,-0.,0.));
#5708=AXIS2_PLACEMENT_3D('',#5705,#5706,#5707);
#5709=CYLINDRICAL_SURFACE('',#5708,3.6);
#5710=ORIENTED_EDGE('',*,*,#1499,.F.);
#5711=ORIENTED_EDGE('',*,*,#2292,.T.);
#5712=ORIENTED_EDGE('',*,*,#2271,.T.);
#5713=ORIENTED_EDGE('',*,*,#1401,.F.);
#5714=ORIENTED_EDGE('',*,*,#603,.T.);
#5715=EDGE_LOOP('',(#5710,#5711,#5712,#5713,#5714));
#5716=FACE_BOUND('',#5715,.T.);
#5717=ADVANCED_FACE('',(#5716),#5709,.T.);
#5718=CARTESIAN_POINT('',(37.335835397,38.421495596,15.821441755));
#5719=DIRECTION('',(-0.,1.,0.));
#5720=DIRECTION('',(-1.,-0.,0.));
#5721=AXIS2_PLACEMENT_3D('',#5718,#5719,#5720);
#5722=CYLINDRICAL_SURFACE('',#5721,3.6);
#5723=ORIENTED_EDGE('',*,*,#1759,.F.);
#5724=ORIENTED_EDGE('',*,*,#2412,.T.);
#5725=ORIENTED_EDGE('',*,*,#2391,.T.);
#5726=ORIENTED_EDGE('',*,*,#1661,.F.);
#5727=ORIENTED_EDGE('',*,*,#663,.T.);
#5728=EDGE_LOOP('',(#5723,#5724,#5725,#5726,#5727));
#5729=FACE_BOUND('',#5728,.T.);
#5730=ADVANCED_FACE('',(#5729),#5722,.T.);
#5731=CARTESIAN_POINT('',(-31.059243152,36.81163302,35.699003697));
#5732=DIRECTION('',(0.,0.,1.));
#5733=DIRECTION('',(1.,0.,-0.));
#5734=AXIS2_PLACEMENT_3D('',#5731,#5732,#5733);
#5735=CYLINDRICAL_SURFACE('',#5734,3.096030413);
#5736=ORIENTED_EDGE('',*,*,#3457,.F.);
#5737=ORIENTED_EDGE('',*,*,#3520,.T.);
#5738=ORIENTED_EDGE('',*,*,#4623,.T.);
#5739=ORIENTED_EDGE('',*,*,#4650,.T.);
#5740=EDGE_LOOP('',(#5736,#5737,#5738,#5739));
#5741=FACE_BOUND('',#5740,.T.);
#5742=ADVANCED_FACE('',(#5741),#5735,.T.);
#5743=CARTESIAN_POINT('',(-37.335835397,7.974490022,15.821441755));
#5744=DIRECTION('',(0.,-1.,0.));
#5745=DIRECTION('',(1.,0.,0.));
#5746=AXIS2_PLACEMENT_3D('',#5743,#5744,#5745);
#5747=CYLINDRICAL_SURFACE('',#5746,3.6);
#5748=ORIENTED_EDGE('',*,*,#3690,.F.);
#5749=ORIENTED_EDGE('',*,*,#4712,.T.);
#5750=ORIENTED_EDGE('',*,*,#4749,.T.);
#5751=ORIENTED_EDGE('',*,*,#3726,.F.);
#5752=ORIENTED_EDGE('',*,*,#3176,.T.);
#5753=EDGE_LOOP('',(#5748,#5749,#5750,#5751,#5752));
#5754=FACE_BOUND('',#5753,.T.);
#5755=ADVANCED_FACE('',(#5754),#5747,.T.);
#5756=CARTESIAN_POINT('',(-37.335835397,7.974490022,30.858500248));
#5757=DIRECTION('',(0.,-1.,0.));
#5758=DIRECTION('',(1.,0.,0.));
#5759=AXIS2_PLACEMENT_3D('',#5756,#5757,#5758);
#5760=CYLINDRICAL_SURFACE('',#5759,3.6);
#5761=ORIENTED_EDGE('',*,*,#3941,.F.);
#5762=ORIENTED_EDGE('',*,*,#4804,.T.);
#5763=ORIENTED_EDGE('',*,*,#4841,.T.);
#5764=ORIENTED_EDGE('',*,*,#3977,.F.);
#5765=ORIENTED_EDGE('',*,*,#3236,.T.);
#5766=EDGE_LOOP('',(#5761,#5762,#5763,#5764,#5765));
#5767=FACE_BOUND('',#5766,.T.);
#5768=ADVANCED_FACE('',(#5767),#5760,.T.);
#5769=CARTESIAN_POINT('',(-37.335835397,38.421495596,30.858500248));
#5770=DIRECTION('',(0.,1.,0.));
#5771=DIRECTION('',(1.,-0.,0.));
#5772=AXIS2_PLACEMENT_3D('',#5769,#5770,#5771);
#5773=CYLINDRICAL_SURFACE('',#5772,3.6);
#5774=ORIENTED_EDGE('',*,*,#4192,.F.);
#5775=ORIENTED_EDGE('',*,*,#4896,.F.);
#5776=ORIENTED_EDGE('',*,*,#4933,.F.);
#5777=ORIENTED_EDGE('',*,*,#4252,.T.);
#5778=ORIENTED_EDGE('',*,*,#3296,.F.);
#5779=EDGE_LOOP('',(#5774,#5775,#5776,#5777,#5778));
#5780=FACE_BOUND('',#5779,.T.);
#5781=ADVANCED_FACE('',(#5780),#5773,.T.);
#5782=CARTESIAN_POINT('',(-37.335835397,38.421495596,15.821441755));
#5783=DIRECTION('',(0.,1.,0.));
#5784=DIRECTION('',(1.,-0.,0.));
#5785=AXIS2_PLACEMENT_3D('',#5782,#5783,#5784);
#5786=CYLINDRICAL_SURFACE('',#5785,3.6);
#5787=ORIENTED_EDGE('',*,*,#4452,.F.);
#5788=ORIENTED_EDGE('',*,*,#4988,.F.);
#5789=ORIENTED_EDGE('',*,*,#5025,.F.);
#5790=ORIENTED_EDGE('',*,*,#4512,.T.);
#5791=ORIENTED_EDGE('',*,*,#3356,.F.);
#5792=EDGE_LOOP('',(#5787,#5788,#5789,#5790,#5791));
#5793=FACE_BOUND('',#5792,.T.);
#5794=ADVANCED_FACE('',(#5793),#5786,.T.);
#5795=CARTESIAN_POINT('',(-31.059243152,17.804579763,35.699003697));
#5796=DIRECTION('',(0.,0.,1.));
#5797=DIRECTION('',(1.,0.,-0.));
#5798=AXIS2_PLACEMENT_3D('',#5795,#5796,#5797);
#5799=CYLINDRICAL_SURFACE('',#5798,3.096030413);
#5800=ORIENTED_EDGE('',*,*,#5211,.F.);
#5801=ORIENTED_EDGE('',*,*,#5274,.T.);
#5802=ORIENTED_EDGE('',*,*,#5356,.T.);
#5803=ORIENTED_EDGE('',*,*,#5382,.T.);
#5804=EDGE_LOOP('',(#5800,#5801,#5802,#5803));
#5805=FACE_BOUND('',#5804,.T.);
#5806=ADVANCED_FACE('',(#5805),#5799,.T.);
#5807=CARTESIAN_POINT('',(31.059243152,17.804579763,35.699003697));
#5808=DIRECTION('',(0.,0.,1.));
#5809=DIRECTION('',(-1.,0.,0.));
#5810=AXIS2_PLACEMENT_3D('',#5807,#5808,#5809);
#5811=CYLINDRICAL_SURFACE('',#5810,3.096030413);
#5812=ORIENTED_EDGE('',*,*,#5471,.F.);
#5813=ORIENTED_EDGE('',*,*,#5520,.F.);
#5814=ORIENTED_EDGE('',*,*,#5659,.F.);
#5815=ORIENTED_EDGE('',*,*,#5632,.F.);
#5816=EDGE_LOOP('',(#5812,#5813,#5814,#5815));
#5817=FACE_BOUND('',#5816,.T.);
#5818=ADVANCED_FACE('',(#5817),#5811,.T.);
#5819=CLOSED_SHELL('',(#136,#246,#459,#519,#579,#639,#699,#750,#792,#836,#867,#924,#985,#1026,#1052,#1085,#1118,#1175,#1236,#1277,#1303,#1336,#1369,#1420,#1487,#1537,
#1563,#1596,#1629,#1680,#1747,#1797,#1823,#1856,#1889,#1911,#1938,#1975,#2000,#2041,#2076,#2103,#2120,#2161,#2196,#2223,#2240,#2281,#2316,#2343,#2360,
#2401,#2436,#2463,#2480,#2520,#2602,#2635,#2675,#2708,#2741,#2774,#2807,#2838,#2869,#2931,#2962,#2993,#3051,#3109,#3152,#3212,#3272,#3332,#3392,#3443,
#3485,#3529,#3560,#3617,#3678,#3711,#3745,#3778,#3811,#3868,#3929,#3962,#3996,#4029,#4062,#4113,#4180,#4213,#4256,#4289,#4322,#4373,#4440,#4473,#4516,
#4549,#4582,#4604,#4631,#4659,#4674,#4699,#4729,#4754,#4766,#4791,#4821,#4846,#4858,#4883,#4913,#4938,#4950,#4975,#5005,#5030,#5042,#5064,#5076,#5098,
#5110,#5122,#5134,#5146,#5197,#5239,#5283,#5314,#5336,#5363,#5391,#5406,#5457,#5499,#5543,#5574,#5596,#5616,#5646,#5666,#5678,#5691,#5704,#5717,#5730,
#5742,#5755,#5768,#5781,#5794,#5806,#5818));
#5820=MANIFOLD_SOLID_BREP('CASE_BASE',#5819);
#26=STYLED_ITEM('',(),#5820);
#16=SHAPE_REPRESENTATION('root',(#15),#10);
#17=ADVANCED_BREP_SHAPE_REPRESENTATION('root',(#5820),#10);
#5828=SHAPE_REPRESENTATION_RELATIONSHIP('','',#16,#17);
#5829=APPLICATION_CONTEXT('configuration controlled 3D design of mechanical parts and assemblies');
#5830=APPLICATION_PROTOCOL_DEFINITION('international standard','configuration_control_3d_design_ed2_mim',2004,#5829);
#5831=PRODUCT_CONTEXT('',#5829,'mechanical');
#5832=PRODUCT_DEFINITION_CONTEXT('part definition',#5829,'design');
#24=PRODUCT('root','root','',(#5831));
#5833=PRODUCT_RELATED_PRODUCT_CATEGORY('part','',(#24));
#5834=PRODUCT_DEFINITION_FORMATION_WITH_SPECIFIED_SOURCE('','',#24,.NOT_KNOWN.);
#25=PRODUCT_DEFINITION('design','',#5834,#5832);
#23=PRODUCT_DEFINITION_SHAPE('','',#25);
#5835=SHAPE_DEFINITION_REPRESENTATION(#23,#16);
#11=DRAUGHTING_MODEL('',(),#10);
#1=MECHANICAL_DESIGN_GEOMETRIC_PRESENTATION_REPRESENTATION('',(#26),#10);
ENDSEC;
END-ISO-10303-21;
