ISO-10303-21;
HEADER;

/* File generated by HOOPS Exchange Version 24.2.0 */

FILE_DESCRIPTION(('HOOPS Exchange Step'),'2;1');

FILE_NAME('D:\\downloads\\captioncast\\captioncast\\enclosure\\exports\\v1\\FRNT_PNL_GRID.stp',
'2026-06-23T21:46:12+05:30',
('sushi'),
('Unknown organisation'),
'HOOPS Exchange 2024.2',
'HOOPS Exchange',
'Unknown authorisation');

FILE_SCHEMA( ('AP203_CONFIGURATION_CONTROLLED_3D_DESIGN_OF_MECHANICAL_PARTS_AND_ASSEMBLIES_MIM_LF') );

ENDSEC;

DATA;
#3=(NAMED_UNIT(*)PLANE_ANGLE_UNIT()SI_UNIT($,.RADIAN.));
#4=PLANE_ANGLE_MEASURE_WITH_UNIT(PLANE_ANGLE_MEASURE(0.0174532925),#3);
#5=(CONVERSION_BASED_UNIT('DEGREE',#4)NAMED_UNIT(#6)PLANE_ANGLE_UNIT());
#6=DIMENSIONAL_EXPONENTS(0.,0.,0.,0.,0.,0.,0.);
#7=(NAMED_UNIT(*)SI_UNIT($,.STERADIAN.)SOLID_ANGLE_UNIT());
#8=(LENGTH_UNIT()NAMED_UNIT(*)SI_UNIT(.MILLI.,.METRE.));
#9=UNCERTAINTY_MEASURE_WITH_UNIT(LENGTH_MEASURE(1.000000E-05),#8,'DISTANCE_ACCURACY_VALUE','Maximum Tolerance applied to model');
#10=(GEOMETRIC_REPRESENTATION_CONTEXT(3)GLOBAL_UNCERTAINTY_ASSIGNED_CONTEXT((#9))GLOBAL_UNIT_ASSIGNED_CONTEXT((#8,#5,#7))REPRESENTATION_CONTEXT('','root'));
#12=CARTESIAN_POINT('',(0.,0.,0.));
#13=DIRECTION('',(0.,0.,1.));
#14=DIRECTION('',(1.,0.,0.));
#15=AXIS2_PLACEMENT_3D('',#12,#13,#14);
#27=CARTESIAN_POINT('',(-0.,0.300114529,23.275080711));
#28=DIRECTION('',(0.,1.,0.));
#29=DIRECTION('',(0.,-0.,1.));
#30=AXIS2_PLACEMENT_3D('',#27,#28,#29);
#31=PLANE('',#30);
#32=CARTESIAN_POINT('',(26.49999791,0.300114529,12.204621066));
#33=VERTEX_POINT('',#32);
#34=CARTESIAN_POINT('',(27.499998066,0.300114529,13.20462091));
#35=VERTEX_POINT('',#34);
#36=CARTESIAN_POINT('',(26.499998066,0.300114529,13.204621066));
#37=DIRECTION('',(-0.,-1.,-0.));
#38=DIRECTION('',(0.,-0.,1.));
#39=AXIS2_PLACEMENT_3D('',#36,#37,#38);
#40=CIRCLE('',#39,1.);
#41=EDGE_CURVE('',#33,#35,#40,.T.);
#42=ORIENTED_EDGE('',*,*,#41,.F.);
#43=CARTESIAN_POINT('',(-26.51000209,0.300114529,12.204629352));
#44=VERTEX_POINT('',#43);
#45=CARTESIAN_POINT('',(-26.51000209,0.300114529,12.204629352));
#46=DIRECTION('',(1.,-0.,-0.000000156));
#47=VECTOR('',#46,53.01);
#48=LINE('',#45,#47);
#49=EDGE_CURVE('',#44,#33,#48,.T.);
#50=ORIENTED_EDGE('',*,*,#49,.F.);
#51=CARTESIAN_POINT('',(-27.510001934,0.300114529,13.204629508));
#52=VERTEX_POINT('',#51);
#53=CARTESIAN_POINT('',(-26.510001934,0.300114529,13.204629352));
#54=DIRECTION('',(-0.,-1.,-0.));
#55=DIRECTION('',(0.,-0.,1.));
#56=AXIS2_PLACEMENT_3D('',#53,#54,#55);
#57=CIRCLE('',#56,1.);
#58=EDGE_CURVE('',#52,#44,#57,.T.);
#59=ORIENTED_EDGE('',*,*,#58,.F.);
#60=CARTESIAN_POINT('',(-27.509997949,0.300114529,38.694629508));
#61=VERTEX_POINT('',#60);
#62=CARTESIAN_POINT('',(-27.509997949,0.300114529,38.694629508));
#63=DIRECTION('',(-0.000000156,0.,-1.));
#64=VECTOR('',#63,25.49);
#65=LINE('',#62,#64);
#66=EDGE_CURVE('',#61,#52,#65,.T.);
#67=ORIENTED_EDGE('',*,*,#66,.F.);
#68=CARTESIAN_POINT('',(-26.509997793,0.300114529,39.694629352));
#69=VERTEX_POINT('',#68);
#70=CARTESIAN_POINT('',(-26.509997949,0.300114529,38.694629352));
#71=DIRECTION('',(-0.,-1.,-0.));
#72=DIRECTION('',(0.,-0.,1.));
#73=AXIS2_PLACEMENT_3D('',#70,#71,#72);
#74=CIRCLE('',#73,1.);
#75=EDGE_CURVE('',#69,#61,#74,.T.);
#76=ORIENTED_EDGE('',*,*,#75,.F.);
#77=CARTESIAN_POINT('',(26.500002207,0.300114529,39.694621066));
#78=VERTEX_POINT('',#77);
#79=CARTESIAN_POINT('',(26.500002207,0.300114529,39.694621066));
#80=DIRECTION('',(-1.,0.,0.000000156));
#81=VECTOR('',#80,53.01);
#82=LINE('',#79,#81);
#83=EDGE_CURVE('',#78,#69,#82,.T.);
#84=ORIENTED_EDGE('',*,*,#83,.F.);
#85=CARTESIAN_POINT('',(27.500002051,0.300114529,38.69462091));
#86=VERTEX_POINT('',#85);
#87=CARTESIAN_POINT('',(26.500002051,0.300114529,38.694621066));
#88=DIRECTION('',(-0.,-1.,-0.));
#89=DIRECTION('',(0.,-0.,1.));
#90=AXIS2_PLACEMENT_3D('',#87,#88,#89);
#91=CIRCLE('',#90,1.);
#92=EDGE_CURVE('',#86,#78,#91,.T.);
#93=ORIENTED_EDGE('',*,*,#92,.F.);
#94=CARTESIAN_POINT('',(27.499998066,0.300114529,13.20462091));
#95=DIRECTION('',(0.000000156,-0.,1.));
#96=VECTOR('',#95,25.49);
#97=LINE('',#94,#96);
#98=EDGE_CURVE('',#35,#86,#97,.T.);
#99=ORIENTED_EDGE('',*,*,#98,.F.);
#100=EDGE_LOOP('',(#42,#50,#59,#67,#76,#84,#93,#99));
#101=FACE_BOUND('',#100,.T.);
#102=CARTESIAN_POINT('',(-14.411488524,0.300114529,10.204627461));
#103=VERTEX_POINT('',#102);
#104=CARTESIAN_POINT('',(-11.911013018,0.300114529,10.20462707));
#105=VERTEX_POINT('',#104);
#106=CARTESIAN_POINT('',(-14.411488524,0.300114529,10.204627461));
#107=DIRECTION('',(1.,-0.,-0.000000156));
#108=VECTOR('',#107,2.500475507);
#109=LINE('',#106,#108);
#110=EDGE_CURVE('',#103,#105,#109,.T.);
#111=ORIENTED_EDGE('',*,*,#110,.T.);
#112=CARTESIAN_POINT('',(-19.955493847,0.300114529,2.160146241));
#113=VERTEX_POINT('',#112);
#114=CARTESIAN_POINT('',(-19.955493847,0.300114529,2.160146241));
#115=DIRECTION('',(0.707106781,-0.,0.707106781));
#116=VECTOR('',#115,11.376613891);
#117=LINE('',#114,#116);
#118=EDGE_CURVE('',#113,#105,#117,.T.);
#119=ORIENTED_EDGE('',*,*,#118,.F.);
#120=CARTESIAN_POINT('',(-22.455969744,0.300114529,2.160146241));
#121=VERTEX_POINT('',#120);
#122=CARTESIAN_POINT('',(-22.455969744,0.300114529,2.160146241));
#123=DIRECTION('',(1.,-0.,0.));
#124=VECTOR('',#123,2.500475897);
#125=LINE('',#122,#124);
#126=EDGE_CURVE('',#121,#113,#125,.T.);
#127=ORIENTED_EDGE('',*,*,#126,.F.);
#128=CARTESIAN_POINT('',(-14.411488524,0.300114529,10.204627461));
#129=DIRECTION('',(-0.707106781,0.,-0.707106781));
#130=VECTOR('',#129,11.376614444);
#131=LINE('',#128,#130);
#132=EDGE_CURVE('',#103,#121,#131,.T.);
#133=ORIENTED_EDGE('',*,*,#132,.F.);
#134=EDGE_LOOP('',(#111,#119,#127,#133));
#135=FACE_BOUND('',#134,.T.);
#136=CARTESIAN_POINT('',(-19.740390714,0.300114529,10.204628294));
#137=VERTEX_POINT('',#136);
#138=CARTESIAN_POINT('',(-17.239915207,0.300114529,10.204627903));
#139=VERTEX_POINT('',#138);
#140=CARTESIAN_POINT('',(-19.740390714,0.300114529,10.204628294));
#141=DIRECTION('',(1.,-0.,-0.000000156));
#142=VECTOR('',#141,2.500475507);
#143=LINE('',#140,#142);
#144=EDGE_CURVE('',#137,#139,#143,.T.);
#145=ORIENTED_EDGE('',*,*,#144,.T.);
#146=CARTESIAN_POINT('',(-25.284396869,0.300114529,2.160146241));
#147=VERTEX_POINT('',#146);
#148=CARTESIAN_POINT('',(-25.284396869,0.300114529,2.160146241));
#149=DIRECTION('',(0.707106781,-0.,0.707106781));
#150=VECTOR('',#149,11.376615069);
#151=LINE('',#148,#150);
#152=EDGE_CURVE('',#147,#139,#151,.T.);
#153=ORIENTED_EDGE('',*,*,#152,.F.);
#154=CARTESIAN_POINT('',(-27.784872767,0.300114529,2.160146241));
#155=VERTEX_POINT('',#154);
#156=CARTESIAN_POINT('',(-27.784872767,0.300114529,2.160146241));
#157=DIRECTION('',(1.,-0.,0.));
#158=VECTOR('',#157,2.500475897);
#159=LINE('',#156,#158);
#160=EDGE_CURVE('',#155,#147,#159,.T.);
#161=ORIENTED_EDGE('',*,*,#160,.F.);
#162=CARTESIAN_POINT('',(-19.740390714,0.300114529,10.204628294));
#163=DIRECTION('',(-0.707106781,0.,-0.707106781));
#164=VECTOR('',#163,11.376615622);
#165=LINE('',#162,#164);
#166=EDGE_CURVE('',#137,#155,#165,.T.);
#167=ORIENTED_EDGE('',*,*,#166,.F.);
#168=EDGE_LOOP('',(#145,#153,#161,#167));
#169=FACE_BOUND('',#168,.T.);
#170=CARTESIAN_POINT('',(-25.069292903,0.300114529,10.204629127));
#171=VERTEX_POINT('',#170);
#172=CARTESIAN_POINT('',(-22.568817396,0.300114529,10.204628736));
#173=VERTEX_POINT('',#172);
#174=CARTESIAN_POINT('',(-25.069292903,0.300114529,10.204629127));
#175=DIRECTION('',(1.,-0.,-0.000000156));
#176=VECTOR('',#175,2.500475507);
#177=LINE('',#174,#176);
#178=EDGE_CURVE('',#171,#173,#177,.T.);
#179=ORIENTED_EDGE('',*,*,#178,.T.);
#180=CARTESIAN_POINT('',(-30.613299891,0.300114529,2.160146241));
#181=VERTEX_POINT('',#180);
#182=CARTESIAN_POINT('',(-30.613299891,0.300114529,2.160146241));
#183=DIRECTION('',(0.707106781,-0.,0.707106781));
#184=VECTOR('',#183,11.376616247);
#185=LINE('',#182,#184);
#186=EDGE_CURVE('',#181,#173,#185,.T.);
#187=ORIENTED_EDGE('',*,*,#186,.F.);
#188=CARTESIAN_POINT('',(-33.113775789,0.300114529,2.160146241));
#189=VERTEX_POINT('',#188);
#190=CARTESIAN_POINT('',(-33.113775789,0.300114529,2.160146241));
#191=DIRECTION('',(1.,-0.,0.));
#192=VECTOR('',#191,2.500475897);
#193=LINE('',#190,#192);
#194=EDGE_CURVE('',#189,#181,#193,.T.);
#195=ORIENTED_EDGE('',*,*,#194,.F.);
#196=CARTESIAN_POINT('',(-25.069292903,0.300114529,10.204629127));
#197=DIRECTION('',(-0.707106781,0.,-0.707106781));
#198=VECTOR('',#197,11.3766168);
#199=LINE('',#196,#198);
#200=EDGE_CURVE('',#171,#189,#199,.T.);
#201=ORIENTED_EDGE('',*,*,#200,.F.);
#202=EDGE_LOOP('',(#179,#187,#195,#201));
#203=FACE_BOUND('',#202,.T.);
#204=CARTESIAN_POINT('',(-29.028412669,0.300114529,11.574412383));
#205=VERTEX_POINT('',#204);
#206=CARTESIAN_POINT('',(-27.666037359,0.300114529,10.436311795));
#207=VERTEX_POINT('',#206);
#208=CARTESIAN_POINT('',(-26.510001934,0.300114529,13.204629352));
#209=DIRECTION('',(-0.,-1.,-0.));
#210=DIRECTION('',(0.,-0.,1.));
#211=AXIS2_PLACEMENT_3D('',#208,#209,#210);
#212=CIRCLE('',#211,3.);
#213=EDGE_CURVE('',#205,#207,#212,.T.);
#214=ORIENTED_EDGE('',*,*,#213,.T.);
#215=CARTESIAN_POINT('',(-35.942202913,0.300114529,2.160146241));
#216=VERTEX_POINT('',#215);
#217=CARTESIAN_POINT('',(-35.942202913,0.300114529,2.160146241));
#218=DIRECTION('',(0.707106781,-0.,0.707106781));
#219=VECTOR('',#218,11.704265571);
#220=LINE('',#217,#219);
#221=EDGE_CURVE('',#216,#207,#220,.T.);
#222=ORIENTED_EDGE('',*,*,#221,.F.);
#223=CARTESIAN_POINT('',(-37.931178492,0.300114529,2.160146241));
#224=VERTEX_POINT('',#223);
#225=CARTESIAN_POINT('',(-37.931178492,0.300114529,2.160146241));
#226=DIRECTION('',(1.,-0.,0.));
#227=VECTOR('',#226,1.988975578);
#228=LINE('',#225,#227);
#229=EDGE_CURVE('',#224,#216,#228,.T.);
#230=ORIENTED_EDGE('',*,*,#229,.F.);
#231=CARTESIAN_POINT('',(-38.414627407,0.300114529,2.188197645));
#232=VERTEX_POINT('',#231);
#233=CARTESIAN_POINT('',(-37.931178492,0.300114529,6.340146241));
#234=DIRECTION('',(-0.,-1.,-0.));
#235=DIRECTION('',(0.,-0.,1.));
#236=AXIS2_PLACEMENT_3D('',#233,#234,#235);
#237=CIRCLE('',#236,4.18);
#238=EDGE_CURVE('',#232,#224,#237,.T.);
#239=ORIENTED_EDGE('',*,*,#238,.F.);
#240=CARTESIAN_POINT('',(-29.028412669,0.300114529,11.574412383));
#241=DIRECTION('',(-0.707106781,0.,-0.707106781));
#242=VECTOR('',#241,13.274112182);
#243=LINE('',#240,#242);
#244=EDGE_CURVE('',#205,#232,#243,.T.);
#245=ORIENTED_EDGE('',*,*,#244,.F.);
#246=EDGE_LOOP('',(#214,#222,#230,#239,#245));
#247=FACE_BOUND('',#246,.T.);
#248=CARTESIAN_POINT('',(-29.510001431,0.300114529,16.421726643));
#249=VERTEX_POINT('',#248);
#250=CARTESIAN_POINT('',(-29.510001822,0.300114529,13.921250355));
#251=VERTEX_POINT('',#250);
#252=CARTESIAN_POINT('',(-29.510001431,0.300114529,16.421726643));
#253=DIRECTION('',(-0.000000156,0.,-1.));
#254=VECTOR('',#253,2.500476288);
#255=LINE('',#252,#254);
#256=EDGE_CURVE('',#249,#251,#255,.T.);
#257=ORIENTED_EDGE('',*,*,#256,.T.);
#258=CARTESIAN_POINT('',(-40.436850594,0.300114529,2.994401583));
#259=VERTEX_POINT('',#258);
#260=CARTESIAN_POINT('',(-40.436850594,0.300114529,2.994401583));
#261=DIRECTION('',(0.707106781,-0.,0.707106781));
#262=VECTOR('',#261,15.452897728);
#263=LINE('',#260,#262);
#264=EDGE_CURVE('',#259,#251,#263,.T.);
#265=ORIENTED_EDGE('',*,*,#264,.F.);
#266=CARTESIAN_POINT('',(-41.598097488,0.300114529,4.333630586));
#267=VERTEX_POINT('',#266);
#268=CARTESIAN_POINT('',(-37.931178492,0.300114529,6.340146241));
#269=DIRECTION('',(-0.,-1.,-0.));
#270=DIRECTION('',(0.,-0.,1.));
#271=AXIS2_PLACEMENT_3D('',#268,#269,#270);
#272=CIRCLE('',#271,4.18);
#273=EDGE_CURVE('',#267,#259,#272,.T.);
#274=ORIENTED_EDGE('',*,*,#273,.F.);
#275=CARTESIAN_POINT('',(-29.510001431,0.300114529,16.421726643));
#276=DIRECTION('',(-0.707106781,0.,-0.707106781));
#277=VECTOR('',#276,17.095149388);
#278=LINE('',#275,#277);
#279=EDGE_CURVE('',#249,#267,#278,.T.);
#280=ORIENTED_EDGE('',*,*,#279,.F.);
#281=EDGE_LOOP('',(#257,#265,#274,#280));
#282=FACE_BOUND('',#281,.T.);
#283=CARTESIAN_POINT('',(-29.510000598,0.300114529,21.750630498));
#284=VERTEX_POINT('',#283);
#285=CARTESIAN_POINT('',(-29.510000989,0.300114529,19.25015421));
#286=VERTEX_POINT('',#285);
#287=CARTESIAN_POINT('',(-29.510000598,0.300114529,21.750630498));
#288=DIRECTION('',(-0.000000156,0.,-1.));
#289=VECTOR('',#288,2.500476288);
#290=LINE('',#287,#289);
#291=EDGE_CURVE('',#284,#286,#290,.T.);
#292=ORIENTED_EDGE('',*,*,#291,.T.);
#293=CARTESIAN_POINT('',(-34.000907564,0.300114529,14.759247634));
#294=VERTEX_POINT('',#293);
#295=CARTESIAN_POINT('',(-34.000907564,0.300114529,14.759247634));
#296=DIRECTION('',(0.707106781,-0.,0.707106781));
#297=VECTOR('',#296,6.351100987);
#298=LINE('',#295,#297);
#299=EDGE_CURVE('',#294,#286,#298,.T.);
#300=ORIENTED_EDGE('',*,*,#299,.F.);
#301=CARTESIAN_POINT('',(-33.835835397,0.300114529,15.821441755));
#302=VERTEX_POINT('',#301);
#303=CARTESIAN_POINT('',(-37.335835397,0.300114529,15.821441755));
#304=DIRECTION('',(0.,1.,0.));
#305=DIRECTION('',(0.,-0.,1.));
#306=AXIS2_PLACEMENT_3D('',#303,#304,#305);
#307=CIRCLE('',#306,3.5);
#308=EDGE_CURVE('',#302,#294,#307,.T.);
#309=ORIENTED_EDGE('',*,*,#308,.F.);
#310=CARTESIAN_POINT('',(-33.835835397,0.300114529,17.424795699));
#311=VERTEX_POINT('',#310);
#312=CARTESIAN_POINT('',(-33.835835397,0.300114529,17.424795699));
#313=DIRECTION('',(0.,0.,-1.));
#314=VECTOR('',#313,1.603353944);
#315=LINE('',#312,#314);
#316=EDGE_CURVE('',#311,#302,#315,.T.);
#317=ORIENTED_EDGE('',*,*,#316,.F.);
#318=CARTESIAN_POINT('',(-29.510000598,0.300114529,21.750630498));
#319=DIRECTION('',(-0.707106781,0.,-0.707106781));
#320=VECTOR('',#319,6.117654242);
#321=LINE('',#318,#320);
#322=EDGE_CURVE('',#284,#311,#321,.T.);
#323=ORIENTED_EDGE('',*,*,#322,.F.);
#324=EDGE_LOOP('',(#292,#300,#309,#317,#323));
#325=FACE_BOUND('',#324,.T.);
#326=CARTESIAN_POINT('',(-29.509999765,0.300114529,27.079534353));
#327=VERTEX_POINT('',#326);
#328=CARTESIAN_POINT('',(-29.510000156,0.300114529,24.579058065));
#329=VERTEX_POINT('',#328);
#330=CARTESIAN_POINT('',(-29.509999765,0.300114529,27.079534353));
#331=DIRECTION('',(-0.000000156,0.,-1.));
#332=VECTOR('',#331,2.500476288);
#333=LINE('',#330,#332);
#334=EDGE_CURVE('',#327,#329,#333,.T.);
#335=ORIENTED_EDGE('',*,*,#334,.T.);
#336=CARTESIAN_POINT('',(-33.835835397,0.300114529,20.253222824));
#337=VERTEX_POINT('',#336);
#338=CARTESIAN_POINT('',(-33.835835397,0.300114529,20.253222824));
#339=DIRECTION('',(0.707106781,-0.,0.707106781));
#340=VECTOR('',#339,6.117654867);
#341=LINE('',#338,#340);
#342=EDGE_CURVE('',#337,#329,#341,.T.);
#343=ORIENTED_EDGE('',*,*,#342,.F.);
#344=CARTESIAN_POINT('',(-33.835835397,0.300114529,22.753698721));
#345=VERTEX_POINT('',#344);
#346=CARTESIAN_POINT('',(-33.835835397,0.300114529,22.753698721));
#347=DIRECTION('',(0.,0.,-1.));
#348=VECTOR('',#347,2.500475897);
#349=LINE('',#346,#348);
#350=EDGE_CURVE('',#345,#337,#349,.T.);
#351=ORIENTED_EDGE('',*,*,#350,.F.);
#352=CARTESIAN_POINT('',(-29.509999765,0.300114529,27.079534353));
#353=DIRECTION('',(-0.707106781,0.,-0.707106781));
#354=VECTOR('',#353,6.11765542);
#355=LINE('',#352,#354);
#356=EDGE_CURVE('',#327,#345,#355,.T.);
#357=ORIENTED_EDGE('',*,*,#356,.F.);
#358=EDGE_LOOP('',(#335,#343,#351,#357));
#359=FACE_BOUND('',#358,.T.);
#360=CARTESIAN_POINT('',(-29.509998932,0.300114529,32.408438208));
#361=VERTEX_POINT('',#360);
#362=CARTESIAN_POINT('',(-29.509999323,0.300114529,29.90796192));
#363=VERTEX_POINT('',#362);
#364=CARTESIAN_POINT('',(-29.509998932,0.300114529,32.408438208));
#365=DIRECTION('',(-0.000000156,0.,-1.));
#366=VECTOR('',#365,2.500476288);
#367=LINE('',#364,#366);
#368=EDGE_CURVE('',#361,#363,#367,.T.);
#369=ORIENTED_EDGE('',*,*,#368,.T.);
#370=CARTESIAN_POINT('',(-33.835835397,0.300114529,25.582125846));
#371=VERTEX_POINT('',#370);
#372=CARTESIAN_POINT('',(-33.835835397,0.300114529,25.582125846));
#373=DIRECTION('',(0.707106781,-0.,0.707106781));
#374=VECTOR('',#373,6.117656045);
#375=LINE('',#372,#374);
#376=EDGE_CURVE('',#371,#363,#375,.T.);
#377=ORIENTED_EDGE('',*,*,#376,.F.);
#378=CARTESIAN_POINT('',(-33.835835397,0.300114529,28.082601743));
#379=VERTEX_POINT('',#378);
#380=CARTESIAN_POINT('',(-33.835835397,0.300114529,28.082601743));
#381=DIRECTION('',(0.,0.,-1.));
#382=VECTOR('',#381,2.500475897);
#383=LINE('',#380,#382);
#384=EDGE_CURVE('',#379,#371,#383,.T.);
#385=ORIENTED_EDGE('',*,*,#384,.F.);
#386=CARTESIAN_POINT('',(-29.509998932,0.300114529,32.408438208));
#387=DIRECTION('',(-0.707106781,0.,-0.707106781));
#388=VECTOR('',#387,6.117656598);
#389=LINE('',#386,#388);
#390=EDGE_CURVE('',#361,#379,#389,.T.);
#391=ORIENTED_EDGE('',*,*,#390,.F.);
#392=EDGE_LOOP('',(#369,#377,#385,#391));
#393=FACE_BOUND('',#392,.T.);
#394=CARTESIAN_POINT('',(-29.509998099,0.300114529,37.737342064));
#395=VERTEX_POINT('',#394);
#396=CARTESIAN_POINT('',(-34.433181447,0.300114529,32.814158716));
#397=VERTEX_POINT('',#396);
#398=CARTESIAN_POINT('',(-29.509998099,0.300114529,37.737342064));
#399=DIRECTION('',(-0.707106781,0.,-0.707106781));
#400=VECTOR('',#399,6.962432661);
#401=LINE('',#398,#400);
#402=EDGE_CURVE('',#395,#397,#401,.T.);
#403=ORIENTED_EDGE('',*,*,#402,.F.);
#404=CARTESIAN_POINT('',(-29.50999849,0.300114529,35.236865775));
#405=VERTEX_POINT('',#404);
#406=CARTESIAN_POINT('',(-29.509998099,0.300114529,37.737342064));
#407=DIRECTION('',(-0.000000156,0.,-1.));
#408=VECTOR('',#407,2.500476288);
#409=LINE('',#406,#408);
#410=EDGE_CURVE('',#395,#405,#409,.T.);
#411=ORIENTED_EDGE('',*,*,#410,.T.);
#412=CARTESIAN_POINT('',(-33.836223791,0.300114529,30.910640474));
#413=VERTEX_POINT('',#412);
#414=CARTESIAN_POINT('',(-33.836223791,0.300114529,30.910640474));
#415=DIRECTION('',(0.707106781,-0.,0.707106781));
#416=VECTOR('',#415,6.118206495);
#417=LINE('',#414,#416);
#418=EDGE_CURVE('',#413,#405,#417,.T.);
#419=ORIENTED_EDGE('',*,*,#418,.F.);
#420=CARTESIAN_POINT('',(-37.335835397,0.300114529,30.858500248));
#421=DIRECTION('',(0.,1.,0.));
#422=DIRECTION('',(0.,-0.,1.));
#423=AXIS2_PLACEMENT_3D('',#420,#421,#422);
#424=CIRCLE('',#423,3.5);
#425=EDGE_CURVE('',#397,#413,#424,.T.);
#426=ORIENTED_EDGE('',*,*,#425,.F.);
#427=EDGE_LOOP('',(#403,#411,#419,#426));
#428=FACE_BOUND('',#427,.T.);
#429=CARTESIAN_POINT('',(-23.052235453,0.300114529,41.694628812));
#430=VERTEX_POINT('',#429);
#431=CARTESIAN_POINT('',(-25.55271096,0.300114529,41.694629202));
#432=VERTEX_POINT('',#431);
#433=CARTESIAN_POINT('',(-23.052235453,0.300114529,41.694628812));
#434=DIRECTION('',(-1.,0.,0.000000156));
#435=VECTOR('',#434,2.500475507);
#436=LINE('',#433,#435);
#437=EDGE_CURVE('',#430,#432,#436,.T.);
#438=ORIENTED_EDGE('',*,*,#437,.T.);
#439=CARTESIAN_POINT('',(-22.857324981,0.300114529,44.390015182));
#440=VERTEX_POINT('',#439);
#441=CARTESIAN_POINT('',(-22.857324981,0.300114529,44.390015182));
#442=DIRECTION('',(-0.707106781,0.,-0.707106781));
#443=VECTOR('',#442,3.811851408);
#444=LINE('',#441,#443);
#445=EDGE_CURVE('',#440,#432,#444,.T.);
#446=ORIENTED_EDGE('',*,*,#445,.F.);
#447=CARTESIAN_POINT('',(-20.356849083,0.300114529,44.390015182));
#448=VERTEX_POINT('',#447);
#449=CARTESIAN_POINT('',(-20.356849083,0.300114529,44.390015182));
#450=DIRECTION('',(-1.,0.,0.));
#451=VECTOR('',#450,2.500475897);
#452=LINE('',#449,#451);
#453=EDGE_CURVE('',#448,#440,#452,.T.);
#454=ORIENTED_EDGE('',*,*,#453,.F.);
#455=CARTESIAN_POINT('',(-23.052235453,0.300114529,41.694628812));
#456=DIRECTION('',(0.707106781,-0.,0.707106781));
#457=VECTOR('',#456,3.81185196);
#458=LINE('',#455,#457);
#459=EDGE_CURVE('',#430,#448,#458,.T.);
#460=ORIENTED_EDGE('',*,*,#459,.F.);
#461=EDGE_LOOP('',(#438,#446,#454,#460));
#462=FACE_BOUND('',#461,.T.);
#463=CARTESIAN_POINT('',(-17.723333264,0.300114529,41.694627979));
#464=VERTEX_POINT('',#463);
#465=CARTESIAN_POINT('',(-20.223808771,0.300114529,41.694628369));
#466=VERTEX_POINT('',#465);
#467=CARTESIAN_POINT('',(-17.723333264,0.300114529,41.694627979));
#468=DIRECTION('',(-1.,0.,0.000000156));
#469=VECTOR('',#468,2.500475507);
#470=LINE('',#467,#469);
#471=EDGE_CURVE('',#464,#466,#470,.T.);
#472=ORIENTED_EDGE('',*,*,#471,.T.);
#473=CARTESIAN_POINT('',(-17.528421959,0.300114529,44.390015182));
#474=VERTEX_POINT('',#473);
#475=CARTESIAN_POINT('',(-17.528421959,0.300114529,44.390015182));
#476=DIRECTION('',(-0.707106781,0.,-0.707106781));
#477=VECTOR('',#476,3.811852586);
#478=LINE('',#475,#477);
#479=EDGE_CURVE('',#474,#466,#478,.T.);
#480=ORIENTED_EDGE('',*,*,#479,.F.);
#481=CARTESIAN_POINT('',(-15.027946061,0.300114529,44.390015182));
#482=VERTEX_POINT('',#481);
#483=CARTESIAN_POINT('',(-15.027946061,0.300114529,44.390015182));
#484=DIRECTION('',(-1.,0.,0.));
#485=VECTOR('',#484,2.500475897);
#486=LINE('',#483,#485);
#487=EDGE_CURVE('',#482,#474,#486,.T.);
#488=ORIENTED_EDGE('',*,*,#487,.F.);
#489=CARTESIAN_POINT('',(-17.723333264,0.300114529,41.694627979));
#490=DIRECTION('',(0.707106781,-0.,0.707106781));
#491=VECTOR('',#490,3.811853138);
#492=LINE('',#489,#491);
#493=EDGE_CURVE('',#464,#482,#492,.T.);
#494=ORIENTED_EDGE('',*,*,#493,.F.);
#495=EDGE_LOOP('',(#472,#480,#488,#494));
#496=FACE_BOUND('',#495,.T.);
#497=CARTESIAN_POINT('',(-12.394431075,0.300114529,41.694627146));
#498=VERTEX_POINT('',#497);
#499=CARTESIAN_POINT('',(-14.894906582,0.300114529,41.694627537));
#500=VERTEX_POINT('',#499);
#501=CARTESIAN_POINT('',(-12.394431075,0.300114529,41.694627146));
#502=DIRECTION('',(-1.,0.,0.000000156));
#503=VECTOR('',#502,2.500475507);
#504=LINE('',#501,#503);
#505=EDGE_CURVE('',#498,#500,#504,.T.);
#506=ORIENTED_EDGE('',*,*,#505,.T.);
#507=CARTESIAN_POINT('',(-12.199518937,0.300114529,44.390015182));
#508=VERTEX_POINT('',#507);
#509=CARTESIAN_POINT('',(-12.199518937,0.300114529,44.390015182));
#510=DIRECTION('',(-0.707106781,0.,-0.707106781));
#511=VECTOR('',#510,3.811853763);
#512=LINE('',#509,#511);
#513=EDGE_CURVE('',#508,#500,#512,.T.);
#514=ORIENTED_EDGE('',*,*,#513,.F.);
#515=CARTESIAN_POINT('',(-9.699043039,0.300114529,44.390015182));
#516=VERTEX_POINT('',#515);
#517=CARTESIAN_POINT('',(-9.699043039,0.300114529,44.390015182));
#518=DIRECTION('',(-1.,0.,0.));
#519=VECTOR('',#518,2.500475897);
#520=LINE('',#517,#519);
#521=EDGE_CURVE('',#516,#508,#520,.T.);
#522=ORIENTED_EDGE('',*,*,#521,.F.);
#523=CARTESIAN_POINT('',(-12.394431075,0.300114529,41.694627146));
#524=DIRECTION('',(0.707106781,-0.,0.707106781));
#525=VECTOR('',#524,3.811854316);
#526=LINE('',#523,#525);
#527=EDGE_CURVE('',#498,#516,#526,.T.);
#528=ORIENTED_EDGE('',*,*,#527,.F.);
#529=EDGE_LOOP('',(#506,#514,#522,#528));
#530=FACE_BOUND('',#529,.T.);
#531=CARTESIAN_POINT('',(-7.065528886,0.300114529,41.694626313));
#532=VERTEX_POINT('',#531);
#533=CARTESIAN_POINT('',(-9.566004392,0.300114529,41.694626704));
#534=VERTEX_POINT('',#533);
#535=CARTESIAN_POINT('',(-7.065528886,0.300114529,41.694626313));
#536=DIRECTION('',(-1.,0.,0.000000156));
#537=VECTOR('',#536,2.500475507);
#538=LINE('',#535,#537);
#539=EDGE_CURVE('',#532,#534,#538,.T.);
#540=ORIENTED_EDGE('',*,*,#539,.T.);
#541=CARTESIAN_POINT('',(-6.870615914,0.300114529,44.390015182));
#542=VERTEX_POINT('',#541);
#543=CARTESIAN_POINT('',(-6.870615914,0.300114529,44.390015182));
#544=DIRECTION('',(-0.707106781,0.,-0.707106781));
#545=VECTOR('',#544,3.811854941);
#546=LINE('',#543,#545);
#547=EDGE_CURVE('',#542,#534,#546,.T.);
#548=ORIENTED_EDGE('',*,*,#547,.F.);
#549=CARTESIAN_POINT('',(-4.370140017,0.300114529,44.390015182));
#550=VERTEX_POINT('',#549);
#551=CARTESIAN_POINT('',(-4.370140017,0.300114529,44.390015182));
#552=DIRECTION('',(-1.,0.,0.));
#553=VECTOR('',#552,2.500475897);
#554=LINE('',#551,#553);
#555=EDGE_CURVE('',#550,#542,#554,.T.);
#556=ORIENTED_EDGE('',*,*,#555,.F.);
#557=CARTESIAN_POINT('',(-7.065528886,0.300114529,41.694626313));
#558=DIRECTION('',(0.707106781,-0.,0.707106781));
#559=VECTOR('',#558,3.811855494);
#560=LINE('',#557,#559);
#561=EDGE_CURVE('',#532,#550,#560,.T.);
#562=ORIENTED_EDGE('',*,*,#561,.F.);
#563=EDGE_LOOP('',(#540,#548,#556,#562));
#564=FACE_BOUND('',#563,.T.);
#565=CARTESIAN_POINT('',(-1.736626697,0.300114529,41.69462548));
#566=VERTEX_POINT('',#565);
#567=CARTESIAN_POINT('',(-4.237102203,0.300114529,41.694625871));
#568=VERTEX_POINT('',#567);
#569=CARTESIAN_POINT('',(-1.736626697,0.300114529,41.69462548));
#570=DIRECTION('',(-1.,0.,0.000000156));
#571=VECTOR('',#570,2.500475507);
#572=LINE('',#569,#571);
#573=EDGE_CURVE('',#566,#568,#572,.T.);
#574=ORIENTED_EDGE('',*,*,#573,.T.);
#575=CARTESIAN_POINT('',(-1.541712892,0.300114529,44.390015182));
#576=VERTEX_POINT('',#575);
#577=CARTESIAN_POINT('',(-1.541712892,0.300114529,44.390015182));
#578=DIRECTION('',(-0.707106781,0.,-0.707106781));
#579=VECTOR('',#578,3.811856119);
#580=LINE('',#577,#579);
#581=EDGE_CURVE('',#576,#568,#580,.T.);
#582=ORIENTED_EDGE('',*,*,#581,.F.);
#583=CARTESIAN_POINT('',(0.958763005,0.300114529,44.390015182));
#584=VERTEX_POINT('',#583);
#585=CARTESIAN_POINT('',(0.958763005,0.300114529,44.390015182));
#586=DIRECTION('',(-1.,0.,0.));
#587=VECTOR('',#586,2.500475897);
#588=LINE('',#585,#587);
#589=EDGE_CURVE('',#584,#576,#588,.T.);
#590=ORIENTED_EDGE('',*,*,#589,.F.);
#591=CARTESIAN_POINT('',(-1.736626697,0.300114529,41.69462548));
#592=DIRECTION('',(0.707106781,-0.,0.707106781));
#593=VECTOR('',#592,3.811856672);
#594=LINE('',#591,#593);
#595=EDGE_CURVE('',#566,#584,#594,.T.);
#596=ORIENTED_EDGE('',*,*,#595,.F.);
#597=EDGE_LOOP('',(#574,#582,#590,#596));
#598=FACE_BOUND('',#597,.T.);
#599=CARTESIAN_POINT('',(3.592275492,0.300114529,41.694624647));
#600=VERTEX_POINT('',#599);
#601=CARTESIAN_POINT('',(1.091799986,0.300114529,41.694625038));
#602=VERTEX_POINT('',#601);
#603=CARTESIAN_POINT('',(3.592275492,0.300114529,41.694624647));
#604=DIRECTION('',(-1.,0.,0.000000156));
#605=VECTOR('',#604,2.500475507);
#606=LINE('',#603,#605);
#607=EDGE_CURVE('',#600,#602,#606,.T.);
#608=ORIENTED_EDGE('',*,*,#607,.T.);
#609=CARTESIAN_POINT('',(3.78719013,0.300114529,44.390015182));
#610=VERTEX_POINT('',#609);
#611=CARTESIAN_POINT('',(3.78719013,0.300114529,44.390015182));
#612=DIRECTION('',(-0.707106781,0.,-0.707106781));
#613=VECTOR('',#612,3.811857297);
#614=LINE('',#611,#613);
#615=EDGE_CURVE('',#610,#602,#614,.T.);
#616=ORIENTED_EDGE('',*,*,#615,.F.);
#617=CARTESIAN_POINT('',(6.287666027,0.300114529,44.390015182));
#618=VERTEX_POINT('',#617);
#619=CARTESIAN_POINT('',(6.287666027,0.300114529,44.390015182));
#620=DIRECTION('',(-1.,0.,0.));
#621=VECTOR('',#620,2.500475897);
#622=LINE('',#619,#621);
#623=EDGE_CURVE('',#618,#610,#622,.T.);
#624=ORIENTED_EDGE('',*,*,#623,.F.);
#625=CARTESIAN_POINT('',(3.592275492,0.300114529,41.694624647));
#626=DIRECTION('',(0.707106781,-0.,0.707106781));
#627=VECTOR('',#626,3.81185785);
#628=LINE('',#625,#627);
#629=EDGE_CURVE('',#600,#618,#628,.T.);
#630=ORIENTED_EDGE('',*,*,#629,.F.);
#631=EDGE_LOOP('',(#608,#616,#624,#630));
#632=FACE_BOUND('',#631,.T.);
#633=CARTESIAN_POINT('',(8.921177682,0.300114529,41.694623814));
#634=VERTEX_POINT('',#633);
#635=CARTESIAN_POINT('',(6.420702175,0.300114529,41.694624205));
#636=VERTEX_POINT('',#635);
#637=CARTESIAN_POINT('',(8.921177682,0.300114529,41.694623814));
#638=DIRECTION('',(-1.,0.,0.000000156));
#639=VECTOR('',#638,2.500475507);
#640=LINE('',#637,#639);
#641=EDGE_CURVE('',#634,#636,#640,.T.);
#642=ORIENTED_EDGE('',*,*,#641,.T.);
#643=CARTESIAN_POINT('',(9.116093152,0.300114529,44.390015182));
#644=VERTEX_POINT('',#643);
#645=CARTESIAN_POINT('',(9.116093152,0.300114529,44.390015182));
#646=DIRECTION('',(-0.707106781,0.,-0.707106781));
#647=VECTOR('',#646,3.811858475);
#648=LINE('',#645,#647);
#649=EDGE_CURVE('',#644,#636,#648,.T.);
#650=ORIENTED_EDGE('',*,*,#649,.F.);
#651=CARTESIAN_POINT('',(11.616569049,0.300114529,44.390015182));
#652=VERTEX_POINT('',#651);
#653=CARTESIAN_POINT('',(11.616569049,0.300114529,44.390015182));
#654=DIRECTION('',(-1.,0.,0.));
#655=VECTOR('',#654,2.500475897);
#656=LINE('',#653,#655);
#657=EDGE_CURVE('',#652,#644,#656,.T.);
#658=ORIENTED_EDGE('',*,*,#657,.F.);
#659=CARTESIAN_POINT('',(8.921177682,0.300114529,41.694623814));
#660=DIRECTION('',(0.707106781,-0.,0.707106781));
#661=VECTOR('',#660,3.811859028);
#662=LINE('',#659,#661);
#663=EDGE_CURVE('',#634,#652,#662,.T.);
#664=ORIENTED_EDGE('',*,*,#663,.F.);
#665=EDGE_LOOP('',(#642,#650,#658,#664));
#666=FACE_BOUND('',#665,.T.);
#667=CARTESIAN_POINT('',(14.250079871,0.300114529,41.694622981));
#668=VERTEX_POINT('',#667);
#669=CARTESIAN_POINT('',(11.749604364,0.300114529,41.694623372));
#670=VERTEX_POINT('',#669);
#671=CARTESIAN_POINT('',(14.250079871,0.300114529,41.694622981));
#672=DIRECTION('',(-1.,0.,0.000000156));
#673=VECTOR('',#672,2.500475507);
#674=LINE('',#671,#673);
#675=EDGE_CURVE('',#668,#670,#674,.T.);
#676=ORIENTED_EDGE('',*,*,#675,.T.);
#677=CARTESIAN_POINT('',(14.444996174,0.300114529,44.390015182));
#678=VERTEX_POINT('',#677);
#679=CARTESIAN_POINT('',(14.444996174,0.300114529,44.390015182));
#680=DIRECTION('',(-0.707106781,0.,-0.707106781));
#681=VECTOR('',#680,3.811859653);
#682=LINE('',#679,#681);
#683=EDGE_CURVE('',#678,#670,#682,.T.);
#684=ORIENTED_EDGE('',*,*,#683,.F.);
#685=CARTESIAN_POINT('',(16.945472071,0.300114529,44.390015182));
#686=VERTEX_POINT('',#685);
#687=CARTESIAN_POINT('',(16.945472071,0.300114529,44.390015182));
#688=DIRECTION('',(-1.,0.,0.));
#689=VECTOR('',#688,2.500475897);
#690=LINE('',#687,#689);
#691=EDGE_CURVE('',#686,#678,#690,.T.);
#692=ORIENTED_EDGE('',*,*,#691,.F.);
#693=CARTESIAN_POINT('',(14.250079871,0.300114529,41.694622981));
#694=DIRECTION('',(0.707106781,-0.,0.707106781));
#695=VECTOR('',#694,3.811860206);
#696=LINE('',#693,#695);
#697=EDGE_CURVE('',#668,#686,#696,.T.);
#698=ORIENTED_EDGE('',*,*,#697,.F.);
#699=EDGE_LOOP('',(#676,#684,#692,#698));
#700=FACE_BOUND('',#699,.T.);
#701=CARTESIAN_POINT('',(19.57898206,0.300114529,41.694622148));
#702=VERTEX_POINT('',#701);
#703=CARTESIAN_POINT('',(17.078506553,0.300114529,41.694622539));
#704=VERTEX_POINT('',#703);
#705=CARTESIAN_POINT('',(19.57898206,0.300114529,41.694622148));
#706=DIRECTION('',(-1.,0.,0.000000156));
#707=VECTOR('',#706,2.500475507);
#708=LINE('',#705,#707);
#709=EDGE_CURVE('',#702,#704,#708,.T.);
#710=ORIENTED_EDGE('',*,*,#709,.T.);
#711=CARTESIAN_POINT('',(19.773899196,0.300114529,44.390015182));
#712=VERTEX_POINT('',#711);
#713=CARTESIAN_POINT('',(19.773899196,0.300114529,44.390015182));
#714=DIRECTION('',(-0.707106781,0.,-0.707106781));
#715=VECTOR('',#714,3.811860831);
#716=LINE('',#713,#715);
#717=EDGE_CURVE('',#712,#704,#716,.T.);
#718=ORIENTED_EDGE('',*,*,#717,.F.);
#719=CARTESIAN_POINT('',(22.274375094,0.300114529,44.390015182));
#720=VERTEX_POINT('',#719);
#721=CARTESIAN_POINT('',(22.274375094,0.300114529,44.390015182));
#722=DIRECTION('',(-1.,0.,0.));
#723=VECTOR('',#722,2.500475897);
#724=LINE('',#721,#723);
#725=EDGE_CURVE('',#720,#712,#724,.T.);
#726=ORIENTED_EDGE('',*,*,#725,.F.);
#727=CARTESIAN_POINT('',(19.57898206,0.300114529,41.694622148));
#728=DIRECTION('',(0.707106781,-0.,0.707106781));
#729=VECTOR('',#728,3.811861384);
#730=LINE('',#727,#729);
#731=EDGE_CURVE('',#702,#720,#730,.T.);
#732=ORIENTED_EDGE('',*,*,#731,.F.);
#733=EDGE_LOOP('',(#710,#718,#726,#732));
#734=FACE_BOUND('',#733,.T.);
#735=CARTESIAN_POINT('',(24.907884249,0.300114529,41.694621315));
#736=VERTEX_POINT('',#735);
#737=CARTESIAN_POINT('',(22.407408743,0.300114529,41.694621706));
#738=VERTEX_POINT('',#737);
#739=CARTESIAN_POINT('',(24.907884249,0.300114529,41.694621315));
#740=DIRECTION('',(-1.,0.,0.000000156));
#741=VECTOR('',#740,2.500475507);
#742=LINE('',#739,#741);
#743=EDGE_CURVE('',#736,#738,#742,.T.);
#744=ORIENTED_EDGE('',*,*,#743,.T.);
#745=CARTESIAN_POINT('',(25.102802218,0.300114529,44.390015182));
#746=VERTEX_POINT('',#745);
#747=CARTESIAN_POINT('',(25.102802218,0.300114529,44.390015182));
#748=DIRECTION('',(-0.707106781,0.,-0.707106781));
#749=VECTOR('',#748,3.811862009);
#750=LINE('',#747,#749);
#751=EDGE_CURVE('',#746,#738,#750,.T.);
#752=ORIENTED_EDGE('',*,*,#751,.F.);
#753=CARTESIAN_POINT('',(27.603278116,0.300114529,44.390015182));
#754=VERTEX_POINT('',#753);
#755=CARTESIAN_POINT('',(27.603278116,0.300114529,44.390015182));
#756=DIRECTION('',(-1.,0.,0.));
#757=VECTOR('',#756,2.500475897);
#758=LINE('',#755,#757);
#759=EDGE_CURVE('',#754,#746,#758,.T.);
#760=ORIENTED_EDGE('',*,*,#759,.F.);
#761=CARTESIAN_POINT('',(24.907884249,0.300114529,41.694621315));
#762=DIRECTION('',(0.707106781,-0.,0.707106781));
#763=VECTOR('',#762,3.811862562);
#764=LINE('',#761,#763);
#765=EDGE_CURVE('',#736,#754,#764,.T.);
#766=ORIENTED_EDGE('',*,*,#765,.F.);
#767=EDGE_LOOP('',(#744,#752,#760,#766));
#768=FACE_BOUND('',#767,.T.);
#769=CARTESIAN_POINT('',(28.957482131,0.300114529,40.415316175));
#770=VERTEX_POINT('',#769);
#771=CARTESIAN_POINT('',(27.547495485,0.300114529,41.505805426));
#772=VERTEX_POINT('',#771);
#773=CARTESIAN_POINT('',(26.500002051,0.300114529,38.694621066));
#774=DIRECTION('',(-0.,-1.,-0.));
#775=DIRECTION('',(0.,-0.,1.));
#776=AXIS2_PLACEMENT_3D('',#773,#774,#775);
#777=CIRCLE('',#776,3.);
#778=EDGE_CURVE('',#770,#772,#777,.T.);
#779=ORIENTED_EDGE('',*,*,#778,.T.);
#780=CARTESIAN_POINT('',(30.43170524,0.300114529,44.390015182));
#781=VERTEX_POINT('',#780);
#782=CARTESIAN_POINT('',(30.43170524,0.300114529,44.390015182));
#783=DIRECTION('',(-0.707106781,0.,-0.707106781));
#784=VECTOR('',#783,4.078888553);
#785=LINE('',#782,#784);
#786=EDGE_CURVE('',#781,#772,#785,.T.);
#787=ORIENTED_EDGE('',*,*,#786,.F.);
#788=CARTESIAN_POINT('',(32.932181138,0.300114529,44.390015182));
#789=VERTEX_POINT('',#788);
#790=CARTESIAN_POINT('',(32.932181138,0.300114529,44.390015182));
#791=DIRECTION('',(-1.,0.,0.));
#792=VECTOR('',#791,2.500475897);
#793=LINE('',#790,#792);
#794=EDGE_CURVE('',#789,#781,#793,.T.);
#795=ORIENTED_EDGE('',*,*,#794,.F.);
#796=CARTESIAN_POINT('',(28.957482131,0.300114529,40.415316175));
#797=DIRECTION('',(0.707106781,-0.,0.707106781));
#798=VECTOR('',#797,5.621073242);
#799=LINE('',#796,#798);
#800=EDGE_CURVE('',#770,#789,#799,.T.);
#801=ORIENTED_EDGE('',*,*,#800,.F.);
#802=EDGE_LOOP('',(#779,#787,#795,#801));
#803=FACE_BOUND('',#802,.T.);
#804=CARTESIAN_POINT('',(29.500001572,0.300114529,35.628932593));
#805=VERTEX_POINT('',#804);
#806=CARTESIAN_POINT('',(29.500001962,0.300114529,38.129408881));
#807=VERTEX_POINT('',#806);
#808=CARTESIAN_POINT('',(29.500001572,0.300114529,35.628932593));
#809=DIRECTION('',(0.000000156,-0.,1.));
#810=VECTOR('',#809,2.500476288);
#811=LINE('',#808,#810);
#812=EDGE_CURVE('',#805,#807,#811,.T.);
#813=ORIENTED_EDGE('',*,*,#812,.T.);
#814=CARTESIAN_POINT('',(35.760608263,0.300114529,44.390015182));
#815=VERTEX_POINT('',#814);
#816=CARTESIAN_POINT('',(35.760608263,0.300114529,44.390015182));
#817=DIRECTION('',(-0.707106781,0.,-0.707106781));
#818=VECTOR('',#817,8.853834338);
#819=LINE('',#816,#818);
#820=EDGE_CURVE('',#815,#807,#819,.T.);
#821=ORIENTED_EDGE('',*,*,#820,.F.);
#822=CARTESIAN_POINT('',(37.931178492,0.300114529,44.390015182));
#823=VERTEX_POINT('',#822);
#824=CARTESIAN_POINT('',(37.931178492,0.300114529,44.390015182));
#825=DIRECTION('',(-1.,0.,0.));
#826=VECTOR('',#825,2.170570229);
#827=LINE('',#824,#826);
#828=EDGE_CURVE('',#823,#815,#827,.T.);
#829=ORIENTED_EDGE('',*,*,#828,.F.);
#830=CARTESIAN_POINT('',(38.24898518,0.300114529,44.377916201));
#831=VERTEX_POINT('',#830);
#832=CARTESIAN_POINT('',(37.931178492,0.300114529,40.210015182));
#833=DIRECTION('',(-0.,-1.,-0.));
#834=DIRECTION('',(0.,-0.,1.));
#835=AXIS2_PLACEMENT_3D('',#832,#833,#834);
#836=CIRCLE('',#835,4.18);
#837=EDGE_CURVE('',#831,#823,#836,.T.);
#838=ORIENTED_EDGE('',*,*,#837,.F.);
#839=CARTESIAN_POINT('',(29.500001572,0.300114529,35.628932593));
#840=DIRECTION('',(0.707106781,-0.,0.707106781));
#841=VECTOR('',#840,12.372931275);
#842=LINE('',#839,#841);
#843=EDGE_CURVE('',#805,#831,#842,.T.);
#844=ORIENTED_EDGE('',*,*,#843,.F.);
#845=EDGE_LOOP('',(#813,#821,#829,#838,#844));
#846=FACE_BOUND('',#845,.T.);
#847=CARTESIAN_POINT('',(29.500000739,0.300114529,30.300028738));
#848=VERTEX_POINT('',#847);
#849=CARTESIAN_POINT('',(29.500001129,0.300114529,32.800505026));
#850=VERTEX_POINT('',#849);
#851=CARTESIAN_POINT('',(29.500000739,0.300114529,30.300028738));
#852=DIRECTION('',(0.000000156,-0.,1.));
#853=VECTOR('',#852,2.500476288);
#854=LINE('',#851,#853);
#855=EDGE_CURVE('',#848,#850,#854,.T.);
#856=ORIENTED_EDGE('',*,*,#855,.T.);
#857=CARTESIAN_POINT('',(40.331572985,0.300114529,43.632076882));
#858=VERTEX_POINT('',#857);
#859=CARTESIAN_POINT('',(40.331572985,0.300114529,43.632076882));
#860=DIRECTION('',(-0.707106781,0.,-0.707106781));
#861=VECTOR('',#860,15.318155819);
#862=LINE('',#859,#861);
#863=EDGE_CURVE('',#858,#850,#862,.T.);
#864=ORIENTED_EDGE('',*,*,#863,.F.);
#865=CARTESIAN_POINT('',(41.532309801,0.300114529,42.3323378));
#866=VERTEX_POINT('',#865);
#867=CARTESIAN_POINT('',(37.931178492,0.300114529,40.210015182));
#868=DIRECTION('',(-0.,-1.,-0.));
#869=DIRECTION('',(0.,-0.,1.));
#870=AXIS2_PLACEMENT_3D('',#867,#868,#869);
#871=CIRCLE('',#870,4.18);
#872=EDGE_CURVE('',#866,#858,#871,.T.);
#873=ORIENTED_EDGE('',*,*,#872,.F.);
#874=CARTESIAN_POINT('',(29.500000739,0.300114529,30.300028738));
#875=DIRECTION('',(0.707106781,-0.,0.707106781));
#876=VECTOR('',#875,17.016254662);
#877=LINE('',#874,#876);
#878=EDGE_CURVE('',#848,#866,#877,.T.);
#879=ORIENTED_EDGE('',*,*,#878,.F.);
#880=EDGE_LOOP('',(#856,#864,#873,#879));
#881=FACE_BOUND('',#880,.T.);
#882=CARTESIAN_POINT('',(29.499999906,0.300114529,24.971124883));
#883=VERTEX_POINT('',#882);
#884=CARTESIAN_POINT('',(29.500000297,0.300114529,27.471601171));
#885=VERTEX_POINT('',#884);
#886=CARTESIAN_POINT('',(29.499999906,0.300114529,24.971124883));
#887=DIRECTION('',(0.000000156,-0.,1.));
#888=VECTOR('',#887,2.500476288);
#889=LINE('',#886,#888);
#890=EDGE_CURVE('',#883,#885,#889,.T.);
#891=ORIENTED_EDGE('',*,*,#890,.T.);
#892=CARTESIAN_POINT('',(34.02658996,0.300114529,31.998190834));
#893=VERTEX_POINT('',#892);
#894=CARTESIAN_POINT('',(34.02658996,0.300114529,31.998190834));
#895=DIRECTION('',(-0.707106781,0.,-0.707106781));
#896=VECTOR('',#895,6.401564493);
#897=LINE('',#894,#896);
#898=EDGE_CURVE('',#893,#885,#897,.T.);
#899=ORIENTED_EDGE('',*,*,#898,.F.);
#900=CARTESIAN_POINT('',(33.835835397,0.300114529,30.858500248));
#901=VERTEX_POINT('',#900);
#902=CARTESIAN_POINT('',(37.335835397,0.300114529,30.858500248));
#903=DIRECTION('',(-0.,-1.,-0.));
#904=DIRECTION('',(0.,-0.,1.));
#905=AXIS2_PLACEMENT_3D('',#902,#903,#904);
#906=CIRCLE('',#905,3.5);
#907=EDGE_CURVE('',#893,#901,#906,.T.);
#908=ORIENTED_EDGE('',*,*,#907,.T.);
#909=CARTESIAN_POINT('',(33.835835397,0.300114529,29.306960375));
#910=VERTEX_POINT('',#909);
#911=CARTESIAN_POINT('',(33.835835397,0.300114529,30.858500248));
#912=DIRECTION('',(-0.,0.,-1.));
#913=VECTOR('',#912,1.551539873);
#914=LINE('',#911,#913);
#915=EDGE_CURVE('',#901,#910,#914,.T.);
#916=ORIENTED_EDGE('',*,*,#915,.T.);
#917=CARTESIAN_POINT('',(29.499999906,0.300114529,24.971124883));
#918=DIRECTION('',(0.707106781,-0.,0.707106781));
#919=VECTOR('',#918,6.131797356);
#920=LINE('',#917,#919);
#921=EDGE_CURVE('',#883,#910,#920,.T.);
#922=ORIENTED_EDGE('',*,*,#921,.F.);
#923=EDGE_LOOP('',(#891,#899,#908,#916,#922));
#924=FACE_BOUND('',#923,.T.);
#925=CARTESIAN_POINT('',(29.499999073,0.300114529,19.642221028));
#926=VERTEX_POINT('',#925);
#927=CARTESIAN_POINT('',(29.499999464,0.300114529,22.142697316));
#928=VERTEX_POINT('',#927);
#929=CARTESIAN_POINT('',(29.499999073,0.300114529,19.642221028));
#930=DIRECTION('',(0.000000156,-0.,1.));
#931=VECTOR('',#930,2.500476288);
#932=LINE('',#929,#931);
#933=EDGE_CURVE('',#926,#928,#932,.T.);
#934=ORIENTED_EDGE('',*,*,#933,.T.);
#935=CARTESIAN_POINT('',(33.835835397,0.300114529,26.47853325));
#936=VERTEX_POINT('',#935);
#937=CARTESIAN_POINT('',(33.835835397,0.300114529,26.47853325));
#938=DIRECTION('',(-0.707106781,0.,-0.707106781));
#939=VECTOR('',#938,6.131797982);
#940=LINE('',#937,#939);
#941=EDGE_CURVE('',#936,#928,#940,.T.);
#942=ORIENTED_EDGE('',*,*,#941,.F.);
#943=CARTESIAN_POINT('',(33.835835397,0.300114529,23.978057352));
#944=VERTEX_POINT('',#943);
#945=CARTESIAN_POINT('',(33.835835397,0.300114529,26.47853325));
#946=DIRECTION('',(-0.,0.,-1.));
#947=VECTOR('',#946,2.500475897);
#948=LINE('',#945,#947);
#949=EDGE_CURVE('',#936,#944,#948,.T.);
#950=ORIENTED_EDGE('',*,*,#949,.T.);
#951=CARTESIAN_POINT('',(29.499999073,0.300114529,19.642221028));
#952=DIRECTION('',(0.707106781,-0.,0.707106781));
#953=VECTOR('',#952,6.131798534);
#954=LINE('',#951,#953);
#955=EDGE_CURVE('',#926,#944,#954,.T.);
#956=ORIENTED_EDGE('',*,*,#955,.F.);
#957=EDGE_LOOP('',(#934,#942,#950,#956));
#958=FACE_BOUND('',#957,.T.);
#959=CARTESIAN_POINT('',(29.49999824,0.300114529,14.313317173));
#960=VERTEX_POINT('',#959);
#961=CARTESIAN_POINT('',(33.835835397,0.300114529,18.64915433));
#962=VERTEX_POINT('',#961);
#963=CARTESIAN_POINT('',(29.49999824,0.300114529,14.313317173));
#964=DIRECTION('',(0.707106781,-0.,0.707106781));
#965=VECTOR('',#964,6.131799712);
#966=LINE('',#963,#965);
#967=EDGE_CURVE('',#960,#962,#966,.T.);
#968=ORIENTED_EDGE('',*,*,#967,.F.);
#969=CARTESIAN_POINT('',(29.499998631,0.300114529,16.813793461));
#970=VERTEX_POINT('',#969);
#971=CARTESIAN_POINT('',(29.49999824,0.300114529,14.313317173));
#972=DIRECTION('',(0.000000156,-0.,1.));
#973=VECTOR('',#972,2.500476288);
#974=LINE('',#971,#973);
#975=EDGE_CURVE('',#960,#970,#974,.T.);
#976=ORIENTED_EDGE('',*,*,#975,.T.);
#977=CARTESIAN_POINT('',(33.835835397,0.300114529,21.149630228));
#978=VERTEX_POINT('',#977);
#979=CARTESIAN_POINT('',(33.835835397,0.300114529,21.149630228));
#980=DIRECTION('',(-0.707106781,0.,-0.707106781));
#981=VECTOR('',#980,6.13179916);
#982=LINE('',#979,#981);
#983=EDGE_CURVE('',#978,#970,#982,.T.);
#984=ORIENTED_EDGE('',*,*,#983,.F.);
#985=CARTESIAN_POINT('',(33.835835397,0.300114529,21.149630228));
#986=DIRECTION('',(-0.,0.,-1.));
#987=VECTOR('',#986,2.500475897);
#988=LINE('',#985,#987);
#989=EDGE_CURVE('',#978,#962,#988,.T.);
#990=ORIENTED_EDGE('',*,*,#989,.T.);
#991=EDGE_LOOP('',(#968,#976,#984,#990));
#992=FACE_BOUND('',#991,.T.);
#993=CARTESIAN_POINT('',(22.8908268,0.300114529,10.20462163));
#994=VERTEX_POINT('',#993);
#995=CARTESIAN_POINT('',(25.391302306,0.300114529,10.204621239));
#996=VERTEX_POINT('',#995);
#997=CARTESIAN_POINT('',(22.8908268,0.300114529,10.20462163));
#998=DIRECTION('',(1.,-0.,-0.000000156));
#999=VECTOR('',#998,2.500475507);
#1000=LINE('',#997,#999);
#1001=EDGE_CURVE('',#994,#996,#1000,.T.);
#1002=ORIENTED_EDGE('',*,*,#1001,.T.);
#1003=CARTESIAN_POINT('',(17.346827308,0.300114529,2.160146241));
#1004=VERTEX_POINT('',#1003);
#1005=CARTESIAN_POINT('',(17.346827308,0.300114529,2.160146241));
#1006=DIRECTION('',(0.707106781,-0.,0.707106781));
#1007=VECTOR('',#1006,11.376605645);
#1008=LINE('',#1005,#1007);
#1009=EDGE_CURVE('',#1004,#996,#1008,.T.);
#1010=ORIENTED_EDGE('',*,*,#1009,.F.);
#1011=CARTESIAN_POINT('',(14.846351411,0.300114529,2.160146241));
#1012=VERTEX_POINT('',#1011);
#1013=CARTESIAN_POINT('',(14.846351411,0.300114529,2.160146241));
#1014=DIRECTION('',(1.,-0.,0.));
#1015=VECTOR('',#1014,2.500475897);
#1016=LINE('',#1013,#1015);
#1017=EDGE_CURVE('',#1012,#1004,#1016,.T.);
#1018=ORIENTED_EDGE('',*,*,#1017,.F.);
#1019=CARTESIAN_POINT('',(22.8908268,0.300114529,10.20462163));
#1020=DIRECTION('',(-0.707106781,0.,-0.707106781));
#1021=VECTOR('',#1020,11.376606198);
#1022=LINE('',#1019,#1021);
#1023=EDGE_CURVE('',#994,#1012,#1022,.T.);
#1024=ORIENTED_EDGE('',*,*,#1023,.F.);
#1025=EDGE_LOOP('',(#1002,#1010,#1018,#1024));
#1026=FACE_BOUND('',#1025,.T.);
#1027=CARTESIAN_POINT('',(17.561924611,0.300114529,10.204622463));
#1028=VERTEX_POINT('',#1027);
#1029=CARTESIAN_POINT('',(20.062400117,0.300114529,10.204622072));
#1030=VERTEX_POINT('',#1029);
#1031=CARTESIAN_POINT('',(17.561924611,0.300114529,10.204622463));
#1032=DIRECTION('',(1.,-0.,-0.000000156));
#1033=VECTOR('',#1032,2.500475507);
#1034=LINE('',#1031,#1033);
#1035=EDGE_CURVE('',#1028,#1030,#1034,.T.);
#1036=ORIENTED_EDGE('',*,*,#1035,.T.);
#1037=CARTESIAN_POINT('',(12.017924286,0.300114529,2.160146241));
#1038=VERTEX_POINT('',#1037);
#1039=CARTESIAN_POINT('',(12.017924286,0.300114529,2.160146241));
#1040=DIRECTION('',(0.707106781,-0.,0.707106781));
#1041=VECTOR('',#1040,11.376606823);
#1042=LINE('',#1039,#1041);
#1043=EDGE_CURVE('',#1038,#1030,#1042,.T.);
#1044=ORIENTED_EDGE('',*,*,#1043,.F.);
#1045=CARTESIAN_POINT('',(9.517448388,0.300114529,2.160146241));
#1046=VERTEX_POINT('',#1045);
#1047=CARTESIAN_POINT('',(9.517448388,0.300114529,2.160146241));
#1048=DIRECTION('',(1.,-0.,0.));
#1049=VECTOR('',#1048,2.500475897);
#1050=LINE('',#1047,#1049);
#1051=EDGE_CURVE('',#1046,#1038,#1050,.T.);
#1052=ORIENTED_EDGE('',*,*,#1051,.F.);
#1053=CARTESIAN_POINT('',(17.561924611,0.300114529,10.204622463));
#1054=DIRECTION('',(-0.707106781,0.,-0.707106781));
#1055=VECTOR('',#1054,11.376607376);
#1056=LINE('',#1053,#1055);
#1057=EDGE_CURVE('',#1028,#1046,#1056,.T.);
#1058=ORIENTED_EDGE('',*,*,#1057,.F.);
#1059=EDGE_LOOP('',(#1036,#1044,#1052,#1058));
#1060=FACE_BOUND('',#1059,.T.);
#1061=CARTESIAN_POINT('',(12.233022422,0.300114529,10.204623296));
#1062=VERTEX_POINT('',#1061);
#1063=CARTESIAN_POINT('',(14.733497928,0.300114529,10.204622905));
#1064=VERTEX_POINT('',#1063);
#1065=CARTESIAN_POINT('',(12.233022422,0.300114529,10.204623296));
#1066=DIRECTION('',(1.,-0.,-0.000000156));
#1067=VECTOR('',#1066,2.500475507);
#1068=LINE('',#1065,#1067);
#1069=EDGE_CURVE('',#1062,#1064,#1068,.T.);
#1070=ORIENTED_EDGE('',*,*,#1069,.T.);
#1071=CARTESIAN_POINT('',(10.924973496,0.300114529,6.396098473));
#1072=VERTEX_POINT('',#1071);
#1073=CARTESIAN_POINT('',(10.924973496,0.300114529,6.396098473));
#1074=DIRECTION('',(0.707106781,-0.,0.707106781));
#1075=VECTOR('',#1074,5.386066905);
#1076=LINE('',#1073,#1075);
#1077=EDGE_CURVE('',#1072,#1064,#1076,.T.);
#1078=ORIENTED_EDGE('',*,*,#1077,.F.);
#1079=CARTESIAN_POINT('',(10.981869927,0.300114529,7.024618811));
#1080=VERTEX_POINT('',#1079);
#1081=CARTESIAN_POINT('',(7.481869927,0.300114529,7.024618811));
#1082=DIRECTION('',(0.,1.,0.));
#1083=DIRECTION('',(0.,-0.,1.));
#1084=AXIS2_PLACEMENT_3D('',#1081,#1082,#1083);
#1085=CIRCLE('',#1084,3.5);
#1086=EDGE_CURVE('',#1080,#1072,#1085,.T.);
#1087=ORIENTED_EDGE('',*,*,#1086,.F.);
#1088=CARTESIAN_POINT('',(10.614329844,0.300114529,8.585930718));
#1089=VERTEX_POINT('',#1088);
#1090=CARTESIAN_POINT('',(7.481869927,0.300114529,7.024618811));
#1091=DIRECTION('',(0.,1.,0.));
#1092=DIRECTION('',(0.,-0.,1.));
#1093=AXIS2_PLACEMENT_3D('',#1090,#1091,#1092);
#1094=CIRCLE('',#1093,3.5);
#1095=EDGE_CURVE('',#1089,#1080,#1094,.T.);
#1096=ORIENTED_EDGE('',*,*,#1095,.F.);
#1097=CARTESIAN_POINT('',(12.233022422,0.300114529,10.204623296));
#1098=DIRECTION('',(-0.707106781,0.,-0.707106781));
#1099=VECTOR('',#1098,2.289176997);
#1100=LINE('',#1097,#1099);
#1101=EDGE_CURVE('',#1062,#1089,#1100,.T.);
#1102=ORIENTED_EDGE('',*,*,#1101,.F.);
#1103=EDGE_LOOP('',(#1070,#1078,#1087,#1096,#1102));
#1104=FACE_BOUND('',#1103,.T.);
#1105=CARTESIAN_POINT('',(8.110390265,0.300114529,3.581515242));
#1106=VERTEX_POINT('',#1105);
#1107=CARTESIAN_POINT('',(7.481869927,0.300114529,3.524618811));
#1108=VERTEX_POINT('',#1107);
#1109=CARTESIAN_POINT('',(7.481869927,0.300114529,7.024618811));
#1110=DIRECTION('',(0.,1.,0.));
#1111=DIRECTION('',(0.,-0.,1.));
#1112=AXIS2_PLACEMENT_3D('',#1109,#1110,#1111);
#1113=CIRCLE('',#1112,3.5);
#1114=EDGE_CURVE('',#1106,#1108,#1113,.T.);
#1115=ORIENTED_EDGE('',*,*,#1114,.F.);
#1116=CARTESIAN_POINT('',(6.689021264,0.300114529,2.160146241));
#1117=VERTEX_POINT('',#1116);
#1118=CARTESIAN_POINT('',(6.689021264,0.300114529,2.160146241));
#1119=DIRECTION('',(0.707106781,-0.,0.707106781));
#1120=VECTOR('',#1119,2.010119319);
#1121=LINE('',#1118,#1120);
#1122=EDGE_CURVE('',#1117,#1106,#1121,.T.);
#1123=ORIENTED_EDGE('',*,*,#1122,.F.);
#1124=CARTESIAN_POINT('',(4.188545366,0.300114529,2.160146241));
#1125=VERTEX_POINT('',#1124);
#1126=CARTESIAN_POINT('',(4.188545366,0.300114529,2.160146241));
#1127=DIRECTION('',(1.,-0.,0.));
#1128=VECTOR('',#1127,2.500475897);
#1129=LINE('',#1126,#1128);
#1130=EDGE_CURVE('',#1125,#1117,#1129,.T.);
#1131=ORIENTED_EDGE('',*,*,#1130,.F.);
#1132=CARTESIAN_POINT('',(5.553017936,0.300114529,3.524618811));
#1133=VERTEX_POINT('',#1132);
#1134=CARTESIAN_POINT('',(5.553017936,0.300114529,3.524618811));
#1135=DIRECTION('',(-0.707106781,0.,-0.707106781));
#1136=VECTOR('',#1135,1.929655614);
#1137=LINE('',#1134,#1136);
#1138=EDGE_CURVE('',#1133,#1125,#1137,.T.);
#1139=ORIENTED_EDGE('',*,*,#1138,.F.);
#1140=CARTESIAN_POINT('',(7.481869927,0.300114529,3.524618811));
#1141=DIRECTION('',(-1.,0.,0.));
#1142=VECTOR('',#1141,1.928851991);
#1143=LINE('',#1140,#1142);
#1144=EDGE_CURVE('',#1108,#1133,#1143,.T.);
#1145=ORIENTED_EDGE('',*,*,#1144,.F.);
#1146=EDGE_LOOP('',(#1115,#1123,#1131,#1139,#1145));
#1147=FACE_BOUND('',#1146,.T.);
#1148=CARTESIAN_POINT('',(-10.673798649,0.300114529,8.613414314));
#1149=VERTEX_POINT('',#1148);
#1150=CARTESIAN_POINT('',(-17.127066722,0.300114529,2.160146241));
#1151=VERTEX_POINT('',#1150);
#1152=CARTESIAN_POINT('',(-10.673798649,0.300114529,8.613414314));
#1153=DIRECTION('',(-0.707106781,0.,-0.707106781));
#1154=VECTOR('',#1153,9.126299231);
#1155=LINE('',#1152,#1154);
#1156=EDGE_CURVE('',#1149,#1151,#1155,.T.);
#1157=ORIENTED_EDGE('',*,*,#1156,.F.);
#1158=CARTESIAN_POINT('',(-10.873910808,0.300114529,5.912826258));
#1159=VERTEX_POINT('',#1158);
#1160=CARTESIAN_POINT('',(-7.555188566,0.300114529,7.024618811));
#1161=DIRECTION('',(0.,1.,0.));
#1162=DIRECTION('',(0.,-0.,1.));
#1163=AXIS2_PLACEMENT_3D('',#1160,#1161,#1162);
#1164=CIRCLE('',#1163,3.5);
#1165=EDGE_CURVE('',#1159,#1149,#1164,.T.);
#1166=ORIENTED_EDGE('',*,*,#1165,.F.);
#1167=CARTESIAN_POINT('',(-14.626590825,0.300114529,2.160146241));
#1168=VERTEX_POINT('',#1167);
#1169=CARTESIAN_POINT('',(-14.626590825,0.300114529,2.160146241));
#1170=DIRECTION('',(0.707106781,-0.,0.707106781));
#1171=VECTOR('',#1170,5.307090975);
#1172=LINE('',#1169,#1171);
#1173=EDGE_CURVE('',#1168,#1159,#1172,.T.);
#1174=ORIENTED_EDGE('',*,*,#1173,.F.);
#1175=CARTESIAN_POINT('',(-17.127066722,0.300114529,2.160146241));
#1176=DIRECTION('',(1.,-0.,0.));
#1177=VECTOR('',#1176,2.500475897);
#1178=LINE('',#1175,#1177);
#1179=EDGE_CURVE('',#1151,#1168,#1178,.T.);
#1180=ORIENTED_EDGE('',*,*,#1179,.F.);
#1181=EDGE_LOOP('',(#1157,#1166,#1174,#1180));
#1182=FACE_BOUND('',#1181,.T.);
#1183=CARTESIAN_POINT('',(-9.699727048,0.300114529,4.258582893));
#1184=VERTEX_POINT('',#1183);
#1185=CARTESIAN_POINT('',(-11.7981637,0.300114529,2.160146241));
#1186=VERTEX_POINT('',#1185);
#1187=CARTESIAN_POINT('',(-9.699727048,0.300114529,4.258582893));
#1188=DIRECTION('',(-0.707106781,0.,-0.707106781));
#1189=VECTOR('',#1188,2.967637573);
#1190=LINE('',#1187,#1189);
#1191=EDGE_CURVE('',#1184,#1186,#1190,.T.);
#1192=ORIENTED_EDGE('',*,*,#1191,.F.);
#1193=CARTESIAN_POINT('',(-7.914701997,0.300114529,3.543132046));
#1194=VERTEX_POINT('',#1193);
#1195=CARTESIAN_POINT('',(-7.555188566,0.300114529,7.024618811));
#1196=DIRECTION('',(0.,1.,0.));
#1197=DIRECTION('',(0.,-0.,1.));
#1198=AXIS2_PLACEMENT_3D('',#1195,#1196,#1197);
#1199=CIRCLE('',#1198,3.5);
#1200=EDGE_CURVE('',#1194,#1184,#1199,.T.);
#1201=ORIENTED_EDGE('',*,*,#1200,.F.);
#1202=CARTESIAN_POINT('',(-9.297687803,0.300114529,2.160146241));
#1203=VERTEX_POINT('',#1202);
#1204=CARTESIAN_POINT('',(-9.297687803,0.300114529,2.160146241));
#1205=DIRECTION('',(0.707106781,-0.,0.707106781));
#1206=VECTOR('',#1205,1.955837283);
#1207=LINE('',#1204,#1206);
#1208=EDGE_CURVE('',#1203,#1194,#1207,.T.);
#1209=ORIENTED_EDGE('',*,*,#1208,.F.);
#1210=CARTESIAN_POINT('',(-11.7981637,0.300114529,2.160146241));
#1211=DIRECTION('',(1.,-0.,0.));
#1212=VECTOR('',#1211,2.500475897);
#1213=LINE('',#1210,#1212);
#1214=EDGE_CURVE('',#1186,#1203,#1213,.T.);
#1215=ORIENTED_EDGE('',*,*,#1214,.F.);
#1216=EDGE_LOOP('',(#1192,#1201,#1209,#1215));
#1217=FACE_BOUND('',#1216,.T.);
#1218=CARTESIAN_POINT('',(0.224114914,0.300114529,3.524618811));
#1219=VERTEX_POINT('',#1218);
#1220=CARTESIAN_POINT('',(-1.140357656,0.300114529,2.160146241));
#1221=VERTEX_POINT('',#1220);
#1222=CARTESIAN_POINT('',(0.224114914,0.300114529,3.524618811));
#1223=DIRECTION('',(-0.707106781,0.,-0.707106781));
#1224=VECTOR('',#1223,1.929655614);
#1225=LINE('',#1222,#1224);
#1226=EDGE_CURVE('',#1219,#1221,#1225,.T.);
#1227=ORIENTED_EDGE('',*,*,#1226,.F.);
#1228=CARTESIAN_POINT('',(2.724590812,0.300114529,3.524618811));
#1229=VERTEX_POINT('',#1228);
#1230=CARTESIAN_POINT('',(2.724590812,0.300114529,3.524618811));
#1231=DIRECTION('',(-1.,0.,0.));
#1232=VECTOR('',#1231,2.500475897);
#1233=LINE('',#1230,#1232);
#1234=EDGE_CURVE('',#1229,#1219,#1233,.T.);
#1235=ORIENTED_EDGE('',*,*,#1234,.F.);
#1236=CARTESIAN_POINT('',(1.360118242,0.300114529,2.160146241));
#1237=VERTEX_POINT('',#1236);
#1238=CARTESIAN_POINT('',(1.360118242,0.300114529,2.160146241));
#1239=DIRECTION('',(0.707106781,-0.,0.707106781));
#1240=VECTOR('',#1239,1.929655614);
#1241=LINE('',#1238,#1240);
#1242=EDGE_CURVE('',#1237,#1229,#1241,.T.);
#1243=ORIENTED_EDGE('',*,*,#1242,.F.);
#1244=CARTESIAN_POINT('',(-1.140357656,0.300114529,2.160146241));
#1245=DIRECTION('',(1.,-0.,0.));
#1246=VECTOR('',#1245,2.500475897);
#1247=LINE('',#1244,#1246);
#1248=EDGE_CURVE('',#1221,#1237,#1247,.T.);
#1249=ORIENTED_EDGE('',*,*,#1248,.F.);
#1250=EDGE_LOOP('',(#1227,#1235,#1243,#1249));
#1251=FACE_BOUND('',#1250,.T.);
#1252=CARTESIAN_POINT('',(-2.60431221,0.300114529,3.524618811));
#1253=VERTEX_POINT('',#1252);
#1254=CARTESIAN_POINT('',(-5.104788108,0.300114529,3.524618811));
#1255=VERTEX_POINT('',#1254);
#1256=CARTESIAN_POINT('',(-2.60431221,0.300114529,3.524618811));
#1257=DIRECTION('',(-1.,0.,0.));
#1258=VECTOR('',#1257,2.500475897);
#1259=LINE('',#1256,#1258);
#1260=EDGE_CURVE('',#1253,#1255,#1259,.T.);
#1261=ORIENTED_EDGE('',*,*,#1260,.F.);
#1262=CARTESIAN_POINT('',(-3.968784781,0.300114529,2.160146241));
#1263=VERTEX_POINT('',#1262);
#1264=CARTESIAN_POINT('',(-3.968784781,0.300114529,2.160146241));
#1265=DIRECTION('',(0.707106781,-0.,0.707106781));
#1266=VECTOR('',#1265,1.929655614);
#1267=LINE('',#1264,#1266);
#1268=EDGE_CURVE('',#1263,#1253,#1267,.T.);
#1269=ORIENTED_EDGE('',*,*,#1268,.F.);
#1270=CARTESIAN_POINT('',(-6.469260678,0.300114529,2.160146241));
#1271=VERTEX_POINT('',#1270);
#1272=CARTESIAN_POINT('',(-6.469260678,0.300114529,2.160146241));
#1273=DIRECTION('',(1.,-0.,0.));
#1274=VECTOR('',#1273,2.500475897);
#1275=LINE('',#1272,#1274);
#1276=EDGE_CURVE('',#1271,#1263,#1275,.T.);
#1277=ORIENTED_EDGE('',*,*,#1276,.F.);
#1278=CARTESIAN_POINT('',(-5.104788108,0.300114529,3.524618811));
#1279=DIRECTION('',(-0.707106781,0.,-0.707106781));
#1280=VECTOR('',#1279,1.929655614);
#1281=LINE('',#1278,#1280);
#1282=EDGE_CURVE('',#1255,#1271,#1281,.T.);
#1283=ORIENTED_EDGE('',*,*,#1282,.F.);
#1284=EDGE_LOOP('',(#1261,#1269,#1277,#1283));
#1285=FACE_BOUND('',#1284,.T.);
#1286=CARTESIAN_POINT('',(-37.340831973,0.300114529,18.321441755));
#1287=VERTEX_POINT('',#1286);
#1288=CARTESIAN_POINT('',(-37.340831973,0.300114529,15.821441755));
#1289=DIRECTION('',(-0.,-1.,-0.));
#1290=DIRECTION('',(0.,-0.,1.));
#1291=AXIS2_PLACEMENT_3D('',#1288,#1289,#1290);
#1292=CIRCLE('',#1291,2.5);
#1293=EDGE_CURVE('',#1287,#1287,#1292,.T.);
#1294=ORIENTED_EDGE('',*,*,#1293,.F.);
#1295=EDGE_LOOP('',(#1294));
#1296=FACE_BOUND('',#1295,.T.);
#1297=CARTESIAN_POINT('',(37.340831973,0.300114529,33.358500248));
#1298=VERTEX_POINT('',#1297);
#1299=CARTESIAN_POINT('',(37.340831973,0.300114529,30.858500248));
#1300=DIRECTION('',(0.,1.,0.));
#1301=DIRECTION('',(0.,-0.,1.));
#1302=AXIS2_PLACEMENT_3D('',#1299,#1300,#1301);
#1303=CIRCLE('',#1302,2.5);
#1304=EDGE_CURVE('',#1298,#1298,#1303,.T.);
#1305=ORIENTED_EDGE('',*,*,#1304,.T.);
#1306=EDGE_LOOP('',(#1305));
#1307=FACE_BOUND('',#1306,.T.);
#1308=CARTESIAN_POINT('',(37.340831973,0.300114529,18.321441755));
#1309=VERTEX_POINT('',#1308);
#1310=CARTESIAN_POINT('',(37.340831973,0.300114529,15.821441755));
#1311=DIRECTION('',(0.,1.,0.));
#1312=DIRECTION('',(0.,-0.,1.));
#1313=AXIS2_PLACEMENT_3D('',#1310,#1311,#1312);
#1314=CIRCLE('',#1313,2.5);
#1315=EDGE_CURVE('',#1309,#1309,#1314,.T.);
#1316=ORIENTED_EDGE('',*,*,#1315,.T.);
#1317=EDGE_LOOP('',(#1316));
#1318=FACE_BOUND('',#1317,.T.);
#1319=CARTESIAN_POINT('',(-37.340831973,0.300114529,33.358500248));
#1320=VERTEX_POINT('',#1319);
#1321=CARTESIAN_POINT('',(-37.340831973,0.300114529,30.858500248));
#1322=DIRECTION('',(-0.,-1.,-0.));
#1323=DIRECTION('',(0.,-0.,1.));
#1324=AXIS2_PLACEMENT_3D('',#1321,#1322,#1323);
#1325=CIRCLE('',#1324,2.5);
#1326=EDGE_CURVE('',#1320,#1320,#1325,.T.);
#1327=ORIENTED_EDGE('',*,*,#1326,.F.);
#1328=EDGE_LOOP('',(#1327));
#1329=FACE_BOUND('',#1328,.T.);
#1330=CARTESIAN_POINT('',(38.63666045,0.300114529,34.107785428));
#1331=VERTEX_POINT('',#1330);
#1332=CARTESIAN_POINT('',(36.196144811,0.300114529,34.167745685));
#1333=VERTEX_POINT('',#1332);
#1334=CARTESIAN_POINT('',(37.335835397,0.300114529,30.858500248));
#1335=DIRECTION('',(-0.,-1.,-0.));
#1336=DIRECTION('',(0.,-0.,1.));
#1337=AXIS2_PLACEMENT_3D('',#1334,#1335,#1336);
#1338=CIRCLE('',#1337,3.5);
#1339=EDGE_CURVE('',#1331,#1333,#1338,.T.);
#1340=ORIENTED_EDGE('',*,*,#1339,.T.);
#1341=CARTESIAN_POINT('',(42.111178492,0.300114529,40.082779366));
#1342=VERTEX_POINT('',#1341);
#1343=CARTESIAN_POINT('',(42.111178492,0.300114529,40.082779366));
#1344=DIRECTION('',(-0.707106781,0.,-0.707106781));
#1345=VECTOR('',#1344,8.365120854);
#1346=LINE('',#1343,#1345);
#1347=EDGE_CURVE('',#1342,#1333,#1346,.T.);
#1348=ORIENTED_EDGE('',*,*,#1347,.F.);
#1349=CARTESIAN_POINT('',(42.111178492,0.300114529,37.582303469));
#1350=VERTEX_POINT('',#1349);
#1351=CARTESIAN_POINT('',(42.111178492,0.300114529,37.582303469));
#1352=DIRECTION('',(-0.,-0.,1.));
#1353=VECTOR('',#1352,2.500475897);
#1354=LINE('',#1351,#1353);
#1355=EDGE_CURVE('',#1350,#1342,#1354,.T.);
#1356=ORIENTED_EDGE('',*,*,#1355,.F.);
#1357=CARTESIAN_POINT('',(38.63666045,0.300114529,34.107785428));
#1358=DIRECTION('',(0.707106781,-0.,0.707106781));
#1359=VECTOR('',#1358,4.913710537);
#1360=LINE('',#1357,#1359);
#1361=EDGE_CURVE('',#1331,#1350,#1360,.T.);
#1362=ORIENTED_EDGE('',*,*,#1361,.F.);
#1363=EDGE_LOOP('',(#1340,#1348,#1356,#1362));
#1364=FACE_BOUND('',#1363,.T.);
#1365=CARTESIAN_POINT('',(40.833859782,0.300114529,30.976081737));
#1366=VERTEX_POINT('',#1365);
#1367=CARTESIAN_POINT('',(40.211268448,0.300114529,32.853966301));
#1368=VERTEX_POINT('',#1367);
#1369=CARTESIAN_POINT('',(37.335835397,0.300114529,30.858500248));
#1370=DIRECTION('',(-0.,-1.,-0.));
#1371=DIRECTION('',(0.,-0.,1.));
#1372=AXIS2_PLACEMENT_3D('',#1369,#1370,#1371);
#1373=CIRCLE('',#1372,3.5);
#1374=EDGE_CURVE('',#1366,#1368,#1373,.T.);
#1375=ORIENTED_EDGE('',*,*,#1374,.T.);
#1376=CARTESIAN_POINT('',(42.111178492,0.300114529,34.753876344));
#1377=VERTEX_POINT('',#1376);
#1378=CARTESIAN_POINT('',(42.111178492,0.300114529,34.753876344));
#1379=DIRECTION('',(-0.707106781,0.,-0.707106781));
#1380=VECTOR('',#1379,2.686878551);
#1381=LINE('',#1378,#1380);
#1382=EDGE_CURVE('',#1377,#1368,#1381,.T.);
#1383=ORIENTED_EDGE('',*,*,#1382,.F.);
#1384=CARTESIAN_POINT('',(42.111178492,0.300114529,32.253400447));
#1385=VERTEX_POINT('',#1384);
#1386=CARTESIAN_POINT('',(42.111178492,0.300114529,32.253400447));
#1387=DIRECTION('',(-0.,-0.,1.));
#1388=VECTOR('',#1387,2.500475897);
#1389=LINE('',#1386,#1388);
#1390=EDGE_CURVE('',#1385,#1377,#1389,.T.);
#1391=ORIENTED_EDGE('',*,*,#1390,.F.);
#1392=CARTESIAN_POINT('',(40.833859782,0.300114529,30.976081737));
#1393=DIRECTION('',(0.707106781,-0.,0.707106781));
#1394=VECTOR('',#1393,1.806401443);
#1395=LINE('',#1392,#1394);
#1396=EDGE_CURVE('',#1366,#1385,#1395,.T.);
#1397=ORIENTED_EDGE('',*,*,#1396,.F.);
#1398=EDGE_LOOP('',(#1375,#1383,#1391,#1397));
#1399=FACE_BOUND('',#1398,.T.);
#1400=CARTESIAN_POINT('',(33.83583547,0.300114529,15.820727278));
#1401=VERTEX_POINT('',#1400);
#1402=CARTESIAN_POINT('',(20.175254433,0.300114529,2.160146241));
#1403=VERTEX_POINT('',#1402);
#1404=CARTESIAN_POINT('',(33.83583547,0.300114529,15.820727278));
#1405=DIRECTION('',(-0.707106781,0.,-0.707106781));
#1406=VECTOR('',#1405,19.318978973);
#1407=LINE('',#1404,#1406);
#1408=EDGE_CURVE('',#1401,#1403,#1407,.T.);
#1409=ORIENTED_EDGE('',*,*,#1408,.F.);
#1410=CARTESIAN_POINT('',(34.412467983,0.300114529,13.896883894));
#1411=VERTEX_POINT('',#1410);
#1412=CARTESIAN_POINT('',(37.335835397,0.300114529,15.821441755));
#1413=DIRECTION('',(-0.,-1.,-0.));
#1414=DIRECTION('',(0.,-0.,1.));
#1415=AXIS2_PLACEMENT_3D('',#1412,#1413,#1414);
#1416=CIRCLE('',#1415,3.5);
#1417=EDGE_CURVE('',#1401,#1411,#1416,.T.);
#1418=ORIENTED_EDGE('',*,*,#1417,.T.);
#1419=CARTESIAN_POINT('',(22.67573033,0.300114529,2.160146241));
#1420=VERTEX_POINT('',#1419);
#1421=CARTESIAN_POINT('',(22.67573033,0.300114529,2.160146241));
#1422=DIRECTION('',(0.707106781,-0.,0.707106781));
#1423=VECTOR('',#1422,16.598253566);
#1424=LINE('',#1421,#1423);
#1425=EDGE_CURVE('',#1420,#1411,#1424,.T.);
#1426=ORIENTED_EDGE('',*,*,#1425,.F.);
#1427=CARTESIAN_POINT('',(20.175254433,0.300114529,2.160146241));
#1428=DIRECTION('',(1.,-0.,0.));
#1429=VECTOR('',#1428,2.500475897);
#1430=LINE('',#1427,#1429);
#1431=EDGE_CURVE('',#1403,#1420,#1430,.T.);
#1432=ORIENTED_EDGE('',*,*,#1431,.F.);
#1433=EDGE_LOOP('',(#1409,#1418,#1426,#1432));
#1434=FACE_BOUND('',#1433,.T.);
#1435=CARTESIAN_POINT('',(35.951051852,0.300114529,12.607040639));
#1436=VERTEX_POINT('',#1435);
#1437=CARTESIAN_POINT('',(25.504157455,0.300114529,2.160146241));
#1438=VERTEX_POINT('',#1437);
#1439=CARTESIAN_POINT('',(35.951051852,0.300114529,12.607040639));
#1440=DIRECTION('',(-0.707106781,0.,-0.707106781));
#1441=VECTOR('',#1440,14.774139742);
#1442=LINE('',#1439,#1441);
#1443=EDGE_CURVE('',#1436,#1438,#1442,.T.);
#1444=ORIENTED_EDGE('',*,*,#1443,.F.);
#1445=CARTESIAN_POINT('',(38.301893959,0.300114529,12.457406847));
#1446=VERTEX_POINT('',#1445);
#1447=CARTESIAN_POINT('',(37.335835397,0.300114529,15.821441755));
#1448=DIRECTION('',(-0.,-1.,-0.));
#1449=DIRECTION('',(0.,-0.,1.));
#1450=AXIS2_PLACEMENT_3D('',#1447,#1448,#1449);
#1451=CIRCLE('',#1450,3.5);
#1452=EDGE_CURVE('',#1436,#1446,#1451,.T.);
#1453=ORIENTED_EDGE('',*,*,#1452,.T.);
#1454=CARTESIAN_POINT('',(28.004633352,0.300114529,2.160146241));
#1455=VERTEX_POINT('',#1454);
#1456=CARTESIAN_POINT('',(28.004633352,0.300114529,2.160146241));
#1457=DIRECTION('',(0.707106781,-0.,0.707106781));
#1458=VECTOR('',#1457,14.562525605);
#1459=LINE('',#1456,#1458);
#1460=EDGE_CURVE('',#1455,#1446,#1459,.T.);
#1461=ORIENTED_EDGE('',*,*,#1460,.F.);
#1462=CARTESIAN_POINT('',(25.504157455,0.300114529,2.160146241));
#1463=DIRECTION('',(1.,-0.,0.));
#1464=VECTOR('',#1463,2.500475897);
#1465=LINE('',#1462,#1464);
#1466=EDGE_CURVE('',#1438,#1455,#1465,.T.);
#1467=ORIENTED_EDGE('',*,*,#1466,.F.);
#1468=EDGE_LOOP('',(#1444,#1453,#1461,#1467));
#1469=FACE_BOUND('',#1468,.T.);
#1470=CARTESIAN_POINT('',(40.835835397,0.300114529,20.320251308));
#1471=VERTEX_POINT('',#1470);
#1472=CARTESIAN_POINT('',(40.835835397,0.300114529,22.820727206));
#1473=VERTEX_POINT('',#1472);
#1474=CARTESIAN_POINT('',(40.835835397,0.300114529,20.320251308));
#1475=DIRECTION('',(0.,-0.,1.));
#1476=VECTOR('',#1475,2.500475897);
#1477=LINE('',#1474,#1476);
#1478=EDGE_CURVE('',#1471,#1473,#1477,.T.);
#1479=ORIENTED_EDGE('',*,*,#1478,.T.);
#1480=CARTESIAN_POINT('',(42.111178492,0.300114529,24.0960703));
#1481=VERTEX_POINT('',#1480);
#1482=CARTESIAN_POINT('',(42.111178492,0.300114529,24.0960703));
#1483=DIRECTION('',(-0.707106781,0.,-0.707106781));
#1484=VECTOR('',#1483,1.803607501);
#1485=LINE('',#1482,#1484);
#1486=EDGE_CURVE('',#1481,#1473,#1485,.T.);
#1487=ORIENTED_EDGE('',*,*,#1486,.F.);
#1488=CARTESIAN_POINT('',(42.111178492,0.300114529,21.595594403));
#1489=VERTEX_POINT('',#1488);
#1490=CARTESIAN_POINT('',(42.111178492,0.300114529,21.595594403));
#1491=DIRECTION('',(-0.,-0.,1.));
#1492=VECTOR('',#1491,2.500475897);
#1493=LINE('',#1490,#1492);
#1494=EDGE_CURVE('',#1489,#1481,#1493,.T.);
#1495=ORIENTED_EDGE('',*,*,#1494,.F.);
#1496=CARTESIAN_POINT('',(40.835835397,0.300114529,20.320251308));
#1497=DIRECTION('',(0.707106781,-0.,0.707106781));
#1498=VECTOR('',#1497,1.803607501);
#1499=LINE('',#1496,#1498);
#1500=EDGE_CURVE('',#1471,#1489,#1499,.T.);
#1501=ORIENTED_EDGE('',*,*,#1500,.F.);
#1502=EDGE_LOOP('',(#1479,#1487,#1495,#1501));
#1503=FACE_BOUND('',#1502,.T.);
#1504=CARTESIAN_POINT('',(40.835835397,0.300114529,15.821441755));
#1505=VERTEX_POINT('',#1504);
#1506=CARTESIAN_POINT('',(40.835835397,0.300114529,17.491824183));
#1507=VERTEX_POINT('',#1506);
#1508=CARTESIAN_POINT('',(40.835835397,0.300114529,15.821441755));
#1509=DIRECTION('',(0.,-0.,1.));
#1510=VECTOR('',#1509,1.670382429);
#1511=LINE('',#1508,#1510);
#1512=EDGE_CURVE('',#1505,#1507,#1511,.T.);
#1513=ORIENTED_EDGE('',*,*,#1512,.T.);
#1514=CARTESIAN_POINT('',(42.111178492,0.300114529,18.767167278));
#1515=VERTEX_POINT('',#1514);
#1516=CARTESIAN_POINT('',(42.111178492,0.300114529,18.767167278));
#1517=DIRECTION('',(-0.707106781,0.,-0.707106781));
#1518=VECTOR('',#1517,1.803607501);
#1519=LINE('',#1516,#1518);
#1520=EDGE_CURVE('',#1515,#1507,#1519,.T.);
#1521=ORIENTED_EDGE('',*,*,#1520,.F.);
#1522=CARTESIAN_POINT('',(42.111178492,0.300114529,16.266691381));
#1523=VERTEX_POINT('',#1522);
#1524=CARTESIAN_POINT('',(42.111178492,0.300114529,16.266691381));
#1525=DIRECTION('',(-0.,-0.,1.));
#1526=VECTOR('',#1525,2.500475897);
#1527=LINE('',#1524,#1526);
#1528=EDGE_CURVE('',#1523,#1515,#1527,.T.);
#1529=ORIENTED_EDGE('',*,*,#1528,.F.);
#1530=CARTESIAN_POINT('',(40.699870304,0.300114529,14.855383193));
#1531=VERTEX_POINT('',#1530);
#1532=CARTESIAN_POINT('',(40.699870304,0.300114529,14.855383193));
#1533=DIRECTION('',(0.707106781,-0.,0.707106781));
#1534=VECTOR('',#1533,1.995891179);
#1535=LINE('',#1532,#1534);
#1536=EDGE_CURVE('',#1531,#1523,#1535,.T.);
#1537=ORIENTED_EDGE('',*,*,#1536,.F.);
#1538=CARTESIAN_POINT('',(37.335835397,0.300114529,15.821441755));
#1539=DIRECTION('',(-0.,-1.,-0.));
#1540=DIRECTION('',(0.,-0.,1.));
#1541=AXIS2_PLACEMENT_3D('',#1538,#1539,#1540);
#1542=CIRCLE('',#1541,3.5);
#1543=EDGE_CURVE('',#1531,#1505,#1542,.T.);
#1544=ORIENTED_EDGE('',*,*,#1543,.T.);
#1545=EDGE_LOOP('',(#1513,#1521,#1529,#1537,#1544));
#1546=FACE_BOUND('',#1545,.T.);
#1547=CARTESIAN_POINT('',(40.835835397,0.300114529,25.64915433));
#1548=VERTEX_POINT('',#1547);
#1549=CARTESIAN_POINT('',(42.111178492,0.300114529,26.924497425));
#1550=VERTEX_POINT('',#1549);
#1551=CARTESIAN_POINT('',(40.835835397,0.300114529,25.64915433));
#1552=DIRECTION('',(0.707106781,-0.,0.707106781));
#1553=VECTOR('',#1552,1.803607501);
#1554=LINE('',#1551,#1553);
#1555=EDGE_CURVE('',#1548,#1550,#1554,.T.);
#1556=ORIENTED_EDGE('',*,*,#1555,.F.);
#1557=CARTESIAN_POINT('',(40.835835397,0.300114529,28.149630228));
#1558=VERTEX_POINT('',#1557);
#1559=CARTESIAN_POINT('',(40.835835397,0.300114529,25.64915433));
#1560=DIRECTION('',(0.,-0.,1.));
#1561=VECTOR('',#1560,2.500475897);
#1562=LINE('',#1559,#1561);
#1563=EDGE_CURVE('',#1548,#1558,#1562,.T.);
#1564=ORIENTED_EDGE('',*,*,#1563,.T.);
#1565=CARTESIAN_POINT('',(42.111178492,0.300114529,29.424973322));
#1566=VERTEX_POINT('',#1565);
#1567=CARTESIAN_POINT('',(42.111178492,0.300114529,29.424973322));
#1568=DIRECTION('',(-0.707106781,0.,-0.707106781));
#1569=VECTOR('',#1568,1.803607501);
#1570=LINE('',#1567,#1569);
#1571=EDGE_CURVE('',#1566,#1558,#1570,.T.);
#1572=ORIENTED_EDGE('',*,*,#1571,.F.);
#1573=CARTESIAN_POINT('',(42.111178492,0.300114529,26.924497425));
#1574=DIRECTION('',(-0.,-0.,1.));
#1575=VECTOR('',#1574,2.500475897);
#1576=LINE('',#1573,#1575);
#1577=EDGE_CURVE('',#1550,#1566,#1576,.T.);
#1578=ORIENTED_EDGE('',*,*,#1577,.F.);
#1579=EDGE_LOOP('',(#1556,#1564,#1572,#1578));
#1580=FACE_BOUND('',#1579,.T.);
#1581=CARTESIAN_POINT('',(-36.273641277,0.300114529,12.486513922));
#1582=VERTEX_POINT('',#1581);
#1583=CARTESIAN_POINT('',(-38.673487749,0.300114529,12.587143347));
#1584=VERTEX_POINT('',#1583);
#1585=CARTESIAN_POINT('',(-37.335835397,0.300114529,15.821441755));
#1586=DIRECTION('',(0.,1.,0.));
#1587=DIRECTION('',(0.,-0.,1.));
#1588=AXIS2_PLACEMENT_3D('',#1585,#1586,#1587);
#1589=CIRCLE('',#1588,3.5);
#1590=EDGE_CURVE('',#1582,#1584,#1589,.T.);
#1591=ORIENTED_EDGE('',*,*,#1590,.F.);
#1592=CARTESIAN_POINT('',(-42.111178492,0.300114529,6.648976707));
#1593=VERTEX_POINT('',#1592);
#1594=CARTESIAN_POINT('',(-42.111178492,0.300114529,6.648976707));
#1595=DIRECTION('',(0.707106781,-0.,0.707106781));
#1596=VECTOR('',#1595,8.2555243);
#1597=LINE('',#1594,#1596);
#1598=EDGE_CURVE('',#1593,#1582,#1597,.T.);
#1599=ORIENTED_EDGE('',*,*,#1598,.F.);
#1600=CARTESIAN_POINT('',(-42.111178492,0.300114529,9.149452604));
#1601=VERTEX_POINT('',#1600);
#1602=CARTESIAN_POINT('',(-42.111178492,0.300114529,9.149452604));
#1603=DIRECTION('',(0.,0.,-1.));
#1604=VECTOR('',#1603,2.500475897);
#1605=LINE('',#1602,#1604);
#1606=EDGE_CURVE('',#1601,#1593,#1605,.T.);
#1607=ORIENTED_EDGE('',*,*,#1606,.F.);
#1608=CARTESIAN_POINT('',(-38.673487749,0.300114529,12.587143347));
#1609=DIRECTION('',(-0.707106781,0.,-0.707106781));
#1610=VECTOR('',#1609,4.861628872);
#1611=LINE('',#1608,#1610);
#1612=EDGE_CURVE('',#1584,#1601,#1611,.T.);
#1613=ORIENTED_EDGE('',*,*,#1612,.F.);
#1614=EDGE_LOOP('',(#1591,#1599,#1607,#1613));
#1615=FACE_BOUND('',#1614,.T.);
#1616=CARTESIAN_POINT('',(-40.232352602,0.300114529,13.856705619));
#1617=VERTEX_POINT('',#1616);
#1618=CARTESIAN_POINT('',(-40.835192141,0.300114529,15.754341977));
#1619=VERTEX_POINT('',#1618);
#1620=CARTESIAN_POINT('',(-37.335835397,0.300114529,15.821441755));
#1621=DIRECTION('',(0.,1.,0.));
#1622=DIRECTION('',(0.,-0.,1.));
#1623=AXIS2_PLACEMENT_3D('',#1620,#1621,#1622);
#1624=CIRCLE('',#1623,3.5);
#1625=EDGE_CURVE('',#1617,#1619,#1624,.T.);
#1626=ORIENTED_EDGE('',*,*,#1625,.F.);
#1627=CARTESIAN_POINT('',(-42.111178492,0.300114529,11.977879729));
#1628=VERTEX_POINT('',#1627);
#1629=CARTESIAN_POINT('',(-42.111178492,0.300114529,11.977879729));
#1630=DIRECTION('',(0.707106781,-0.,0.707106781));
#1631=VECTOR('',#1630,2.657061055);
#1632=LINE('',#1629,#1631);
#1633=EDGE_CURVE('',#1628,#1617,#1632,.T.);
#1634=ORIENTED_EDGE('',*,*,#1633,.F.);
#1635=CARTESIAN_POINT('',(-42.111178492,0.300114529,14.478355626));
#1636=VERTEX_POINT('',#1635);
#1637=CARTESIAN_POINT('',(-42.111178492,0.300114529,14.478355626));
#1638=DIRECTION('',(0.,0.,-1.));
#1639=VECTOR('',#1638,2.500475897);
#1640=LINE('',#1637,#1639);
#1641=EDGE_CURVE('',#1636,#1628,#1640,.T.);
#1642=ORIENTED_EDGE('',*,*,#1641,.F.);
#1643=CARTESIAN_POINT('',(-40.835192141,0.300114529,15.754341977));
#1644=DIRECTION('',(-0.707106781,0.,-0.707106781));
#1645=VECTOR('',#1644,1.804517203);
#1646=LINE('',#1643,#1645);
#1647=EDGE_CURVE('',#1619,#1636,#1646,.T.);
#1648=ORIENTED_EDGE('',*,*,#1647,.F.);
#1649=EDGE_LOOP('',(#1626,#1634,#1642,#1648));
#1650=FACE_BOUND('',#1649,.T.);
#1651=CARTESIAN_POINT('',(-40.835835397,0.300114529,18.582125846));
#1652=VERTEX_POINT('',#1651);
#1653=CARTESIAN_POINT('',(-40.835835397,0.300114529,21.082601743));
#1654=VERTEX_POINT('',#1653);
#1655=CARTESIAN_POINT('',(-40.835835397,0.300114529,18.582125846));
#1656=DIRECTION('',(-0.,-0.,1.));
#1657=VECTOR('',#1656,2.500475897);
#1658=LINE('',#1655,#1657);
#1659=EDGE_CURVE('',#1652,#1654,#1658,.T.);
#1660=ORIENTED_EDGE('',*,*,#1659,.F.);
#1661=CARTESIAN_POINT('',(-42.111178492,0.300114529,17.306782751));
#1662=VERTEX_POINT('',#1661);
#1663=CARTESIAN_POINT('',(-42.111178492,0.300114529,17.306782751));
#1664=DIRECTION('',(0.707106781,-0.,0.707106781));
#1665=VECTOR('',#1664,1.803607501);
#1666=LINE('',#1663,#1665);
#1667=EDGE_CURVE('',#1662,#1652,#1666,.T.);
#1668=ORIENTED_EDGE('',*,*,#1667,.F.);
#1669=CARTESIAN_POINT('',(-42.111178492,0.300114529,19.807258648));
#1670=VERTEX_POINT('',#1669);
#1671=CARTESIAN_POINT('',(-42.111178492,0.300114529,19.807258648));
#1672=DIRECTION('',(0.,0.,-1.));
#1673=VECTOR('',#1672,2.500475897);
#1674=LINE('',#1671,#1673);
#1675=EDGE_CURVE('',#1670,#1662,#1674,.T.);
#1676=ORIENTED_EDGE('',*,*,#1675,.F.);
#1677=CARTESIAN_POINT('',(-40.835835397,0.300114529,21.082601743));
#1678=DIRECTION('',(-0.707106781,0.,-0.707106781));
#1679=VECTOR('',#1678,1.803607501);
#1680=LINE('',#1677,#1679);
#1681=EDGE_CURVE('',#1654,#1670,#1680,.T.);
#1682=ORIENTED_EDGE('',*,*,#1681,.F.);
#1683=EDGE_LOOP('',(#1660,#1668,#1676,#1682));
#1684=FACE_BOUND('',#1683,.T.);
#1685=CARTESIAN_POINT('',(-35.987434851,0.300114529,34.088332436));
#1686=VERTEX_POINT('',#1685);
#1687=CARTESIAN_POINT('',(-25.685752106,0.300114529,44.390015182));
#1688=VERTEX_POINT('',#1687);
#1689=CARTESIAN_POINT('',(-35.987434851,0.300114529,34.088332436));
#1690=DIRECTION('',(0.707106781,-0.,0.707106781));
#1691=VECTOR('',#1690,14.568779454);
#1692=LINE('',#1689,#1691);
#1693=EDGE_CURVE('',#1686,#1688,#1692,.T.);
#1694=ORIENTED_EDGE('',*,*,#1693,.F.);
#1695=CARTESIAN_POINT('',(-38.375823669,0.300114529,34.200419516));
#1696=VERTEX_POINT('',#1695);
#1697=CARTESIAN_POINT('',(-37.335835397,0.300114529,30.858500248));
#1698=DIRECTION('',(0.,1.,0.));
#1699=DIRECTION('',(0.,-0.,1.));
#1700=AXIS2_PLACEMENT_3D('',#1697,#1698,#1699);
#1701=CIRCLE('',#1700,3.5);
#1702=EDGE_CURVE('',#1696,#1686,#1701,.T.);
#1703=ORIENTED_EDGE('',*,*,#1702,.F.);
#1704=CARTESIAN_POINT('',(-28.186228003,0.300114529,44.390015182));
#1705=VERTEX_POINT('',#1704);
#1706=CARTESIAN_POINT('',(-28.186228003,0.300114529,44.390015182));
#1707=DIRECTION('',(-0.707106781,0.,-0.707106781));
#1708=VECTOR('',#1707,14.410264386);
#1709=LINE('',#1706,#1708);
#1710=EDGE_CURVE('',#1705,#1696,#1709,.T.);
#1711=ORIENTED_EDGE('',*,*,#1710,.F.);
#1712=CARTESIAN_POINT('',(-25.685752106,0.300114529,44.390015182));
#1713=DIRECTION('',(-1.,0.,0.));
#1714=VECTOR('',#1713,2.500475897);
#1715=LINE('',#1712,#1714);
#1716=EDGE_CURVE('',#1688,#1705,#1715,.T.);
#1717=ORIENTED_EDGE('',*,*,#1716,.F.);
#1718=EDGE_LOOP('',(#1694,#1703,#1711,#1717));
#1719=FACE_BOUND('',#1718,.T.);
#1720=CARTESIAN_POINT('',(-40.835835397,0.300114529,23.911028868));
#1721=VERTEX_POINT('',#1720);
#1722=CARTESIAN_POINT('',(-40.835835397,0.300114529,26.411504765));
#1723=VERTEX_POINT('',#1722);
#1724=CARTESIAN_POINT('',(-40.835835397,0.300114529,23.911028868));
#1725=DIRECTION('',(-0.,-0.,1.));
#1726=VECTOR('',#1725,2.500475897);
#1727=LINE('',#1724,#1726);
#1728=EDGE_CURVE('',#1721,#1723,#1727,.T.);
#1729=ORIENTED_EDGE('',*,*,#1728,.F.);
#1730=CARTESIAN_POINT('',(-42.111178492,0.300114529,22.635685773));
#1731=VERTEX_POINT('',#1730);
#1732=CARTESIAN_POINT('',(-42.111178492,0.300114529,22.635685773));
#1733=DIRECTION('',(0.707106781,-0.,0.707106781));
#1734=VECTOR('',#1733,1.803607501);
#1735=LINE('',#1732,#1734);
#1736=EDGE_CURVE('',#1731,#1721,#1735,.T.);
#1737=ORIENTED_EDGE('',*,*,#1736,.F.);
#1738=CARTESIAN_POINT('',(-42.111178492,0.300114529,25.136161671));
#1739=VERTEX_POINT('',#1738);
#1740=CARTESIAN_POINT('',(-42.111178492,0.300114529,25.136161671));
#1741=DIRECTION('',(0.,0.,-1.));
#1742=VECTOR('',#1741,2.500475897);
#1743=LINE('',#1740,#1742);
#1744=EDGE_CURVE('',#1739,#1731,#1743,.T.);
#1745=ORIENTED_EDGE('',*,*,#1744,.F.);
#1746=CARTESIAN_POINT('',(-40.835835397,0.300114529,26.411504765));
#1747=DIRECTION('',(-0.707106781,0.,-0.707106781));
#1748=VECTOR('',#1747,1.803607501);
#1749=LINE('',#1746,#1748);
#1750=EDGE_CURVE('',#1723,#1739,#1749,.T.);
#1751=ORIENTED_EDGE('',*,*,#1750,.F.);
#1752=EDGE_LOOP('',(#1729,#1737,#1745,#1751));
#1753=FACE_BOUND('',#1752,.T.);
#1754=CARTESIAN_POINT('',(-40.835835397,0.300114529,29.23993189));
#1755=VERTEX_POINT('',#1754);
#1756=CARTESIAN_POINT('',(-40.835835397,0.300114529,30.858500248));
#1757=VERTEX_POINT('',#1756);
#1758=CARTESIAN_POINT('',(-40.835835397,0.300114529,29.23993189));
#1759=DIRECTION('',(-0.,-0.,1.));
#1760=VECTOR('',#1759,1.618568358);
#1761=LINE('',#1758,#1760);
#1762=EDGE_CURVE('',#1755,#1757,#1761,.T.);
#1763=ORIENTED_EDGE('',*,*,#1762,.F.);
#1764=CARTESIAN_POINT('',(-42.111178492,0.300114529,27.964588795));
#1765=VERTEX_POINT('',#1764);
#1766=CARTESIAN_POINT('',(-42.111178492,0.300114529,27.964588795));
#1767=DIRECTION('',(0.707106781,-0.,0.707106781));
#1768=VECTOR('',#1767,1.803607501);
#1769=LINE('',#1766,#1768);
#1770=EDGE_CURVE('',#1765,#1755,#1769,.T.);
#1771=ORIENTED_EDGE('',*,*,#1770,.F.);
#1772=CARTESIAN_POINT('',(-42.111178492,0.300114529,30.465064693));
#1773=VERTEX_POINT('',#1772);
#1774=CARTESIAN_POINT('',(-42.111178492,0.300114529,30.465064693));
#1775=DIRECTION('',(0.,0.,-1.));
#1776=VECTOR('',#1775,2.500475897);
#1777=LINE('',#1774,#1776);
#1778=EDGE_CURVE('',#1773,#1765,#1777,.T.);
#1779=ORIENTED_EDGE('',*,*,#1778,.F.);
#1780=CARTESIAN_POINT('',(-40.677754665,0.300114529,31.898488519));
#1781=VERTEX_POINT('',#1780);
#1782=CARTESIAN_POINT('',(-40.677754665,0.300114529,31.898488519));
#1783=DIRECTION('',(-0.707106781,0.,-0.707106781));
#1784=VECTOR('',#1783,2.027167416);
#1785=LINE('',#1782,#1784);
#1786=EDGE_CURVE('',#1781,#1773,#1785,.T.);
#1787=ORIENTED_EDGE('',*,*,#1786,.F.);
#1788=CARTESIAN_POINT('',(-37.335835397,0.300114529,30.858500248));
#1789=DIRECTION('',(0.,1.,0.));
#1790=DIRECTION('',(0.,-0.,1.));
#1791=AXIS2_PLACEMENT_3D('',#1788,#1789,#1790);
#1792=CIRCLE('',#1791,3.5);
#1793=EDGE_CURVE('',#1757,#1781,#1792,.T.);
#1794=ORIENTED_EDGE('',*,*,#1793,.F.);
#1795=EDGE_LOOP('',(#1763,#1771,#1779,#1787,#1794));
#1796=FACE_BOUND('',#1795,.T.);
#1797=CARTESIAN_POINT('',(37.931178492,0.300114529,46.390015182));
#1798=VERTEX_POINT('',#1797);
#1799=CARTESIAN_POINT('',(-37.931178492,0.300114529,46.390015182));
#1800=VERTEX_POINT('',#1799);
#1801=CARTESIAN_POINT('',(37.931178492,0.300114529,46.390015182));
#1802=DIRECTION('',(-1.,0.,0.));
#1803=VECTOR('',#1802,75.862356984);
#1804=LINE('',#1801,#1803);
#1805=EDGE_CURVE('',#1798,#1800,#1804,.T.);
#1806=ORIENTED_EDGE('',*,*,#1805,.T.);
#1807=CARTESIAN_POINT('',(-44.111178492,0.300114529,40.210015182));
#1808=VERTEX_POINT('',#1807);
#1809=CARTESIAN_POINT('',(-37.931178492,0.300114529,40.210015182));
#1810=DIRECTION('',(-0.,-1.,-0.));
#1811=DIRECTION('',(0.,-0.,1.));
#1812=AXIS2_PLACEMENT_3D('',#1809,#1810,#1811);
#1813=CIRCLE('',#1812,6.18);
#1814=EDGE_CURVE('',#1800,#1808,#1813,.T.);
#1815=ORIENTED_EDGE('',*,*,#1814,.T.);
#1816=CARTESIAN_POINT('',(-44.111178492,0.300114529,6.340146241));
#1817=VERTEX_POINT('',#1816);
#1818=CARTESIAN_POINT('',(-44.111178492,0.300114529,40.210015182));
#1819=DIRECTION('',(0.,0.,-1.));
#1820=VECTOR('',#1819,33.869868941);
#1821=LINE('',#1818,#1820);
#1822=EDGE_CURVE('',#1808,#1817,#1821,.T.);
#1823=ORIENTED_EDGE('',*,*,#1822,.T.);
#1824=CARTESIAN_POINT('',(-37.931178492,0.300114529,0.160146241));
#1825=VERTEX_POINT('',#1824);
#1826=CARTESIAN_POINT('',(-37.931178492,0.300114529,6.340146241));
#1827=DIRECTION('',(-0.,-1.,-0.));
#1828=DIRECTION('',(0.,-0.,1.));
#1829=AXIS2_PLACEMENT_3D('',#1826,#1827,#1828);
#1830=CIRCLE('',#1829,6.18);
#1831=EDGE_CURVE('',#1817,#1825,#1830,.T.);
#1832=ORIENTED_EDGE('',*,*,#1831,.T.);
#1833=CARTESIAN_POINT('',(37.931178492,0.300114529,0.160146241));
#1834=VERTEX_POINT('',#1833);
#1835=CARTESIAN_POINT('',(-37.931178492,0.300114529,0.160146241));
#1836=DIRECTION('',(1.,-0.,0.));
#1837=VECTOR('',#1836,75.862356984);
#1838=LINE('',#1835,#1837);
#1839=EDGE_CURVE('',#1825,#1834,#1838,.T.);
#1840=ORIENTED_EDGE('',*,*,#1839,.T.);
#1841=CARTESIAN_POINT('',(44.111178492,0.300114529,6.340146241));
#1842=VERTEX_POINT('',#1841);
#1843=CARTESIAN_POINT('',(37.931178492,0.300114529,6.340146241));
#1844=DIRECTION('',(-0.,-1.,-0.));
#1845=DIRECTION('',(0.,-0.,1.));
#1846=AXIS2_PLACEMENT_3D('',#1843,#1844,#1845);
#1847=CIRCLE('',#1846,6.18);
#1848=EDGE_CURVE('',#1834,#1842,#1847,.T.);
#1849=ORIENTED_EDGE('',*,*,#1848,.T.);
#1850=CARTESIAN_POINT('',(44.111178492,0.300114529,40.210015182));
#1851=VERTEX_POINT('',#1850);
#1852=CARTESIAN_POINT('',(44.111178492,0.300114529,6.340146241));
#1853=DIRECTION('',(-0.,-0.,1.));
#1854=VECTOR('',#1853,33.869868941);
#1855=LINE('',#1852,#1854);
#1856=EDGE_CURVE('',#1842,#1851,#1855,.T.);
#1857=ORIENTED_EDGE('',*,*,#1856,.T.);
#1858=CARTESIAN_POINT('',(37.931178492,0.300114529,40.210015182));
#1859=DIRECTION('',(-0.,-1.,-0.));
#1860=DIRECTION('',(0.,-0.,1.));
#1861=AXIS2_PLACEMENT_3D('',#1858,#1859,#1860);
#1862=CIRCLE('',#1861,6.18);
#1863=EDGE_CURVE('',#1851,#1798,#1862,.T.);
#1864=ORIENTED_EDGE('',*,*,#1863,.T.);
#1865=EDGE_LOOP('',(#1806,#1815,#1823,#1832,#1840,#1849,#1857,#1864));
#1866=FACE_BOUND('',#1865,.T.);
#1867=CARTESIAN_POINT('',(30.833060477,0.300114529,2.160146241));
#1868=VERTEX_POINT('',#1867);
#1869=CARTESIAN_POINT('',(33.333536374,0.300114529,2.160146241));
#1870=VERTEX_POINT('',#1869);
#1871=CARTESIAN_POINT('',(30.833060477,0.300114529,2.160146241));
#1872=DIRECTION('',(1.,-0.,0.));
#1873=VECTOR('',#1872,2.500475897);
#1874=LINE('',#1871,#1873);
#1875=EDGE_CURVE('',#1868,#1870,#1874,.T.);
#1876=ORIENTED_EDGE('',*,*,#1875,.F.);
#1877=CARTESIAN_POINT('',(42.111178492,0.300114529,13.438264256));
#1878=VERTEX_POINT('',#1877);
#1879=CARTESIAN_POINT('',(42.111178492,0.300114529,13.438264256));
#1880=DIRECTION('',(-0.707106781,0.,-0.707106781));
#1881=VECTOR('',#1880,15.949667455);
#1882=LINE('',#1879,#1881);
#1883=EDGE_CURVE('',#1878,#1868,#1882,.T.);
#1884=ORIENTED_EDGE('',*,*,#1883,.F.);
#1885=CARTESIAN_POINT('',(42.111178492,0.300114529,10.937788358));
#1886=VERTEX_POINT('',#1885);
#1887=CARTESIAN_POINT('',(42.111178492,0.300114529,10.937788358));
#1888=DIRECTION('',(-0.,-0.,1.));
#1889=VECTOR('',#1888,2.500475897);
#1890=LINE('',#1887,#1889);
#1891=EDGE_CURVE('',#1886,#1878,#1890,.T.);
#1892=ORIENTED_EDGE('',*,*,#1891,.F.);
#1893=CARTESIAN_POINT('',(33.333536374,0.300114529,2.160146241));
#1894=DIRECTION('',(0.707106781,-0.,0.707106781));
#1895=VECTOR('',#1894,12.413460528);
#1896=LINE('',#1893,#1895);
#1897=EDGE_CURVE('',#1870,#1886,#1896,.T.);
#1898=ORIENTED_EDGE('',*,*,#1897,.F.);
#1899=EDGE_LOOP('',(#1876,#1884,#1892,#1898));
#1900=FACE_BOUND('',#1899,.T.);
#1901=CARTESIAN_POINT('',(36.161963499,0.300114529,2.160146241));
#1902=VERTEX_POINT('',#1901);
#1903=CARTESIAN_POINT('',(37.931178492,0.300114529,2.160146241));
#1904=VERTEX_POINT('',#1903);
#1905=CARTESIAN_POINT('',(36.161963499,0.300114529,2.160146241));
#1906=DIRECTION('',(1.,-0.,0.));
#1907=VECTOR('',#1906,1.769214993);
#1908=LINE('',#1905,#1907);
#1909=EDGE_CURVE('',#1902,#1904,#1908,.T.);
#1910=ORIENTED_EDGE('',*,*,#1909,.F.);
#1911=CARTESIAN_POINT('',(42.111178492,0.300114529,8.109361234));
#1912=VERTEX_POINT('',#1911);
#1913=CARTESIAN_POINT('',(42.111178492,0.300114529,8.109361234));
#1914=DIRECTION('',(-0.707106781,0.,-0.707106781));
#1915=VECTOR('',#1914,8.413460528);
#1916=LINE('',#1913,#1915);
#1917=EDGE_CURVE('',#1912,#1902,#1916,.T.);
#1918=ORIENTED_EDGE('',*,*,#1917,.F.);
#1919=CARTESIAN_POINT('',(42.111178492,0.300114529,6.340146241));
#1920=VERTEX_POINT('',#1919);
#1921=CARTESIAN_POINT('',(42.111178492,0.300114529,6.340146241));
#1922=DIRECTION('',(-0.,-0.,1.));
#1923=VECTOR('',#1922,1.769214993);
#1924=LINE('',#1921,#1923);
#1925=EDGE_CURVE('',#1920,#1912,#1924,.T.);
#1926=ORIENTED_EDGE('',*,*,#1925,.F.);
#1927=CARTESIAN_POINT('',(37.931178492,0.300114529,6.340146241));
#1928=DIRECTION('',(-0.,-1.,-0.));
#1929=DIRECTION('',(0.,-0.,1.));
#1930=AXIS2_PLACEMENT_3D('',#1927,#1928,#1929);
#1931=CIRCLE('',#1930,4.18);
#1932=EDGE_CURVE('',#1904,#1920,#1931,.T.);
#1933=ORIENTED_EDGE('',*,*,#1932,.F.);
#1934=EDGE_LOOP('',(#1910,#1918,#1926,#1933));
#1935=FACE_BOUND('',#1934,.T.);
#1936=CARTESIAN_POINT('',(-36.34355815,0.300114529,44.390015182));
#1937=VERTEX_POINT('',#1936);
#1938=CARTESIAN_POINT('',(-37.931178492,0.300114529,44.390015182));
#1939=VERTEX_POINT('',#1938);
#1940=CARTESIAN_POINT('',(-36.34355815,0.300114529,44.390015182));
#1941=DIRECTION('',(-1.,0.,0.));
#1942=VECTOR('',#1941,1.587620342);
#1943=LINE('',#1940,#1942);
#1944=EDGE_CURVE('',#1937,#1939,#1943,.T.);
#1945=ORIENTED_EDGE('',*,*,#1944,.F.);
#1946=CARTESIAN_POINT('',(-42.111178492,0.300114529,38.62239484));
#1947=VERTEX_POINT('',#1946);
#1948=CARTESIAN_POINT('',(-42.111178492,0.300114529,38.62239484));
#1949=DIRECTION('',(0.707106781,-0.,0.707106781));
#1950=VECTOR('',#1949,8.15664691);
#1951=LINE('',#1948,#1950);
#1952=EDGE_CURVE('',#1947,#1937,#1951,.T.);
#1953=ORIENTED_EDGE('',*,*,#1952,.F.);
#1954=CARTESIAN_POINT('',(-42.111178492,0.300114529,40.210015182));
#1955=VERTEX_POINT('',#1954);
#1956=CARTESIAN_POINT('',(-42.111178492,0.300114529,40.210015182));
#1957=DIRECTION('',(0.,0.,-1.));
#1958=VECTOR('',#1957,1.587620342);
#1959=LINE('',#1956,#1958);
#1960=EDGE_CURVE('',#1955,#1947,#1959,.T.);
#1961=ORIENTED_EDGE('',*,*,#1960,.F.);
#1962=CARTESIAN_POINT('',(-37.931178492,0.300114529,40.210015182));
#1963=DIRECTION('',(-0.,-1.,-0.));
#1964=DIRECTION('',(0.,-0.,1.));
#1965=AXIS2_PLACEMENT_3D('',#1962,#1963,#1964);
#1966=CIRCLE('',#1965,4.18);
#1967=EDGE_CURVE('',#1939,#1955,#1966,.T.);
#1968=ORIENTED_EDGE('',*,*,#1967,.F.);
#1969=EDGE_LOOP('',(#1945,#1953,#1961,#1968));
#1970=FACE_BOUND('',#1969,.T.);
#1971=CARTESIAN_POINT('',(-31.014655128,0.300114529,44.390015182));
#1972=VERTEX_POINT('',#1971);
#1973=CARTESIAN_POINT('',(-33.515131025,0.300114529,44.390015182));
#1974=VERTEX_POINT('',#1973);
#1975=CARTESIAN_POINT('',(-31.014655128,0.300114529,44.390015182));
#1976=DIRECTION('',(-1.,0.,0.));
#1977=VECTOR('',#1976,2.500475897);
#1978=LINE('',#1975,#1977);
#1979=EDGE_CURVE('',#1972,#1974,#1978,.T.);
#1980=ORIENTED_EDGE('',*,*,#1979,.F.);
#1981=CARTESIAN_POINT('',(-42.111178492,0.300114529,33.293491818));
#1982=VERTEX_POINT('',#1981);
#1983=CARTESIAN_POINT('',(-42.111178492,0.300114529,33.293491818));
#1984=DIRECTION('',(0.707106781,-0.,0.707106781));
#1985=VECTOR('',#1984,15.692853837);
#1986=LINE('',#1983,#1985);
#1987=EDGE_CURVE('',#1982,#1972,#1986,.T.);
#1988=ORIENTED_EDGE('',*,*,#1987,.F.);
#1989=CARTESIAN_POINT('',(-42.111178492,0.300114529,35.793967715));
#1990=VERTEX_POINT('',#1989);
#1991=CARTESIAN_POINT('',(-42.111178492,0.300114529,35.793967715));
#1992=DIRECTION('',(0.,0.,-1.));
#1993=VECTOR('',#1992,2.500475897);
#1994=LINE('',#1991,#1993);
#1995=EDGE_CURVE('',#1990,#1982,#1994,.T.);
#1996=ORIENTED_EDGE('',*,*,#1995,.F.);
#1997=CARTESIAN_POINT('',(-33.515131025,0.300114529,44.390015182));
#1998=DIRECTION('',(-0.707106781,0.,-0.707106781));
#1999=VECTOR('',#1998,12.15664691);
#2000=LINE('',#1997,#1999);
#2001=EDGE_CURVE('',#1974,#1990,#2000,.T.);
#2002=ORIENTED_EDGE('',*,*,#2001,.F.);
#2003=EDGE_LOOP('',(#1980,#1988,#1996,#2002));
#2004=FACE_BOUND('',#2003,.T.);
#2005=ADVANCED_FACE('',(#101,#135,#169,#203,#247,#282,#325,#359,#393,#428,#462,#496,#530,#564,#598,#632,#666,#700,#734,#768,#803,#846,#881,#924,#958,#992,
#1026,#1060,#1104,#1147,#1182,#1217,#1251,#1285,#1296,#1307,#1318,#1329,#1364,#1399,#1434,#1469,#1503,#1546,#1580,#1615,#1650,#1684,#1719,#1753,#1796,
#1866,#1900,#1935,#1970,#2004),#31,.F.);
#2006=CARTESIAN_POINT('',(-52.920363793,1.950114529,-143.49924953));
#2007=DIRECTION('',(0.,-1.,0.));
#2008=DIRECTION('',(0.,0.,-1.));
#2009=AXIS2_PLACEMENT_3D('',#2006,#2007,#2008);
#2010=PLANE('',#2009);
#2011=CARTESIAN_POINT('',(-33.836223791,1.950114529,30.910640474));
#2012=VERTEX_POINT('',#2011);
#2013=CARTESIAN_POINT('',(-29.50999849,1.950114529,35.236865775));
#2014=VERTEX_POINT('',#2013);
#2015=CARTESIAN_POINT('',(-33.836223791,1.950114529,30.910640474));
#2016=DIRECTION('',(0.707106781,0.,0.707106781));
#2017=VECTOR('',#2016,6.118206495);
#2018=LINE('',#2015,#2017);
#2019=EDGE_CURVE('',#2012,#2014,#2018,.T.);
#2020=ORIENTED_EDGE('',*,*,#2019,.T.);
#2021=CARTESIAN_POINT('',(-29.509998099,1.950114529,37.737342064));
#2022=VERTEX_POINT('',#2021);
#2023=CARTESIAN_POINT('',(-29.50999849,1.950114529,35.236865775));
#2024=DIRECTION('',(0.000000156,-0.,1.));
#2025=VECTOR('',#2024,2.500476288);
#2026=LINE('',#2023,#2025);
#2027=EDGE_CURVE('',#2014,#2022,#2026,.T.);
#2028=ORIENTED_EDGE('',*,*,#2027,.T.);
#2029=CARTESIAN_POINT('',(-34.433181447,1.950114529,32.814158716));
#2030=VERTEX_POINT('',#2029);
#2031=CARTESIAN_POINT('',(-29.509998099,1.950114529,37.737342064));
#2032=DIRECTION('',(-0.707106781,-0.,-0.707106781));
#2033=VECTOR('',#2032,6.962432661);
#2034=LINE('',#2031,#2033);
#2035=EDGE_CURVE('',#2022,#2030,#2034,.T.);
#2036=ORIENTED_EDGE('',*,*,#2035,.T.);
#2037=CARTESIAN_POINT('',(-37.335835397,1.950114529,30.858500248));
#2038=DIRECTION('',(0.,1.,0.));
#2039=DIRECTION('',(0.,-0.,1.));
#2040=AXIS2_PLACEMENT_3D('',#2037,#2038,#2039);
#2041=CIRCLE('',#2040,3.5);
#2042=EDGE_CURVE('',#2030,#2012,#2041,.T.);
#2043=ORIENTED_EDGE('',*,*,#2042,.T.);
#2044=EDGE_LOOP('',(#2020,#2028,#2036,#2043));
#2045=FACE_BOUND('',#2044,.T.);
#2046=CARTESIAN_POINT('',(33.835835397,1.950114529,21.149630228));
#2047=VERTEX_POINT('',#2046);
#2048=CARTESIAN_POINT('',(29.499998631,1.950114529,16.813793461));
#2049=VERTEX_POINT('',#2048);
#2050=CARTESIAN_POINT('',(33.835835397,1.950114529,21.149630228));
#2051=DIRECTION('',(-0.707106781,-0.,-0.707106781));
#2052=VECTOR('',#2051,6.13179916);
#2053=LINE('',#2050,#2052);
#2054=EDGE_CURVE('',#2047,#2049,#2053,.T.);
#2055=ORIENTED_EDGE('',*,*,#2054,.T.);
#2056=CARTESIAN_POINT('',(29.49999824,1.950114529,14.313317173));
#2057=VERTEX_POINT('',#2056);
#2058=CARTESIAN_POINT('',(29.499998631,1.950114529,16.813793461));
#2059=DIRECTION('',(-0.000000156,0.,-1.));
#2060=VECTOR('',#2059,2.500476288);
#2061=LINE('',#2058,#2060);
#2062=EDGE_CURVE('',#2049,#2057,#2061,.T.);
#2063=ORIENTED_EDGE('',*,*,#2062,.T.);
#2064=CARTESIAN_POINT('',(33.835835397,1.950114529,18.64915433));
#2065=VERTEX_POINT('',#2064);
#2066=CARTESIAN_POINT('',(29.49999824,1.950114529,14.313317173));
#2067=DIRECTION('',(0.707106781,0.,0.707106781));
#2068=VECTOR('',#2067,6.131799712);
#2069=LINE('',#2066,#2068);
#2070=EDGE_CURVE('',#2057,#2065,#2069,.T.);
#2071=ORIENTED_EDGE('',*,*,#2070,.T.);
#2072=CARTESIAN_POINT('',(33.835835397,1.950114529,18.64915433));
#2073=DIRECTION('',(0.,-0.,1.));
#2074=VECTOR('',#2073,2.500475897);
#2075=LINE('',#2072,#2074);
#2076=EDGE_CURVE('',#2065,#2047,#2075,.T.);
#2077=ORIENTED_EDGE('',*,*,#2076,.T.);
#2078=EDGE_LOOP('',(#2055,#2063,#2071,#2077));
#2079=FACE_BOUND('',#2078,.T.);
#2080=CARTESIAN_POINT('',(-22.857324981,1.950114529,44.390015182));
#2081=VERTEX_POINT('',#2080);
#2082=CARTESIAN_POINT('',(-25.55271096,1.950114529,41.694629202));
#2083=VERTEX_POINT('',#2082);
#2084=CARTESIAN_POINT('',(-22.857324981,1.950114529,44.390015182));
#2085=DIRECTION('',(-0.707106781,-0.,-0.707106781));
#2086=VECTOR('',#2085,3.811851408);
#2087=LINE('',#2084,#2086);
#2088=EDGE_CURVE('',#2081,#2083,#2087,.T.);
#2089=ORIENTED_EDGE('',*,*,#2088,.T.);
#2090=CARTESIAN_POINT('',(-23.052235453,1.950114529,41.694628812));
#2091=VERTEX_POINT('',#2090);
#2092=CARTESIAN_POINT('',(-25.55271096,1.950114529,41.694629202));
#2093=DIRECTION('',(1.,-0.,-0.000000156));
#2094=VECTOR('',#2093,2.500475507);
#2095=LINE('',#2092,#2094);
#2096=EDGE_CURVE('',#2083,#2091,#2095,.T.);
#2097=ORIENTED_EDGE('',*,*,#2096,.T.);
#2098=CARTESIAN_POINT('',(-20.356849083,1.950114529,44.390015182));
#2099=VERTEX_POINT('',#2098);
#2100=CARTESIAN_POINT('',(-23.052235453,1.950114529,41.694628812));
#2101=DIRECTION('',(0.707106781,0.,0.707106781));
#2102=VECTOR('',#2101,3.81185196);
#2103=LINE('',#2100,#2102);
#2104=EDGE_CURVE('',#2091,#2099,#2103,.T.);
#2105=ORIENTED_EDGE('',*,*,#2104,.T.);
#2106=CARTESIAN_POINT('',(-20.356849083,1.950114529,44.390015182));
#2107=DIRECTION('',(-1.,0.,0.));
#2108=VECTOR('',#2107,2.500475897);
#2109=LINE('',#2106,#2108);
#2110=EDGE_CURVE('',#2099,#2081,#2109,.T.);
#2111=ORIENTED_EDGE('',*,*,#2110,.T.);
#2112=EDGE_LOOP('',(#2089,#2097,#2105,#2111));
#2113=FACE_BOUND('',#2112,.T.);
#2114=CARTESIAN_POINT('',(-33.835835397,1.950114529,25.582125846));
#2115=VERTEX_POINT('',#2114);
#2116=CARTESIAN_POINT('',(-29.509999323,1.950114529,29.90796192));
#2117=VERTEX_POINT('',#2116);
#2118=CARTESIAN_POINT('',(-33.835835397,1.950114529,25.582125846));
#2119=DIRECTION('',(0.707106781,0.,0.707106781));
#2120=VECTOR('',#2119,6.117656045);
#2121=LINE('',#2118,#2120);
#2122=EDGE_CURVE('',#2115,#2117,#2121,.T.);
#2123=ORIENTED_EDGE('',*,*,#2122,.T.);
#2124=CARTESIAN_POINT('',(-29.509998932,1.950114529,32.408438208));
#2125=VERTEX_POINT('',#2124);
#2126=CARTESIAN_POINT('',(-29.509999323,1.950114529,29.90796192));
#2127=DIRECTION('',(0.000000156,-0.,1.));
#2128=VECTOR('',#2127,2.500476288);
#2129=LINE('',#2126,#2128);
#2130=EDGE_CURVE('',#2117,#2125,#2129,.T.);
#2131=ORIENTED_EDGE('',*,*,#2130,.T.);
#2132=CARTESIAN_POINT('',(-33.835835397,1.950114529,28.082601743));
#2133=VERTEX_POINT('',#2132);
#2134=CARTESIAN_POINT('',(-29.509998932,1.950114529,32.408438208));
#2135=DIRECTION('',(-0.707106781,-0.,-0.707106781));
#2136=VECTOR('',#2135,6.117656598);
#2137=LINE('',#2134,#2136);
#2138=EDGE_CURVE('',#2125,#2133,#2137,.T.);
#2139=ORIENTED_EDGE('',*,*,#2138,.T.);
#2140=CARTESIAN_POINT('',(-33.835835397,1.950114529,28.082601743));
#2141=DIRECTION('',(0.,0.,-1.));
#2142=VECTOR('',#2141,2.500475897);
#2143=LINE('',#2140,#2142);
#2144=EDGE_CURVE('',#2133,#2115,#2143,.T.);
#2145=ORIENTED_EDGE('',*,*,#2144,.T.);
#2146=EDGE_LOOP('',(#2123,#2131,#2139,#2145));
#2147=FACE_BOUND('',#2146,.T.);
#2148=CARTESIAN_POINT('',(-33.835835397,1.950114529,20.253222824));
#2149=VERTEX_POINT('',#2148);
#2150=CARTESIAN_POINT('',(-29.510000156,1.950114529,24.579058065));
#2151=VERTEX_POINT('',#2150);
#2152=CARTESIAN_POINT('',(-33.835835397,1.950114529,20.253222824));
#2153=DIRECTION('',(0.707106781,0.,0.707106781));
#2154=VECTOR('',#2153,6.117654867);
#2155=LINE('',#2152,#2154);
#2156=EDGE_CURVE('',#2149,#2151,#2155,.T.);
#2157=ORIENTED_EDGE('',*,*,#2156,.T.);
#2158=CARTESIAN_POINT('',(-29.509999765,1.950114529,27.079534353));
#2159=VERTEX_POINT('',#2158);
#2160=CARTESIAN_POINT('',(-29.510000156,1.950114529,24.579058065));
#2161=DIRECTION('',(0.000000156,-0.,1.));
#2162=VECTOR('',#2161,2.500476288);
#2163=LINE('',#2160,#2162);
#2164=EDGE_CURVE('',#2151,#2159,#2163,.T.);
#2165=ORIENTED_EDGE('',*,*,#2164,.T.);
#2166=CARTESIAN_POINT('',(-33.835835397,1.950114529,22.753698721));
#2167=VERTEX_POINT('',#2166);
#2168=CARTESIAN_POINT('',(-29.509999765,1.950114529,27.079534353));
#2169=DIRECTION('',(-0.707106781,-0.,-0.707106781));
#2170=VECTOR('',#2169,6.11765542);
#2171=LINE('',#2168,#2170);
#2172=EDGE_CURVE('',#2159,#2167,#2171,.T.);
#2173=ORIENTED_EDGE('',*,*,#2172,.T.);
#2174=CARTESIAN_POINT('',(-33.835835397,1.950114529,22.753698721));
#2175=DIRECTION('',(0.,0.,-1.));
#2176=VECTOR('',#2175,2.500475897);
#2177=LINE('',#2174,#2176);
#2178=EDGE_CURVE('',#2167,#2149,#2177,.T.);
#2179=ORIENTED_EDGE('',*,*,#2178,.T.);
#2180=EDGE_LOOP('',(#2157,#2165,#2173,#2179));
#2181=FACE_BOUND('',#2180,.T.);
#2182=CARTESIAN_POINT('',(-34.000907564,1.950114529,14.759247634));
#2183=VERTEX_POINT('',#2182);
#2184=CARTESIAN_POINT('',(-29.510000989,1.950114529,19.25015421));
#2185=VERTEX_POINT('',#2184);
#2186=CARTESIAN_POINT('',(-34.000907564,1.950114529,14.759247634));
#2187=DIRECTION('',(0.707106781,0.,0.707106781));
#2188=VECTOR('',#2187,6.351100987);
#2189=LINE('',#2186,#2188);
#2190=EDGE_CURVE('',#2183,#2185,#2189,.T.);
#2191=ORIENTED_EDGE('',*,*,#2190,.T.);
#2192=CARTESIAN_POINT('',(-29.510000598,1.950114529,21.750630498));
#2193=VERTEX_POINT('',#2192);
#2194=CARTESIAN_POINT('',(-29.510000989,1.950114529,19.25015421));
#2195=DIRECTION('',(0.000000156,-0.,1.));
#2196=VECTOR('',#2195,2.500476288);
#2197=LINE('',#2194,#2196);
#2198=EDGE_CURVE('',#2185,#2193,#2197,.T.);
#2199=ORIENTED_EDGE('',*,*,#2198,.T.);
#2200=CARTESIAN_POINT('',(-33.835835397,1.950114529,17.424795699));
#2201=VERTEX_POINT('',#2200);
#2202=CARTESIAN_POINT('',(-29.510000598,1.950114529,21.750630498));
#2203=DIRECTION('',(-0.707106781,-0.,-0.707106781));
#2204=VECTOR('',#2203,6.117654242);
#2205=LINE('',#2202,#2204);
#2206=EDGE_CURVE('',#2193,#2201,#2205,.T.);
#2207=ORIENTED_EDGE('',*,*,#2206,.T.);
#2208=CARTESIAN_POINT('',(-33.835835397,1.950114529,15.821441755));
#2209=VERTEX_POINT('',#2208);
#2210=CARTESIAN_POINT('',(-33.835835397,1.950114529,17.424795699));
#2211=DIRECTION('',(0.,0.,-1.));
#2212=VECTOR('',#2211,1.603353944);
#2213=LINE('',#2210,#2212);
#2214=EDGE_CURVE('',#2201,#2209,#2213,.T.);
#2215=ORIENTED_EDGE('',*,*,#2214,.T.);
#2216=CARTESIAN_POINT('',(-37.335835397,1.950114529,15.821441755));
#2217=DIRECTION('',(0.,1.,0.));
#2218=DIRECTION('',(0.,-0.,1.));
#2219=AXIS2_PLACEMENT_3D('',#2216,#2217,#2218);
#2220=CIRCLE('',#2219,3.5);
#2221=EDGE_CURVE('',#2209,#2183,#2220,.T.);
#2222=ORIENTED_EDGE('',*,*,#2221,.T.);
#2223=EDGE_LOOP('',(#2191,#2199,#2207,#2215,#2222));
#2224=FACE_BOUND('',#2223,.T.);
#2225=CARTESIAN_POINT('',(33.835835397,1.950114529,26.47853325));
#2226=VERTEX_POINT('',#2225);
#2227=CARTESIAN_POINT('',(29.499999464,1.950114529,22.142697316));
#2228=VERTEX_POINT('',#2227);
#2229=CARTESIAN_POINT('',(33.835835397,1.950114529,26.47853325));
#2230=DIRECTION('',(-0.707106781,-0.,-0.707106781));
#2231=VECTOR('',#2230,6.131797982);
#2232=LINE('',#2229,#2231);
#2233=EDGE_CURVE('',#2226,#2228,#2232,.T.);
#2234=ORIENTED_EDGE('',*,*,#2233,.T.);
#2235=CARTESIAN_POINT('',(29.499999073,1.950114529,19.642221028));
#2236=VERTEX_POINT('',#2235);
#2237=CARTESIAN_POINT('',(29.499999464,1.950114529,22.142697316));
#2238=DIRECTION('',(-0.000000156,0.,-1.));
#2239=VECTOR('',#2238,2.500476288);
#2240=LINE('',#2237,#2239);
#2241=EDGE_CURVE('',#2228,#2236,#2240,.T.);
#2242=ORIENTED_EDGE('',*,*,#2241,.T.);
#2243=CARTESIAN_POINT('',(33.835835397,1.950114529,23.978057352));
#2244=VERTEX_POINT('',#2243);
#2245=CARTESIAN_POINT('',(29.499999073,1.950114529,19.642221028));
#2246=DIRECTION('',(0.707106781,0.,0.707106781));
#2247=VECTOR('',#2246,6.131798534);
#2248=LINE('',#2245,#2247);
#2249=EDGE_CURVE('',#2236,#2244,#2248,.T.);
#2250=ORIENTED_EDGE('',*,*,#2249,.T.);
#2251=CARTESIAN_POINT('',(33.835835397,1.950114529,23.978057352));
#2252=DIRECTION('',(0.,-0.,1.));
#2253=VECTOR('',#2252,2.500475897);
#2254=LINE('',#2251,#2253);
#2255=EDGE_CURVE('',#2244,#2226,#2254,.T.);
#2256=ORIENTED_EDGE('',*,*,#2255,.T.);
#2257=EDGE_LOOP('',(#2234,#2242,#2250,#2256));
#2258=FACE_BOUND('',#2257,.T.);
#2259=CARTESIAN_POINT('',(34.02658996,1.950114529,31.998190834));
#2260=VERTEX_POINT('',#2259);
#2261=CARTESIAN_POINT('',(29.500000297,1.950114529,27.471601171));
#2262=VERTEX_POINT('',#2261);
#2263=CARTESIAN_POINT('',(34.02658996,1.950114529,31.998190834));
#2264=DIRECTION('',(-0.707106781,-0.,-0.707106781));
#2265=VECTOR('',#2264,6.401564493);
#2266=LINE('',#2263,#2265);
#2267=EDGE_CURVE('',#2260,#2262,#2266,.T.);
#2268=ORIENTED_EDGE('',*,*,#2267,.T.);
#2269=CARTESIAN_POINT('',(29.499999906,1.950114529,24.971124883));
#2270=VERTEX_POINT('',#2269);
#2271=CARTESIAN_POINT('',(29.500000297,1.950114529,27.471601171));
#2272=DIRECTION('',(-0.000000156,0.,-1.));
#2273=VECTOR('',#2272,2.500476288);
#2274=LINE('',#2271,#2273);
#2275=EDGE_CURVE('',#2262,#2270,#2274,.T.);
#2276=ORIENTED_EDGE('',*,*,#2275,.T.);
#2277=CARTESIAN_POINT('',(33.835835397,1.950114529,29.306960375));
#2278=VERTEX_POINT('',#2277);
#2279=CARTESIAN_POINT('',(29.499999906,1.950114529,24.971124883));
#2280=DIRECTION('',(0.707106781,0.,0.707106781));
#2281=VECTOR('',#2280,6.131797356);
#2282=LINE('',#2279,#2281);
#2283=EDGE_CURVE('',#2270,#2278,#2282,.T.);
#2284=ORIENTED_EDGE('',*,*,#2283,.T.);
#2285=CARTESIAN_POINT('',(33.835835397,1.950114529,30.858500248));
#2286=VERTEX_POINT('',#2285);
#2287=CARTESIAN_POINT('',(33.835835397,1.950114529,29.306960375));
#2288=DIRECTION('',(0.,-0.,1.));
#2289=VECTOR('',#2288,1.551539873);
#2290=LINE('',#2287,#2289);
#2291=EDGE_CURVE('',#2278,#2286,#2290,.T.);
#2292=ORIENTED_EDGE('',*,*,#2291,.T.);
#2293=CARTESIAN_POINT('',(37.335835397,1.950114529,30.858500248));
#2294=DIRECTION('',(0.,1.,0.));
#2295=DIRECTION('',(0.,-0.,1.));
#2296=AXIS2_PLACEMENT_3D('',#2293,#2294,#2295);
#2297=CIRCLE('',#2296,3.5);
#2298=EDGE_CURVE('',#2286,#2260,#2297,.T.);
#2299=ORIENTED_EDGE('',*,*,#2298,.T.);
#2300=EDGE_LOOP('',(#2268,#2276,#2284,#2292,#2299));
#2301=FACE_BOUND('',#2300,.T.);
#2302=CARTESIAN_POINT('',(17.346827308,1.950114529,2.160146241));
#2303=VERTEX_POINT('',#2302);
#2304=CARTESIAN_POINT('',(25.391302306,1.950114529,10.204621239));
#2305=VERTEX_POINT('',#2304);
#2306=CARTESIAN_POINT('',(17.346827308,1.950114529,2.160146241));
#2307=DIRECTION('',(0.707106781,0.,0.707106781));
#2308=VECTOR('',#2307,11.376605645);
#2309=LINE('',#2306,#2308);
#2310=EDGE_CURVE('',#2303,#2305,#2309,.T.);
#2311=ORIENTED_EDGE('',*,*,#2310,.T.);
#2312=CARTESIAN_POINT('',(22.8908268,1.950114529,10.20462163));
#2313=VERTEX_POINT('',#2312);
#2314=CARTESIAN_POINT('',(25.391302306,1.950114529,10.204621239));
#2315=DIRECTION('',(-1.,0.,0.000000156));
#2316=VECTOR('',#2315,2.500475507);
#2317=LINE('',#2314,#2316);
#2318=EDGE_CURVE('',#2305,#2313,#2317,.T.);
#2319=ORIENTED_EDGE('',*,*,#2318,.T.);
#2320=CARTESIAN_POINT('',(14.846351411,1.950114529,2.160146241));
#2321=VERTEX_POINT('',#2320);
#2322=CARTESIAN_POINT('',(22.8908268,1.950114529,10.20462163));
#2323=DIRECTION('',(-0.707106781,-0.,-0.707106781));
#2324=VECTOR('',#2323,11.376606198);
#2325=LINE('',#2322,#2324);
#2326=EDGE_CURVE('',#2313,#2321,#2325,.T.);
#2327=ORIENTED_EDGE('',*,*,#2326,.T.);
#2328=CARTESIAN_POINT('',(14.846351411,1.950114529,2.160146241));
#2329=DIRECTION('',(1.,-0.,0.));
#2330=VECTOR('',#2329,2.500475897);
#2331=LINE('',#2328,#2330);
#2332=EDGE_CURVE('',#2321,#2303,#2331,.T.);
#2333=ORIENTED_EDGE('',*,*,#2332,.T.);
#2334=EDGE_LOOP('',(#2311,#2319,#2327,#2333));
#2335=FACE_BOUND('',#2334,.T.);
#2336=CARTESIAN_POINT('',(12.017924286,1.950114529,2.160146241));
#2337=VERTEX_POINT('',#2336);
#2338=CARTESIAN_POINT('',(20.062400117,1.950114529,10.204622072));
#2339=VERTEX_POINT('',#2338);
#2340=CARTESIAN_POINT('',(12.017924286,1.950114529,2.160146241));
#2341=DIRECTION('',(0.707106781,0.,0.707106781));
#2342=VECTOR('',#2341,11.376606823);
#2343=LINE('',#2340,#2342);
#2344=EDGE_CURVE('',#2337,#2339,#2343,.T.);
#2345=ORIENTED_EDGE('',*,*,#2344,.T.);
#2346=CARTESIAN_POINT('',(17.561924611,1.950114529,10.204622463));
#2347=VERTEX_POINT('',#2346);
#2348=CARTESIAN_POINT('',(20.062400117,1.950114529,10.204622072));
#2349=DIRECTION('',(-1.,0.,0.000000156));
#2350=VECTOR('',#2349,2.500475507);
#2351=LINE('',#2348,#2350);
#2352=EDGE_CURVE('',#2339,#2347,#2351,.T.);
#2353=ORIENTED_EDGE('',*,*,#2352,.T.);
#2354=CARTESIAN_POINT('',(9.517448388,1.950114529,2.160146241));
#2355=VERTEX_POINT('',#2354);
#2356=CARTESIAN_POINT('',(17.561924611,1.950114529,10.204622463));
#2357=DIRECTION('',(-0.707106781,-0.,-0.707106781));
#2358=VECTOR('',#2357,11.376607376);
#2359=LINE('',#2356,#2358);
#2360=EDGE_CURVE('',#2347,#2355,#2359,.T.);
#2361=ORIENTED_EDGE('',*,*,#2360,.T.);
#2362=CARTESIAN_POINT('',(9.517448388,1.950114529,2.160146241));
#2363=DIRECTION('',(1.,-0.,0.));
#2364=VECTOR('',#2363,2.500475897);
#2365=LINE('',#2362,#2364);
#2366=EDGE_CURVE('',#2355,#2337,#2365,.T.);
#2367=ORIENTED_EDGE('',*,*,#2366,.T.);
#2368=EDGE_LOOP('',(#2345,#2353,#2361,#2367));
#2369=FACE_BOUND('',#2368,.T.);
#2370=CARTESIAN_POINT('',(10.924973496,1.950114529,6.396098473));
#2371=VERTEX_POINT('',#2370);
#2372=CARTESIAN_POINT('',(14.733497928,1.950114529,10.204622905));
#2373=VERTEX_POINT('',#2372);
#2374=CARTESIAN_POINT('',(10.924973496,1.950114529,6.396098473));
#2375=DIRECTION('',(0.707106781,0.,0.707106781));
#2376=VECTOR('',#2375,5.386066905);
#2377=LINE('',#2374,#2376);
#2378=EDGE_CURVE('',#2371,#2373,#2377,.T.);
#2379=ORIENTED_EDGE('',*,*,#2378,.T.);
#2380=CARTESIAN_POINT('',(12.233022422,1.950114529,10.204623296));
#2381=VERTEX_POINT('',#2380);
#2382=CARTESIAN_POINT('',(14.733497928,1.950114529,10.204622905));
#2383=DIRECTION('',(-1.,0.,0.000000156));
#2384=VECTOR('',#2383,2.500475507);
#2385=LINE('',#2382,#2384);
#2386=EDGE_CURVE('',#2373,#2381,#2385,.T.);
#2387=ORIENTED_EDGE('',*,*,#2386,.T.);
#2388=CARTESIAN_POINT('',(10.614329844,1.950114529,8.585930718));
#2389=VERTEX_POINT('',#2388);
#2390=CARTESIAN_POINT('',(12.233022422,1.950114529,10.204623296));
#2391=DIRECTION('',(-0.707106781,-0.,-0.707106781));
#2392=VECTOR('',#2391,2.289176997);
#2393=LINE('',#2390,#2392);
#2394=EDGE_CURVE('',#2381,#2389,#2393,.T.);
#2395=ORIENTED_EDGE('',*,*,#2394,.T.);
#2396=CARTESIAN_POINT('',(10.981869927,1.950114529,7.024618811));
#2397=VERTEX_POINT('',#2396);
#2398=CARTESIAN_POINT('',(7.481869927,1.950114529,7.024618811));
#2399=DIRECTION('',(-0.,-1.,-0.));
#2400=DIRECTION('',(0.,-0.,1.));
#2401=AXIS2_PLACEMENT_3D('',#2398,#2399,#2400);
#2402=CIRCLE('',#2401,3.5);
#2403=EDGE_CURVE('',#2397,#2389,#2402,.T.);
#2404=ORIENTED_EDGE('',*,*,#2403,.F.);
#2405=CARTESIAN_POINT('',(7.481869927,1.950114529,7.024618811));
#2406=DIRECTION('',(-0.,-1.,-0.));
#2407=DIRECTION('',(0.,-0.,1.));
#2408=AXIS2_PLACEMENT_3D('',#2405,#2406,#2407);
#2409=CIRCLE('',#2408,3.5);
#2410=EDGE_CURVE('',#2371,#2397,#2409,.T.);
#2411=ORIENTED_EDGE('',*,*,#2410,.F.);
#2412=EDGE_LOOP('',(#2379,#2387,#2395,#2404,#2411));
#2413=FACE_BOUND('',#2412,.T.);
#2414=CARTESIAN_POINT('',(-19.955493847,1.950114529,2.160146241));
#2415=VERTEX_POINT('',#2414);
#2416=CARTESIAN_POINT('',(-11.911013018,1.950114529,10.20462707));
#2417=VERTEX_POINT('',#2416);
#2418=CARTESIAN_POINT('',(-19.955493847,1.950114529,2.160146241));
#2419=DIRECTION('',(0.707106781,0.,0.707106781));
#2420=VECTOR('',#2419,11.376613891);
#2421=LINE('',#2418,#2420);
#2422=EDGE_CURVE('',#2415,#2417,#2421,.T.);
#2423=ORIENTED_EDGE('',*,*,#2422,.T.);
#2424=CARTESIAN_POINT('',(-14.411488524,1.950114529,10.204627461));
#2425=VERTEX_POINT('',#2424);
#2426=CARTESIAN_POINT('',(-11.911013018,1.950114529,10.20462707));
#2427=DIRECTION('',(-1.,0.,0.000000156));
#2428=VECTOR('',#2427,2.500475507);
#2429=LINE('',#2426,#2428);
#2430=EDGE_CURVE('',#2417,#2425,#2429,.T.);
#2431=ORIENTED_EDGE('',*,*,#2430,.T.);
#2432=CARTESIAN_POINT('',(-22.455969744,1.950114529,2.160146241));
#2433=VERTEX_POINT('',#2432);
#2434=CARTESIAN_POINT('',(-14.411488524,1.950114529,10.204627461));
#2435=DIRECTION('',(-0.707106781,-0.,-0.707106781));
#2436=VECTOR('',#2435,11.376614444);
#2437=LINE('',#2434,#2436);
#2438=EDGE_CURVE('',#2425,#2433,#2437,.T.);
#2439=ORIENTED_EDGE('',*,*,#2438,.T.);
#2440=CARTESIAN_POINT('',(-22.455969744,1.950114529,2.160146241));
#2441=DIRECTION('',(1.,-0.,0.));
#2442=VECTOR('',#2441,2.500475897);
#2443=LINE('',#2440,#2442);
#2444=EDGE_CURVE('',#2433,#2415,#2443,.T.);
#2445=ORIENTED_EDGE('',*,*,#2444,.T.);
#2446=EDGE_LOOP('',(#2423,#2431,#2439,#2445));
#2447=FACE_BOUND('',#2446,.T.);
#2448=CARTESIAN_POINT('',(-25.284396869,1.950114529,2.160146241));
#2449=VERTEX_POINT('',#2448);
#2450=CARTESIAN_POINT('',(-17.239915207,1.950114529,10.204627903));
#2451=VERTEX_POINT('',#2450);
#2452=CARTESIAN_POINT('',(-25.284396869,1.950114529,2.160146241));
#2453=DIRECTION('',(0.707106781,0.,0.707106781));
#2454=VECTOR('',#2453,11.376615069);
#2455=LINE('',#2452,#2454);
#2456=EDGE_CURVE('',#2449,#2451,#2455,.T.);
#2457=ORIENTED_EDGE('',*,*,#2456,.T.);
#2458=CARTESIAN_POINT('',(-19.740390714,1.950114529,10.204628294));
#2459=VERTEX_POINT('',#2458);
#2460=CARTESIAN_POINT('',(-17.239915207,1.950114529,10.204627903));
#2461=DIRECTION('',(-1.,0.,0.000000156));
#2462=VECTOR('',#2461,2.500475507);
#2463=LINE('',#2460,#2462);
#2464=EDGE_CURVE('',#2451,#2459,#2463,.T.);
#2465=ORIENTED_EDGE('',*,*,#2464,.T.);
#2466=CARTESIAN_POINT('',(-27.784872767,1.950114529,2.160146241));
#2467=VERTEX_POINT('',#2466);
#2468=CARTESIAN_POINT('',(-19.740390714,1.950114529,10.204628294));
#2469=DIRECTION('',(-0.707106781,-0.,-0.707106781));
#2470=VECTOR('',#2469,11.376615622);
#2471=LINE('',#2468,#2470);
#2472=EDGE_CURVE('',#2459,#2467,#2471,.T.);
#2473=ORIENTED_EDGE('',*,*,#2472,.T.);
#2474=CARTESIAN_POINT('',(-27.784872767,1.950114529,2.160146241));
#2475=DIRECTION('',(1.,-0.,0.));
#2476=VECTOR('',#2475,2.500475897);
#2477=LINE('',#2474,#2476);
#2478=EDGE_CURVE('',#2467,#2449,#2477,.T.);
#2479=ORIENTED_EDGE('',*,*,#2478,.T.);
#2480=EDGE_LOOP('',(#2457,#2465,#2473,#2479));
#2481=FACE_BOUND('',#2480,.T.);
#2482=CARTESIAN_POINT('',(-30.613299891,1.950114529,2.160146241));
#2483=VERTEX_POINT('',#2482);
#2484=CARTESIAN_POINT('',(-22.568817396,1.950114529,10.204628736));
#2485=VERTEX_POINT('',#2484);
#2486=CARTESIAN_POINT('',(-30.613299891,1.950114529,2.160146241));
#2487=DIRECTION('',(0.707106781,0.,0.707106781));
#2488=VECTOR('',#2487,11.376616247);
#2489=LINE('',#2486,#2488);
#2490=EDGE_CURVE('',#2483,#2485,#2489,.T.);
#2491=ORIENTED_EDGE('',*,*,#2490,.T.);
#2492=CARTESIAN_POINT('',(-25.069292903,1.950114529,10.204629127));
#2493=VERTEX_POINT('',#2492);
#2494=CARTESIAN_POINT('',(-22.568817396,1.950114529,10.204628736));
#2495=DIRECTION('',(-1.,0.,0.000000156));
#2496=VECTOR('',#2495,2.500475507);
#2497=LINE('',#2494,#2496);
#2498=EDGE_CURVE('',#2485,#2493,#2497,.T.);
#2499=ORIENTED_EDGE('',*,*,#2498,.T.);
#2500=CARTESIAN_POINT('',(-33.113775789,1.950114529,2.160146241));
#2501=VERTEX_POINT('',#2500);
#2502=CARTESIAN_POINT('',(-25.069292903,1.950114529,10.204629127));
#2503=DIRECTION('',(-0.707106781,-0.,-0.707106781));
#2504=VECTOR('',#2503,11.3766168);
#2505=LINE('',#2502,#2504);
#2506=EDGE_CURVE('',#2493,#2501,#2505,.T.);
#2507=ORIENTED_EDGE('',*,*,#2506,.T.);
#2508=CARTESIAN_POINT('',(-33.113775789,1.950114529,2.160146241));
#2509=DIRECTION('',(1.,-0.,0.));
#2510=VECTOR('',#2509,2.500475897);
#2511=LINE('',#2508,#2510);
#2512=EDGE_CURVE('',#2501,#2483,#2511,.T.);
#2513=ORIENTED_EDGE('',*,*,#2512,.T.);
#2514=EDGE_LOOP('',(#2491,#2499,#2507,#2513));
#2515=FACE_BOUND('',#2514,.T.);
#2516=CARTESIAN_POINT('',(-35.942202913,1.950114529,2.160146241));
#2517=VERTEX_POINT('',#2516);
#2518=CARTESIAN_POINT('',(-27.666037359,1.950114529,10.436311795));
#2519=VERTEX_POINT('',#2518);
#2520=CARTESIAN_POINT('',(-35.942202913,1.950114529,2.160146241));
#2521=DIRECTION('',(0.707106781,0.,0.707106781));
#2522=VECTOR('',#2521,11.704265571);
#2523=LINE('',#2520,#2522);
#2524=EDGE_CURVE('',#2517,#2519,#2523,.T.);
#2525=ORIENTED_EDGE('',*,*,#2524,.T.);
#2526=CARTESIAN_POINT('',(-29.028412669,1.950114529,11.574412383));
#2527=VERTEX_POINT('',#2526);
#2528=CARTESIAN_POINT('',(-26.510001934,1.950114529,13.204629352));
#2529=DIRECTION('',(0.,1.,0.));
#2530=DIRECTION('',(0.,-0.,1.));
#2531=AXIS2_PLACEMENT_3D('',#2528,#2529,#2530);
#2532=CIRCLE('',#2531,3.);
#2533=EDGE_CURVE('',#2519,#2527,#2532,.T.);
#2534=ORIENTED_EDGE('',*,*,#2533,.T.);
#2535=CARTESIAN_POINT('',(-38.414627407,1.950114529,2.188197645));
#2536=VERTEX_POINT('',#2535);
#2537=CARTESIAN_POINT('',(-29.028412669,1.950114529,11.574412383));
#2538=DIRECTION('',(-0.707106781,-0.,-0.707106781));
#2539=VECTOR('',#2538,13.274112182);
#2540=LINE('',#2537,#2539);
#2541=EDGE_CURVE('',#2527,#2536,#2540,.T.);
#2542=ORIENTED_EDGE('',*,*,#2541,.T.);
#2543=CARTESIAN_POINT('',(-37.931178492,1.950114529,2.160146241));
#2544=VERTEX_POINT('',#2543);
#2545=CARTESIAN_POINT('',(-37.931178492,1.950114529,6.340146241));
#2546=DIRECTION('',(-0.,-1.,-0.));
#2547=DIRECTION('',(0.,0.,-1.));
#2548=AXIS2_PLACEMENT_3D('',#2545,#2546,#2547);
#2549=CIRCLE('',#2548,4.18);
#2550=EDGE_CURVE('',#2536,#2544,#2549,.T.);
#2551=ORIENTED_EDGE('',*,*,#2550,.T.);
#2552=CARTESIAN_POINT('',(-37.931178492,1.950114529,2.160146241));
#2553=DIRECTION('',(1.,-0.,0.));
#2554=VECTOR('',#2553,1.988975578);
#2555=LINE('',#2552,#2554);
#2556=EDGE_CURVE('',#2544,#2517,#2555,.T.);
#2557=ORIENTED_EDGE('',*,*,#2556,.T.);
#2558=EDGE_LOOP('',(#2525,#2534,#2542,#2551,#2557));
#2559=FACE_BOUND('',#2558,.T.);
#2560=CARTESIAN_POINT('',(-40.436850594,1.950114529,2.994401583));
#2561=VERTEX_POINT('',#2560);
#2562=CARTESIAN_POINT('',(-29.510001822,1.950114529,13.921250355));
#2563=VERTEX_POINT('',#2562);
#2564=CARTESIAN_POINT('',(-40.436850594,1.950114529,2.994401583));
#2565=DIRECTION('',(0.707106781,0.,0.707106781));
#2566=VECTOR('',#2565,15.452897728);
#2567=LINE('',#2564,#2566);
#2568=EDGE_CURVE('',#2561,#2563,#2567,.T.);
#2569=ORIENTED_EDGE('',*,*,#2568,.T.);
#2570=CARTESIAN_POINT('',(-29.510001431,1.950114529,16.421726643));
#2571=VERTEX_POINT('',#2570);
#2572=CARTESIAN_POINT('',(-29.510001822,1.950114529,13.921250355));
#2573=DIRECTION('',(0.000000156,-0.,1.));
#2574=VECTOR('',#2573,2.500476288);
#2575=LINE('',#2572,#2574);
#2576=EDGE_CURVE('',#2563,#2571,#2575,.T.);
#2577=ORIENTED_EDGE('',*,*,#2576,.T.);
#2578=CARTESIAN_POINT('',(-41.598097488,1.950114529,4.333630586));
#2579=VERTEX_POINT('',#2578);
#2580=CARTESIAN_POINT('',(-29.510001431,1.950114529,16.421726643));
#2581=DIRECTION('',(-0.707106781,-0.,-0.707106781));
#2582=VECTOR('',#2581,17.095149388);
#2583=LINE('',#2580,#2582);
#2584=EDGE_CURVE('',#2571,#2579,#2583,.T.);
#2585=ORIENTED_EDGE('',*,*,#2584,.T.);
#2586=CARTESIAN_POINT('',(-37.931178492,1.950114529,6.340146241));
#2587=DIRECTION('',(-0.,-1.,-0.));
#2588=DIRECTION('',(0.,0.,-1.));
#2589=AXIS2_PLACEMENT_3D('',#2586,#2587,#2588);
#2590=CIRCLE('',#2589,4.18);
#2591=EDGE_CURVE('',#2579,#2561,#2590,.T.);
#2592=ORIENTED_EDGE('',*,*,#2591,.T.);
#2593=EDGE_LOOP('',(#2569,#2577,#2585,#2592));
#2594=FACE_BOUND('',#2593,.T.);
#2595=CARTESIAN_POINT('',(-17.528421959,1.950114529,44.390015182));
#2596=VERTEX_POINT('',#2595);
#2597=CARTESIAN_POINT('',(-20.223808771,1.950114529,41.694628369));
#2598=VERTEX_POINT('',#2597);
#2599=CARTESIAN_POINT('',(-17.528421959,1.950114529,44.390015182));
#2600=DIRECTION('',(-0.707106781,-0.,-0.707106781));
#2601=VECTOR('',#2600,3.811852586);
#2602=LINE('',#2599,#2601);
#2603=EDGE_CURVE('',#2596,#2598,#2602,.T.);
#2604=ORIENTED_EDGE('',*,*,#2603,.T.);
#2605=CARTESIAN_POINT('',(-17.723333264,1.950114529,41.694627979));
#2606=VERTEX_POINT('',#2605);
#2607=CARTESIAN_POINT('',(-20.223808771,1.950114529,41.694628369));
#2608=DIRECTION('',(1.,-0.,-0.000000156));
#2609=VECTOR('',#2608,2.500475507);
#2610=LINE('',#2607,#2609);
#2611=EDGE_CURVE('',#2598,#2606,#2610,.T.);
#2612=ORIENTED_EDGE('',*,*,#2611,.T.);
#2613=CARTESIAN_POINT('',(-15.027946061,1.950114529,44.390015182));
#2614=VERTEX_POINT('',#2613);
#2615=CARTESIAN_POINT('',(-17.723333264,1.950114529,41.694627979));
#2616=DIRECTION('',(0.707106781,0.,0.707106781));
#2617=VECTOR('',#2616,3.811853138);
#2618=LINE('',#2615,#2617);
#2619=EDGE_CURVE('',#2606,#2614,#2618,.T.);
#2620=ORIENTED_EDGE('',*,*,#2619,.T.);
#2621=CARTESIAN_POINT('',(-15.027946061,1.950114529,44.390015182));
#2622=DIRECTION('',(-1.,0.,0.));
#2623=VECTOR('',#2622,2.500475897);
#2624=LINE('',#2621,#2623);
#2625=EDGE_CURVE('',#2614,#2596,#2624,.T.);
#2626=ORIENTED_EDGE('',*,*,#2625,.T.);
#2627=EDGE_LOOP('',(#2604,#2612,#2620,#2626));
#2628=FACE_BOUND('',#2627,.T.);
#2629=CARTESIAN_POINT('',(-12.199518937,1.950114529,44.390015182));
#2630=VERTEX_POINT('',#2629);
#2631=CARTESIAN_POINT('',(-14.894906582,1.950114529,41.694627537));
#2632=VERTEX_POINT('',#2631);
#2633=CARTESIAN_POINT('',(-12.199518937,1.950114529,44.390015182));
#2634=DIRECTION('',(-0.707106781,-0.,-0.707106781));
#2635=VECTOR('',#2634,3.811853763);
#2636=LINE('',#2633,#2635);
#2637=EDGE_CURVE('',#2630,#2632,#2636,.T.);
#2638=ORIENTED_EDGE('',*,*,#2637,.T.);
#2639=CARTESIAN_POINT('',(-12.394431075,1.950114529,41.694627146));
#2640=VERTEX_POINT('',#2639);
#2641=CARTESIAN_POINT('',(-14.894906582,1.950114529,41.694627537));
#2642=DIRECTION('',(1.,-0.,-0.000000156));
#2643=VECTOR('',#2642,2.500475507);
#2644=LINE('',#2641,#2643);
#2645=EDGE_CURVE('',#2632,#2640,#2644,.T.);
#2646=ORIENTED_EDGE('',*,*,#2645,.T.);
#2647=CARTESIAN_POINT('',(-9.699043039,1.950114529,44.390015182));
#2648=VERTEX_POINT('',#2647);
#2649=CARTESIAN_POINT('',(-12.394431075,1.950114529,41.694627146));
#2650=DIRECTION('',(0.707106781,0.,0.707106781));
#2651=VECTOR('',#2650,3.811854316);
#2652=LINE('',#2649,#2651);
#2653=EDGE_CURVE('',#2640,#2648,#2652,.T.);
#2654=ORIENTED_EDGE('',*,*,#2653,.T.);
#2655=CARTESIAN_POINT('',(-9.699043039,1.950114529,44.390015182));
#2656=DIRECTION('',(-1.,0.,0.));
#2657=VECTOR('',#2656,2.500475897);
#2658=LINE('',#2655,#2657);
#2659=EDGE_CURVE('',#2648,#2630,#2658,.T.);
#2660=ORIENTED_EDGE('',*,*,#2659,.T.);
#2661=EDGE_LOOP('',(#2638,#2646,#2654,#2660));
#2662=FACE_BOUND('',#2661,.T.);
#2663=CARTESIAN_POINT('',(-6.870615914,1.950114529,44.390015182));
#2664=VERTEX_POINT('',#2663);
#2665=CARTESIAN_POINT('',(-9.566004392,1.950114529,41.694626704));
#2666=VERTEX_POINT('',#2665);
#2667=CARTESIAN_POINT('',(-6.870615914,1.950114529,44.390015182));
#2668=DIRECTION('',(-0.707106781,-0.,-0.707106781));
#2669=VECTOR('',#2668,3.811854941);
#2670=LINE('',#2667,#2669);
#2671=EDGE_CURVE('',#2664,#2666,#2670,.T.);
#2672=ORIENTED_EDGE('',*,*,#2671,.T.);
#2673=CARTESIAN_POINT('',(-7.065528886,1.950114529,41.694626313));
#2674=VERTEX_POINT('',#2673);
#2675=CARTESIAN_POINT('',(-9.566004392,1.950114529,41.694626704));
#2676=DIRECTION('',(1.,-0.,-0.000000156));
#2677=VECTOR('',#2676,2.500475507);
#2678=LINE('',#2675,#2677);
#2679=EDGE_CURVE('',#2666,#2674,#2678,.T.);
#2680=ORIENTED_EDGE('',*,*,#2679,.T.);
#2681=CARTESIAN_POINT('',(-4.370140017,1.950114529,44.390015182));
#2682=VERTEX_POINT('',#2681);
#2683=CARTESIAN_POINT('',(-7.065528886,1.950114529,41.694626313));
#2684=DIRECTION('',(0.707106781,0.,0.707106781));
#2685=VECTOR('',#2684,3.811855494);
#2686=LINE('',#2683,#2685);
#2687=EDGE_CURVE('',#2674,#2682,#2686,.T.);
#2688=ORIENTED_EDGE('',*,*,#2687,.T.);
#2689=CARTESIAN_POINT('',(-4.370140017,1.950114529,44.390015182));
#2690=DIRECTION('',(-1.,0.,0.));
#2691=VECTOR('',#2690,2.500475897);
#2692=LINE('',#2689,#2691);
#2693=EDGE_CURVE('',#2682,#2664,#2692,.T.);
#2694=ORIENTED_EDGE('',*,*,#2693,.T.);
#2695=EDGE_LOOP('',(#2672,#2680,#2688,#2694));
#2696=FACE_BOUND('',#2695,.T.);
#2697=CARTESIAN_POINT('',(-1.541712892,1.950114529,44.390015182));
#2698=VERTEX_POINT('',#2697);
#2699=CARTESIAN_POINT('',(-4.237102203,1.950114529,41.694625871));
#2700=VERTEX_POINT('',#2699);
#2701=CARTESIAN_POINT('',(-1.541712892,1.950114529,44.390015182));
#2702=DIRECTION('',(-0.707106781,-0.,-0.707106781));
#2703=VECTOR('',#2702,3.811856119);
#2704=LINE('',#2701,#2703);
#2705=EDGE_CURVE('',#2698,#2700,#2704,.T.);
#2706=ORIENTED_EDGE('',*,*,#2705,.T.);
#2707=CARTESIAN_POINT('',(-1.736626697,1.950114529,41.69462548));
#2708=VERTEX_POINT('',#2707);
#2709=CARTESIAN_POINT('',(-4.237102203,1.950114529,41.694625871));
#2710=DIRECTION('',(1.,-0.,-0.000000156));
#2711=VECTOR('',#2710,2.500475507);
#2712=LINE('',#2709,#2711);
#2713=EDGE_CURVE('',#2700,#2708,#2712,.T.);
#2714=ORIENTED_EDGE('',*,*,#2713,.T.);
#2715=CARTESIAN_POINT('',(0.958763005,1.950114529,44.390015182));
#2716=VERTEX_POINT('',#2715);
#2717=CARTESIAN_POINT('',(-1.736626697,1.950114529,41.69462548));
#2718=DIRECTION('',(0.707106781,0.,0.707106781));
#2719=VECTOR('',#2718,3.811856672);
#2720=LINE('',#2717,#2719);
#2721=EDGE_CURVE('',#2708,#2716,#2720,.T.);
#2722=ORIENTED_EDGE('',*,*,#2721,.T.);
#2723=CARTESIAN_POINT('',(0.958763005,1.950114529,44.390015182));
#2724=DIRECTION('',(-1.,0.,0.));
#2725=VECTOR('',#2724,2.500475897);
#2726=LINE('',#2723,#2725);
#2727=EDGE_CURVE('',#2716,#2698,#2726,.T.);
#2728=ORIENTED_EDGE('',*,*,#2727,.T.);
#2729=EDGE_LOOP('',(#2706,#2714,#2722,#2728));
#2730=FACE_BOUND('',#2729,.T.);
#2731=CARTESIAN_POINT('',(3.78719013,1.950114529,44.390015182));
#2732=VERTEX_POINT('',#2731);
#2733=CARTESIAN_POINT('',(1.091799986,1.950114529,41.694625038));
#2734=VERTEX_POINT('',#2733);
#2735=CARTESIAN_POINT('',(3.78719013,1.950114529,44.390015182));
#2736=DIRECTION('',(-0.707106781,-0.,-0.707106781));
#2737=VECTOR('',#2736,3.811857297);
#2738=LINE('',#2735,#2737);
#2739=EDGE_CURVE('',#2732,#2734,#2738,.T.);
#2740=ORIENTED_EDGE('',*,*,#2739,.T.);
#2741=CARTESIAN_POINT('',(3.592275492,1.950114529,41.694624647));
#2742=VERTEX_POINT('',#2741);
#2743=CARTESIAN_POINT('',(1.091799986,1.950114529,41.694625038));
#2744=DIRECTION('',(1.,-0.,-0.000000156));
#2745=VECTOR('',#2744,2.500475507);
#2746=LINE('',#2743,#2745);
#2747=EDGE_CURVE('',#2734,#2742,#2746,.T.);
#2748=ORIENTED_EDGE('',*,*,#2747,.T.);
#2749=CARTESIAN_POINT('',(6.287666027,1.950114529,44.390015182));
#2750=VERTEX_POINT('',#2749);
#2751=CARTESIAN_POINT('',(3.592275492,1.950114529,41.694624647));
#2752=DIRECTION('',(0.707106781,0.,0.707106781));
#2753=VECTOR('',#2752,3.81185785);
#2754=LINE('',#2751,#2753);
#2755=EDGE_CURVE('',#2742,#2750,#2754,.T.);
#2756=ORIENTED_EDGE('',*,*,#2755,.T.);
#2757=CARTESIAN_POINT('',(6.287666027,1.950114529,44.390015182));
#2758=DIRECTION('',(-1.,0.,0.));
#2759=VECTOR('',#2758,2.500475897);
#2760=LINE('',#2757,#2759);
#2761=EDGE_CURVE('',#2750,#2732,#2760,.T.);
#2762=ORIENTED_EDGE('',*,*,#2761,.T.);
#2763=EDGE_LOOP('',(#2740,#2748,#2756,#2762));
#2764=FACE_BOUND('',#2763,.T.);
#2765=CARTESIAN_POINT('',(9.116093152,1.950114529,44.390015182));
#2766=VERTEX_POINT('',#2765);
#2767=CARTESIAN_POINT('',(6.420702175,1.950114529,41.694624205));
#2768=VERTEX_POINT('',#2767);
#2769=CARTESIAN_POINT('',(9.116093152,1.950114529,44.390015182));
#2770=DIRECTION('',(-0.707106781,-0.,-0.707106781));
#2771=VECTOR('',#2770,3.811858475);
#2772=LINE('',#2769,#2771);
#2773=EDGE_CURVE('',#2766,#2768,#2772,.T.);
#2774=ORIENTED_EDGE('',*,*,#2773,.T.);
#2775=CARTESIAN_POINT('',(8.921177682,1.950114529,41.694623814));
#2776=VERTEX_POINT('',#2775);
#2777=CARTESIAN_POINT('',(6.420702175,1.950114529,41.694624205));
#2778=DIRECTION('',(1.,-0.,-0.000000156));
#2779=VECTOR('',#2778,2.500475507);
#2780=LINE('',#2777,#2779);
#2781=EDGE_CURVE('',#2768,#2776,#2780,.T.);
#2782=ORIENTED_EDGE('',*,*,#2781,.T.);
#2783=CARTESIAN_POINT('',(11.616569049,1.950114529,44.390015182));
#2784=VERTEX_POINT('',#2783);
#2785=CARTESIAN_POINT('',(8.921177682,1.950114529,41.694623814));
#2786=DIRECTION('',(0.707106781,0.,0.707106781));
#2787=VECTOR('',#2786,3.811859028);
#2788=LINE('',#2785,#2787);
#2789=EDGE_CURVE('',#2776,#2784,#2788,.T.);
#2790=ORIENTED_EDGE('',*,*,#2789,.T.);
#2791=CARTESIAN_POINT('',(11.616569049,1.950114529,44.390015182));
#2792=DIRECTION('',(-1.,0.,0.));
#2793=VECTOR('',#2792,2.500475897);
#2794=LINE('',#2791,#2793);
#2795=EDGE_CURVE('',#2784,#2766,#2794,.T.);
#2796=ORIENTED_EDGE('',*,*,#2795,.T.);
#2797=EDGE_LOOP('',(#2774,#2782,#2790,#2796));
#2798=FACE_BOUND('',#2797,.T.);
#2799=CARTESIAN_POINT('',(14.444996174,1.950114529,44.390015182));
#2800=VERTEX_POINT('',#2799);
#2801=CARTESIAN_POINT('',(11.749604364,1.950114529,41.694623372));
#2802=VERTEX_POINT('',#2801);
#2803=CARTESIAN_POINT('',(14.444996174,1.950114529,44.390015182));
#2804=DIRECTION('',(-0.707106781,-0.,-0.707106781));
#2805=VECTOR('',#2804,3.811859653);
#2806=LINE('',#2803,#2805);
#2807=EDGE_CURVE('',#2800,#2802,#2806,.T.);
#2808=ORIENTED_EDGE('',*,*,#2807,.T.);
#2809=CARTESIAN_POINT('',(14.250079871,1.950114529,41.694622981));
#2810=VERTEX_POINT('',#2809);
#2811=CARTESIAN_POINT('',(11.749604364,1.950114529,41.694623372));
#2812=DIRECTION('',(1.,-0.,-0.000000156));
#2813=VECTOR('',#2812,2.500475507);
#2814=LINE('',#2811,#2813);
#2815=EDGE_CURVE('',#2802,#2810,#2814,.T.);
#2816=ORIENTED_EDGE('',*,*,#2815,.T.);
#2817=CARTESIAN_POINT('',(16.945472071,1.950114529,44.390015182));
#2818=VERTEX_POINT('',#2817);
#2819=CARTESIAN_POINT('',(14.250079871,1.950114529,41.694622981));
#2820=DIRECTION('',(0.707106781,0.,0.707106781));
#2821=VECTOR('',#2820,3.811860206);
#2822=LINE('',#2819,#2821);
#2823=EDGE_CURVE('',#2810,#2818,#2822,.T.);
#2824=ORIENTED_EDGE('',*,*,#2823,.T.);
#2825=CARTESIAN_POINT('',(16.945472071,1.950114529,44.390015182));
#2826=DIRECTION('',(-1.,0.,0.));
#2827=VECTOR('',#2826,2.500475897);
#2828=LINE('',#2825,#2827);
#2829=EDGE_CURVE('',#2818,#2800,#2828,.T.);
#2830=ORIENTED_EDGE('',*,*,#2829,.T.);
#2831=EDGE_LOOP('',(#2808,#2816,#2824,#2830));
#2832=FACE_BOUND('',#2831,.T.);
#2833=CARTESIAN_POINT('',(19.773899196,1.950114529,44.390015182));
#2834=VERTEX_POINT('',#2833);
#2835=CARTESIAN_POINT('',(17.078506553,1.950114529,41.694622539));
#2836=VERTEX_POINT('',#2835);
#2837=CARTESIAN_POINT('',(19.773899196,1.950114529,44.390015182));
#2838=DIRECTION('',(-0.707106781,-0.,-0.707106781));
#2839=VECTOR('',#2838,3.811860831);
#2840=LINE('',#2837,#2839);
#2841=EDGE_CURVE('',#2834,#2836,#2840,.T.);
#2842=ORIENTED_EDGE('',*,*,#2841,.T.);
#2843=CARTESIAN_POINT('',(19.57898206,1.950114529,41.694622148));
#2844=VERTEX_POINT('',#2843);
#2845=CARTESIAN_POINT('',(17.078506553,1.950114529,41.694622539));
#2846=DIRECTION('',(1.,-0.,-0.000000156));
#2847=VECTOR('',#2846,2.500475507);
#2848=LINE('',#2845,#2847);
#2849=EDGE_CURVE('',#2836,#2844,#2848,.T.);
#2850=ORIENTED_EDGE('',*,*,#2849,.T.);
#2851=CARTESIAN_POINT('',(22.274375094,1.950114529,44.390015182));
#2852=VERTEX_POINT('',#2851);
#2853=CARTESIAN_POINT('',(19.57898206,1.950114529,41.694622148));
#2854=DIRECTION('',(0.707106781,0.,0.707106781));
#2855=VECTOR('',#2854,3.811861384);
#2856=LINE('',#2853,#2855);
#2857=EDGE_CURVE('',#2844,#2852,#2856,.T.);
#2858=ORIENTED_EDGE('',*,*,#2857,.T.);
#2859=CARTESIAN_POINT('',(22.274375094,1.950114529,44.390015182));
#2860=DIRECTION('',(-1.,0.,0.));
#2861=VECTOR('',#2860,2.500475897);
#2862=LINE('',#2859,#2861);
#2863=EDGE_CURVE('',#2852,#2834,#2862,.T.);
#2864=ORIENTED_EDGE('',*,*,#2863,.T.);
#2865=EDGE_LOOP('',(#2842,#2850,#2858,#2864));
#2866=FACE_BOUND('',#2865,.T.);
#2867=CARTESIAN_POINT('',(25.102802218,1.950114529,44.390015182));
#2868=VERTEX_POINT('',#2867);
#2869=CARTESIAN_POINT('',(22.407408743,1.950114529,41.694621706));
#2870=VERTEX_POINT('',#2869);
#2871=CARTESIAN_POINT('',(25.102802218,1.950114529,44.390015182));
#2872=DIRECTION('',(-0.707106781,-0.,-0.707106781));
#2873=VECTOR('',#2872,3.811862009);
#2874=LINE('',#2871,#2873);
#2875=EDGE_CURVE('',#2868,#2870,#2874,.T.);
#2876=ORIENTED_EDGE('',*,*,#2875,.T.);
#2877=CARTESIAN_POINT('',(24.907884249,1.950114529,41.694621315));
#2878=VERTEX_POINT('',#2877);
#2879=CARTESIAN_POINT('',(22.407408743,1.950114529,41.694621706));
#2880=DIRECTION('',(1.,-0.,-0.000000156));
#2881=VECTOR('',#2880,2.500475507);
#2882=LINE('',#2879,#2881);
#2883=EDGE_CURVE('',#2870,#2878,#2882,.T.);
#2884=ORIENTED_EDGE('',*,*,#2883,.T.);
#2885=CARTESIAN_POINT('',(27.603278116,1.950114529,44.390015182));
#2886=VERTEX_POINT('',#2885);
#2887=CARTESIAN_POINT('',(24.907884249,1.950114529,41.694621315));
#2888=DIRECTION('',(0.707106781,0.,0.707106781));
#2889=VECTOR('',#2888,3.811862562);
#2890=LINE('',#2887,#2889);
#2891=EDGE_CURVE('',#2878,#2886,#2890,.T.);
#2892=ORIENTED_EDGE('',*,*,#2891,.T.);
#2893=CARTESIAN_POINT('',(27.603278116,1.950114529,44.390015182));
#2894=DIRECTION('',(-1.,0.,0.));
#2895=VECTOR('',#2894,2.500475897);
#2896=LINE('',#2893,#2895);
#2897=EDGE_CURVE('',#2886,#2868,#2896,.T.);
#2898=ORIENTED_EDGE('',*,*,#2897,.T.);
#2899=EDGE_LOOP('',(#2876,#2884,#2892,#2898));
#2900=FACE_BOUND('',#2899,.T.);
#2901=CARTESIAN_POINT('',(30.43170524,1.950114529,44.390015182));
#2902=VERTEX_POINT('',#2901);
#2903=CARTESIAN_POINT('',(27.547495485,1.950114529,41.505805426));
#2904=VERTEX_POINT('',#2903);
#2905=CARTESIAN_POINT('',(30.43170524,1.950114529,44.390015182));
#2906=DIRECTION('',(-0.707106781,-0.,-0.707106781));
#2907=VECTOR('',#2906,4.078888553);
#2908=LINE('',#2905,#2907);
#2909=EDGE_CURVE('',#2902,#2904,#2908,.T.);
#2910=ORIENTED_EDGE('',*,*,#2909,.T.);
#2911=CARTESIAN_POINT('',(28.957482131,1.950114529,40.415316175));
#2912=VERTEX_POINT('',#2911);
#2913=CARTESIAN_POINT('',(26.500002051,1.950114529,38.694621066));
#2914=DIRECTION('',(0.,1.,0.));
#2915=DIRECTION('',(0.,-0.,1.));
#2916=AXIS2_PLACEMENT_3D('',#2913,#2914,#2915);
#2917=CIRCLE('',#2916,3.);
#2918=EDGE_CURVE('',#2904,#2912,#2917,.T.);
#2919=ORIENTED_EDGE('',*,*,#2918,.T.);
#2920=CARTESIAN_POINT('',(32.932181138,1.950114529,44.390015182));
#2921=VERTEX_POINT('',#2920);
#2922=CARTESIAN_POINT('',(28.957482131,1.950114529,40.415316175));
#2923=DIRECTION('',(0.707106781,0.,0.707106781));
#2924=VECTOR('',#2923,5.621073242);
#2925=LINE('',#2922,#2924);
#2926=EDGE_CURVE('',#2912,#2921,#2925,.T.);
#2927=ORIENTED_EDGE('',*,*,#2926,.T.);
#2928=CARTESIAN_POINT('',(32.932181138,1.950114529,44.390015182));
#2929=DIRECTION('',(-1.,0.,0.));
#2930=VECTOR('',#2929,2.500475897);
#2931=LINE('',#2928,#2930);
#2932=EDGE_CURVE('',#2921,#2902,#2931,.T.);
#2933=ORIENTED_EDGE('',*,*,#2932,.T.);
#2934=EDGE_LOOP('',(#2910,#2919,#2927,#2933));
#2935=FACE_BOUND('',#2934,.T.);
#2936=CARTESIAN_POINT('',(35.760608263,1.950114529,44.390015182));
#2937=VERTEX_POINT('',#2936);
#2938=CARTESIAN_POINT('',(29.500001962,1.950114529,38.129408881));
#2939=VERTEX_POINT('',#2938);
#2940=CARTESIAN_POINT('',(35.760608263,1.950114529,44.390015182));
#2941=DIRECTION('',(-0.707106781,-0.,-0.707106781));
#2942=VECTOR('',#2941,8.853834338);
#2943=LINE('',#2940,#2942);
#2944=EDGE_CURVE('',#2937,#2939,#2943,.T.);
#2945=ORIENTED_EDGE('',*,*,#2944,.T.);
#2946=CARTESIAN_POINT('',(29.500001572,1.950114529,35.628932593));
#2947=VERTEX_POINT('',#2946);
#2948=CARTESIAN_POINT('',(29.500001962,1.950114529,38.129408881));
#2949=DIRECTION('',(-0.000000156,0.,-1.));
#2950=VECTOR('',#2949,2.500476288);
#2951=LINE('',#2948,#2950);
#2952=EDGE_CURVE('',#2939,#2947,#2951,.T.);
#2953=ORIENTED_EDGE('',*,*,#2952,.T.);
#2954=CARTESIAN_POINT('',(38.24898518,1.950114529,44.377916201));
#2955=VERTEX_POINT('',#2954);
#2956=CARTESIAN_POINT('',(29.500001572,1.950114529,35.628932593));
#2957=DIRECTION('',(0.707106781,0.,0.707106781));
#2958=VECTOR('',#2957,12.372931275);
#2959=LINE('',#2956,#2958);
#2960=EDGE_CURVE('',#2947,#2955,#2959,.T.);
#2961=ORIENTED_EDGE('',*,*,#2960,.T.);
#2962=CARTESIAN_POINT('',(37.931178492,1.950114529,44.390015182));
#2963=VERTEX_POINT('',#2962);
#2964=CARTESIAN_POINT('',(37.931178492,1.950114529,40.210015182));
#2965=DIRECTION('',(-0.,-1.,-0.));
#2966=DIRECTION('',(0.,0.,-1.));
#2967=AXIS2_PLACEMENT_3D('',#2964,#2965,#2966);
#2968=CIRCLE('',#2967,4.18);
#2969=EDGE_CURVE('',#2955,#2963,#2968,.T.);
#2970=ORIENTED_EDGE('',*,*,#2969,.T.);
#2971=CARTESIAN_POINT('',(37.931178492,1.950114529,44.390015182));
#2972=DIRECTION('',(-1.,0.,0.));
#2973=VECTOR('',#2972,2.170570229);
#2974=LINE('',#2971,#2973);
#2975=EDGE_CURVE('',#2963,#2937,#2974,.T.);
#2976=ORIENTED_EDGE('',*,*,#2975,.T.);
#2977=EDGE_LOOP('',(#2945,#2953,#2961,#2970,#2976));
#2978=FACE_BOUND('',#2977,.T.);
#2979=CARTESIAN_POINT('',(40.331572985,1.950114529,43.632076882));
#2980=VERTEX_POINT('',#2979);
#2981=CARTESIAN_POINT('',(29.500001129,1.950114529,32.800505026));
#2982=VERTEX_POINT('',#2981);
#2983=CARTESIAN_POINT('',(40.331572985,1.950114529,43.632076882));
#2984=DIRECTION('',(-0.707106781,-0.,-0.707106781));
#2985=VECTOR('',#2984,15.318155819);
#2986=LINE('',#2983,#2985);
#2987=EDGE_CURVE('',#2980,#2982,#2986,.T.);
#2988=ORIENTED_EDGE('',*,*,#2987,.T.);
#2989=CARTESIAN_POINT('',(29.500000739,1.950114529,30.300028738));
#2990=VERTEX_POINT('',#2989);
#2991=CARTESIAN_POINT('',(29.500001129,1.950114529,32.800505026));
#2992=DIRECTION('',(-0.000000156,0.,-1.));
#2993=VECTOR('',#2992,2.500476288);
#2994=LINE('',#2991,#2993);
#2995=EDGE_CURVE('',#2982,#2990,#2994,.T.);
#2996=ORIENTED_EDGE('',*,*,#2995,.T.);
#2997=CARTESIAN_POINT('',(41.532309801,1.950114529,42.3323378));
#2998=VERTEX_POINT('',#2997);
#2999=CARTESIAN_POINT('',(29.500000739,1.950114529,30.300028738));
#3000=DIRECTION('',(0.707106781,0.,0.707106781));
#3001=VECTOR('',#3000,17.016254662);
#3002=LINE('',#2999,#3001);
#3003=EDGE_CURVE('',#2990,#2998,#3002,.T.);
#3004=ORIENTED_EDGE('',*,*,#3003,.T.);
#3005=CARTESIAN_POINT('',(37.931178492,1.950114529,40.210015182));
#3006=DIRECTION('',(-0.,-1.,-0.));
#3007=DIRECTION('',(0.,0.,-1.));
#3008=AXIS2_PLACEMENT_3D('',#3005,#3006,#3007);
#3009=CIRCLE('',#3008,4.18);
#3010=EDGE_CURVE('',#2998,#2980,#3009,.T.);
#3011=ORIENTED_EDGE('',*,*,#3010,.T.);
#3012=EDGE_LOOP('',(#2988,#2996,#3004,#3011));
#3013=FACE_BOUND('',#3012,.T.);
#3014=CARTESIAN_POINT('',(36.196144811,1.950114529,34.167745685));
#3015=VERTEX_POINT('',#3014);
#3016=CARTESIAN_POINT('',(38.63666045,1.950114529,34.107785428));
#3017=VERTEX_POINT('',#3016);
#3018=CARTESIAN_POINT('',(37.335835397,1.950114529,30.858500248));
#3019=DIRECTION('',(0.,1.,0.));
#3020=DIRECTION('',(0.,-0.,1.));
#3021=AXIS2_PLACEMENT_3D('',#3018,#3019,#3020);
#3022=CIRCLE('',#3021,3.5);
#3023=EDGE_CURVE('',#3015,#3017,#3022,.T.);
#3024=ORIENTED_EDGE('',*,*,#3023,.T.);
#3025=CARTESIAN_POINT('',(42.111178492,1.950114529,37.582303469));
#3026=VERTEX_POINT('',#3025);
#3027=CARTESIAN_POINT('',(38.63666045,1.950114529,34.107785428));
#3028=DIRECTION('',(0.707106781,0.,0.707106781));
#3029=VECTOR('',#3028,4.913710537);
#3030=LINE('',#3027,#3029);
#3031=EDGE_CURVE('',#3017,#3026,#3030,.T.);
#3032=ORIENTED_EDGE('',*,*,#3031,.T.);
#3033=CARTESIAN_POINT('',(42.111178492,1.950114529,40.082779366));
#3034=VERTEX_POINT('',#3033);
#3035=CARTESIAN_POINT('',(42.111178492,1.950114529,37.582303469));
#3036=DIRECTION('',(-0.,-0.,1.));
#3037=VECTOR('',#3036,2.500475897);
#3038=LINE('',#3035,#3037);
#3039=EDGE_CURVE('',#3026,#3034,#3038,.T.);
#3040=ORIENTED_EDGE('',*,*,#3039,.T.);
#3041=CARTESIAN_POINT('',(42.111178492,1.950114529,40.082779366));
#3042=DIRECTION('',(-0.707106781,-0.,-0.707106781));
#3043=VECTOR('',#3042,8.365120854);
#3044=LINE('',#3041,#3043);
#3045=EDGE_CURVE('',#3034,#3015,#3044,.T.);
#3046=ORIENTED_EDGE('',*,*,#3045,.T.);
#3047=EDGE_LOOP('',(#3024,#3032,#3040,#3046));
#3048=FACE_BOUND('',#3047,.T.);
#3049=CARTESIAN_POINT('',(42.111178492,1.950114529,34.753876344));
#3050=VERTEX_POINT('',#3049);
#3051=CARTESIAN_POINT('',(40.211268448,1.950114529,32.853966301));
#3052=VERTEX_POINT('',#3051);
#3053=CARTESIAN_POINT('',(42.111178492,1.950114529,34.753876344));
#3054=DIRECTION('',(-0.707106781,-0.,-0.707106781));
#3055=VECTOR('',#3054,2.686878551);
#3056=LINE('',#3053,#3055);
#3057=EDGE_CURVE('',#3050,#3052,#3056,.T.);
#3058=ORIENTED_EDGE('',*,*,#3057,.T.);
#3059=CARTESIAN_POINT('',(40.833859782,1.950114529,30.976081737));
#3060=VERTEX_POINT('',#3059);
#3061=CARTESIAN_POINT('',(37.335835397,1.950114529,30.858500248));
#3062=DIRECTION('',(0.,1.,0.));
#3063=DIRECTION('',(0.,-0.,1.));
#3064=AXIS2_PLACEMENT_3D('',#3061,#3062,#3063);
#3065=CIRCLE('',#3064,3.5);
#3066=EDGE_CURVE('',#3052,#3060,#3065,.T.);
#3067=ORIENTED_EDGE('',*,*,#3066,.T.);
#3068=CARTESIAN_POINT('',(42.111178492,1.950114529,32.253400447));
#3069=VERTEX_POINT('',#3068);
#3070=CARTESIAN_POINT('',(40.833859782,1.950114529,30.976081737));
#3071=DIRECTION('',(0.707106781,0.,0.707106781));
#3072=VECTOR('',#3071,1.806401443);
#3073=LINE('',#3070,#3072);
#3074=EDGE_CURVE('',#3060,#3069,#3073,.T.);
#3075=ORIENTED_EDGE('',*,*,#3074,.T.);
#3076=CARTESIAN_POINT('',(42.111178492,1.950114529,32.253400447));
#3077=DIRECTION('',(-0.,-0.,1.));
#3078=VECTOR('',#3077,2.500475897);
#3079=LINE('',#3076,#3078);
#3080=EDGE_CURVE('',#3069,#3050,#3079,.T.);
#3081=ORIENTED_EDGE('',*,*,#3080,.T.);
#3082=EDGE_LOOP('',(#3058,#3067,#3075,#3081));
#3083=FACE_BOUND('',#3082,.T.);
#3084=CARTESIAN_POINT('',(40.835835397,1.950114529,15.821441755));
#3085=VERTEX_POINT('',#3084);
#3086=CARTESIAN_POINT('',(40.699870304,1.950114529,14.855383193));
#3087=VERTEX_POINT('',#3086);
#3088=CARTESIAN_POINT('',(37.335835397,1.950114529,15.821441755));
#3089=DIRECTION('',(0.,1.,0.));
#3090=DIRECTION('',(0.,-0.,1.));
#3091=AXIS2_PLACEMENT_3D('',#3088,#3089,#3090);
#3092=CIRCLE('',#3091,3.5);
#3093=EDGE_CURVE('',#3085,#3087,#3092,.T.);
#3094=ORIENTED_EDGE('',*,*,#3093,.T.);
#3095=CARTESIAN_POINT('',(42.111178492,1.950114529,16.266691381));
#3096=VERTEX_POINT('',#3095);
#3097=CARTESIAN_POINT('',(40.699870304,1.950114529,14.855383193));
#3098=DIRECTION('',(0.707106781,0.,0.707106781));
#3099=VECTOR('',#3098,1.995891179);
#3100=LINE('',#3097,#3099);
#3101=EDGE_CURVE('',#3087,#3096,#3100,.T.);
#3102=ORIENTED_EDGE('',*,*,#3101,.T.);
#3103=CARTESIAN_POINT('',(42.111178492,1.950114529,18.767167278));
#3104=VERTEX_POINT('',#3103);
#3105=CARTESIAN_POINT('',(42.111178492,1.950114529,16.266691381));
#3106=DIRECTION('',(-0.,-0.,1.));
#3107=VECTOR('',#3106,2.500475897);
#3108=LINE('',#3105,#3107);
#3109=EDGE_CURVE('',#3096,#3104,#3108,.T.);
#3110=ORIENTED_EDGE('',*,*,#3109,.T.);
#3111=CARTESIAN_POINT('',(40.835835397,1.950114529,17.491824183));
#3112=VERTEX_POINT('',#3111);
#3113=CARTESIAN_POINT('',(42.111178492,1.950114529,18.767167278));
#3114=DIRECTION('',(-0.707106781,-0.,-0.707106781));
#3115=VECTOR('',#3114,1.803607501);
#3116=LINE('',#3113,#3115);
#3117=EDGE_CURVE('',#3104,#3112,#3116,.T.);
#3118=ORIENTED_EDGE('',*,*,#3117,.T.);
#3119=CARTESIAN_POINT('',(40.835835397,1.950114529,17.491824183));
#3120=DIRECTION('',(-0.,0.,-1.));
#3121=VECTOR('',#3120,1.670382429);
#3122=LINE('',#3119,#3121);
#3123=EDGE_CURVE('',#3112,#3085,#3122,.T.);
#3124=ORIENTED_EDGE('',*,*,#3123,.T.);
#3125=EDGE_LOOP('',(#3094,#3102,#3110,#3118,#3124));
#3126=FACE_BOUND('',#3125,.T.);
#3127=CARTESIAN_POINT('',(40.835835397,1.950114529,22.820727206));
#3128=VERTEX_POINT('',#3127);
#3129=CARTESIAN_POINT('',(40.835835397,1.950114529,20.320251308));
#3130=VERTEX_POINT('',#3129);
#3131=CARTESIAN_POINT('',(40.835835397,1.950114529,22.820727206));
#3132=DIRECTION('',(-0.,0.,-1.));
#3133=VECTOR('',#3132,2.500475897);
#3134=LINE('',#3131,#3133);
#3135=EDGE_CURVE('',#3128,#3130,#3134,.T.);
#3136=ORIENTED_EDGE('',*,*,#3135,.T.);
#3137=CARTESIAN_POINT('',(42.111178492,1.950114529,21.595594403));
#3138=VERTEX_POINT('',#3137);
#3139=CARTESIAN_POINT('',(40.835835397,1.950114529,20.320251308));
#3140=DIRECTION('',(0.707106781,0.,0.707106781));
#3141=VECTOR('',#3140,1.803607501);
#3142=LINE('',#3139,#3141);
#3143=EDGE_CURVE('',#3130,#3138,#3142,.T.);
#3144=ORIENTED_EDGE('',*,*,#3143,.T.);
#3145=CARTESIAN_POINT('',(42.111178492,1.950114529,24.0960703));
#3146=VERTEX_POINT('',#3145);
#3147=CARTESIAN_POINT('',(42.111178492,1.950114529,21.595594403));
#3148=DIRECTION('',(-0.,-0.,1.));
#3149=VECTOR('',#3148,2.500475897);
#3150=LINE('',#3147,#3149);
#3151=EDGE_CURVE('',#3138,#3146,#3150,.T.);
#3152=ORIENTED_EDGE('',*,*,#3151,.T.);
#3153=CARTESIAN_POINT('',(42.111178492,1.950114529,24.0960703));
#3154=DIRECTION('',(-0.707106781,-0.,-0.707106781));
#3155=VECTOR('',#3154,1.803607501);
#3156=LINE('',#3153,#3155);
#3157=EDGE_CURVE('',#3146,#3128,#3156,.T.);
#3158=ORIENTED_EDGE('',*,*,#3157,.T.);
#3159=EDGE_LOOP('',(#3136,#3144,#3152,#3158));
#3160=FACE_BOUND('',#3159,.T.);
#3161=CARTESIAN_POINT('',(40.835835397,1.950114529,28.149630228));
#3162=VERTEX_POINT('',#3161);
#3163=CARTESIAN_POINT('',(40.835835397,1.950114529,25.64915433));
#3164=VERTEX_POINT('',#3163);
#3165=CARTESIAN_POINT('',(40.835835397,1.950114529,28.149630228));
#3166=DIRECTION('',(-0.,0.,-1.));
#3167=VECTOR('',#3166,2.500475897);
#3168=LINE('',#3165,#3167);
#3169=EDGE_CURVE('',#3162,#3164,#3168,.T.);
#3170=ORIENTED_EDGE('',*,*,#3169,.T.);
#3171=CARTESIAN_POINT('',(42.111178492,1.950114529,26.924497425));
#3172=VERTEX_POINT('',#3171);
#3173=CARTESIAN_POINT('',(40.835835397,1.950114529,25.64915433));
#3174=DIRECTION('',(0.707106781,0.,0.707106781));
#3175=VECTOR('',#3174,1.803607501);
#3176=LINE('',#3173,#3175);
#3177=EDGE_CURVE('',#3164,#3172,#3176,.T.);
#3178=ORIENTED_EDGE('',*,*,#3177,.T.);
#3179=CARTESIAN_POINT('',(42.111178492,1.950114529,29.424973322));
#3180=VERTEX_POINT('',#3179);
#3181=CARTESIAN_POINT('',(42.111178492,1.950114529,26.924497425));
#3182=DIRECTION('',(-0.,-0.,1.));
#3183=VECTOR('',#3182,2.500475897);
#3184=LINE('',#3181,#3183);
#3185=EDGE_CURVE('',#3172,#3180,#3184,.T.);
#3186=ORIENTED_EDGE('',*,*,#3185,.T.);
#3187=CARTESIAN_POINT('',(42.111178492,1.950114529,29.424973322));
#3188=DIRECTION('',(-0.707106781,-0.,-0.707106781));
#3189=VECTOR('',#3188,1.803607501);
#3190=LINE('',#3187,#3189);
#3191=EDGE_CURVE('',#3180,#3162,#3190,.T.);
#3192=ORIENTED_EDGE('',*,*,#3191,.T.);
#3193=EDGE_LOOP('',(#3170,#3178,#3186,#3192));
#3194=FACE_BOUND('',#3193,.T.);
#3195=CARTESIAN_POINT('',(33.83583547,1.950114529,15.820727278));
#3196=VERTEX_POINT('',#3195);
#3197=CARTESIAN_POINT('',(20.175254433,1.950114529,2.160146241));
#3198=VERTEX_POINT('',#3197);
#3199=CARTESIAN_POINT('',(33.83583547,1.950114529,15.820727278));
#3200=DIRECTION('',(-0.707106781,-0.,-0.707106781));
#3201=VECTOR('',#3200,19.318978973);
#3202=LINE('',#3199,#3201);
#3203=EDGE_CURVE('',#3196,#3198,#3202,.T.);
#3204=ORIENTED_EDGE('',*,*,#3203,.T.);
#3205=CARTESIAN_POINT('',(22.67573033,1.950114529,2.160146241));
#3206=VERTEX_POINT('',#3205);
#3207=CARTESIAN_POINT('',(20.175254433,1.950114529,2.160146241));
#3208=DIRECTION('',(1.,-0.,0.));
#3209=VECTOR('',#3208,2.500475897);
#3210=LINE('',#3207,#3209);
#3211=EDGE_CURVE('',#3198,#3206,#3210,.T.);
#3212=ORIENTED_EDGE('',*,*,#3211,.T.);
#3213=CARTESIAN_POINT('',(34.412467983,1.950114529,13.896883894));
#3214=VERTEX_POINT('',#3213);
#3215=CARTESIAN_POINT('',(22.67573033,1.950114529,2.160146241));
#3216=DIRECTION('',(0.707106781,0.,0.707106781));
#3217=VECTOR('',#3216,16.598253566);
#3218=LINE('',#3215,#3217);
#3219=EDGE_CURVE('',#3206,#3214,#3218,.T.);
#3220=ORIENTED_EDGE('',*,*,#3219,.T.);
#3221=CARTESIAN_POINT('',(37.335835397,1.950114529,15.821441755));
#3222=DIRECTION('',(0.,1.,0.));
#3223=DIRECTION('',(0.,-0.,1.));
#3224=AXIS2_PLACEMENT_3D('',#3221,#3222,#3223);
#3225=CIRCLE('',#3224,3.5);
#3226=EDGE_CURVE('',#3214,#3196,#3225,.T.);
#3227=ORIENTED_EDGE('',*,*,#3226,.T.);
#3228=EDGE_LOOP('',(#3204,#3212,#3220,#3227));
#3229=FACE_BOUND('',#3228,.T.);
#3230=CARTESIAN_POINT('',(38.301893959,1.950114529,12.457406847));
#3231=VERTEX_POINT('',#3230);
#3232=CARTESIAN_POINT('',(35.951051852,1.950114529,12.607040639));
#3233=VERTEX_POINT('',#3232);
#3234=CARTESIAN_POINT('',(37.335835397,1.950114529,15.821441755));
#3235=DIRECTION('',(0.,1.,0.));
#3236=DIRECTION('',(0.,-0.,1.));
#3237=AXIS2_PLACEMENT_3D('',#3234,#3235,#3236);
#3238=CIRCLE('',#3237,3.5);
#3239=EDGE_CURVE('',#3231,#3233,#3238,.T.);
#3240=ORIENTED_EDGE('',*,*,#3239,.T.);
#3241=CARTESIAN_POINT('',(25.504157455,1.950114529,2.160146241));
#3242=VERTEX_POINT('',#3241);
#3243=CARTESIAN_POINT('',(35.951051852,1.950114529,12.607040639));
#3244=DIRECTION('',(-0.707106781,-0.,-0.707106781));
#3245=VECTOR('',#3244,14.774139742);
#3246=LINE('',#3243,#3245);
#3247=EDGE_CURVE('',#3233,#3242,#3246,.T.);
#3248=ORIENTED_EDGE('',*,*,#3247,.T.);
#3249=CARTESIAN_POINT('',(28.004633352,1.950114529,2.160146241));
#3250=VERTEX_POINT('',#3249);
#3251=CARTESIAN_POINT('',(25.504157455,1.950114529,2.160146241));
#3252=DIRECTION('',(1.,-0.,0.));
#3253=VECTOR('',#3252,2.500475897);
#3254=LINE('',#3251,#3253);
#3255=EDGE_CURVE('',#3242,#3250,#3254,.T.);
#3256=ORIENTED_EDGE('',*,*,#3255,.T.);
#3257=CARTESIAN_POINT('',(28.004633352,1.950114529,2.160146241));
#3258=DIRECTION('',(0.707106781,0.,0.707106781));
#3259=VECTOR('',#3258,14.562525605);
#3260=LINE('',#3257,#3259);
#3261=EDGE_CURVE('',#3250,#3231,#3260,.T.);
#3262=ORIENTED_EDGE('',*,*,#3261,.T.);
#3263=EDGE_LOOP('',(#3240,#3248,#3256,#3262));
#3264=FACE_BOUND('',#3263,.T.);
#3265=CARTESIAN_POINT('',(-25.685752106,1.950114529,44.390015182));
#3266=VERTEX_POINT('',#3265);
#3267=CARTESIAN_POINT('',(-28.186228003,1.950114529,44.390015182));
#3268=VERTEX_POINT('',#3267);
#3269=CARTESIAN_POINT('',(-25.685752106,1.950114529,44.390015182));
#3270=DIRECTION('',(-1.,0.,0.));
#3271=VECTOR('',#3270,2.500475897);
#3272=LINE('',#3269,#3271);
#3273=EDGE_CURVE('',#3266,#3268,#3272,.T.);
#3274=ORIENTED_EDGE('',*,*,#3273,.T.);
#3275=CARTESIAN_POINT('',(-38.375823669,1.950114529,34.200419516));
#3276=VERTEX_POINT('',#3275);
#3277=CARTESIAN_POINT('',(-28.186228003,1.950114529,44.390015182));
#3278=DIRECTION('',(-0.707106781,-0.,-0.707106781));
#3279=VECTOR('',#3278,14.410264386);
#3280=LINE('',#3277,#3279);
#3281=EDGE_CURVE('',#3268,#3276,#3280,.T.);
#3282=ORIENTED_EDGE('',*,*,#3281,.T.);
#3283=CARTESIAN_POINT('',(-35.987434851,1.950114529,34.088332436));
#3284=VERTEX_POINT('',#3283);
#3285=CARTESIAN_POINT('',(-37.335835397,1.950114529,30.858500248));
#3286=DIRECTION('',(0.,1.,0.));
#3287=DIRECTION('',(0.,-0.,1.));
#3288=AXIS2_PLACEMENT_3D('',#3285,#3286,#3287);
#3289=CIRCLE('',#3288,3.5);
#3290=EDGE_CURVE('',#3276,#3284,#3289,.T.);
#3291=ORIENTED_EDGE('',*,*,#3290,.T.);
#3292=CARTESIAN_POINT('',(-35.987434851,1.950114529,34.088332436));
#3293=DIRECTION('',(0.707106781,0.,0.707106781));
#3294=VECTOR('',#3293,14.568779454);
#3295=LINE('',#3292,#3294);
#3296=EDGE_CURVE('',#3284,#3266,#3295,.T.);
#3297=ORIENTED_EDGE('',*,*,#3296,.T.);
#3298=EDGE_LOOP('',(#3274,#3282,#3291,#3297));
#3299=FACE_BOUND('',#3298,.T.);
#3300=CARTESIAN_POINT('',(-40.835835397,1.950114529,30.858500248));
#3301=VERTEX_POINT('',#3300);
#3302=CARTESIAN_POINT('',(-40.677754665,1.950114529,31.898488519));
#3303=VERTEX_POINT('',#3302);
#3304=CARTESIAN_POINT('',(-37.335835397,1.950114529,30.858500248));
#3305=DIRECTION('',(0.,1.,0.));
#3306=DIRECTION('',(0.,-0.,1.));
#3307=AXIS2_PLACEMENT_3D('',#3304,#3305,#3306);
#3308=CIRCLE('',#3307,3.5);
#3309=EDGE_CURVE('',#3301,#3303,#3308,.T.);
#3310=ORIENTED_EDGE('',*,*,#3309,.T.);
#3311=CARTESIAN_POINT('',(-42.111178492,1.950114529,30.465064693));
#3312=VERTEX_POINT('',#3311);
#3313=CARTESIAN_POINT('',(-40.677754665,1.950114529,31.898488519));
#3314=DIRECTION('',(-0.707106781,-0.,-0.707106781));
#3315=VECTOR('',#3314,2.027167416);
#3316=LINE('',#3313,#3315);
#3317=EDGE_CURVE('',#3303,#3312,#3316,.T.);
#3318=ORIENTED_EDGE('',*,*,#3317,.T.);
#3319=CARTESIAN_POINT('',(-42.111178492,1.950114529,27.964588795));
#3320=VERTEX_POINT('',#3319);
#3321=CARTESIAN_POINT('',(-42.111178492,1.950114529,30.465064693));
#3322=DIRECTION('',(0.,0.,-1.));
#3323=VECTOR('',#3322,2.500475897);
#3324=LINE('',#3321,#3323);
#3325=EDGE_CURVE('',#3312,#3320,#3324,.T.);
#3326=ORIENTED_EDGE('',*,*,#3325,.T.);
#3327=CARTESIAN_POINT('',(-40.835835397,1.950114529,29.23993189));
#3328=VERTEX_POINT('',#3327);
#3329=CARTESIAN_POINT('',(-42.111178492,1.950114529,27.964588795));
#3330=DIRECTION('',(0.707106781,0.,0.707106781));
#3331=VECTOR('',#3330,1.803607501);
#3332=LINE('',#3329,#3331);
#3333=EDGE_CURVE('',#3320,#3328,#3332,.T.);
#3334=ORIENTED_EDGE('',*,*,#3333,.T.);
#3335=CARTESIAN_POINT('',(-40.835835397,1.950114529,29.23993189));
#3336=DIRECTION('',(-0.,-0.,1.));
#3337=VECTOR('',#3336,1.618568358);
#3338=LINE('',#3335,#3337);
#3339=EDGE_CURVE('',#3328,#3301,#3338,.T.);
#3340=ORIENTED_EDGE('',*,*,#3339,.T.);
#3341=EDGE_LOOP('',(#3310,#3318,#3326,#3334,#3340));
#3342=FACE_BOUND('',#3341,.T.);
#3343=CARTESIAN_POINT('',(-40.835835397,1.950114529,23.911028868));
#3344=VERTEX_POINT('',#3343);
#3345=CARTESIAN_POINT('',(-40.835835397,1.950114529,26.411504765));
#3346=VERTEX_POINT('',#3345);
#3347=CARTESIAN_POINT('',(-40.835835397,1.950114529,23.911028868));
#3348=DIRECTION('',(-0.,-0.,1.));
#3349=VECTOR('',#3348,2.500475897);
#3350=LINE('',#3347,#3349);
#3351=EDGE_CURVE('',#3344,#3346,#3350,.T.);
#3352=ORIENTED_EDGE('',*,*,#3351,.T.);
#3353=CARTESIAN_POINT('',(-42.111178492,1.950114529,25.136161671));
#3354=VERTEX_POINT('',#3353);
#3355=CARTESIAN_POINT('',(-40.835835397,1.950114529,26.411504765));
#3356=DIRECTION('',(-0.707106781,-0.,-0.707106781));
#3357=VECTOR('',#3356,1.803607501);
#3358=LINE('',#3355,#3357);
#3359=EDGE_CURVE('',#3346,#3354,#3358,.T.);
#3360=ORIENTED_EDGE('',*,*,#3359,.T.);
#3361=CARTESIAN_POINT('',(-42.111178492,1.950114529,22.635685773));
#3362=VERTEX_POINT('',#3361);
#3363=CARTESIAN_POINT('',(-42.111178492,1.950114529,25.136161671));
#3364=DIRECTION('',(0.,0.,-1.));
#3365=VECTOR('',#3364,2.500475897);
#3366=LINE('',#3363,#3365);
#3367=EDGE_CURVE('',#3354,#3362,#3366,.T.);
#3368=ORIENTED_EDGE('',*,*,#3367,.T.);
#3369=CARTESIAN_POINT('',(-42.111178492,1.950114529,22.635685773));
#3370=DIRECTION('',(0.707106781,0.,0.707106781));
#3371=VECTOR('',#3370,1.803607501);
#3372=LINE('',#3369,#3371);
#3373=EDGE_CURVE('',#3362,#3344,#3372,.T.);
#3374=ORIENTED_EDGE('',*,*,#3373,.T.);
#3375=EDGE_LOOP('',(#3352,#3360,#3368,#3374));
#3376=FACE_BOUND('',#3375,.T.);
#3377=CARTESIAN_POINT('',(-40.835835397,1.950114529,18.582125846));
#3378=VERTEX_POINT('',#3377);
#3379=CARTESIAN_POINT('',(-40.835835397,1.950114529,21.082601743));
#3380=VERTEX_POINT('',#3379);
#3381=CARTESIAN_POINT('',(-40.835835397,1.950114529,18.582125846));
#3382=DIRECTION('',(-0.,-0.,1.));
#3383=VECTOR('',#3382,2.500475897);
#3384=LINE('',#3381,#3383);
#3385=EDGE_CURVE('',#3378,#3380,#3384,.T.);
#3386=ORIENTED_EDGE('',*,*,#3385,.T.);
#3387=CARTESIAN_POINT('',(-42.111178492,1.950114529,19.807258648));
#3388=VERTEX_POINT('',#3387);
#3389=CARTESIAN_POINT('',(-40.835835397,1.950114529,21.082601743));
#3390=DIRECTION('',(-0.707106781,-0.,-0.707106781));
#3391=VECTOR('',#3390,1.803607501);
#3392=LINE('',#3389,#3391);
#3393=EDGE_CURVE('',#3380,#3388,#3392,.T.);
#3394=ORIENTED_EDGE('',*,*,#3393,.T.);
#3395=CARTESIAN_POINT('',(-42.111178492,1.950114529,17.306782751));
#3396=VERTEX_POINT('',#3395);
#3397=CARTESIAN_POINT('',(-42.111178492,1.950114529,19.807258648));
#3398=DIRECTION('',(0.,0.,-1.));
#3399=VECTOR('',#3398,2.500475897);
#3400=LINE('',#3397,#3399);
#3401=EDGE_CURVE('',#3388,#3396,#3400,.T.);
#3402=ORIENTED_EDGE('',*,*,#3401,.T.);
#3403=CARTESIAN_POINT('',(-42.111178492,1.950114529,17.306782751));
#3404=DIRECTION('',(0.707106781,0.,0.707106781));
#3405=VECTOR('',#3404,1.803607501);
#3406=LINE('',#3403,#3405);
#3407=EDGE_CURVE('',#3396,#3378,#3406,.T.);
#3408=ORIENTED_EDGE('',*,*,#3407,.T.);
#3409=EDGE_LOOP('',(#3386,#3394,#3402,#3408));
#3410=FACE_BOUND('',#3409,.T.);
#3411=CARTESIAN_POINT('',(-40.232352602,1.950114529,13.856705619));
#3412=VERTEX_POINT('',#3411);
#3413=CARTESIAN_POINT('',(-40.835192141,1.950114529,15.754341977));
#3414=VERTEX_POINT('',#3413);
#3415=CARTESIAN_POINT('',(-37.335835397,1.950114529,15.821441755));
#3416=DIRECTION('',(0.,1.,0.));
#3417=DIRECTION('',(0.,-0.,1.));
#3418=AXIS2_PLACEMENT_3D('',#3415,#3416,#3417);
#3419=CIRCLE('',#3418,3.5);
#3420=EDGE_CURVE('',#3412,#3414,#3419,.T.);
#3421=ORIENTED_EDGE('',*,*,#3420,.T.);
#3422=CARTESIAN_POINT('',(-42.111178492,1.950114529,14.478355626));
#3423=VERTEX_POINT('',#3422);
#3424=CARTESIAN_POINT('',(-40.835192141,1.950114529,15.754341977));
#3425=DIRECTION('',(-0.707106781,-0.,-0.707106781));
#3426=VECTOR('',#3425,1.804517203);
#3427=LINE('',#3424,#3426);
#3428=EDGE_CURVE('',#3414,#3423,#3427,.T.);
#3429=ORIENTED_EDGE('',*,*,#3428,.T.);
#3430=CARTESIAN_POINT('',(-42.111178492,1.950114529,11.977879729));
#3431=VERTEX_POINT('',#3430);
#3432=CARTESIAN_POINT('',(-42.111178492,1.950114529,14.478355626));
#3433=DIRECTION('',(0.,0.,-1.));
#3434=VECTOR('',#3433,2.500475897);
#3435=LINE('',#3432,#3434);
#3436=EDGE_CURVE('',#3423,#3431,#3435,.T.);
#3437=ORIENTED_EDGE('',*,*,#3436,.T.);
#3438=CARTESIAN_POINT('',(-42.111178492,1.950114529,11.977879729));
#3439=DIRECTION('',(0.707106781,0.,0.707106781));
#3440=VECTOR('',#3439,2.657061055);
#3441=LINE('',#3438,#3440);
#3442=EDGE_CURVE('',#3431,#3412,#3441,.T.);
#3443=ORIENTED_EDGE('',*,*,#3442,.T.);
#3444=EDGE_LOOP('',(#3421,#3429,#3437,#3443));
#3445=FACE_BOUND('',#3444,.T.);
#3446=CARTESIAN_POINT('',(-36.273641277,1.950114529,12.486513922));
#3447=VERTEX_POINT('',#3446);
#3448=CARTESIAN_POINT('',(-38.673487749,1.950114529,12.587143347));
#3449=VERTEX_POINT('',#3448);
#3450=CARTESIAN_POINT('',(-37.335835397,1.950114529,15.821441755));
#3451=DIRECTION('',(0.,1.,0.));
#3452=DIRECTION('',(0.,-0.,1.));
#3453=AXIS2_PLACEMENT_3D('',#3450,#3451,#3452);
#3454=CIRCLE('',#3453,3.5);
#3455=EDGE_CURVE('',#3447,#3449,#3454,.T.);
#3456=ORIENTED_EDGE('',*,*,#3455,.T.);
#3457=CARTESIAN_POINT('',(-42.111178492,1.950114529,9.149452604));
#3458=VERTEX_POINT('',#3457);
#3459=CARTESIAN_POINT('',(-38.673487749,1.950114529,12.587143347));
#3460=DIRECTION('',(-0.707106781,-0.,-0.707106781));
#3461=VECTOR('',#3460,4.861628872);
#3462=LINE('',#3459,#3461);
#3463=EDGE_CURVE('',#3449,#3458,#3462,.T.);
#3464=ORIENTED_EDGE('',*,*,#3463,.T.);
#3465=CARTESIAN_POINT('',(-42.111178492,1.950114529,6.648976707));
#3466=VERTEX_POINT('',#3465);
#3467=CARTESIAN_POINT('',(-42.111178492,1.950114529,9.149452604));
#3468=DIRECTION('',(0.,0.,-1.));
#3469=VECTOR('',#3468,2.500475897);
#3470=LINE('',#3467,#3469);
#3471=EDGE_CURVE('',#3458,#3466,#3470,.T.);
#3472=ORIENTED_EDGE('',*,*,#3471,.T.);
#3473=CARTESIAN_POINT('',(-42.111178492,1.950114529,6.648976707));
#3474=DIRECTION('',(0.707106781,0.,0.707106781));
#3475=VECTOR('',#3474,8.2555243);
#3476=LINE('',#3473,#3475);
#3477=EDGE_CURVE('',#3466,#3447,#3476,.T.);
#3478=ORIENTED_EDGE('',*,*,#3477,.T.);
#3479=EDGE_LOOP('',(#3456,#3464,#3472,#3478));
#3480=FACE_BOUND('',#3479,.T.);
#3481=CARTESIAN_POINT('',(-31.014655128,1.950114529,44.390015182));
#3482=VERTEX_POINT('',#3481);
#3483=CARTESIAN_POINT('',(-33.515131025,1.950114529,44.390015182));
#3484=VERTEX_POINT('',#3483);
#3485=CARTESIAN_POINT('',(-31.014655128,1.950114529,44.390015182));
#3486=DIRECTION('',(-1.,0.,0.));
#3487=VECTOR('',#3486,2.500475897);
#3488=LINE('',#3485,#3487);
#3489=EDGE_CURVE('',#3482,#3484,#3488,.T.);
#3490=ORIENTED_EDGE('',*,*,#3489,.T.);
#3491=CARTESIAN_POINT('',(-42.111178492,1.950114529,35.793967715));
#3492=VERTEX_POINT('',#3491);
#3493=CARTESIAN_POINT('',(-33.515131025,1.950114529,44.390015182));
#3494=DIRECTION('',(-0.707106781,-0.,-0.707106781));
#3495=VECTOR('',#3494,12.15664691);
#3496=LINE('',#3493,#3495);
#3497=EDGE_CURVE('',#3484,#3492,#3496,.T.);
#3498=ORIENTED_EDGE('',*,*,#3497,.T.);
#3499=CARTESIAN_POINT('',(-42.111178492,1.950114529,33.293491818));
#3500=VERTEX_POINT('',#3499);
#3501=CARTESIAN_POINT('',(-42.111178492,1.950114529,35.793967715));
#3502=DIRECTION('',(0.,0.,-1.));
#3503=VECTOR('',#3502,2.500475897);
#3504=LINE('',#3501,#3503);
#3505=EDGE_CURVE('',#3492,#3500,#3504,.T.);
#3506=ORIENTED_EDGE('',*,*,#3505,.T.);
#3507=CARTESIAN_POINT('',(-42.111178492,1.950114529,33.293491818));
#3508=DIRECTION('',(0.707106781,0.,0.707106781));
#3509=VECTOR('',#3508,15.692853837);
#3510=LINE('',#3507,#3509);
#3511=EDGE_CURVE('',#3500,#3482,#3510,.T.);
#3512=ORIENTED_EDGE('',*,*,#3511,.T.);
#3513=EDGE_LOOP('',(#3490,#3498,#3506,#3512));
#3514=FACE_BOUND('',#3513,.T.);
#3515=CARTESIAN_POINT('',(-36.34355815,1.950114529,44.390015182));
#3516=VERTEX_POINT('',#3515);
#3517=CARTESIAN_POINT('',(-37.931178492,1.950114529,44.390015182));
#3518=VERTEX_POINT('',#3517);
#3519=CARTESIAN_POINT('',(-36.34355815,1.950114529,44.390015182));
#3520=DIRECTION('',(-1.,0.,0.));
#3521=VECTOR('',#3520,1.587620342);
#3522=LINE('',#3519,#3521);
#3523=EDGE_CURVE('',#3516,#3518,#3522,.T.);
#3524=ORIENTED_EDGE('',*,*,#3523,.T.);
#3525=CARTESIAN_POINT('',(-42.111178492,1.950114529,40.210015182));
#3526=VERTEX_POINT('',#3525);
#3527=CARTESIAN_POINT('',(-37.931178492,1.950114529,40.210015182));
#3528=DIRECTION('',(-0.,-1.,-0.));
#3529=DIRECTION('',(0.,0.,-1.));
#3530=AXIS2_PLACEMENT_3D('',#3527,#3528,#3529);
#3531=CIRCLE('',#3530,4.18);
#3532=EDGE_CURVE('',#3518,#3526,#3531,.T.);
#3533=ORIENTED_EDGE('',*,*,#3532,.T.);
#3534=CARTESIAN_POINT('',(-42.111178492,1.950114529,38.62239484));
#3535=VERTEX_POINT('',#3534);
#3536=CARTESIAN_POINT('',(-42.111178492,1.950114529,40.210015182));
#3537=DIRECTION('',(0.,0.,-1.));
#3538=VECTOR('',#3537,1.587620342);
#3539=LINE('',#3536,#3538);
#3540=EDGE_CURVE('',#3526,#3535,#3539,.T.);
#3541=ORIENTED_EDGE('',*,*,#3540,.T.);
#3542=CARTESIAN_POINT('',(-42.111178492,1.950114529,38.62239484));
#3543=DIRECTION('',(0.707106781,0.,0.707106781));
#3544=VECTOR('',#3543,8.15664691);
#3545=LINE('',#3542,#3544);
#3546=EDGE_CURVE('',#3535,#3516,#3545,.T.);
#3547=ORIENTED_EDGE('',*,*,#3546,.T.);
#3548=EDGE_LOOP('',(#3524,#3533,#3541,#3547));
#3549=FACE_BOUND('',#3548,.T.);
#3550=CARTESIAN_POINT('',(42.111178492,1.950114529,10.937788358));
#3551=VERTEX_POINT('',#3550);
#3552=CARTESIAN_POINT('',(42.111178492,1.950114529,13.438264256));
#3553=VERTEX_POINT('',#3552);
#3554=CARTESIAN_POINT('',(42.111178492,1.950114529,10.937788358));
#3555=DIRECTION('',(-0.,-0.,1.));
#3556=VECTOR('',#3555,2.500475897);
#3557=LINE('',#3554,#3556);
#3558=EDGE_CURVE('',#3551,#3553,#3557,.T.);
#3559=ORIENTED_EDGE('',*,*,#3558,.T.);
#3560=CARTESIAN_POINT('',(30.833060477,1.950114529,2.160146241));
#3561=VERTEX_POINT('',#3560);
#3562=CARTESIAN_POINT('',(42.111178492,1.950114529,13.438264256));
#3563=DIRECTION('',(-0.707106781,-0.,-0.707106781));
#3564=VECTOR('',#3563,15.949667455);
#3565=LINE('',#3562,#3564);
#3566=EDGE_CURVE('',#3553,#3561,#3565,.T.);
#3567=ORIENTED_EDGE('',*,*,#3566,.T.);
#3568=CARTESIAN_POINT('',(33.333536374,1.950114529,2.160146241));
#3569=VERTEX_POINT('',#3568);
#3570=CARTESIAN_POINT('',(30.833060477,1.950114529,2.160146241));
#3571=DIRECTION('',(1.,-0.,0.));
#3572=VECTOR('',#3571,2.500475897);
#3573=LINE('',#3570,#3572);
#3574=EDGE_CURVE('',#3561,#3569,#3573,.T.);
#3575=ORIENTED_EDGE('',*,*,#3574,.T.);
#3576=CARTESIAN_POINT('',(33.333536374,1.950114529,2.160146241));
#3577=DIRECTION('',(0.707106781,0.,0.707106781));
#3578=VECTOR('',#3577,12.413460528);
#3579=LINE('',#3576,#3578);
#3580=EDGE_CURVE('',#3569,#3551,#3579,.T.);
#3581=ORIENTED_EDGE('',*,*,#3580,.T.);
#3582=EDGE_LOOP('',(#3559,#3567,#3575,#3581));
#3583=FACE_BOUND('',#3582,.T.);
#3584=CARTESIAN_POINT('',(36.161963499,1.950114529,2.160146241));
#3585=VERTEX_POINT('',#3584);
#3586=CARTESIAN_POINT('',(37.931178492,1.950114529,2.160146241));
#3587=VERTEX_POINT('',#3586);
#3588=CARTESIAN_POINT('',(36.161963499,1.950114529,2.160146241));
#3589=DIRECTION('',(1.,-0.,0.));
#3590=VECTOR('',#3589,1.769214993);
#3591=LINE('',#3588,#3590);
#3592=EDGE_CURVE('',#3585,#3587,#3591,.T.);
#3593=ORIENTED_EDGE('',*,*,#3592,.T.);
#3594=CARTESIAN_POINT('',(42.111178492,1.950114529,6.340146241));
#3595=VERTEX_POINT('',#3594);
#3596=CARTESIAN_POINT('',(37.931178492,1.950114529,6.340146241));
#3597=DIRECTION('',(-0.,-1.,-0.));
#3598=DIRECTION('',(0.,0.,-1.));
#3599=AXIS2_PLACEMENT_3D('',#3596,#3597,#3598);
#3600=CIRCLE('',#3599,4.18);
#3601=EDGE_CURVE('',#3587,#3595,#3600,.T.);
#3602=ORIENTED_EDGE('',*,*,#3601,.T.);
#3603=CARTESIAN_POINT('',(42.111178492,1.950114529,8.109361234));
#3604=VERTEX_POINT('',#3603);
#3605=CARTESIAN_POINT('',(42.111178492,1.950114529,6.340146241));
#3606=DIRECTION('',(-0.,-0.,1.));
#3607=VECTOR('',#3606,1.769214993);
#3608=LINE('',#3605,#3607);
#3609=EDGE_CURVE('',#3595,#3604,#3608,.T.);
#3610=ORIENTED_EDGE('',*,*,#3609,.T.);
#3611=CARTESIAN_POINT('',(42.111178492,1.950114529,8.109361234));
#3612=DIRECTION('',(-0.707106781,-0.,-0.707106781));
#3613=VECTOR('',#3612,8.413460528);
#3614=LINE('',#3611,#3613);
#3615=EDGE_CURVE('',#3604,#3585,#3614,.T.);
#3616=ORIENTED_EDGE('',*,*,#3615,.T.);
#3617=EDGE_LOOP('',(#3593,#3602,#3610,#3616));
#3618=FACE_BOUND('',#3617,.T.);
#3619=CARTESIAN_POINT('',(-27.509997949,1.950114529,38.694629508));
#3620=VERTEX_POINT('',#3619);
#3621=CARTESIAN_POINT('',(-27.510001934,1.950114529,13.204629508));
#3622=VERTEX_POINT('',#3621);
#3623=CARTESIAN_POINT('',(-27.509997949,1.950114529,38.694629508));
#3624=DIRECTION('',(-0.000000156,0.,-1.));
#3625=VECTOR('',#3624,25.49);
#3626=LINE('',#3623,#3625);
#3627=EDGE_CURVE('',#3620,#3622,#3626,.T.);
#3628=ORIENTED_EDGE('',*,*,#3627,.T.);
#3629=CARTESIAN_POINT('',(-26.51000209,1.950114529,12.204629352));
#3630=VERTEX_POINT('',#3629);
#3631=CARTESIAN_POINT('',(-26.510001934,1.950114529,13.204629352));
#3632=DIRECTION('',(0.,-1.,0.));
#3633=DIRECTION('',(0.,0.,-1.));
#3634=AXIS2_PLACEMENT_3D('',#3631,#3632,#3633);
#3635=CIRCLE('',#3634,1.);
#3636=EDGE_CURVE('',#3622,#3630,#3635,.T.);
#3637=ORIENTED_EDGE('',*,*,#3636,.T.);
#3638=CARTESIAN_POINT('',(26.49999791,1.950114529,12.204621066));
#3639=VERTEX_POINT('',#3638);
#3640=CARTESIAN_POINT('',(-26.51000209,1.950114529,12.204629352));
#3641=DIRECTION('',(1.,0.,-0.000000156));
#3642=VECTOR('',#3641,53.01);
#3643=LINE('',#3640,#3642);
#3644=EDGE_CURVE('',#3630,#3639,#3643,.T.);
#3645=ORIENTED_EDGE('',*,*,#3644,.T.);
#3646=CARTESIAN_POINT('',(27.499998066,1.950114529,13.20462091));
#3647=VERTEX_POINT('',#3646);
#3648=CARTESIAN_POINT('',(26.499998066,1.950114529,13.204621066));
#3649=DIRECTION('',(-0.,1.,-0.));
#3650=DIRECTION('',(0.,0.,-1.));
#3651=AXIS2_PLACEMENT_3D('',#3648,#3649,#3650);
#3652=CIRCLE('',#3651,1.);
#3653=EDGE_CURVE('',#3647,#3639,#3652,.T.);
#3654=ORIENTED_EDGE('',*,*,#3653,.F.);
#3655=CARTESIAN_POINT('',(27.500002051,1.950114529,38.69462091));
#3656=VERTEX_POINT('',#3655);
#3657=CARTESIAN_POINT('',(27.499998066,1.950114529,13.20462091));
#3658=DIRECTION('',(0.000000156,0.,1.));
#3659=VECTOR('',#3658,25.49);
#3660=LINE('',#3657,#3659);
#3661=EDGE_CURVE('',#3647,#3656,#3660,.T.);
#3662=ORIENTED_EDGE('',*,*,#3661,.T.);
#3663=CARTESIAN_POINT('',(26.500002207,1.950114529,39.694621066));
#3664=VERTEX_POINT('',#3663);
#3665=CARTESIAN_POINT('',(26.500002051,1.950114529,38.694621066));
#3666=DIRECTION('',(0.,-1.,0.));
#3667=DIRECTION('',(0.,0.,-1.));
#3668=AXIS2_PLACEMENT_3D('',#3665,#3666,#3667);
#3669=CIRCLE('',#3668,1.);
#3670=EDGE_CURVE('',#3656,#3664,#3669,.T.);
#3671=ORIENTED_EDGE('',*,*,#3670,.T.);
#3672=CARTESIAN_POINT('',(-26.509997793,1.950114529,39.694629352));
#3673=VERTEX_POINT('',#3672);
#3674=CARTESIAN_POINT('',(26.500002207,1.950114529,39.694621066));
#3675=DIRECTION('',(-1.,0.,0.000000156));
#3676=VECTOR('',#3675,53.01);
#3677=LINE('',#3674,#3676);
#3678=EDGE_CURVE('',#3664,#3673,#3677,.T.);
#3679=ORIENTED_EDGE('',*,*,#3678,.T.);
#3680=CARTESIAN_POINT('',(-26.509997949,1.950114529,38.694629352));
#3681=DIRECTION('',(-0.,1.,-0.));
#3682=DIRECTION('',(0.,0.,-1.));
#3683=AXIS2_PLACEMENT_3D('',#3680,#3681,#3682);
#3684=CIRCLE('',#3683,1.);
#3685=EDGE_CURVE('',#3620,#3673,#3684,.T.);
#3686=ORIENTED_EDGE('',*,*,#3685,.F.);
#3687=EDGE_LOOP('',(#3628,#3637,#3645,#3654,#3662,#3671,#3679,#3686));
#3688=FACE_BOUND('',#3687,.T.);
#3689=CARTESIAN_POINT('',(-38.890628843,1.950114529,30.858500248));
#3690=VERTEX_POINT('',#3689);
#3691=CARTESIAN_POINT('',(-37.340831973,1.950114529,29.308703377));
#3692=VERTEX_POINT('',#3691);
#3693=CARTESIAN_POINT('',(-37.340831973,1.950114529,30.858500248));
#3694=DIRECTION('',(-0.,1.,-0.));
#3695=DIRECTION('',(0.,0.,-1.));
#3696=AXIS2_PLACEMENT_3D('',#3693,#3694,#3695);
#3697=CIRCLE('',#3696,1.54979687);
#3698=EDGE_CURVE('',#3690,#3692,#3697,.T.);
#3699=ORIENTED_EDGE('',*,*,#3698,.F.);
#3700=CARTESIAN_POINT('',(-37.340831973,1.950114529,30.858500248));
#3701=DIRECTION('',(-0.,1.,-0.));
#3702=DIRECTION('',(0.,0.,-1.));
#3703=AXIS2_PLACEMENT_3D('',#3700,#3701,#3702);
#3704=CIRCLE('',#3703,1.54979687);
#3705=EDGE_CURVE('',#3692,#3690,#3704,.T.);
#3706=ORIENTED_EDGE('',*,*,#3705,.F.);
#3707=EDGE_LOOP('',(#3699,#3706));
#3708=FACE_BOUND('',#3707,.T.);
#3709=CARTESIAN_POINT('',(35.791035102,1.950114529,30.858500248));
#3710=VERTEX_POINT('',#3709);
#3711=CARTESIAN_POINT('',(37.340831973,1.950114529,29.308703377));
#3712=VERTEX_POINT('',#3711);
#3713=CARTESIAN_POINT('',(37.340831973,1.950114529,30.858500248));
#3714=DIRECTION('',(-0.,1.,-0.));
#3715=DIRECTION('',(0.,0.,-1.));
#3716=AXIS2_PLACEMENT_3D('',#3713,#3714,#3715);
#3717=CIRCLE('',#3716,1.54979687);
#3718=EDGE_CURVE('',#3710,#3712,#3717,.T.);
#3719=ORIENTED_EDGE('',*,*,#3718,.F.);
#3720=CARTESIAN_POINT('',(37.340831973,1.950114529,30.858500248));
#3721=DIRECTION('',(-0.,1.,-0.));
#3722=DIRECTION('',(0.,0.,-1.));
#3723=AXIS2_PLACEMENT_3D('',#3720,#3721,#3722);
#3724=CIRCLE('',#3723,1.54979687);
#3725=EDGE_CURVE('',#3712,#3710,#3724,.T.);
#3726=ORIENTED_EDGE('',*,*,#3725,.F.);
#3727=EDGE_LOOP('',(#3719,#3726));
#3728=FACE_BOUND('',#3727,.T.);
#3729=CARTESIAN_POINT('',(35.791035102,1.950114529,15.821441755));
#3730=VERTEX_POINT('',#3729);
#3731=CARTESIAN_POINT('',(37.340831973,1.950114529,14.271644884));
#3732=VERTEX_POINT('',#3731);
#3733=CARTESIAN_POINT('',(37.340831973,1.950114529,15.821441755));
#3734=DIRECTION('',(-0.,1.,-0.));
#3735=DIRECTION('',(0.,0.,-1.));
#3736=AXIS2_PLACEMENT_3D('',#3733,#3734,#3735);
#3737=CIRCLE('',#3736,1.54979687);
#3738=EDGE_CURVE('',#3730,#3732,#3737,.T.);
#3739=ORIENTED_EDGE('',*,*,#3738,.F.);
#3740=CARTESIAN_POINT('',(37.340831973,1.950114529,15.821441755));
#3741=DIRECTION('',(-0.,1.,-0.));
#3742=DIRECTION('',(0.,0.,-1.));
#3743=AXIS2_PLACEMENT_3D('',#3740,#3741,#3742);
#3744=CIRCLE('',#3743,1.54979687);
#3745=EDGE_CURVE('',#3732,#3730,#3744,.T.);
#3746=ORIENTED_EDGE('',*,*,#3745,.F.);
#3747=EDGE_LOOP('',(#3739,#3746));
#3748=FACE_BOUND('',#3747,.T.);
#3749=CARTESIAN_POINT('',(-38.890628843,1.950114529,15.821441755));
#3750=VERTEX_POINT('',#3749);
#3751=CARTESIAN_POINT('',(-37.340831973,1.950114529,14.271644884));
#3752=VERTEX_POINT('',#3751);
#3753=CARTESIAN_POINT('',(-37.340831973,1.950114529,15.821441755));
#3754=DIRECTION('',(-0.,1.,-0.));
#3755=DIRECTION('',(0.,0.,-1.));
#3756=AXIS2_PLACEMENT_3D('',#3753,#3754,#3755);
#3757=CIRCLE('',#3756,1.54979687);
#3758=EDGE_CURVE('',#3750,#3752,#3757,.T.);
#3759=ORIENTED_EDGE('',*,*,#3758,.F.);
#3760=CARTESIAN_POINT('',(-37.340831973,1.950114529,15.821441755));
#3761=DIRECTION('',(-0.,1.,-0.));
#3762=DIRECTION('',(0.,0.,-1.));
#3763=AXIS2_PLACEMENT_3D('',#3760,#3761,#3762);
#3764=CIRCLE('',#3763,1.54979687);
#3765=EDGE_CURVE('',#3752,#3750,#3764,.T.);
#3766=ORIENTED_EDGE('',*,*,#3765,.F.);
#3767=EDGE_LOOP('',(#3759,#3766));
#3768=FACE_BOUND('',#3767,.T.);
#3769=CARTESIAN_POINT('',(44.111178492,1.950114529,40.210015182));
#3770=VERTEX_POINT('',#3769);
#3771=CARTESIAN_POINT('',(37.931178492,1.950114529,46.390015182));
#3772=VERTEX_POINT('',#3771);
#3773=CARTESIAN_POINT('',(37.931178492,1.950114529,40.210015182));
#3774=DIRECTION('',(0.,-1.,0.));
#3775=DIRECTION('',(0.,0.,-1.));
#3776=AXIS2_PLACEMENT_3D('',#3773,#3774,#3775);
#3777=CIRCLE('',#3776,6.18);
#3778=EDGE_CURVE('',#3770,#3772,#3777,.T.);
#3779=ORIENTED_EDGE('',*,*,#3778,.F.);
#3780=CARTESIAN_POINT('',(44.111178492,1.950114529,6.340146241));
#3781=VERTEX_POINT('',#3780);
#3782=CARTESIAN_POINT('',(44.111178492,1.950114529,6.340146241));
#3783=DIRECTION('',(-0.,0.,1.));
#3784=VECTOR('',#3783,33.869868941);
#3785=LINE('',#3782,#3784);
#3786=EDGE_CURVE('',#3781,#3770,#3785,.T.);
#3787=ORIENTED_EDGE('',*,*,#3786,.F.);
#3788=CARTESIAN_POINT('',(37.931178492,1.950114529,0.160146241));
#3789=VERTEX_POINT('',#3788);
#3790=CARTESIAN_POINT('',(37.931178492,1.950114529,6.340146241));
#3791=DIRECTION('',(0.,-1.,0.));
#3792=DIRECTION('',(0.,0.,-1.));
#3793=AXIS2_PLACEMENT_3D('',#3790,#3791,#3792);
#3794=CIRCLE('',#3793,6.18);
#3795=EDGE_CURVE('',#3789,#3781,#3794,.T.);
#3796=ORIENTED_EDGE('',*,*,#3795,.F.);
#3797=CARTESIAN_POINT('',(-37.931178492,1.950114529,0.160146241));
#3798=VERTEX_POINT('',#3797);
#3799=CARTESIAN_POINT('',(-37.931178492,1.950114529,0.160146241));
#3800=DIRECTION('',(1.,0.,-0.));
#3801=VECTOR('',#3800,75.862356984);
#3802=LINE('',#3799,#3801);
#3803=EDGE_CURVE('',#3798,#3789,#3802,.T.);
#3804=ORIENTED_EDGE('',*,*,#3803,.F.);
#3805=CARTESIAN_POINT('',(-44.111178492,1.950114529,6.340146241));
#3806=VERTEX_POINT('',#3805);
#3807=CARTESIAN_POINT('',(-37.931178492,1.950114529,6.340146241));
#3808=DIRECTION('',(0.,-1.,0.));
#3809=DIRECTION('',(0.,0.,-1.));
#3810=AXIS2_PLACEMENT_3D('',#3807,#3808,#3809);
#3811=CIRCLE('',#3810,6.18);
#3812=EDGE_CURVE('',#3806,#3798,#3811,.T.);
#3813=ORIENTED_EDGE('',*,*,#3812,.F.);
#3814=CARTESIAN_POINT('',(-44.111178492,1.950114529,40.210015182));
#3815=VERTEX_POINT('',#3814);
#3816=CARTESIAN_POINT('',(-44.111178492,1.950114529,40.210015182));
#3817=DIRECTION('',(0.,0.,-1.));
#3818=VECTOR('',#3817,33.869868941);
#3819=LINE('',#3816,#3818);
#3820=EDGE_CURVE('',#3815,#3806,#3819,.T.);
#3821=ORIENTED_EDGE('',*,*,#3820,.F.);
#3822=CARTESIAN_POINT('',(-37.931178492,1.950114529,46.390015182));
#3823=VERTEX_POINT('',#3822);
#3824=CARTESIAN_POINT('',(-37.931178492,1.950114529,40.210015182));
#3825=DIRECTION('',(0.,-1.,0.));
#3826=DIRECTION('',(0.,0.,-1.));
#3827=AXIS2_PLACEMENT_3D('',#3824,#3825,#3826);
#3828=CIRCLE('',#3827,6.18);
#3829=EDGE_CURVE('',#3823,#3815,#3828,.T.);
#3830=ORIENTED_EDGE('',*,*,#3829,.F.);
#3831=CARTESIAN_POINT('',(37.931178492,1.950114529,46.390015182));
#3832=DIRECTION('',(-1.,0.,0.));
#3833=VECTOR('',#3832,75.862356984);
#3834=LINE('',#3831,#3833);
#3835=EDGE_CURVE('',#3772,#3823,#3834,.T.);
#3836=ORIENTED_EDGE('',*,*,#3835,.F.);
#3837=EDGE_LOOP('',(#3779,#3787,#3796,#3804,#3813,#3821,#3830,#3836));
#3838=FACE_BOUND('',#3837,.T.);
#3839=CARTESIAN_POINT('',(-10.673798649,1.950114529,8.613414314));
#3840=VERTEX_POINT('',#3839);
#3841=CARTESIAN_POINT('',(-17.127066722,1.950114529,2.160146241));
#3842=VERTEX_POINT('',#3841);
#3843=CARTESIAN_POINT('',(-10.673798649,1.950114529,8.613414314));
#3844=DIRECTION('',(-0.707106781,-0.,-0.707106781));
#3845=VECTOR('',#3844,9.126299231);
#3846=LINE('',#3843,#3845);
#3847=EDGE_CURVE('',#3840,#3842,#3846,.T.);
#3848=ORIENTED_EDGE('',*,*,#3847,.T.);
#3849=CARTESIAN_POINT('',(-14.626590825,1.950114529,2.160146241));
#3850=VERTEX_POINT('',#3849);
#3851=CARTESIAN_POINT('',(-17.127066722,1.950114529,2.160146241));
#3852=DIRECTION('',(1.,-0.,0.));
#3853=VECTOR('',#3852,2.500475897);
#3854=LINE('',#3851,#3853);
#3855=EDGE_CURVE('',#3842,#3850,#3854,.T.);
#3856=ORIENTED_EDGE('',*,*,#3855,.T.);
#3857=CARTESIAN_POINT('',(-10.873910808,1.950114529,5.912826258));
#3858=VERTEX_POINT('',#3857);
#3859=CARTESIAN_POINT('',(-14.626590825,1.950114529,2.160146241));
#3860=DIRECTION('',(0.707106781,0.,0.707106781));
#3861=VECTOR('',#3860,5.307090975);
#3862=LINE('',#3859,#3861);
#3863=EDGE_CURVE('',#3850,#3858,#3862,.T.);
#3864=ORIENTED_EDGE('',*,*,#3863,.T.);
#3865=CARTESIAN_POINT('',(-7.555188566,1.950114529,7.024618811));
#3866=DIRECTION('',(-0.,-1.,-0.));
#3867=DIRECTION('',(0.,-0.,1.));
#3868=AXIS2_PLACEMENT_3D('',#3865,#3866,#3867);
#3869=CIRCLE('',#3868,3.5);
#3870=EDGE_CURVE('',#3840,#3858,#3869,.T.);
#3871=ORIENTED_EDGE('',*,*,#3870,.F.);
#3872=EDGE_LOOP('',(#3848,#3856,#3864,#3871));
#3873=FACE_BOUND('',#3872,.T.);
#3874=CARTESIAN_POINT('',(-9.699727048,1.950114529,4.258582893));
#3875=VERTEX_POINT('',#3874);
#3876=CARTESIAN_POINT('',(-11.7981637,1.950114529,2.160146241));
#3877=VERTEX_POINT('',#3876);
#3878=CARTESIAN_POINT('',(-9.699727048,1.950114529,4.258582893));
#3879=DIRECTION('',(-0.707106781,-0.,-0.707106781));
#3880=VECTOR('',#3879,2.967637573);
#3881=LINE('',#3878,#3880);
#3882=EDGE_CURVE('',#3875,#3877,#3881,.T.);
#3883=ORIENTED_EDGE('',*,*,#3882,.T.);
#3884=CARTESIAN_POINT('',(-9.297687803,1.950114529,2.160146241));
#3885=VERTEX_POINT('',#3884);
#3886=CARTESIAN_POINT('',(-11.7981637,1.950114529,2.160146241));
#3887=DIRECTION('',(1.,-0.,0.));
#3888=VECTOR('',#3887,2.500475897);
#3889=LINE('',#3886,#3888);
#3890=EDGE_CURVE('',#3877,#3885,#3889,.T.);
#3891=ORIENTED_EDGE('',*,*,#3890,.T.);
#3892=CARTESIAN_POINT('',(-7.914701997,1.950114529,3.543132046));
#3893=VERTEX_POINT('',#3892);
#3894=CARTESIAN_POINT('',(-9.297687803,1.950114529,2.160146241));
#3895=DIRECTION('',(0.707106781,0.,0.707106781));
#3896=VECTOR('',#3895,1.955837283);
#3897=LINE('',#3894,#3896);
#3898=EDGE_CURVE('',#3885,#3893,#3897,.T.);
#3899=ORIENTED_EDGE('',*,*,#3898,.T.);
#3900=CARTESIAN_POINT('',(-7.555188566,1.950114529,7.024618811));
#3901=DIRECTION('',(-0.,-1.,-0.));
#3902=DIRECTION('',(0.,-0.,1.));
#3903=AXIS2_PLACEMENT_3D('',#3900,#3901,#3902);
#3904=CIRCLE('',#3903,3.5);
#3905=EDGE_CURVE('',#3875,#3893,#3904,.T.);
#3906=ORIENTED_EDGE('',*,*,#3905,.F.);
#3907=EDGE_LOOP('',(#3883,#3891,#3899,#3906));
#3908=FACE_BOUND('',#3907,.T.);
#3909=CARTESIAN_POINT('',(-5.104788108,1.950114529,3.524618811));
#3910=VERTEX_POINT('',#3909);
#3911=CARTESIAN_POINT('',(-6.469260678,1.950114529,2.160146241));
#3912=VERTEX_POINT('',#3911);
#3913=CARTESIAN_POINT('',(-5.104788108,1.950114529,3.524618811));
#3914=DIRECTION('',(-0.707106781,-0.,-0.707106781));
#3915=VECTOR('',#3914,1.929655614);
#3916=LINE('',#3913,#3915);
#3917=EDGE_CURVE('',#3910,#3912,#3916,.T.);
#3918=ORIENTED_EDGE('',*,*,#3917,.T.);
#3919=CARTESIAN_POINT('',(-3.968784781,1.950114529,2.160146241));
#3920=VERTEX_POINT('',#3919);
#3921=CARTESIAN_POINT('',(-6.469260678,1.950114529,2.160146241));
#3922=DIRECTION('',(1.,-0.,0.));
#3923=VECTOR('',#3922,2.500475897);
#3924=LINE('',#3921,#3923);
#3925=EDGE_CURVE('',#3912,#3920,#3924,.T.);
#3926=ORIENTED_EDGE('',*,*,#3925,.T.);
#3927=CARTESIAN_POINT('',(-2.60431221,1.950114529,3.524618811));
#3928=VERTEX_POINT('',#3927);
#3929=CARTESIAN_POINT('',(-3.968784781,1.950114529,2.160146241));
#3930=DIRECTION('',(0.707106781,0.,0.707106781));
#3931=VECTOR('',#3930,1.929655614);
#3932=LINE('',#3929,#3931);
#3933=EDGE_CURVE('',#3920,#3928,#3932,.T.);
#3934=ORIENTED_EDGE('',*,*,#3933,.T.);
#3935=CARTESIAN_POINT('',(-5.104788108,1.950114529,3.524618811));
#3936=DIRECTION('',(1.,-0.,-0.));
#3937=VECTOR('',#3936,2.500475897);
#3938=LINE('',#3935,#3937);
#3939=EDGE_CURVE('',#3910,#3928,#3938,.T.);
#3940=ORIENTED_EDGE('',*,*,#3939,.F.);
#3941=EDGE_LOOP('',(#3918,#3926,#3934,#3940));
#3942=FACE_BOUND('',#3941,.T.);
#3943=CARTESIAN_POINT('',(0.224114914,1.950114529,3.524618811));
#3944=VERTEX_POINT('',#3943);
#3945=CARTESIAN_POINT('',(-1.140357656,1.950114529,2.160146241));
#3946=VERTEX_POINT('',#3945);
#3947=CARTESIAN_POINT('',(0.224114914,1.950114529,3.524618811));
#3948=DIRECTION('',(-0.707106781,-0.,-0.707106781));
#3949=VECTOR('',#3948,1.929655614);
#3950=LINE('',#3947,#3949);
#3951=EDGE_CURVE('',#3944,#3946,#3950,.T.);
#3952=ORIENTED_EDGE('',*,*,#3951,.T.);
#3953=CARTESIAN_POINT('',(1.360118242,1.950114529,2.160146241));
#3954=VERTEX_POINT('',#3953);
#3955=CARTESIAN_POINT('',(-1.140357656,1.950114529,2.160146241));
#3956=DIRECTION('',(1.,-0.,0.));
#3957=VECTOR('',#3956,2.500475897);
#3958=LINE('',#3955,#3957);
#3959=EDGE_CURVE('',#3946,#3954,#3958,.T.);
#3960=ORIENTED_EDGE('',*,*,#3959,.T.);
#3961=CARTESIAN_POINT('',(2.724590812,1.950114529,3.524618811));
#3962=VERTEX_POINT('',#3961);
#3963=CARTESIAN_POINT('',(1.360118242,1.950114529,2.160146241));
#3964=DIRECTION('',(0.707106781,0.,0.707106781));
#3965=VECTOR('',#3964,1.929655614);
#3966=LINE('',#3963,#3965);
#3967=EDGE_CURVE('',#3954,#3962,#3966,.T.);
#3968=ORIENTED_EDGE('',*,*,#3967,.T.);
#3969=CARTESIAN_POINT('',(0.224114914,1.950114529,3.524618811));
#3970=DIRECTION('',(1.,-0.,-0.));
#3971=VECTOR('',#3970,2.500475897);
#3972=LINE('',#3969,#3971);
#3973=EDGE_CURVE('',#3944,#3962,#3972,.T.);
#3974=ORIENTED_EDGE('',*,*,#3973,.F.);
#3975=EDGE_LOOP('',(#3952,#3960,#3968,#3974));
#3976=FACE_BOUND('',#3975,.T.);
#3977=CARTESIAN_POINT('',(5.553017936,1.950114529,3.524618811));
#3978=VERTEX_POINT('',#3977);
#3979=CARTESIAN_POINT('',(4.188545366,1.950114529,2.160146241));
#3980=VERTEX_POINT('',#3979);
#3981=CARTESIAN_POINT('',(5.553017936,1.950114529,3.524618811));
#3982=DIRECTION('',(-0.707106781,-0.,-0.707106781));
#3983=VECTOR('',#3982,1.929655614);
#3984=LINE('',#3981,#3983);
#3985=EDGE_CURVE('',#3978,#3980,#3984,.T.);
#3986=ORIENTED_EDGE('',*,*,#3985,.T.);
#3987=CARTESIAN_POINT('',(6.689021264,1.950114529,2.160146241));
#3988=VERTEX_POINT('',#3987);
#3989=CARTESIAN_POINT('',(4.188545366,1.950114529,2.160146241));
#3990=DIRECTION('',(1.,-0.,0.));
#3991=VECTOR('',#3990,2.500475897);
#3992=LINE('',#3989,#3991);
#3993=EDGE_CURVE('',#3980,#3988,#3992,.T.);
#3994=ORIENTED_EDGE('',*,*,#3993,.T.);
#3995=CARTESIAN_POINT('',(8.110390265,1.950114529,3.581515242));
#3996=VERTEX_POINT('',#3995);
#3997=CARTESIAN_POINT('',(6.689021264,1.950114529,2.160146241));
#3998=DIRECTION('',(0.707106781,0.,0.707106781));
#3999=VECTOR('',#3998,2.010119319);
#4000=LINE('',#3997,#3999);
#4001=EDGE_CURVE('',#3988,#3996,#4000,.T.);
#4002=ORIENTED_EDGE('',*,*,#4001,.T.);
#4003=CARTESIAN_POINT('',(7.481869927,1.950114529,3.524618811));
#4004=VERTEX_POINT('',#4003);
#4005=CARTESIAN_POINT('',(7.481869927,1.950114529,7.024618811));
#4006=DIRECTION('',(-0.,-1.,-0.));
#4007=DIRECTION('',(0.,-0.,1.));
#4008=AXIS2_PLACEMENT_3D('',#4005,#4006,#4007);
#4009=CIRCLE('',#4008,3.5);
#4010=EDGE_CURVE('',#4004,#3996,#4009,.T.);
#4011=ORIENTED_EDGE('',*,*,#4010,.F.);
#4012=CARTESIAN_POINT('',(5.553017936,1.950114529,3.524618811));
#4013=DIRECTION('',(1.,-0.,-0.));
#4014=VECTOR('',#4013,1.928851991);
#4015=LINE('',#4012,#4014);
#4016=EDGE_CURVE('',#3978,#4004,#4015,.T.);
#4017=ORIENTED_EDGE('',*,*,#4016,.F.);
#4018=EDGE_LOOP('',(#3986,#3994,#4002,#4011,#4017));
#4019=FACE_BOUND('',#4018,.T.);
#4020=ADVANCED_FACE('',(#2045,#2079,#2113,#2147,#2181,#2224,#2258,#2301,#2335,#2369,#2413,#2447,#2481,#2515,#2559,#2594,#2628,#2662,#2696,#2730,#2764,#2798,#2832,#2866,#2900,#2935,
#2978,#3013,#3048,#3083,#3126,#3160,#3194,#3229,#3264,#3299,#3342,#3376,#3410,#3445,#3480,#3514,#3549,#3583,#3618,#3688,#3708,#3728,#3748,#3768,#3838,
#3873,#3908,#3942,#3976,#4019),#2010,.F.);
#4021=CARTESIAN_POINT('',(-78.208902963,-0.049885471,-2.804232654));
#4022=DIRECTION('',(-0.707106781,-0.,0.707106781));
#4023=DIRECTION('',(0.707106781,0.,0.707106781));
#4024=AXIS2_PLACEMENT_3D('',#4021,#4022,#4023);
#4025=PLANE('',#4024);
#4026=ORIENTED_EDGE('',*,*,#3511,.F.);
#4027=CARTESIAN_POINT('',(-42.111178492,0.300114529,33.293491818));
#4028=DIRECTION('',(0.,1.,0.));
#4029=VECTOR('',#4028,1.65);
#4030=LINE('',#4027,#4029);
#4031=EDGE_CURVE('',#1982,#3500,#4030,.T.);
#4032=ORIENTED_EDGE('',*,*,#4031,.F.);
#4033=ORIENTED_EDGE('',*,*,#1987,.T.);
#4034=CARTESIAN_POINT('',(-31.014655128,0.300114529,44.390015182));
#4035=DIRECTION('',(0.,1.,0.));
#4036=VECTOR('',#4035,1.65);
#4037=LINE('',#4034,#4036);
#4038=EDGE_CURVE('',#1972,#3482,#4037,.T.);
#4039=ORIENTED_EDGE('',*,*,#4038,.T.);
#4040=EDGE_LOOP('',(#4026,#4032,#4033,#4039));
#4041=FACE_BOUND('',#4040,.T.);
#4042=ADVANCED_FACE('',(#4041),#4025,.T.);
#4043=CARTESIAN_POINT('',(-42.111178492,-0.049885471,6.340146241));
#4044=DIRECTION('',(1.,0.,0.));
#4045=DIRECTION('',(0.,0.,-1.));
#4046=AXIS2_PLACEMENT_3D('',#4043,#4044,#4045);
#4047=PLANE('',#4046);
#4048=ORIENTED_EDGE('',*,*,#1995,.T.);
#4049=ORIENTED_EDGE('',*,*,#4031,.T.);
#4050=ORIENTED_EDGE('',*,*,#3505,.F.);
#4051=CARTESIAN_POINT('',(-42.111178492,0.300114529,35.793967715));
#4052=DIRECTION('',(0.,1.,0.));
#4053=VECTOR('',#4052,1.65);
#4054=LINE('',#4051,#4053);
#4055=EDGE_CURVE('',#1990,#3492,#4054,.T.);
#4056=ORIENTED_EDGE('',*,*,#4055,.F.);
#4057=EDGE_LOOP('',(#4048,#4049,#4050,#4056));
#4058=FACE_BOUND('',#4057,.T.);
#4059=ADVANCED_FACE('',(#4058),#4047,.T.);
#4060=CARTESIAN_POINT('',(-28.55075213,-0.049885471,49.354394076));
#4061=DIRECTION('',(0.707106781,0.,-0.707106781));
#4062=DIRECTION('',(-0.707106781,0.,-0.707106781));
#4063=AXIS2_PLACEMENT_3D('',#4060,#4061,#4062);
#4064=PLANE('',#4063);
#4065=ORIENTED_EDGE('',*,*,#3497,.F.);
#4066=CARTESIAN_POINT('',(-33.515131025,0.300114529,44.390015182));
#4067=DIRECTION('',(0.,1.,0.));
#4068=VECTOR('',#4067,1.65);
#4069=LINE('',#4066,#4068);
#4070=EDGE_CURVE('',#1974,#3484,#4069,.T.);
#4071=ORIENTED_EDGE('',*,*,#4070,.F.);
#4072=ORIENTED_EDGE('',*,*,#2001,.T.);
#4073=ORIENTED_EDGE('',*,*,#4055,.T.);
#4074=EDGE_LOOP('',(#4065,#4071,#4072,#4073));
#4075=FACE_BOUND('',#4074,.T.);
#4076=ADVANCED_FACE('',(#4075),#4064,.T.);
#4077=CARTESIAN_POINT('',(37.931178492,-0.049885471,44.390015182));
#4078=DIRECTION('',(0.,0.,-1.));
#4079=DIRECTION('',(-1.,0.,0.));
#4080=AXIS2_PLACEMENT_3D('',#4077,#4078,#4079);
#4081=PLANE('',#4080);
#4082=ORIENTED_EDGE('',*,*,#4038,.F.);
#4083=ORIENTED_EDGE('',*,*,#1979,.T.);
#4084=ORIENTED_EDGE('',*,*,#4070,.T.);
#4085=ORIENTED_EDGE('',*,*,#3489,.F.);
#4086=EDGE_LOOP('',(#4082,#4083,#4084,#4085));
#4087=FACE_BOUND('',#4086,.T.);
#4088=ADVANCED_FACE('',(#4087),#4081,.T.);
#4089=CARTESIAN_POINT('',(-83.537805985,-0.049885471,-2.804232654));
#4090=DIRECTION('',(-0.707106781,-0.,0.707106781));
#4091=DIRECTION('',(0.707106781,0.,0.707106781));
#4092=AXIS2_PLACEMENT_3D('',#4089,#4090,#4091);
#4093=PLANE('',#4092);
#4094=ORIENTED_EDGE('',*,*,#3546,.F.);
#4095=CARTESIAN_POINT('',(-42.111178492,0.300114529,38.62239484));
#4096=DIRECTION('',(0.,1.,0.));
#4097=VECTOR('',#4096,1.65);
#4098=LINE('',#4095,#4097);
#4099=EDGE_CURVE('',#1947,#3535,#4098,.T.);
#4100=ORIENTED_EDGE('',*,*,#4099,.F.);
#4101=ORIENTED_EDGE('',*,*,#1952,.T.);
#4102=CARTESIAN_POINT('',(-36.34355815,0.300114529,44.390015182));
#4103=DIRECTION('',(0.,1.,0.));
#4104=VECTOR('',#4103,1.65);
#4105=LINE('',#4102,#4104);
#4106=EDGE_CURVE('',#1937,#3516,#4105,.T.);
#4107=ORIENTED_EDGE('',*,*,#4106,.T.);
#4108=EDGE_LOOP('',(#4094,#4100,#4101,#4107));
#4109=FACE_BOUND('',#4108,.T.);
#4110=ADVANCED_FACE('',(#4109),#4093,.T.);
#4111=CARTESIAN_POINT('',(-42.111178492,-0.049885471,6.340146241));
#4112=DIRECTION('',(1.,0.,0.));
#4113=DIRECTION('',(0.,0.,-1.));
#4114=AXIS2_PLACEMENT_3D('',#4111,#4112,#4113);
#4115=PLANE('',#4114);
#4116=ORIENTED_EDGE('',*,*,#1960,.T.);
#4117=ORIENTED_EDGE('',*,*,#4099,.T.);
#4118=ORIENTED_EDGE('',*,*,#3540,.F.);
#4119=CARTESIAN_POINT('',(-42.111178492,0.300114529,40.210015182));
#4120=DIRECTION('',(0.,1.,0.));
#4121=VECTOR('',#4120,1.65);
#4122=LINE('',#4119,#4121);
#4123=EDGE_CURVE('',#1955,#3526,#4122,.T.);
#4124=ORIENTED_EDGE('',*,*,#4123,.F.);
#4125=EDGE_LOOP('',(#4116,#4117,#4118,#4124));
#4126=FACE_BOUND('',#4125,.T.);
#4127=ADVANCED_FACE('',(#4126),#4115,.T.);
#4128=CARTESIAN_POINT('',(-37.931178492,-0.049885471,40.210015182));
#4129=DIRECTION('',(0.,1.,0.));
#4130=DIRECTION('',(0.,-0.,1.));
#4131=AXIS2_PLACEMENT_3D('',#4128,#4129,#4130);
#4132=CYLINDRICAL_SURFACE('',#4131,4.18);
#4133=ORIENTED_EDGE('',*,*,#3532,.F.);
#4134=CARTESIAN_POINT('',(-37.931178492,0.300114529,44.390015182));
#4135=DIRECTION('',(0.,1.,0.));
#4136=VECTOR('',#4135,1.65);
#4137=LINE('',#4134,#4136);
#4138=EDGE_CURVE('',#1939,#3518,#4137,.T.);
#4139=ORIENTED_EDGE('',*,*,#4138,.F.);
#4140=ORIENTED_EDGE('',*,*,#1967,.T.);
#4141=ORIENTED_EDGE('',*,*,#4123,.T.);
#4142=EDGE_LOOP('',(#4133,#4139,#4140,#4141));
#4143=FACE_BOUND('',#4142,.T.);
#4144=ADVANCED_FACE('',(#4143),#4132,.F.);
#4145=CARTESIAN_POINT('',(37.931178492,-0.049885471,44.390015182));
#4146=DIRECTION('',(0.,0.,-1.));
#4147=DIRECTION('',(-1.,0.,0.));
#4148=AXIS2_PLACEMENT_3D('',#4145,#4146,#4147);
#4149=PLANE('',#4148);
#4150=ORIENTED_EDGE('',*,*,#4106,.F.);
#4151=ORIENTED_EDGE('',*,*,#1944,.T.);
#4152=ORIENTED_EDGE('',*,*,#4138,.T.);
#4153=ORIENTED_EDGE('',*,*,#3523,.F.);
#4154=EDGE_LOOP('',(#4150,#4151,#4152,#4153));
#4155=FACE_BOUND('',#4154,.T.);
#4156=ADVANCED_FACE('',(#4155),#4149,.T.);
#4157=CARTESIAN_POINT('',(83.356211334,-0.049885471,49.354394076));
#4158=DIRECTION('',(0.707106781,0.,-0.707106781));
#4159=DIRECTION('',(-0.707106781,0.,-0.707106781));
#4160=AXIS2_PLACEMENT_3D('',#4157,#4158,#4159);
#4161=PLANE('',#4160);
#4162=ORIENTED_EDGE('',*,*,#3615,.F.);
#4163=CARTESIAN_POINT('',(42.111178492,0.300114529,8.109361234));
#4164=DIRECTION('',(0.,1.,0.));
#4165=VECTOR('',#4164,1.65);
#4166=LINE('',#4163,#4165);
#4167=EDGE_CURVE('',#1912,#3604,#4166,.T.);
#4168=ORIENTED_EDGE('',*,*,#4167,.F.);
#4169=ORIENTED_EDGE('',*,*,#1917,.T.);
#4170=CARTESIAN_POINT('',(36.161963499,0.300114529,2.160146241));
#4171=DIRECTION('',(0.,1.,0.));
#4172=VECTOR('',#4171,1.65);
#4173=LINE('',#4170,#4172);
#4174=EDGE_CURVE('',#1902,#3585,#4173,.T.);
#4175=ORIENTED_EDGE('',*,*,#4174,.T.);
#4176=EDGE_LOOP('',(#4162,#4168,#4169,#4175));
#4177=FACE_BOUND('',#4176,.T.);
#4178=ADVANCED_FACE('',(#4177),#4161,.T.);
#4179=CARTESIAN_POINT('',(42.111178492,-0.049885471,40.210015182));
#4180=DIRECTION('',(-1.,0.,-0.));
#4181=DIRECTION('',(-0.,0.,1.));
#4182=AXIS2_PLACEMENT_3D('',#4179,#4180,#4181);
#4183=PLANE('',#4182);
#4184=ORIENTED_EDGE('',*,*,#1925,.T.);
#4185=ORIENTED_EDGE('',*,*,#4167,.T.);
#4186=ORIENTED_EDGE('',*,*,#3609,.F.);
#4187=CARTESIAN_POINT('',(42.111178492,0.300114529,6.340146241));
#4188=DIRECTION('',(0.,1.,0.));
#4189=VECTOR('',#4188,1.65);
#4190=LINE('',#4187,#4189);
#4191=EDGE_CURVE('',#1920,#3595,#4190,.T.);
#4192=ORIENTED_EDGE('',*,*,#4191,.F.);
#4193=EDGE_LOOP('',(#4184,#4185,#4186,#4192));
#4194=FACE_BOUND('',#4193,.T.);
#4195=ADVANCED_FACE('',(#4194),#4183,.T.);
#4196=CARTESIAN_POINT('',(37.931178492,-0.049885471,6.340146241));
#4197=DIRECTION('',(0.,1.,0.));
#4198=DIRECTION('',(0.,-0.,1.));
#4199=AXIS2_PLACEMENT_3D('',#4196,#4197,#4198);
#4200=CYLINDRICAL_SURFACE('',#4199,4.18);
#4201=ORIENTED_EDGE('',*,*,#3601,.F.);
#4202=CARTESIAN_POINT('',(37.931178492,0.300114529,2.160146241));
#4203=DIRECTION('',(0.,1.,0.));
#4204=VECTOR('',#4203,1.65);
#4205=LINE('',#4202,#4204);
#4206=EDGE_CURVE('',#1904,#3587,#4205,.T.);
#4207=ORIENTED_EDGE('',*,*,#4206,.F.);
#4208=ORIENTED_EDGE('',*,*,#1932,.T.);
#4209=ORIENTED_EDGE('',*,*,#4191,.T.);
#4210=EDGE_LOOP('',(#4201,#4207,#4208,#4209));
#4211=FACE_BOUND('',#4210,.T.);
#4212=ADVANCED_FACE('',(#4211),#4200,.F.);
#4213=CARTESIAN_POINT('',(37.931178492,-0.049885471,2.160146241));
#4214=DIRECTION('',(0.,0.,1.));
#4215=DIRECTION('',(1.,0.,0.));
#4216=AXIS2_PLACEMENT_3D('',#4213,#4214,#4215);
#4217=PLANE('',#4216);
#4218=ORIENTED_EDGE('',*,*,#4174,.F.);
#4219=ORIENTED_EDGE('',*,*,#1909,.T.);
#4220=ORIENTED_EDGE('',*,*,#4206,.T.);
#4221=ORIENTED_EDGE('',*,*,#3592,.F.);
#4222=EDGE_LOOP('',(#4218,#4219,#4220,#4221));
#4223=FACE_BOUND('',#4222,.T.);
#4224=ADVANCED_FACE('',(#4223),#4217,.T.);
#4225=CARTESIAN_POINT('',(28.36915748,-0.049885471,-2.804232654));
#4226=DIRECTION('',(-0.707106781,-0.,0.707106781));
#4227=DIRECTION('',(0.707106781,0.,0.707106781));
#4228=AXIS2_PLACEMENT_3D('',#4225,#4226,#4227);
#4229=PLANE('',#4228);
#4230=ORIENTED_EDGE('',*,*,#3580,.F.);
#4231=CARTESIAN_POINT('',(33.333536374,0.300114529,2.160146241));
#4232=DIRECTION('',(0.,1.,0.));
#4233=VECTOR('',#4232,1.65);
#4234=LINE('',#4231,#4233);
#4235=EDGE_CURVE('',#1870,#3569,#4234,.T.);
#4236=ORIENTED_EDGE('',*,*,#4235,.F.);
#4237=ORIENTED_EDGE('',*,*,#1897,.T.);
#4238=CARTESIAN_POINT('',(42.111178492,0.300114529,10.937788358));
#4239=DIRECTION('',(0.,1.,0.));
#4240=VECTOR('',#4239,1.65);
#4241=LINE('',#4238,#4240);
#4242=EDGE_CURVE('',#1886,#3551,#4241,.T.);
#4243=ORIENTED_EDGE('',*,*,#4242,.T.);
#4244=EDGE_LOOP('',(#4230,#4236,#4237,#4243));
#4245=FACE_BOUND('',#4244,.T.);
#4246=ADVANCED_FACE('',(#4245),#4229,.T.);
#4247=CARTESIAN_POINT('',(37.931178492,-0.049885471,2.160146241));
#4248=DIRECTION('',(0.,0.,1.));
#4249=DIRECTION('',(1.,0.,0.));
#4250=AXIS2_PLACEMENT_3D('',#4247,#4248,#4249);
#4251=PLANE('',#4250);
#4252=ORIENTED_EDGE('',*,*,#1875,.T.);
#4253=ORIENTED_EDGE('',*,*,#4235,.T.);
#4254=ORIENTED_EDGE('',*,*,#3574,.F.);
#4255=CARTESIAN_POINT('',(30.833060477,0.300114529,2.160146241));
#4256=DIRECTION('',(0.,1.,0.));
#4257=VECTOR('',#4256,1.65);
#4258=LINE('',#4255,#4257);
#4259=EDGE_CURVE('',#1868,#3561,#4258,.T.);
#4260=ORIENTED_EDGE('',*,*,#4259,.F.);
#4261=EDGE_LOOP('',(#4252,#4253,#4254,#4260));
#4262=FACE_BOUND('',#4261,.T.);
#4263=ADVANCED_FACE('',(#4262),#4251,.T.);
#4264=CARTESIAN_POINT('',(78.027308312,-0.049885471,49.354394076));
#4265=DIRECTION('',(0.707106781,0.,-0.707106781));
#4266=DIRECTION('',(-0.707106781,0.,-0.707106781));
#4267=AXIS2_PLACEMENT_3D('',#4264,#4265,#4266);
#4268=PLANE('',#4267);
#4269=ORIENTED_EDGE('',*,*,#3566,.F.);
#4270=CARTESIAN_POINT('',(42.111178492,0.300114529,13.438264256));
#4271=DIRECTION('',(0.,1.,0.));
#4272=VECTOR('',#4271,1.65);
#4273=LINE('',#4270,#4272);
#4274=EDGE_CURVE('',#1878,#3553,#4273,.T.);
#4275=ORIENTED_EDGE('',*,*,#4274,.F.);
#4276=ORIENTED_EDGE('',*,*,#1883,.T.);
#4277=ORIENTED_EDGE('',*,*,#4259,.T.);
#4278=EDGE_LOOP('',(#4269,#4275,#4276,#4277));
#4279=FACE_BOUND('',#4278,.T.);
#4280=ADVANCED_FACE('',(#4279),#4268,.T.);
#4281=CARTESIAN_POINT('',(42.111178492,-0.049885471,40.210015182));
#4282=DIRECTION('',(-1.,0.,-0.));
#4283=DIRECTION('',(-0.,0.,1.));
#4284=AXIS2_PLACEMENT_3D('',#4281,#4282,#4283);
#4285=PLANE('',#4284);
#4286=ORIENTED_EDGE('',*,*,#4242,.F.);
#4287=ORIENTED_EDGE('',*,*,#1891,.T.);
#4288=ORIENTED_EDGE('',*,*,#4274,.T.);
#4289=ORIENTED_EDGE('',*,*,#3558,.F.);
#4290=EDGE_LOOP('',(#4286,#4287,#4288,#4289));
#4291=FACE_BOUND('',#4290,.T.);
#4292=ADVANCED_FACE('',(#4291),#4285,.T.);
#4293=CARTESIAN_POINT('',(-37.931178492,-0.049885471,40.210015182));
#4294=DIRECTION('',(0.,1.,0.));
#4295=DIRECTION('',(0.,-0.,1.));
#4296=AXIS2_PLACEMENT_3D('',#4293,#4294,#4295);
#4297=CYLINDRICAL_SURFACE('',#4296,6.18);
#4298=CARTESIAN_POINT('',(-37.931178492,0.300114529,46.390015182));
#4299=DIRECTION('',(0.,1.,0.));
#4300=VECTOR('',#4299,1.65);
#4301=LINE('',#4298,#4300);
#4302=EDGE_CURVE('',#1800,#3823,#4301,.T.);
#4303=ORIENTED_EDGE('',*,*,#4302,.T.);
#4304=ORIENTED_EDGE('',*,*,#3829,.T.);
#4305=CARTESIAN_POINT('',(-44.111178492,0.300114529,40.210015182));
#4306=DIRECTION('',(0.,1.,0.));
#4307=VECTOR('',#4306,1.65);
#4308=LINE('',#4305,#4307);
#4309=EDGE_CURVE('',#1808,#3815,#4308,.T.);
#4310=ORIENTED_EDGE('',*,*,#4309,.F.);
#4311=ORIENTED_EDGE('',*,*,#1814,.F.);
#4312=EDGE_LOOP('',(#4303,#4304,#4310,#4311));
#4313=FACE_BOUND('',#4312,.T.);
#4314=ADVANCED_FACE('',(#4313),#4297,.T.);
#4315=CARTESIAN_POINT('',(-44.111178492,-0.049885471,6.340146241));
#4316=DIRECTION('',(1.,0.,0.));
#4317=DIRECTION('',(0.,0.,-1.));
#4318=AXIS2_PLACEMENT_3D('',#4315,#4316,#4317);
#4319=PLANE('',#4318);
#4320=ORIENTED_EDGE('',*,*,#4309,.T.);
#4321=ORIENTED_EDGE('',*,*,#3820,.T.);
#4322=CARTESIAN_POINT('',(-44.111178492,0.300114529,6.340146241));
#4323=DIRECTION('',(0.,1.,0.));
#4324=VECTOR('',#4323,1.65);
#4325=LINE('',#4322,#4324);
#4326=EDGE_CURVE('',#1817,#3806,#4325,.T.);
#4327=ORIENTED_EDGE('',*,*,#4326,.F.);
#4328=ORIENTED_EDGE('',*,*,#1822,.F.);
#4329=EDGE_LOOP('',(#4320,#4321,#4327,#4328));
#4330=FACE_BOUND('',#4329,.T.);
#4331=ADVANCED_FACE('',(#4330),#4319,.F.);
#4332=CARTESIAN_POINT('',(-37.931178492,-0.049885471,6.340146241));
#4333=DIRECTION('',(0.,1.,0.));
#4334=DIRECTION('',(0.,-0.,1.));
#4335=AXIS2_PLACEMENT_3D('',#4332,#4333,#4334);
#4336=CYLINDRICAL_SURFACE('',#4335,6.18);
#4337=ORIENTED_EDGE('',*,*,#4326,.T.);
#4338=ORIENTED_EDGE('',*,*,#3812,.T.);
#4339=CARTESIAN_POINT('',(-37.931178492,0.300114529,0.160146241));
#4340=DIRECTION('',(0.,1.,0.));
#4341=VECTOR('',#4340,1.65);
#4342=LINE('',#4339,#4341);
#4343=EDGE_CURVE('',#1825,#3798,#4342,.T.);
#4344=ORIENTED_EDGE('',*,*,#4343,.F.);
#4345=ORIENTED_EDGE('',*,*,#1831,.F.);
#4346=EDGE_LOOP('',(#4337,#4338,#4344,#4345));
#4347=FACE_BOUND('',#4346,.T.);
#4348=ADVANCED_FACE('',(#4347),#4336,.T.);
#4349=CARTESIAN_POINT('',(37.931178492,-0.049885471,0.160146241));
#4350=DIRECTION('',(0.,0.,1.));
#4351=DIRECTION('',(1.,0.,0.));
#4352=AXIS2_PLACEMENT_3D('',#4349,#4350,#4351);
#4353=PLANE('',#4352);
#4354=ORIENTED_EDGE('',*,*,#4343,.T.);
#4355=ORIENTED_EDGE('',*,*,#3803,.T.);
#4356=CARTESIAN_POINT('',(37.931178492,0.300114529,0.160146241));
#4357=DIRECTION('',(0.,1.,0.));
#4358=VECTOR('',#4357,1.65);
#4359=LINE('',#4356,#4358);
#4360=EDGE_CURVE('',#1834,#3789,#4359,.T.);
#4361=ORIENTED_EDGE('',*,*,#4360,.F.);
#4362=ORIENTED_EDGE('',*,*,#1839,.F.);
#4363=EDGE_LOOP('',(#4354,#4355,#4361,#4362));
#4364=FACE_BOUND('',#4363,.T.);
#4365=ADVANCED_FACE('',(#4364),#4353,.F.);
#4366=CARTESIAN_POINT('',(37.931178492,-0.049885471,6.340146241));
#4367=DIRECTION('',(0.,1.,0.));
#4368=DIRECTION('',(0.,-0.,1.));
#4369=AXIS2_PLACEMENT_3D('',#4366,#4367,#4368);
#4370=CYLINDRICAL_SURFACE('',#4369,6.18);
#4371=ORIENTED_EDGE('',*,*,#4360,.T.);
#4372=ORIENTED_EDGE('',*,*,#3795,.T.);
#4373=CARTESIAN_POINT('',(44.111178492,0.300114529,6.340146241));
#4374=DIRECTION('',(0.,1.,0.));
#4375=VECTOR('',#4374,1.65);
#4376=LINE('',#4373,#4375);
#4377=EDGE_CURVE('',#1842,#3781,#4376,.T.);
#4378=ORIENTED_EDGE('',*,*,#4377,.F.);
#4379=ORIENTED_EDGE('',*,*,#1848,.F.);
#4380=EDGE_LOOP('',(#4371,#4372,#4378,#4379));
#4381=FACE_BOUND('',#4380,.T.);
#4382=ADVANCED_FACE('',(#4381),#4370,.T.);
#4383=CARTESIAN_POINT('',(44.111178492,-0.049885471,40.210015182));
#4384=DIRECTION('',(-1.,0.,-0.));
#4385=DIRECTION('',(-0.,0.,1.));
#4386=AXIS2_PLACEMENT_3D('',#4383,#4384,#4385);
#4387=PLANE('',#4386);
#4388=ORIENTED_EDGE('',*,*,#4377,.T.);
#4389=ORIENTED_EDGE('',*,*,#3786,.T.);
#4390=CARTESIAN_POINT('',(44.111178492,0.300114529,40.210015182));
#4391=DIRECTION('',(0.,1.,0.));
#4392=VECTOR('',#4391,1.65);
#4393=LINE('',#4390,#4392);
#4394=EDGE_CURVE('',#1851,#3770,#4393,.T.);
#4395=ORIENTED_EDGE('',*,*,#4394,.F.);
#4396=ORIENTED_EDGE('',*,*,#1856,.F.);
#4397=EDGE_LOOP('',(#4388,#4389,#4395,#4396));
#4398=FACE_BOUND('',#4397,.T.);
#4399=ADVANCED_FACE('',(#4398),#4387,.F.);
#4400=CARTESIAN_POINT('',(37.931178492,-0.049885471,40.210015182));
#4401=DIRECTION('',(0.,1.,0.));
#4402=DIRECTION('',(0.,-0.,1.));
#4403=AXIS2_PLACEMENT_3D('',#4400,#4401,#4402);
#4404=CYLINDRICAL_SURFACE('',#4403,6.18);
#4405=ORIENTED_EDGE('',*,*,#4394,.T.);
#4406=ORIENTED_EDGE('',*,*,#3778,.T.);
#4407=CARTESIAN_POINT('',(37.931178492,0.300114529,46.390015182));
#4408=DIRECTION('',(0.,1.,0.));
#4409=VECTOR('',#4408,1.65);
#4410=LINE('',#4407,#4409);
#4411=EDGE_CURVE('',#1798,#3772,#4410,.T.);
#4412=ORIENTED_EDGE('',*,*,#4411,.F.);
#4413=ORIENTED_EDGE('',*,*,#1863,.F.);
#4414=EDGE_LOOP('',(#4405,#4406,#4412,#4413));
#4415=FACE_BOUND('',#4414,.T.);
#4416=ADVANCED_FACE('',(#4415),#4404,.T.);
#4417=CARTESIAN_POINT('',(37.931178492,-0.049885471,46.390015182));
#4418=DIRECTION('',(0.,0.,-1.));
#4419=DIRECTION('',(-1.,0.,0.));
#4420=AXIS2_PLACEMENT_3D('',#4417,#4418,#4419);
#4421=PLANE('',#4420);
#4422=ORIENTED_EDGE('',*,*,#4411,.T.);
#4423=ORIENTED_EDGE('',*,*,#3835,.T.);
#4424=ORIENTED_EDGE('',*,*,#4302,.F.);
#4425=ORIENTED_EDGE('',*,*,#1805,.F.);
#4426=EDGE_LOOP('',(#4422,#4423,#4424,#4425));
#4427=FACE_BOUND('',#4426,.T.);
#4428=ADVANCED_FACE('',(#4427),#4421,.F.);
#4429=CARTESIAN_POINT('',(-40.835835397,5.950114529,30.858500248));
#4430=DIRECTION('',(1.,-0.,0.));
#4431=DIRECTION('',(0.,1.,0.));
#4432=AXIS2_PLACEMENT_3D('',#4429,#4430,#4431);
#4433=PLANE('',#4432);
#4434=ORIENTED_EDGE('',*,*,#3339,.F.);
#4435=CARTESIAN_POINT('',(-40.835835397,0.300114529,29.23993189));
#4436=DIRECTION('',(0.,1.,0.));
#4437=VECTOR('',#4436,1.65);
#4438=LINE('',#4435,#4437);
#4439=EDGE_CURVE('',#1755,#3328,#4438,.T.);
#4440=ORIENTED_EDGE('',*,*,#4439,.F.);
#4441=ORIENTED_EDGE('',*,*,#1762,.T.);
#4442=CARTESIAN_POINT('',(-40.835835397,1.950114529,30.858500248));
#4443=DIRECTION('',(-0.,-1.,0.));
#4444=VECTOR('',#4443,1.65);
#4445=LINE('',#4442,#4444);
#4446=EDGE_CURVE('',#3301,#1757,#4445,.T.);
#4447=ORIENTED_EDGE('',*,*,#4446,.F.);
#4448=EDGE_LOOP('',(#4434,#4440,#4441,#4447));
#4449=FACE_BOUND('',#4448,.T.);
#4450=ADVANCED_FACE('',(#4449),#4433,.F.);
#4451=CARTESIAN_POINT('',(-72.879999941,-0.049885471,-2.804232654));
#4452=DIRECTION('',(-0.707106781,-0.,0.707106781));
#4453=DIRECTION('',(0.707106781,0.,0.707106781));
#4454=AXIS2_PLACEMENT_3D('',#4451,#4452,#4453);
#4455=PLANE('',#4454);
#4456=ORIENTED_EDGE('',*,*,#1770,.T.);
#4457=ORIENTED_EDGE('',*,*,#4439,.T.);
#4458=ORIENTED_EDGE('',*,*,#3333,.F.);
#4459=CARTESIAN_POINT('',(-42.111178492,0.300114529,27.964588795));
#4460=DIRECTION('',(0.,1.,0.));
#4461=VECTOR('',#4460,1.65);
#4462=LINE('',#4459,#4461);
#4463=EDGE_CURVE('',#1765,#3320,#4462,.T.);
#4464=ORIENTED_EDGE('',*,*,#4463,.F.);
#4465=EDGE_LOOP('',(#4456,#4457,#4458,#4464));
#4466=FACE_BOUND('',#4465,.T.);
#4467=ADVANCED_FACE('',(#4466),#4455,.T.);
#4468=CARTESIAN_POINT('',(-42.111178492,-0.049885471,6.340146241));
#4469=DIRECTION('',(1.,0.,0.));
#4470=DIRECTION('',(0.,0.,-1.));
#4471=AXIS2_PLACEMENT_3D('',#4468,#4469,#4470);
#4472=PLANE('',#4471);
#4473=ORIENTED_EDGE('',*,*,#1778,.T.);
#4474=ORIENTED_EDGE('',*,*,#4463,.T.);
#4475=ORIENTED_EDGE('',*,*,#3325,.F.);
#4476=CARTESIAN_POINT('',(-42.111178492,0.300114529,30.465064693));
#4477=DIRECTION('',(0.,1.,0.));
#4478=VECTOR('',#4477,1.65);
#4479=LINE('',#4476,#4478);
#4480=EDGE_CURVE('',#1773,#3312,#4479,.T.);
#4481=ORIENTED_EDGE('',*,*,#4480,.F.);
#4482=EDGE_LOOP('',(#4473,#4474,#4475,#4481));
#4483=FACE_BOUND('',#4482,.T.);
#4484=ADVANCED_FACE('',(#4483),#4472,.T.);
#4485=CARTESIAN_POINT('',(-23.221849108,-0.049885471,49.354394076));
#4486=DIRECTION('',(0.707106781,0.,-0.707106781));
#4487=DIRECTION('',(-0.707106781,0.,-0.707106781));
#4488=AXIS2_PLACEMENT_3D('',#4485,#4486,#4487);
#4489=PLANE('',#4488);
#4490=ORIENTED_EDGE('',*,*,#3317,.F.);
#4491=CARTESIAN_POINT('',(-40.677754665,1.950114529,31.898488519));
#4492=DIRECTION('',(-0.,-1.,0.));
#4493=VECTOR('',#4492,1.65);
#4494=LINE('',#4491,#4493);
#4495=EDGE_CURVE('',#3303,#1781,#4494,.T.);
#4496=ORIENTED_EDGE('',*,*,#4495,.T.);
#4497=ORIENTED_EDGE('',*,*,#1786,.T.);
#4498=ORIENTED_EDGE('',*,*,#4480,.T.);
#4499=EDGE_LOOP('',(#4490,#4496,#4497,#4498));
#4500=FACE_BOUND('',#4499,.T.);
#4501=ADVANCED_FACE('',(#4500),#4489,.T.);
#4502=CARTESIAN_POINT('',(-37.335835397,5.950114529,30.858500248));
#4503=DIRECTION('',(-0.,-1.,0.));
#4504=DIRECTION('',(1.,-0.,0.));
#4505=AXIS2_PLACEMENT_3D('',#4502,#4503,#4504);
#4506=CYLINDRICAL_SURFACE('',#4505,3.5);
#4507=ORIENTED_EDGE('',*,*,#3309,.F.);
#4508=ORIENTED_EDGE('',*,*,#4446,.T.);
#4509=ORIENTED_EDGE('',*,*,#1793,.T.);
#4510=ORIENTED_EDGE('',*,*,#4495,.F.);
#4511=EDGE_LOOP('',(#4507,#4508,#4509,#4510));
#4512=FACE_BOUND('',#4511,.T.);
#4513=ADVANCED_FACE('',(#4512),#4506,.T.);
#4514=CARTESIAN_POINT('',(-67.551096919,-0.049885471,-2.804232654));
#4515=DIRECTION('',(-0.707106781,-0.,0.707106781));
#4516=DIRECTION('',(0.707106781,0.,0.707106781));
#4517=AXIS2_PLACEMENT_3D('',#4514,#4515,#4516);
#4518=PLANE('',#4517);
#4519=ORIENTED_EDGE('',*,*,#1736,.T.);
#4520=CARTESIAN_POINT('',(-40.835835397,0.300114529,23.911028868));
#4521=DIRECTION('',(0.,1.,0.));
#4522=VECTOR('',#4521,1.65);
#4523=LINE('',#4520,#4522);
#4524=EDGE_CURVE('',#1721,#3344,#4523,.T.);
#4525=ORIENTED_EDGE('',*,*,#4524,.T.);
#4526=ORIENTED_EDGE('',*,*,#3373,.F.);
#4527=CARTESIAN_POINT('',(-42.111178492,0.300114529,22.635685773));
#4528=DIRECTION('',(0.,1.,0.));
#4529=VECTOR('',#4528,1.65);
#4530=LINE('',#4527,#4529);
#4531=EDGE_CURVE('',#1731,#3362,#4530,.T.);
#4532=ORIENTED_EDGE('',*,*,#4531,.F.);
#4533=EDGE_LOOP('',(#4519,#4525,#4526,#4532));
#4534=FACE_BOUND('',#4533,.T.);
#4535=ADVANCED_FACE('',(#4534),#4518,.T.);
#4536=CARTESIAN_POINT('',(-42.111178492,-0.049885471,6.340146241));
#4537=DIRECTION('',(1.,0.,0.));
#4538=DIRECTION('',(0.,0.,-1.));
#4539=AXIS2_PLACEMENT_3D('',#4536,#4537,#4538);
#4540=PLANE('',#4539);
#4541=ORIENTED_EDGE('',*,*,#1744,.T.);
#4542=ORIENTED_EDGE('',*,*,#4531,.T.);
#4543=ORIENTED_EDGE('',*,*,#3367,.F.);
#4544=CARTESIAN_POINT('',(-42.111178492,0.300114529,25.136161671));
#4545=DIRECTION('',(0.,1.,0.));
#4546=VECTOR('',#4545,1.65);
#4547=LINE('',#4544,#4546);
#4548=EDGE_CURVE('',#1739,#3354,#4547,.T.);
#4549=ORIENTED_EDGE('',*,*,#4548,.F.);
#4550=EDGE_LOOP('',(#4541,#4542,#4543,#4549));
#4551=FACE_BOUND('',#4550,.T.);
#4552=ADVANCED_FACE('',(#4551),#4540,.T.);
#4553=CARTESIAN_POINT('',(-17.892946086,-0.049885471,49.354394076));
#4554=DIRECTION('',(0.707106781,0.,-0.707106781));
#4555=DIRECTION('',(-0.707106781,0.,-0.707106781));
#4556=AXIS2_PLACEMENT_3D('',#4553,#4554,#4555);
#4557=PLANE('',#4556);
#4558=ORIENTED_EDGE('',*,*,#3359,.F.);
#4559=CARTESIAN_POINT('',(-40.835835397,1.950114529,26.411504765));
#4560=DIRECTION('',(-0.,-1.,-0.));
#4561=VECTOR('',#4560,1.65);
#4562=LINE('',#4559,#4561);
#4563=EDGE_CURVE('',#3346,#1723,#4562,.T.);
#4564=ORIENTED_EDGE('',*,*,#4563,.T.);
#4565=ORIENTED_EDGE('',*,*,#1750,.T.);
#4566=ORIENTED_EDGE('',*,*,#4548,.T.);
#4567=EDGE_LOOP('',(#4558,#4564,#4565,#4566));
#4568=FACE_BOUND('',#4567,.T.);
#4569=ADVANCED_FACE('',(#4568),#4557,.T.);
#4570=CARTESIAN_POINT('',(-40.835835397,5.950114529,30.858500248));
#4571=DIRECTION('',(1.,-0.,0.));
#4572=DIRECTION('',(0.,1.,0.));
#4573=AXIS2_PLACEMENT_3D('',#4570,#4571,#4572);
#4574=PLANE('',#4573);
#4575=ORIENTED_EDGE('',*,*,#3351,.F.);
#4576=ORIENTED_EDGE('',*,*,#4524,.F.);
#4577=ORIENTED_EDGE('',*,*,#1728,.T.);
#4578=ORIENTED_EDGE('',*,*,#4563,.F.);
#4579=EDGE_LOOP('',(#4575,#4576,#4577,#4578));
#4580=FACE_BOUND('',#4579,.T.);
#4581=ADVANCED_FACE('',(#4580),#4574,.F.);
#4582=CARTESIAN_POINT('',(-72.879999941,-0.049885471,-2.804232654));
#4583=DIRECTION('',(-0.707106781,-0.,0.707106781));
#4584=DIRECTION('',(0.707106781,0.,0.707106781));
#4585=AXIS2_PLACEMENT_3D('',#4582,#4583,#4584);
#4586=PLANE('',#4585);
#4587=ORIENTED_EDGE('',*,*,#3296,.F.);
#4588=CARTESIAN_POINT('',(-35.987434851,1.950114529,34.088332436));
#4589=DIRECTION('',(-0.,-1.,0.));
#4590=VECTOR('',#4589,1.65);
#4591=LINE('',#4588,#4590);
#4592=EDGE_CURVE('',#3284,#1686,#4591,.T.);
#4593=ORIENTED_EDGE('',*,*,#4592,.T.);
#4594=ORIENTED_EDGE('',*,*,#1693,.T.);
#4595=CARTESIAN_POINT('',(-25.685752106,0.300114529,44.390015182));
#4596=DIRECTION('',(0.,1.,0.));
#4597=VECTOR('',#4596,1.65);
#4598=LINE('',#4595,#4597);
#4599=EDGE_CURVE('',#1688,#3266,#4598,.T.);
#4600=ORIENTED_EDGE('',*,*,#4599,.T.);
#4601=EDGE_LOOP('',(#4587,#4593,#4594,#4600));
#4602=FACE_BOUND('',#4601,.T.);
#4603=ADVANCED_FACE('',(#4602),#4586,.T.);
#4604=CARTESIAN_POINT('',(-37.335835397,5.950114529,30.858500248));
#4605=DIRECTION('',(-0.,-1.,0.));
#4606=DIRECTION('',(1.,-0.,0.));
#4607=AXIS2_PLACEMENT_3D('',#4604,#4605,#4606);
#4608=CYLINDRICAL_SURFACE('',#4607,3.5);
#4609=ORIENTED_EDGE('',*,*,#3290,.F.);
#4610=CARTESIAN_POINT('',(-38.375823669,0.300114529,34.200419516));
#4611=DIRECTION('',(0.,1.,-0.));
#4612=VECTOR('',#4611,1.65);
#4613=LINE('',#4610,#4612);
#4614=EDGE_CURVE('',#1696,#3276,#4613,.T.);
#4615=ORIENTED_EDGE('',*,*,#4614,.F.);
#4616=ORIENTED_EDGE('',*,*,#1702,.T.);
#4617=ORIENTED_EDGE('',*,*,#4592,.F.);
#4618=EDGE_LOOP('',(#4609,#4615,#4616,#4617));
#4619=FACE_BOUND('',#4618,.T.);
#4620=ADVANCED_FACE('',(#4619),#4608,.T.);
#4621=CARTESIAN_POINT('',(-23.221849108,-0.049885471,49.354394076));
#4622=DIRECTION('',(0.707106781,0.,-0.707106781));
#4623=DIRECTION('',(-0.707106781,0.,-0.707106781));
#4624=AXIS2_PLACEMENT_3D('',#4621,#4622,#4623);
#4625=PLANE('',#4624);
#4626=ORIENTED_EDGE('',*,*,#1710,.T.);
#4627=ORIENTED_EDGE('',*,*,#4614,.T.);
#4628=ORIENTED_EDGE('',*,*,#3281,.F.);
#4629=CARTESIAN_POINT('',(-28.186228003,0.300114529,44.390015182));
#4630=DIRECTION('',(0.,1.,0.));
#4631=VECTOR('',#4630,1.65);
#4632=LINE('',#4629,#4631);
#4633=EDGE_CURVE('',#1705,#3268,#4632,.T.);
#4634=ORIENTED_EDGE('',*,*,#4633,.F.);
#4635=EDGE_LOOP('',(#4626,#4627,#4628,#4634));
#4636=FACE_BOUND('',#4635,.T.);
#4637=ADVANCED_FACE('',(#4636),#4625,.T.);
#4638=CARTESIAN_POINT('',(37.931178492,-0.049885471,44.390015182));
#4639=DIRECTION('',(0.,0.,-1.));
#4640=DIRECTION('',(-1.,0.,0.));
#4641=AXIS2_PLACEMENT_3D('',#4638,#4639,#4640);
#4642=PLANE('',#4641);
#4643=ORIENTED_EDGE('',*,*,#4599,.F.);
#4644=ORIENTED_EDGE('',*,*,#1716,.T.);
#4645=ORIENTED_EDGE('',*,*,#4633,.T.);
#4646=ORIENTED_EDGE('',*,*,#3273,.F.);
#4647=EDGE_LOOP('',(#4643,#4644,#4645,#4646));
#4648=FACE_BOUND('',#4647,.T.);
#4649=ADVANCED_FACE('',(#4648),#4642,.T.);
#4650=CARTESIAN_POINT('',(-62.222193897,-0.049885471,-2.804232654));
#4651=DIRECTION('',(-0.707106781,-0.,0.707106781));
#4652=DIRECTION('',(0.707106781,0.,0.707106781));
#4653=AXIS2_PLACEMENT_3D('',#4650,#4651,#4652);
#4654=PLANE('',#4653);
#4655=ORIENTED_EDGE('',*,*,#1667,.T.);
#4656=CARTESIAN_POINT('',(-40.835835397,0.300114529,18.582125846));
#4657=DIRECTION('',(0.,1.,0.));
#4658=VECTOR('',#4657,1.65);
#4659=LINE('',#4656,#4658);
#4660=EDGE_CURVE('',#1652,#3378,#4659,.T.);
#4661=ORIENTED_EDGE('',*,*,#4660,.T.);
#4662=ORIENTED_EDGE('',*,*,#3407,.F.);
#4663=CARTESIAN_POINT('',(-42.111178492,0.300114529,17.306782751));
#4664=DIRECTION('',(0.,1.,0.));
#4665=VECTOR('',#4664,1.65);
#4666=LINE('',#4663,#4665);
#4667=EDGE_CURVE('',#1662,#3396,#4666,.T.);
#4668=ORIENTED_EDGE('',*,*,#4667,.F.);
#4669=EDGE_LOOP('',(#4655,#4661,#4662,#4668));
#4670=FACE_BOUND('',#4669,.T.);
#4671=ADVANCED_FACE('',(#4670),#4654,.T.);
#4672=CARTESIAN_POINT('',(-42.111178492,-0.049885471,6.340146241));
#4673=DIRECTION('',(1.,0.,0.));
#4674=DIRECTION('',(0.,0.,-1.));
#4675=AXIS2_PLACEMENT_3D('',#4672,#4673,#4674);
#4676=PLANE('',#4675);
#4677=CARTESIAN_POINT('',(-42.111178492,0.300114529,19.807258648));
#4678=DIRECTION('',(0.,1.,0.));
#4679=VECTOR('',#4678,1.65);
#4680=LINE('',#4677,#4679);
#4681=EDGE_CURVE('',#1670,#3388,#4680,.T.);
#4682=ORIENTED_EDGE('',*,*,#4681,.F.);
#4683=ORIENTED_EDGE('',*,*,#1675,.T.);
#4684=ORIENTED_EDGE('',*,*,#4667,.T.);
#4685=ORIENTED_EDGE('',*,*,#3401,.F.);
#4686=EDGE_LOOP('',(#4682,#4683,#4684,#4685));
#4687=FACE_BOUND('',#4686,.T.);
#4688=ADVANCED_FACE('',(#4687),#4676,.T.);
#4689=CARTESIAN_POINT('',(-12.564043064,-0.049885471,49.354394076));
#4690=DIRECTION('',(0.707106781,0.,-0.707106781));
#4691=DIRECTION('',(-0.707106781,0.,-0.707106781));
#4692=AXIS2_PLACEMENT_3D('',#4689,#4690,#4691);
#4693=PLANE('',#4692);
#4694=ORIENTED_EDGE('',*,*,#3393,.F.);
#4695=CARTESIAN_POINT('',(-40.835835397,1.950114529,21.082601743));
#4696=DIRECTION('',(-0.,-1.,-0.));
#4697=VECTOR('',#4696,1.65);
#4698=LINE('',#4695,#4697);
#4699=EDGE_CURVE('',#3380,#1654,#4698,.T.);
#4700=ORIENTED_EDGE('',*,*,#4699,.T.);
#4701=ORIENTED_EDGE('',*,*,#1681,.T.);
#4702=ORIENTED_EDGE('',*,*,#4681,.T.);
#4703=EDGE_LOOP('',(#4694,#4700,#4701,#4702));
#4704=FACE_BOUND('',#4703,.T.);
#4705=ADVANCED_FACE('',(#4704),#4693,.T.);
#4706=CARTESIAN_POINT('',(-40.835835397,5.950114529,30.858500248));
#4707=DIRECTION('',(1.,-0.,0.));
#4708=DIRECTION('',(0.,1.,0.));
#4709=AXIS2_PLACEMENT_3D('',#4706,#4707,#4708);
#4710=PLANE('',#4709);
#4711=ORIENTED_EDGE('',*,*,#3385,.F.);
#4712=ORIENTED_EDGE('',*,*,#4660,.F.);
#4713=ORIENTED_EDGE('',*,*,#1659,.T.);
#4714=ORIENTED_EDGE('',*,*,#4699,.F.);
#4715=EDGE_LOOP('',(#4711,#4712,#4713,#4714));
#4716=FACE_BOUND('',#4715,.T.);
#4717=ADVANCED_FACE('',(#4716),#4710,.F.);
#4718=CARTESIAN_POINT('',(-56.893290875,-0.049885471,-2.804232654));
#4719=DIRECTION('',(-0.707106781,-0.,0.707106781));
#4720=DIRECTION('',(0.707106781,0.,0.707106781));
#4721=AXIS2_PLACEMENT_3D('',#4718,#4719,#4720);
#4722=PLANE('',#4721);
#4723=ORIENTED_EDGE('',*,*,#1633,.T.);
#4724=CARTESIAN_POINT('',(-40.232352602,0.300114529,13.856705619));
#4725=DIRECTION('',(0.,1.,-0.));
#4726=VECTOR('',#4725,1.65);
#4727=LINE('',#4724,#4726);
#4728=EDGE_CURVE('',#1617,#3412,#4727,.T.);
#4729=ORIENTED_EDGE('',*,*,#4728,.T.);
#4730=ORIENTED_EDGE('',*,*,#3442,.F.);
#4731=CARTESIAN_POINT('',(-42.111178492,0.300114529,11.977879729));
#4732=DIRECTION('',(0.,1.,0.));
#4733=VECTOR('',#4732,1.65);
#4734=LINE('',#4731,#4733);
#4735=EDGE_CURVE('',#1628,#3431,#4734,.T.);
#4736=ORIENTED_EDGE('',*,*,#4735,.F.);
#4737=EDGE_LOOP('',(#4723,#4729,#4730,#4736));
#4738=FACE_BOUND('',#4737,.T.);
#4739=ADVANCED_FACE('',(#4738),#4722,.T.);
#4740=CARTESIAN_POINT('',(-42.111178492,-0.049885471,6.340146241));
#4741=DIRECTION('',(1.,0.,0.));
#4742=DIRECTION('',(0.,0.,-1.));
#4743=AXIS2_PLACEMENT_3D('',#4740,#4741,#4742);
#4744=PLANE('',#4743);
#4745=CARTESIAN_POINT('',(-42.111178492,0.300114529,14.478355626));
#4746=DIRECTION('',(0.,1.,0.));
#4747=VECTOR('',#4746,1.65);
#4748=LINE('',#4745,#4747);
#4749=EDGE_CURVE('',#1636,#3423,#4748,.T.);
#4750=ORIENTED_EDGE('',*,*,#4749,.F.);
#4751=ORIENTED_EDGE('',*,*,#1641,.T.);
#4752=ORIENTED_EDGE('',*,*,#4735,.T.);
#4753=ORIENTED_EDGE('',*,*,#3436,.F.);
#4754=EDGE_LOOP('',(#4750,#4751,#4752,#4753));
#4755=FACE_BOUND('',#4754,.T.);
#4756=ADVANCED_FACE('',(#4755),#4744,.T.);
#4757=CARTESIAN_POINT('',(-7.235140042,-0.049885471,49.354394076));
#4758=DIRECTION('',(0.707106781,0.,-0.707106781));
#4759=DIRECTION('',(-0.707106781,0.,-0.707106781));
#4760=AXIS2_PLACEMENT_3D('',#4757,#4758,#4759);
#4761=PLANE('',#4760);
#4762=ORIENTED_EDGE('',*,*,#3428,.F.);
#4763=CARTESIAN_POINT('',(-40.835192141,1.950114529,15.754341977));
#4764=DIRECTION('',(-0.,-1.,0.));
#4765=VECTOR('',#4764,1.65);
#4766=LINE('',#4763,#4765);
#4767=EDGE_CURVE('',#3414,#1619,#4766,.T.);
#4768=ORIENTED_EDGE('',*,*,#4767,.T.);
#4769=ORIENTED_EDGE('',*,*,#1647,.T.);
#4770=ORIENTED_EDGE('',*,*,#4749,.T.);
#4771=EDGE_LOOP('',(#4762,#4768,#4769,#4770));
#4772=FACE_BOUND('',#4771,.T.);
#4773=ADVANCED_FACE('',(#4772),#4761,.T.);
#4774=CARTESIAN_POINT('',(-37.335835397,5.950114529,15.821441755));
#4775=DIRECTION('',(-0.,-1.,0.));
#4776=DIRECTION('',(1.,-0.,0.));
#4777=AXIS2_PLACEMENT_3D('',#4774,#4775,#4776);
#4778=CYLINDRICAL_SURFACE('',#4777,3.5);
#4779=ORIENTED_EDGE('',*,*,#3420,.F.);
#4780=ORIENTED_EDGE('',*,*,#4728,.F.);
#4781=ORIENTED_EDGE('',*,*,#1625,.T.);
#4782=ORIENTED_EDGE('',*,*,#4767,.F.);
#4783=EDGE_LOOP('',(#4779,#4780,#4781,#4782));
#4784=FACE_BOUND('',#4783,.T.);
#4785=ADVANCED_FACE('',(#4784),#4778,.T.);
#4786=CARTESIAN_POINT('',(-51.564387852,-0.049885471,-2.804232654));
#4787=DIRECTION('',(-0.707106781,-0.,0.707106781));
#4788=DIRECTION('',(0.707106781,0.,0.707106781));
#4789=AXIS2_PLACEMENT_3D('',#4786,#4787,#4788);
#4790=PLANE('',#4789);
#4791=ORIENTED_EDGE('',*,*,#1598,.T.);
#4792=CARTESIAN_POINT('',(-36.273641277,0.300114529,12.486513922));
#4793=DIRECTION('',(0.,1.,-0.));
#4794=VECTOR('',#4793,1.65);
#4795=LINE('',#4792,#4794);
#4796=EDGE_CURVE('',#1582,#3447,#4795,.T.);
#4797=ORIENTED_EDGE('',*,*,#4796,.T.);
#4798=ORIENTED_EDGE('',*,*,#3477,.F.);
#4799=CARTESIAN_POINT('',(-42.111178492,0.300114529,6.648976707));
#4800=DIRECTION('',(0.,1.,0.));
#4801=VECTOR('',#4800,1.65);
#4802=LINE('',#4799,#4801);
#4803=EDGE_CURVE('',#1593,#3466,#4802,.T.);
#4804=ORIENTED_EDGE('',*,*,#4803,.F.);
#4805=EDGE_LOOP('',(#4791,#4797,#4798,#4804));
#4806=FACE_BOUND('',#4805,.T.);
#4807=ADVANCED_FACE('',(#4806),#4790,.T.);
#4808=CARTESIAN_POINT('',(-42.111178492,-0.049885471,6.340146241));
#4809=DIRECTION('',(1.,0.,0.));
#4810=DIRECTION('',(0.,0.,-1.));
#4811=AXIS2_PLACEMENT_3D('',#4808,#4809,#4810);
#4812=PLANE('',#4811);
#4813=ORIENTED_EDGE('',*,*,#1606,.T.);
#4814=ORIENTED_EDGE('',*,*,#4803,.T.);
#4815=ORIENTED_EDGE('',*,*,#3471,.F.);
#4816=CARTESIAN_POINT('',(-42.111178492,0.300114529,9.149452604));
#4817=DIRECTION('',(0.,1.,0.));
#4818=VECTOR('',#4817,1.65);
#4819=LINE('',#4816,#4818);
#4820=EDGE_CURVE('',#1601,#3458,#4819,.T.);
#4821=ORIENTED_EDGE('',*,*,#4820,.F.);
#4822=EDGE_LOOP('',(#4813,#4814,#4815,#4821));
#4823=FACE_BOUND('',#4822,.T.);
#4824=ADVANCED_FACE('',(#4823),#4812,.T.);
#4825=CARTESIAN_POINT('',(-1.90623702,-0.049885471,49.354394076));
#4826=DIRECTION('',(0.707106781,0.,-0.707106781));
#4827=DIRECTION('',(-0.707106781,0.,-0.707106781));
#4828=AXIS2_PLACEMENT_3D('',#4825,#4826,#4827);
#4829=PLANE('',#4828);
#4830=ORIENTED_EDGE('',*,*,#3463,.F.);
#4831=CARTESIAN_POINT('',(-38.673487749,1.950114529,12.587143347));
#4832=DIRECTION('',(-0.,-1.,0.));
#4833=VECTOR('',#4832,1.65);
#4834=LINE('',#4831,#4833);
#4835=EDGE_CURVE('',#3449,#1584,#4834,.T.);
#4836=ORIENTED_EDGE('',*,*,#4835,.T.);
#4837=ORIENTED_EDGE('',*,*,#1612,.T.);
#4838=ORIENTED_EDGE('',*,*,#4820,.T.);
#4839=EDGE_LOOP('',(#4830,#4836,#4837,#4838));
#4840=FACE_BOUND('',#4839,.T.);
#4841=ADVANCED_FACE('',(#4840),#4829,.T.);
#4842=CARTESIAN_POINT('',(-37.335835397,5.950114529,15.821441755));
#4843=DIRECTION('',(-0.,-1.,0.));
#4844=DIRECTION('',(1.,-0.,0.));
#4845=AXIS2_PLACEMENT_3D('',#4842,#4843,#4844);
#4846=CYLINDRICAL_SURFACE('',#4845,3.5);
#4847=ORIENTED_EDGE('',*,*,#3455,.F.);
#4848=ORIENTED_EDGE('',*,*,#4796,.F.);
#4849=ORIENTED_EDGE('',*,*,#1590,.T.);
#4850=ORIENTED_EDGE('',*,*,#4835,.F.);
#4851=EDGE_LOOP('',(#4847,#4848,#4849,#4850));
#4852=FACE_BOUND('',#4851,.T.);
#4853=ADVANCED_FACE('',(#4852),#4846,.T.);
#4854=CARTESIAN_POINT('',(62.040599246,-0.049885471,49.354394076));
#4855=DIRECTION('',(0.707106781,0.,-0.707106781));
#4856=DIRECTION('',(-0.707106781,0.,-0.707106781));
#4857=AXIS2_PLACEMENT_3D('',#4854,#4855,#4856);
#4858=PLANE('',#4857);
#4859=ORIENTED_EDGE('',*,*,#1571,.T.);
#4860=CARTESIAN_POINT('',(40.835835397,0.300114529,28.149630228));
#4861=DIRECTION('',(-0.,1.,-0.));
#4862=VECTOR('',#4861,1.65);
#4863=LINE('',#4860,#4862);
#4864=EDGE_CURVE('',#1558,#3162,#4863,.T.);
#4865=ORIENTED_EDGE('',*,*,#4864,.T.);
#4866=ORIENTED_EDGE('',*,*,#3191,.F.);
#4867=CARTESIAN_POINT('',(42.111178492,0.300114529,29.424973322));
#4868=DIRECTION('',(0.,1.,0.));
#4869=VECTOR('',#4868,1.65);
#4870=LINE('',#4867,#4869);
#4871=EDGE_CURVE('',#1566,#3180,#4870,.T.);
#4872=ORIENTED_EDGE('',*,*,#4871,.F.);
#4873=EDGE_LOOP('',(#4859,#4865,#4866,#4872));
#4874=FACE_BOUND('',#4873,.T.);
#4875=ADVANCED_FACE('',(#4874),#4858,.T.);
#4876=CARTESIAN_POINT('',(42.111178492,-0.049885471,40.210015182));
#4877=DIRECTION('',(-1.,0.,-0.));
#4878=DIRECTION('',(-0.,0.,1.));
#4879=AXIS2_PLACEMENT_3D('',#4876,#4877,#4878);
#4880=PLANE('',#4879);
#4881=CARTESIAN_POINT('',(42.111178492,0.300114529,26.924497425));
#4882=DIRECTION('',(0.,1.,0.));
#4883=VECTOR('',#4882,1.65);
#4884=LINE('',#4881,#4883);
#4885=EDGE_CURVE('',#1550,#3172,#4884,.T.);
#4886=ORIENTED_EDGE('',*,*,#4885,.F.);
#4887=ORIENTED_EDGE('',*,*,#1577,.T.);
#4888=ORIENTED_EDGE('',*,*,#4871,.T.);
#4889=ORIENTED_EDGE('',*,*,#3185,.F.);
#4890=EDGE_LOOP('',(#4886,#4887,#4888,#4889));
#4891=FACE_BOUND('',#4890,.T.);
#4892=ADVANCED_FACE('',(#4891),#4880,.T.);
#4893=CARTESIAN_POINT('',(12.382448413,-0.049885471,-2.804232654));
#4894=DIRECTION('',(-0.707106781,-0.,0.707106781));
#4895=DIRECTION('',(0.707106781,0.,0.707106781));
#4896=AXIS2_PLACEMENT_3D('',#4893,#4894,#4895);
#4897=PLANE('',#4896);
#4898=ORIENTED_EDGE('',*,*,#3177,.F.);
#4899=CARTESIAN_POINT('',(40.835835397,1.950114529,25.64915433));
#4900=DIRECTION('',(0.,-1.,0.));
#4901=VECTOR('',#4900,1.65);
#4902=LINE('',#4899,#4901);
#4903=EDGE_CURVE('',#3164,#1548,#4902,.T.);
#4904=ORIENTED_EDGE('',*,*,#4903,.T.);
#4905=ORIENTED_EDGE('',*,*,#1555,.T.);
#4906=ORIENTED_EDGE('',*,*,#4885,.T.);
#4907=EDGE_LOOP('',(#4898,#4904,#4905,#4906));
#4908=FACE_BOUND('',#4907,.T.);
#4909=ADVANCED_FACE('',(#4908),#4897,.T.);
#4910=CARTESIAN_POINT('',(40.835835397,5.950114529,30.858500248));
#4911=DIRECTION('',(-1.,-0.,0.));
#4912=DIRECTION('',(-0.,1.,0.));
#4913=AXIS2_PLACEMENT_3D('',#4910,#4911,#4912);
#4914=PLANE('',#4913);
#4915=ORIENTED_EDGE('',*,*,#3169,.F.);
#4916=ORIENTED_EDGE('',*,*,#4864,.F.);
#4917=ORIENTED_EDGE('',*,*,#1563,.F.);
#4918=ORIENTED_EDGE('',*,*,#4903,.F.);
#4919=EDGE_LOOP('',(#4915,#4916,#4917,#4918));
#4920=FACE_BOUND('',#4919,.T.);
#4921=ADVANCED_FACE('',(#4920),#4914,.F.);
#4922=CARTESIAN_POINT('',(40.835835397,5.950114529,30.858500248));
#4923=DIRECTION('',(-1.,-0.,0.));
#4924=DIRECTION('',(-0.,1.,0.));
#4925=AXIS2_PLACEMENT_3D('',#4922,#4923,#4924);
#4926=PLANE('',#4925);
#4927=ORIENTED_EDGE('',*,*,#3123,.F.);
#4928=CARTESIAN_POINT('',(40.835835397,0.300114529,17.491824183));
#4929=DIRECTION('',(-0.,1.,-0.));
#4930=VECTOR('',#4929,1.65);
#4931=LINE('',#4928,#4930);
#4932=EDGE_CURVE('',#1507,#3112,#4931,.T.);
#4933=ORIENTED_EDGE('',*,*,#4932,.F.);
#4934=ORIENTED_EDGE('',*,*,#1512,.F.);
#4935=CARTESIAN_POINT('',(40.835835397,1.950114529,15.821441755));
#4936=DIRECTION('',(0.,-1.,-0.));
#4937=VECTOR('',#4936,1.65);
#4938=LINE('',#4935,#4937);
#4939=EDGE_CURVE('',#3085,#1505,#4938,.T.);
#4940=ORIENTED_EDGE('',*,*,#4939,.F.);
#4941=EDGE_LOOP('',(#4927,#4933,#4934,#4940));
#4942=FACE_BOUND('',#4941,.T.);
#4943=ADVANCED_FACE('',(#4942),#4926,.F.);
#4944=CARTESIAN_POINT('',(72.69840529,-0.049885471,49.354394076));
#4945=DIRECTION('',(0.707106781,0.,-0.707106781));
#4946=DIRECTION('',(-0.707106781,0.,-0.707106781));
#4947=AXIS2_PLACEMENT_3D('',#4944,#4945,#4946);
#4948=PLANE('',#4947);
#4949=ORIENTED_EDGE('',*,*,#1520,.T.);
#4950=ORIENTED_EDGE('',*,*,#4932,.T.);
#4951=ORIENTED_EDGE('',*,*,#3117,.F.);
#4952=CARTESIAN_POINT('',(42.111178492,0.300114529,18.767167278));
#4953=DIRECTION('',(0.,1.,0.));
#4954=VECTOR('',#4953,1.65);
#4955=LINE('',#4952,#4954);
#4956=EDGE_CURVE('',#1515,#3104,#4955,.T.);
#4957=ORIENTED_EDGE('',*,*,#4956,.F.);
#4958=EDGE_LOOP('',(#4949,#4950,#4951,#4957));
#4959=FACE_BOUND('',#4958,.T.);
#4960=ADVANCED_FACE('',(#4959),#4948,.T.);
#4961=CARTESIAN_POINT('',(42.111178492,-0.049885471,40.210015182));
#4962=DIRECTION('',(-1.,0.,-0.));
#4963=DIRECTION('',(-0.,0.,1.));
#4964=AXIS2_PLACEMENT_3D('',#4961,#4962,#4963);
#4965=PLANE('',#4964);
#4966=ORIENTED_EDGE('',*,*,#1528,.T.);
#4967=ORIENTED_EDGE('',*,*,#4956,.T.);
#4968=ORIENTED_EDGE('',*,*,#3109,.F.);
#4969=CARTESIAN_POINT('',(42.111178492,0.300114529,16.266691381));
#4970=DIRECTION('',(0.,1.,0.));
#4971=VECTOR('',#4970,1.65);
#4972=LINE('',#4969,#4971);
#4973=EDGE_CURVE('',#1523,#3096,#4972,.T.);
#4974=ORIENTED_EDGE('',*,*,#4973,.F.);
#4975=EDGE_LOOP('',(#4966,#4967,#4968,#4974));
#4976=FACE_BOUND('',#4975,.T.);
#4977=ADVANCED_FACE('',(#4976),#4965,.T.);
#4978=CARTESIAN_POINT('',(23.040254457,-0.049885471,-2.804232654));
#4979=DIRECTION('',(-0.707106781,-0.,0.707106781));
#4980=DIRECTION('',(0.707106781,0.,0.707106781));
#4981=AXIS2_PLACEMENT_3D('',#4978,#4979,#4980);
#4982=PLANE('',#4981);
#4983=ORIENTED_EDGE('',*,*,#3101,.F.);
#4984=CARTESIAN_POINT('',(40.699870304,1.950114529,14.855383193));
#4985=DIRECTION('',(0.,-1.,-0.));
#4986=VECTOR('',#4985,1.65);
#4987=LINE('',#4984,#4986);
#4988=EDGE_CURVE('',#3087,#1531,#4987,.T.);
#4989=ORIENTED_EDGE('',*,*,#4988,.T.);
#4990=ORIENTED_EDGE('',*,*,#1536,.T.);
#4991=ORIENTED_EDGE('',*,*,#4973,.T.);
#4992=EDGE_LOOP('',(#4983,#4989,#4990,#4991));
#4993=FACE_BOUND('',#4992,.T.);
#4994=ADVANCED_FACE('',(#4993),#4982,.T.);
#4995=CARTESIAN_POINT('',(37.335835397,5.950114529,15.821441755));
#4996=DIRECTION('',(0.,-1.,-0.));
#4997=DIRECTION('',(-1.,-0.,0.));
#4998=AXIS2_PLACEMENT_3D('',#4995,#4996,#4997);
#4999=CYLINDRICAL_SURFACE('',#4998,3.5);
#5000=ORIENTED_EDGE('',*,*,#3093,.F.);
#5001=ORIENTED_EDGE('',*,*,#4939,.T.);
#5002=ORIENTED_EDGE('',*,*,#1543,.F.);
#5003=ORIENTED_EDGE('',*,*,#4988,.F.);
#5004=EDGE_LOOP('',(#5000,#5001,#5002,#5003));
#5005=FACE_BOUND('',#5004,.T.);
#5006=ADVANCED_FACE('',(#5005),#4999,.T.);
#5007=CARTESIAN_POINT('',(67.369502268,-0.049885471,49.354394076));
#5008=DIRECTION('',(0.707106781,0.,-0.707106781));
#5009=DIRECTION('',(-0.707106781,0.,-0.707106781));
#5010=AXIS2_PLACEMENT_3D('',#5007,#5008,#5009);
#5011=PLANE('',#5010);
#5012=ORIENTED_EDGE('',*,*,#1486,.T.);
#5013=CARTESIAN_POINT('',(40.835835397,0.300114529,22.820727206));
#5014=DIRECTION('',(-0.,1.,-0.));
#5015=VECTOR('',#5014,1.65);
#5016=LINE('',#5013,#5015);
#5017=EDGE_CURVE('',#1473,#3128,#5016,.T.);
#5018=ORIENTED_EDGE('',*,*,#5017,.T.);
#5019=ORIENTED_EDGE('',*,*,#3157,.F.);
#5020=CARTESIAN_POINT('',(42.111178492,0.300114529,24.0960703));
#5021=DIRECTION('',(0.,1.,0.));
#5022=VECTOR('',#5021,1.65);
#5023=LINE('',#5020,#5022);
#5024=EDGE_CURVE('',#1481,#3146,#5023,.T.);
#5025=ORIENTED_EDGE('',*,*,#5024,.F.);
#5026=EDGE_LOOP('',(#5012,#5018,#5019,#5025));
#5027=FACE_BOUND('',#5026,.T.);
#5028=ADVANCED_FACE('',(#5027),#5011,.T.);
#5029=CARTESIAN_POINT('',(42.111178492,-0.049885471,40.210015182));
#5030=DIRECTION('',(-1.,0.,-0.));
#5031=DIRECTION('',(-0.,0.,1.));
#5032=AXIS2_PLACEMENT_3D('',#5029,#5030,#5031);
#5033=PLANE('',#5032);
#5034=ORIENTED_EDGE('',*,*,#1494,.T.);
#5035=ORIENTED_EDGE('',*,*,#5024,.T.);
#5036=ORIENTED_EDGE('',*,*,#3151,.F.);
#5037=CARTESIAN_POINT('',(42.111178492,0.300114529,21.595594403));
#5038=DIRECTION('',(0.,1.,0.));
#5039=VECTOR('',#5038,1.65);
#5040=LINE('',#5037,#5039);
#5041=EDGE_CURVE('',#1489,#3138,#5040,.T.);
#5042=ORIENTED_EDGE('',*,*,#5041,.F.);
#5043=EDGE_LOOP('',(#5034,#5035,#5036,#5042));
#5044=FACE_BOUND('',#5043,.T.);
#5045=ADVANCED_FACE('',(#5044),#5033,.T.);
#5046=CARTESIAN_POINT('',(17.711351435,-0.049885471,-2.804232654));
#5047=DIRECTION('',(-0.707106781,-0.,0.707106781));
#5048=DIRECTION('',(0.707106781,0.,0.707106781));
#5049=AXIS2_PLACEMENT_3D('',#5046,#5047,#5048);
#5050=PLANE('',#5049);
#5051=ORIENTED_EDGE('',*,*,#3143,.F.);
#5052=CARTESIAN_POINT('',(40.835835397,1.950114529,20.320251308));
#5053=DIRECTION('',(0.,-1.,0.));
#5054=VECTOR('',#5053,1.65);
#5055=LINE('',#5052,#5054);
#5056=EDGE_CURVE('',#3130,#1471,#5055,.T.);
#5057=ORIENTED_EDGE('',*,*,#5056,.T.);
#5058=ORIENTED_EDGE('',*,*,#1500,.T.);
#5059=ORIENTED_EDGE('',*,*,#5041,.T.);
#5060=EDGE_LOOP('',(#5051,#5057,#5058,#5059));
#5061=FACE_BOUND('',#5060,.T.);
#5062=ADVANCED_FACE('',(#5061),#5050,.T.);
#5063=CARTESIAN_POINT('',(40.835835397,5.950114529,30.858500248));
#5064=DIRECTION('',(-1.,-0.,0.));
#5065=DIRECTION('',(-0.,1.,0.));
#5066=AXIS2_PLACEMENT_3D('',#5063,#5064,#5065);
#5067=PLANE('',#5066);
#5068=ORIENTED_EDGE('',*,*,#3135,.F.);
#5069=ORIENTED_EDGE('',*,*,#5017,.F.);
#5070=ORIENTED_EDGE('',*,*,#1478,.F.);
#5071=ORIENTED_EDGE('',*,*,#5056,.F.);
#5072=EDGE_LOOP('',(#5068,#5069,#5070,#5071));
#5073=FACE_BOUND('',#5072,.T.);
#5074=ADVANCED_FACE('',(#5073),#5067,.F.);
#5075=CARTESIAN_POINT('',(23.040254457,-0.049885471,-2.804232654));
#5076=DIRECTION('',(-0.707106781,-0.,0.707106781));
#5077=DIRECTION('',(0.707106781,0.,0.707106781));
#5078=AXIS2_PLACEMENT_3D('',#5075,#5076,#5077);
#5079=PLANE('',#5078);
#5080=ORIENTED_EDGE('',*,*,#1460,.T.);
#5081=CARTESIAN_POINT('',(38.301893959,0.300114529,12.457406847));
#5082=DIRECTION('',(-0.,1.,0.));
#5083=VECTOR('',#5082,1.65);
#5084=LINE('',#5081,#5083);
#5085=EDGE_CURVE('',#1446,#3231,#5084,.T.);
#5086=ORIENTED_EDGE('',*,*,#5085,.T.);
#5087=ORIENTED_EDGE('',*,*,#3261,.F.);
#5088=CARTESIAN_POINT('',(28.004633352,0.300114529,2.160146241));
#5089=DIRECTION('',(0.,1.,0.));
#5090=VECTOR('',#5089,1.65);
#5091=LINE('',#5088,#5090);
#5092=EDGE_CURVE('',#1455,#3250,#5091,.T.);
#5093=ORIENTED_EDGE('',*,*,#5092,.F.);
#5094=EDGE_LOOP('',(#5080,#5086,#5087,#5093));
#5095=FACE_BOUND('',#5094,.T.);
#5096=ADVANCED_FACE('',(#5095),#5079,.T.);
#5097=CARTESIAN_POINT('',(37.931178492,-0.049885471,2.160146241));
#5098=DIRECTION('',(0.,0.,1.));
#5099=DIRECTION('',(1.,0.,0.));
#5100=AXIS2_PLACEMENT_3D('',#5097,#5098,#5099);
#5101=PLANE('',#5100);
#5102=CARTESIAN_POINT('',(25.504157455,0.300114529,2.160146241));
#5103=DIRECTION('',(0.,1.,0.));
#5104=VECTOR('',#5103,1.65);
#5105=LINE('',#5102,#5104);
#5106=EDGE_CURVE('',#1438,#3242,#5105,.T.);
#5107=ORIENTED_EDGE('',*,*,#5106,.F.);
#5108=ORIENTED_EDGE('',*,*,#1466,.T.);
#5109=ORIENTED_EDGE('',*,*,#5092,.T.);
#5110=ORIENTED_EDGE('',*,*,#3255,.F.);
#5111=EDGE_LOOP('',(#5107,#5108,#5109,#5110));
#5112=FACE_BOUND('',#5111,.T.);
#5113=ADVANCED_FACE('',(#5112),#5101,.T.);
#5114=CARTESIAN_POINT('',(72.69840529,-0.049885471,49.354394076));
#5115=DIRECTION('',(0.707106781,0.,-0.707106781));
#5116=DIRECTION('',(-0.707106781,0.,-0.707106781));
#5117=AXIS2_PLACEMENT_3D('',#5114,#5115,#5116);
#5118=PLANE('',#5117);
#5119=ORIENTED_EDGE('',*,*,#3247,.F.);
#5120=CARTESIAN_POINT('',(35.951051852,1.950114529,12.607040639));
#5121=DIRECTION('',(0.,-1.,-0.));
#5122=VECTOR('',#5121,1.65);
#5123=LINE('',#5120,#5122);
#5124=EDGE_CURVE('',#3233,#1436,#5123,.T.);
#5125=ORIENTED_EDGE('',*,*,#5124,.T.);
#5126=ORIENTED_EDGE('',*,*,#1443,.T.);
#5127=ORIENTED_EDGE('',*,*,#5106,.T.);
#5128=EDGE_LOOP('',(#5119,#5125,#5126,#5127));
#5129=FACE_BOUND('',#5128,.T.);
#5130=ADVANCED_FACE('',(#5129),#5118,.T.);
#5131=CARTESIAN_POINT('',(37.335835397,5.950114529,15.821441755));
#5132=DIRECTION('',(0.,-1.,-0.));
#5133=DIRECTION('',(-1.,-0.,0.));
#5134=AXIS2_PLACEMENT_3D('',#5131,#5132,#5133);
#5135=CYLINDRICAL_SURFACE('',#5134,3.5);
#5136=ORIENTED_EDGE('',*,*,#3239,.F.);
#5137=ORIENTED_EDGE('',*,*,#5085,.F.);
#5138=ORIENTED_EDGE('',*,*,#1452,.F.);
#5139=ORIENTED_EDGE('',*,*,#5124,.F.);
#5140=EDGE_LOOP('',(#5136,#5137,#5138,#5139));
#5141=FACE_BOUND('',#5140,.T.);
#5142=ADVANCED_FACE('',(#5141),#5135,.T.);
#5143=CARTESIAN_POINT('',(37.335835397,5.950114529,15.821441755));
#5144=DIRECTION('',(0.,-1.,-0.));
#5145=DIRECTION('',(-1.,-0.,0.));
#5146=AXIS2_PLACEMENT_3D('',#5143,#5144,#5145);
#5147=CYLINDRICAL_SURFACE('',#5146,3.5);
#5148=ORIENTED_EDGE('',*,*,#3226,.F.);
#5149=CARTESIAN_POINT('',(34.412467983,0.300114529,13.896883894));
#5150=DIRECTION('',(-0.,1.,0.));
#5151=VECTOR('',#5150,1.65);
#5152=LINE('',#5149,#5151);
#5153=EDGE_CURVE('',#1411,#3214,#5152,.T.);
#5154=ORIENTED_EDGE('',*,*,#5153,.F.);
#5155=ORIENTED_EDGE('',*,*,#1417,.F.);
#5156=CARTESIAN_POINT('',(33.83583547,1.950114529,15.820727278));
#5157=DIRECTION('',(0.,-1.,-0.));
#5158=VECTOR('',#5157,1.65);
#5159=LINE('',#5156,#5158);
#5160=EDGE_CURVE('',#3196,#1401,#5159,.T.);
#5161=ORIENTED_EDGE('',*,*,#5160,.F.);
#5162=EDGE_LOOP('',(#5148,#5154,#5155,#5161));
#5163=FACE_BOUND('',#5162,.T.);
#5164=ADVANCED_FACE('',(#5163),#5147,.T.);
#5165=CARTESIAN_POINT('',(17.711351435,-0.049885471,-2.804232654));
#5166=DIRECTION('',(-0.707106781,-0.,0.707106781));
#5167=DIRECTION('',(0.707106781,0.,0.707106781));
#5168=AXIS2_PLACEMENT_3D('',#5165,#5166,#5167);
#5169=PLANE('',#5168);
#5170=ORIENTED_EDGE('',*,*,#1425,.T.);
#5171=ORIENTED_EDGE('',*,*,#5153,.T.);
#5172=ORIENTED_EDGE('',*,*,#3219,.F.);
#5173=CARTESIAN_POINT('',(22.67573033,0.300114529,2.160146241));
#5174=DIRECTION('',(0.,1.,0.));
#5175=VECTOR('',#5174,1.65);
#5176=LINE('',#5173,#5175);
#5177=EDGE_CURVE('',#1420,#3206,#5176,.T.);
#5178=ORIENTED_EDGE('',*,*,#5177,.F.);
#5179=EDGE_LOOP('',(#5170,#5171,#5172,#5178));
#5180=FACE_BOUND('',#5179,.T.);
#5181=ADVANCED_FACE('',(#5180),#5169,.T.);
#5182=CARTESIAN_POINT('',(37.931178492,-0.049885471,2.160146241));
#5183=DIRECTION('',(0.,0.,1.));
#5184=DIRECTION('',(1.,0.,0.));
#5185=AXIS2_PLACEMENT_3D('',#5182,#5183,#5184);
#5186=PLANE('',#5185);
#5187=CARTESIAN_POINT('',(20.175254433,0.300114529,2.160146241));
#5188=DIRECTION('',(0.,1.,0.));
#5189=VECTOR('',#5188,1.65);
#5190=LINE('',#5187,#5189);
#5191=EDGE_CURVE('',#1403,#3198,#5190,.T.);
#5192=ORIENTED_EDGE('',*,*,#5191,.F.);
#5193=ORIENTED_EDGE('',*,*,#1431,.T.);
#5194=ORIENTED_EDGE('',*,*,#5177,.T.);
#5195=ORIENTED_EDGE('',*,*,#3211,.F.);
#5196=EDGE_LOOP('',(#5192,#5193,#5194,#5195));
#5197=FACE_BOUND('',#5196,.T.);
#5198=ADVANCED_FACE('',(#5197),#5186,.T.);
#5199=CARTESIAN_POINT('',(67.369502268,-0.049885471,49.354394076));
#5200=DIRECTION('',(0.707106781,0.,-0.707106781));
#5201=DIRECTION('',(-0.707106781,0.,-0.707106781));
#5202=AXIS2_PLACEMENT_3D('',#5199,#5200,#5201);
#5203=PLANE('',#5202);
#5204=ORIENTED_EDGE('',*,*,#3203,.F.);
#5205=ORIENTED_EDGE('',*,*,#5160,.T.);
#5206=ORIENTED_EDGE('',*,*,#1408,.T.);
#5207=ORIENTED_EDGE('',*,*,#5191,.T.);
#5208=EDGE_LOOP('',(#5204,#5205,#5206,#5207));
#5209=FACE_BOUND('',#5208,.T.);
#5210=ADVANCED_FACE('',(#5209),#5203,.T.);
#5211=CARTESIAN_POINT('',(42.111178492,-0.049885471,40.210015182));
#5212=DIRECTION('',(-1.,0.,-0.));
#5213=DIRECTION('',(-0.,0.,1.));
#5214=AXIS2_PLACEMENT_3D('',#5211,#5212,#5213);
#5215=PLANE('',#5214);
#5216=ORIENTED_EDGE('',*,*,#1390,.T.);
#5217=CARTESIAN_POINT('',(42.111178492,0.300114529,34.753876344));
#5218=DIRECTION('',(0.,1.,0.));
#5219=VECTOR('',#5218,1.65);
#5220=LINE('',#5217,#5219);
#5221=EDGE_CURVE('',#1377,#3050,#5220,.T.);
#5222=ORIENTED_EDGE('',*,*,#5221,.T.);
#5223=ORIENTED_EDGE('',*,*,#3080,.F.);
#5224=CARTESIAN_POINT('',(42.111178492,0.300114529,32.253400447));
#5225=DIRECTION('',(0.,1.,0.));
#5226=VECTOR('',#5225,1.65);
#5227=LINE('',#5224,#5226);
#5228=EDGE_CURVE('',#1385,#3069,#5227,.T.);
#5229=ORIENTED_EDGE('',*,*,#5228,.F.);
#5230=EDGE_LOOP('',(#5216,#5222,#5223,#5229));
#5231=FACE_BOUND('',#5230,.T.);
#5232=ADVANCED_FACE('',(#5231),#5215,.T.);
#5233=CARTESIAN_POINT('',(7.053545391,-0.049885471,-2.804232654));
#5234=DIRECTION('',(-0.707106781,-0.,0.707106781));
#5235=DIRECTION('',(0.707106781,0.,0.707106781));
#5236=AXIS2_PLACEMENT_3D('',#5233,#5234,#5235);
#5237=PLANE('',#5236);
#5238=ORIENTED_EDGE('',*,*,#3074,.F.);
#5239=CARTESIAN_POINT('',(40.833859782,1.950114529,30.976081737));
#5240=DIRECTION('',(0.,-1.,-0.));
#5241=VECTOR('',#5240,1.65);
#5242=LINE('',#5239,#5241);
#5243=EDGE_CURVE('',#3060,#1366,#5242,.T.);
#5244=ORIENTED_EDGE('',*,*,#5243,.T.);
#5245=ORIENTED_EDGE('',*,*,#1396,.T.);
#5246=ORIENTED_EDGE('',*,*,#5228,.T.);
#5247=EDGE_LOOP('',(#5238,#5244,#5245,#5246));
#5248=FACE_BOUND('',#5247,.T.);
#5249=ADVANCED_FACE('',(#5248),#5237,.T.);
#5250=CARTESIAN_POINT('',(37.335835397,5.950114529,30.858500248));
#5251=DIRECTION('',(0.,-1.,-0.));
#5252=DIRECTION('',(-1.,-0.,0.));
#5253=AXIS2_PLACEMENT_3D('',#5250,#5251,#5252);
#5254=CYLINDRICAL_SURFACE('',#5253,3.5);
#5255=ORIENTED_EDGE('',*,*,#3066,.F.);
#5256=CARTESIAN_POINT('',(40.211268448,0.300114529,32.853966301));
#5257=DIRECTION('',(-0.,1.,0.));
#5258=VECTOR('',#5257,1.65);
#5259=LINE('',#5256,#5258);
#5260=EDGE_CURVE('',#1368,#3052,#5259,.T.);
#5261=ORIENTED_EDGE('',*,*,#5260,.F.);
#5262=ORIENTED_EDGE('',*,*,#1374,.F.);
#5263=ORIENTED_EDGE('',*,*,#5243,.F.);
#5264=EDGE_LOOP('',(#5255,#5261,#5262,#5263));
#5265=FACE_BOUND('',#5264,.T.);
#5266=ADVANCED_FACE('',(#5265),#5254,.T.);
#5267=CARTESIAN_POINT('',(56.711696224,-0.049885471,49.354394076));
#5268=DIRECTION('',(0.707106781,0.,-0.707106781));
#5269=DIRECTION('',(-0.707106781,0.,-0.707106781));
#5270=AXIS2_PLACEMENT_3D('',#5267,#5268,#5269);
#5271=PLANE('',#5270);
#5272=ORIENTED_EDGE('',*,*,#1382,.T.);
#5273=ORIENTED_EDGE('',*,*,#5260,.T.);
#5274=ORIENTED_EDGE('',*,*,#3057,.F.);
#5275=ORIENTED_EDGE('',*,*,#5221,.F.);
#5276=EDGE_LOOP('',(#5272,#5273,#5274,#5275));
#5277=FACE_BOUND('',#5276,.T.);
#5278=ADVANCED_FACE('',(#5277),#5271,.T.);
#5279=CARTESIAN_POINT('',(51.382793202,-0.049885471,49.354394076));
#5280=DIRECTION('',(0.707106781,0.,-0.707106781));
#5281=DIRECTION('',(-0.707106781,0.,-0.707106781));
#5282=AXIS2_PLACEMENT_3D('',#5279,#5280,#5281);
#5283=PLANE('',#5282);
#5284=ORIENTED_EDGE('',*,*,#1347,.T.);
#5285=CARTESIAN_POINT('',(36.196144811,0.300114529,34.167745685));
#5286=DIRECTION('',(-0.,1.,0.));
#5287=VECTOR('',#5286,1.65);
#5288=LINE('',#5285,#5287);
#5289=EDGE_CURVE('',#1333,#3015,#5288,.T.);
#5290=ORIENTED_EDGE('',*,*,#5289,.T.);
#5291=ORIENTED_EDGE('',*,*,#3045,.F.);
#5292=CARTESIAN_POINT('',(42.111178492,0.300114529,40.082779366));
#5293=DIRECTION('',(0.,1.,0.));
#5294=VECTOR('',#5293,1.65);
#5295=LINE('',#5292,#5294);
#5296=EDGE_CURVE('',#1342,#3034,#5295,.T.);
#5297=ORIENTED_EDGE('',*,*,#5296,.F.);
#5298=EDGE_LOOP('',(#5284,#5290,#5291,#5297));
#5299=FACE_BOUND('',#5298,.T.);
#5300=ADVANCED_FACE('',(#5299),#5283,.T.);
#5301=CARTESIAN_POINT('',(42.111178492,-0.049885471,40.210015182));
#5302=DIRECTION('',(-1.,0.,-0.));
#5303=DIRECTION('',(-0.,0.,1.));
#5304=AXIS2_PLACEMENT_3D('',#5301,#5302,#5303);
#5305=PLANE('',#5304);
#5306=ORIENTED_EDGE('',*,*,#1355,.T.);
#5307=ORIENTED_EDGE('',*,*,#5296,.T.);
#5308=ORIENTED_EDGE('',*,*,#3039,.F.);
#5309=CARTESIAN_POINT('',(42.111178492,0.300114529,37.582303469));
#5310=DIRECTION('',(0.,1.,0.));
#5311=VECTOR('',#5310,1.65);
#5312=LINE('',#5309,#5311);
#5313=EDGE_CURVE('',#1350,#3026,#5312,.T.);
#5314=ORIENTED_EDGE('',*,*,#5313,.F.);
#5315=EDGE_LOOP('',(#5306,#5307,#5308,#5314));
#5316=FACE_BOUND('',#5315,.T.);
#5317=ADVANCED_FACE('',(#5316),#5305,.T.);
#5318=CARTESIAN_POINT('',(1.724642369,-0.049885471,-2.804232654));
#5319=DIRECTION('',(-0.707106781,-0.,0.707106781));
#5320=DIRECTION('',(0.707106781,0.,0.707106781));
#5321=AXIS2_PLACEMENT_3D('',#5318,#5319,#5320);
#5322=PLANE('',#5321);
#5323=ORIENTED_EDGE('',*,*,#3031,.F.);
#5324=CARTESIAN_POINT('',(38.63666045,1.950114529,34.107785428));
#5325=DIRECTION('',(0.,-1.,-0.));
#5326=VECTOR('',#5325,1.65);
#5327=LINE('',#5324,#5326);
#5328=EDGE_CURVE('',#3017,#1331,#5327,.T.);
#5329=ORIENTED_EDGE('',*,*,#5328,.T.);
#5330=ORIENTED_EDGE('',*,*,#1361,.T.);
#5331=ORIENTED_EDGE('',*,*,#5313,.T.);
#5332=EDGE_LOOP('',(#5323,#5329,#5330,#5331));
#5333=FACE_BOUND('',#5332,.T.);
#5334=ADVANCED_FACE('',(#5333),#5322,.T.);
#5335=CARTESIAN_POINT('',(37.335835397,5.950114529,30.858500248));
#5336=DIRECTION('',(0.,-1.,-0.));
#5337=DIRECTION('',(-1.,-0.,0.));
#5338=AXIS2_PLACEMENT_3D('',#5335,#5336,#5337);
#5339=CYLINDRICAL_SURFACE('',#5338,3.5);
#5340=ORIENTED_EDGE('',*,*,#3023,.F.);
#5341=ORIENTED_EDGE('',*,*,#5289,.F.);
#5342=ORIENTED_EDGE('',*,*,#1339,.F.);
#5343=ORIENTED_EDGE('',*,*,#5328,.F.);
#5344=EDGE_LOOP('',(#5340,#5341,#5342,#5343));
#5345=FACE_BOUND('',#5344,.T.);
#5346=ADVANCED_FACE('',(#5345),#5339,.T.);
#5347=CARTESIAN_POINT('',(-8.933163675,-0.049885471,-2.804232654));
#5348=DIRECTION('',(-0.707106781,-0.,0.707106781));
#5349=DIRECTION('',(0.707106781,0.,0.707106781));
#5350=AXIS2_PLACEMENT_3D('',#5347,#5348,#5349);
#5351=PLANE('',#5350);
#5352=ORIENTED_EDGE('',*,*,#1268,.T.);
#5353=CARTESIAN_POINT('',(-2.60431221,0.300114529,3.524618811));
#5354=DIRECTION('',(-0.,1.,0.));
#5355=VECTOR('',#5354,1.65);
#5356=LINE('',#5353,#5355);
#5357=EDGE_CURVE('',#1253,#3928,#5356,.T.);
#5358=ORIENTED_EDGE('',*,*,#5357,.T.);
#5359=ORIENTED_EDGE('',*,*,#3933,.F.);
#5360=CARTESIAN_POINT('',(-3.968784781,0.300114529,2.160146241));
#5361=DIRECTION('',(0.,1.,0.));
#5362=VECTOR('',#5361,1.65);
#5363=LINE('',#5360,#5362);
#5364=EDGE_CURVE('',#1263,#3920,#5363,.T.);
#5365=ORIENTED_EDGE('',*,*,#5364,.F.);
#5366=EDGE_LOOP('',(#5352,#5358,#5359,#5365));
#5367=FACE_BOUND('',#5366,.T.);
#5368=ADVANCED_FACE('',(#5367),#5351,.T.);
#5369=CARTESIAN_POINT('',(37.931178492,-0.049885471,2.160146241));
#5370=DIRECTION('',(0.,0.,1.));
#5371=DIRECTION('',(1.,0.,0.));
#5372=AXIS2_PLACEMENT_3D('',#5369,#5370,#5371);
#5373=PLANE('',#5372);
#5374=ORIENTED_EDGE('',*,*,#1276,.T.);
#5375=ORIENTED_EDGE('',*,*,#5364,.T.);
#5376=ORIENTED_EDGE('',*,*,#3925,.F.);
#5377=CARTESIAN_POINT('',(-6.469260678,0.300114529,2.160146241));
#5378=DIRECTION('',(0.,1.,0.));
#5379=VECTOR('',#5378,1.65);
#5380=LINE('',#5377,#5379);
#5381=EDGE_CURVE('',#1271,#3912,#5380,.T.);
#5382=ORIENTED_EDGE('',*,*,#5381,.F.);
#5383=EDGE_LOOP('',(#5374,#5375,#5376,#5382));
#5384=FACE_BOUND('',#5383,.T.);
#5385=ADVANCED_FACE('',(#5384),#5373,.T.);
#5386=CARTESIAN_POINT('',(40.724987157,-0.049885471,49.354394076));
#5387=DIRECTION('',(0.707106781,0.,-0.707106781));
#5388=DIRECTION('',(-0.707106781,0.,-0.707106781));
#5389=AXIS2_PLACEMENT_3D('',#5386,#5387,#5388);
#5390=PLANE('',#5389);
#5391=ORIENTED_EDGE('',*,*,#3917,.F.);
#5392=CARTESIAN_POINT('',(-5.104788108,1.950114529,3.524618811));
#5393=DIRECTION('',(0.,-1.,-0.));
#5394=VECTOR('',#5393,1.65);
#5395=LINE('',#5392,#5394);
#5396=EDGE_CURVE('',#3910,#1255,#5395,.T.);
#5397=ORIENTED_EDGE('',*,*,#5396,.T.);
#5398=ORIENTED_EDGE('',*,*,#1282,.T.);
#5399=ORIENTED_EDGE('',*,*,#5381,.T.);
#5400=EDGE_LOOP('',(#5391,#5397,#5398,#5399));
#5401=FACE_BOUND('',#5400,.T.);
#5402=ADVANCED_FACE('',(#5401),#5390,.T.);
#5403=CARTESIAN_POINT('',(-7.555188566,2.353027604,3.524618811));
#5404=DIRECTION('',(0.,-0.,1.));
#5405=DIRECTION('',(0.,-1.,-0.));
#5406=AXIS2_PLACEMENT_3D('',#5403,#5404,#5405);
#5407=PLANE('',#5406);
#5408=ORIENTED_EDGE('',*,*,#5357,.F.);
#5409=ORIENTED_EDGE('',*,*,#1260,.T.);
#5410=ORIENTED_EDGE('',*,*,#5396,.F.);
#5411=ORIENTED_EDGE('',*,*,#3939,.T.);
#5412=EDGE_LOOP('',(#5408,#5409,#5410,#5411));
#5413=FACE_BOUND('',#5412,.T.);
#5414=ADVANCED_FACE('',(#5413),#5407,.F.);
#5415=CARTESIAN_POINT('',(-3.604260653,-0.049885471,-2.804232654));
#5416=DIRECTION('',(-0.707106781,-0.,0.707106781));
#5417=DIRECTION('',(0.707106781,0.,0.707106781));
#5418=AXIS2_PLACEMENT_3D('',#5415,#5416,#5417);
#5419=PLANE('',#5418);
#5420=ORIENTED_EDGE('',*,*,#1242,.T.);
#5421=CARTESIAN_POINT('',(2.724590812,0.300114529,3.524618811));
#5422=DIRECTION('',(-0.,1.,0.));
#5423=VECTOR('',#5422,1.65);
#5424=LINE('',#5421,#5423);
#5425=EDGE_CURVE('',#1229,#3962,#5424,.T.);
#5426=ORIENTED_EDGE('',*,*,#5425,.T.);
#5427=ORIENTED_EDGE('',*,*,#3967,.F.);
#5428=CARTESIAN_POINT('',(1.360118242,0.300114529,2.160146241));
#5429=DIRECTION('',(0.,1.,0.));
#5430=VECTOR('',#5429,1.65);
#5431=LINE('',#5428,#5430);
#5432=EDGE_CURVE('',#1237,#3954,#5431,.T.);
#5433=ORIENTED_EDGE('',*,*,#5432,.F.);
#5434=EDGE_LOOP('',(#5420,#5426,#5427,#5433));
#5435=FACE_BOUND('',#5434,.T.);
#5436=ADVANCED_FACE('',(#5435),#5419,.T.);
#5437=CARTESIAN_POINT('',(37.931178492,-0.049885471,2.160146241));
#5438=DIRECTION('',(0.,0.,1.));
#5439=DIRECTION('',(1.,0.,0.));
#5440=AXIS2_PLACEMENT_3D('',#5437,#5438,#5439);
#5441=PLANE('',#5440);
#5442=CARTESIAN_POINT('',(-1.140357656,0.300114529,2.160146241));
#5443=DIRECTION('',(0.,1.,0.));
#5444=VECTOR('',#5443,1.65);
#5445=LINE('',#5442,#5444);
#5446=EDGE_CURVE('',#1221,#3946,#5445,.T.);
#5447=ORIENTED_EDGE('',*,*,#5446,.F.);
#5448=ORIENTED_EDGE('',*,*,#1248,.T.);
#5449=ORIENTED_EDGE('',*,*,#5432,.T.);
#5450=ORIENTED_EDGE('',*,*,#3959,.F.);
#5451=EDGE_LOOP('',(#5447,#5448,#5449,#5450));
#5452=FACE_BOUND('',#5451,.T.);
#5453=ADVANCED_FACE('',(#5452),#5441,.T.);
#5454=CARTESIAN_POINT('',(46.05389018,-0.049885471,49.354394076));
#5455=DIRECTION('',(0.707106781,0.,-0.707106781));
#5456=DIRECTION('',(-0.707106781,0.,-0.707106781));
#5457=AXIS2_PLACEMENT_3D('',#5454,#5455,#5456);
#5458=PLANE('',#5457);
#5459=ORIENTED_EDGE('',*,*,#3951,.F.);
#5460=CARTESIAN_POINT('',(0.224114914,1.950114529,3.524618811));
#5461=DIRECTION('',(0.,-1.,-0.));
#5462=VECTOR('',#5461,1.65);
#5463=LINE('',#5460,#5462);
#5464=EDGE_CURVE('',#3944,#1219,#5463,.T.);
#5465=ORIENTED_EDGE('',*,*,#5464,.T.);
#5466=ORIENTED_EDGE('',*,*,#1226,.T.);
#5467=ORIENTED_EDGE('',*,*,#5446,.T.);
#5468=EDGE_LOOP('',(#5459,#5465,#5466,#5467));
#5469=FACE_BOUND('',#5468,.T.);
#5470=ADVANCED_FACE('',(#5469),#5458,.T.);
#5471=CARTESIAN_POINT('',(-7.555188566,2.353027604,3.524618811));
#5472=DIRECTION('',(0.,-0.,1.));
#5473=DIRECTION('',(0.,-1.,-0.));
#5474=AXIS2_PLACEMENT_3D('',#5471,#5472,#5473);
#5475=PLANE('',#5474);
#5476=ORIENTED_EDGE('',*,*,#5425,.F.);
#5477=ORIENTED_EDGE('',*,*,#1234,.T.);
#5478=ORIENTED_EDGE('',*,*,#5464,.F.);
#5479=ORIENTED_EDGE('',*,*,#3973,.T.);
#5480=EDGE_LOOP('',(#5476,#5477,#5478,#5479));
#5481=FACE_BOUND('',#5480,.T.);
#5482=ADVANCED_FACE('',(#5481),#5475,.F.);
#5483=CARTESIAN_POINT('',(-14.262066698,-0.049885471,-2.804232654));
#5484=DIRECTION('',(-0.707106781,-0.,0.707106781));
#5485=DIRECTION('',(0.707106781,0.,0.707106781));
#5486=AXIS2_PLACEMENT_3D('',#5483,#5484,#5485);
#5487=PLANE('',#5486);
#5488=ORIENTED_EDGE('',*,*,#1208,.T.);
#5489=CARTESIAN_POINT('',(-7.914701997,0.300114529,3.543132046));
#5490=DIRECTION('',(0.,1.,0.));
#5491=VECTOR('',#5490,1.65);
#5492=LINE('',#5489,#5491);
#5493=EDGE_CURVE('',#1194,#3893,#5492,.T.);
#5494=ORIENTED_EDGE('',*,*,#5493,.T.);
#5495=ORIENTED_EDGE('',*,*,#3898,.F.);
#5496=CARTESIAN_POINT('',(-9.297687803,0.300114529,2.160146241));
#5497=DIRECTION('',(0.,1.,0.));
#5498=VECTOR('',#5497,1.65);
#5499=LINE('',#5496,#5498);
#5500=EDGE_CURVE('',#1203,#3885,#5499,.T.);
#5501=ORIENTED_EDGE('',*,*,#5500,.F.);
#5502=EDGE_LOOP('',(#5488,#5494,#5495,#5501));
#5503=FACE_BOUND('',#5502,.T.);
#5504=ADVANCED_FACE('',(#5503),#5487,.T.);
#5505=CARTESIAN_POINT('',(37.931178492,-0.049885471,2.160146241));
#5506=DIRECTION('',(0.,0.,1.));
#5507=DIRECTION('',(1.,0.,0.));
#5508=AXIS2_PLACEMENT_3D('',#5505,#5506,#5507);
#5509=PLANE('',#5508);
#5510=CARTESIAN_POINT('',(-11.7981637,0.300114529,2.160146241));
#5511=DIRECTION('',(0.,1.,0.));
#5512=VECTOR('',#5511,1.65);
#5513=LINE('',#5510,#5512);
#5514=EDGE_CURVE('',#1186,#3877,#5513,.T.);
#5515=ORIENTED_EDGE('',*,*,#5514,.F.);
#5516=ORIENTED_EDGE('',*,*,#1214,.T.);
#5517=ORIENTED_EDGE('',*,*,#5500,.T.);
#5518=ORIENTED_EDGE('',*,*,#3890,.F.);
#5519=EDGE_LOOP('',(#5515,#5516,#5517,#5518));
#5520=FACE_BOUND('',#5519,.T.);
#5521=ADVANCED_FACE('',(#5520),#5509,.T.);
#5522=CARTESIAN_POINT('',(35.396084135,-0.049885471,49.354394076));
#5523=DIRECTION('',(0.707106781,0.,-0.707106781));
#5524=DIRECTION('',(-0.707106781,0.,-0.707106781));
#5525=AXIS2_PLACEMENT_3D('',#5522,#5523,#5524);
#5526=PLANE('',#5525);
#5527=ORIENTED_EDGE('',*,*,#3882,.F.);
#5528=CARTESIAN_POINT('',(-9.699727048,1.950114529,4.258582893));
#5529=DIRECTION('',(-0.,-1.,-0.));
#5530=VECTOR('',#5529,1.65);
#5531=LINE('',#5528,#5530);
#5532=EDGE_CURVE('',#3875,#1184,#5531,.T.);
#5533=ORIENTED_EDGE('',*,*,#5532,.T.);
#5534=ORIENTED_EDGE('',*,*,#1191,.T.);
#5535=ORIENTED_EDGE('',*,*,#5514,.T.);
#5536=EDGE_LOOP('',(#5527,#5533,#5534,#5535));
#5537=FACE_BOUND('',#5536,.T.);
#5538=ADVANCED_FACE('',(#5537),#5526,.T.);
#5539=CARTESIAN_POINT('',(-7.555188566,2.353027604,7.024618811));
#5540=DIRECTION('',(-0.,-1.,-0.));
#5541=DIRECTION('',(1.,-0.,0.));
#5542=AXIS2_PLACEMENT_3D('',#5539,#5540,#5541);
#5543=CYLINDRICAL_SURFACE('',#5542,3.5);
#5544=ORIENTED_EDGE('',*,*,#5493,.F.);
#5545=ORIENTED_EDGE('',*,*,#1200,.T.);
#5546=ORIENTED_EDGE('',*,*,#5532,.F.);
#5547=ORIENTED_EDGE('',*,*,#3905,.T.);
#5548=EDGE_LOOP('',(#5544,#5545,#5546,#5547));
#5549=FACE_BOUND('',#5548,.T.);
#5550=ADVANCED_FACE('',(#5549),#5543,.T.);
#5551=CARTESIAN_POINT('',(-19.59096972,-0.049885471,-2.804232654));
#5552=DIRECTION('',(-0.707106781,-0.,0.707106781));
#5553=DIRECTION('',(0.707106781,0.,0.707106781));
#5554=AXIS2_PLACEMENT_3D('',#5551,#5552,#5553);
#5555=PLANE('',#5554);
#5556=ORIENTED_EDGE('',*,*,#1173,.T.);
#5557=CARTESIAN_POINT('',(-10.873910808,0.300114529,5.912826258));
#5558=DIRECTION('',(0.,1.,0.));
#5559=VECTOR('',#5558,1.65);
#5560=LINE('',#5557,#5559);
#5561=EDGE_CURVE('',#1159,#3858,#5560,.T.);
#5562=ORIENTED_EDGE('',*,*,#5561,.T.);
#5563=ORIENTED_EDGE('',*,*,#3863,.F.);
#5564=CARTESIAN_POINT('',(-14.626590825,0.300114529,2.160146241));
#5565=DIRECTION('',(0.,1.,0.));
#5566=VECTOR('',#5565,1.65);
#5567=LINE('',#5564,#5566);
#5568=EDGE_CURVE('',#1168,#3850,#5567,.T.);
#5569=ORIENTED_EDGE('',*,*,#5568,.F.);
#5570=EDGE_LOOP('',(#5556,#5562,#5563,#5569));
#5571=FACE_BOUND('',#5570,.T.);
#5572=ADVANCED_FACE('',(#5571),#5555,.T.);
#5573=CARTESIAN_POINT('',(37.931178492,-0.049885471,2.160146241));
#5574=DIRECTION('',(0.,0.,1.));
#5575=DIRECTION('',(1.,0.,0.));
#5576=AXIS2_PLACEMENT_3D('',#5573,#5574,#5575);
#5577=PLANE('',#5576);
#5578=ORIENTED_EDGE('',*,*,#1179,.T.);
#5579=ORIENTED_EDGE('',*,*,#5568,.T.);
#5580=ORIENTED_EDGE('',*,*,#3855,.F.);
#5581=CARTESIAN_POINT('',(-17.127066722,0.300114529,2.160146241));
#5582=DIRECTION('',(0.,1.,0.));
#5583=VECTOR('',#5582,1.65);
#5584=LINE('',#5581,#5583);
#5585=EDGE_CURVE('',#1151,#3842,#5584,.T.);
#5586=ORIENTED_EDGE('',*,*,#5585,.F.);
#5587=EDGE_LOOP('',(#5578,#5579,#5580,#5586));
#5588=FACE_BOUND('',#5587,.T.);
#5589=ADVANCED_FACE('',(#5588),#5577,.T.);
#5590=CARTESIAN_POINT('',(30.067181113,-0.049885471,49.354394076));
#5591=DIRECTION('',(0.707106781,0.,-0.707106781));
#5592=DIRECTION('',(-0.707106781,0.,-0.707106781));
#5593=AXIS2_PLACEMENT_3D('',#5590,#5591,#5592);
#5594=PLANE('',#5593);
#5595=ORIENTED_EDGE('',*,*,#3847,.F.);
#5596=CARTESIAN_POINT('',(-10.673798649,1.950114529,8.613414314));
#5597=DIRECTION('',(-0.,-1.,-0.));
#5598=VECTOR('',#5597,1.65);
#5599=LINE('',#5596,#5598);
#5600=EDGE_CURVE('',#3840,#1149,#5599,.T.);
#5601=ORIENTED_EDGE('',*,*,#5600,.T.);
#5602=ORIENTED_EDGE('',*,*,#1156,.T.);
#5603=ORIENTED_EDGE('',*,*,#5585,.T.);
#5604=EDGE_LOOP('',(#5595,#5601,#5602,#5603));
#5605=FACE_BOUND('',#5604,.T.);
#5606=ADVANCED_FACE('',(#5605),#5594,.T.);
#5607=CARTESIAN_POINT('',(-7.555188566,2.353027604,7.024618811));
#5608=DIRECTION('',(-0.,-1.,-0.));
#5609=DIRECTION('',(1.,-0.,0.));
#5610=AXIS2_PLACEMENT_3D('',#5607,#5608,#5609);
#5611=CYLINDRICAL_SURFACE('',#5610,3.5);
#5612=ORIENTED_EDGE('',*,*,#5561,.F.);
#5613=ORIENTED_EDGE('',*,*,#1165,.T.);
#5614=ORIENTED_EDGE('',*,*,#5600,.F.);
#5615=ORIENTED_EDGE('',*,*,#3870,.T.);
#5616=EDGE_LOOP('',(#5612,#5613,#5614,#5615));
#5617=FACE_BOUND('',#5616,.T.);
#5618=ADVANCED_FACE('',(#5617),#5611,.T.);
#5619=CARTESIAN_POINT('',(7.481869927,2.353027604,7.024618811));
#5620=DIRECTION('',(-0.,-1.,-0.));
#5621=DIRECTION('',(1.,-0.,0.));
#5622=AXIS2_PLACEMENT_3D('',#5619,#5620,#5621);
#5623=CYLINDRICAL_SURFACE('',#5622,3.5);
#5624=CARTESIAN_POINT('',(7.481869927,1.950114529,3.524618811));
#5625=DIRECTION('',(-0.,-1.,-0.));
#5626=VECTOR('',#5625,1.65);
#5627=LINE('',#5624,#5626);
#5628=EDGE_CURVE('',#4004,#1108,#5627,.T.);
#5629=ORIENTED_EDGE('',*,*,#5628,.F.);
#5630=ORIENTED_EDGE('',*,*,#4010,.T.);
#5631=CARTESIAN_POINT('',(8.110390265,0.300114529,3.581515242));
#5632=DIRECTION('',(0.,1.,0.));
#5633=VECTOR('',#5632,1.65);
#5634=LINE('',#5631,#5633);
#5635=EDGE_CURVE('',#1106,#3996,#5634,.T.);
#5636=ORIENTED_EDGE('',*,*,#5635,.F.);
#5637=ORIENTED_EDGE('',*,*,#1114,.T.);
#5638=EDGE_LOOP('',(#5629,#5630,#5636,#5637));
#5639=FACE_BOUND('',#5638,.T.);
#5640=ADVANCED_FACE('',(#5639),#5623,.T.);
#5641=CARTESIAN_POINT('',(1.724642369,-0.049885471,-2.804232654));
#5642=DIRECTION('',(-0.707106781,-0.,0.707106781));
#5643=DIRECTION('',(0.707106781,0.,0.707106781));
#5644=AXIS2_PLACEMENT_3D('',#5641,#5642,#5643);
#5645=PLANE('',#5644);
#5646=ORIENTED_EDGE('',*,*,#1122,.T.);
#5647=ORIENTED_EDGE('',*,*,#5635,.T.);
#5648=ORIENTED_EDGE('',*,*,#4001,.F.);
#5649=CARTESIAN_POINT('',(6.689021264,0.300114529,2.160146241));
#5650=DIRECTION('',(0.,1.,0.));
#5651=VECTOR('',#5650,1.65);
#5652=LINE('',#5649,#5651);
#5653=EDGE_CURVE('',#1117,#3988,#5652,.T.);
#5654=ORIENTED_EDGE('',*,*,#5653,.F.);
#5655=EDGE_LOOP('',(#5646,#5647,#5648,#5654));
#5656=FACE_BOUND('',#5655,.T.);
#5657=ADVANCED_FACE('',(#5656),#5645,.T.);
#5658=CARTESIAN_POINT('',(37.931178492,-0.049885471,2.160146241));
#5659=DIRECTION('',(0.,0.,1.));
#5660=DIRECTION('',(1.,0.,0.));
#5661=AXIS2_PLACEMENT_3D('',#5658,#5659,#5660);
#5662=PLANE('',#5661);
#5663=CARTESIAN_POINT('',(4.188545366,0.300114529,2.160146241));
#5664=DIRECTION('',(0.,1.,0.));
#5665=VECTOR('',#5664,1.65);
#5666=LINE('',#5663,#5665);
#5667=EDGE_CURVE('',#1125,#3980,#5666,.T.);
#5668=ORIENTED_EDGE('',*,*,#5667,.F.);
#5669=ORIENTED_EDGE('',*,*,#1130,.T.);
#5670=ORIENTED_EDGE('',*,*,#5653,.T.);
#5671=ORIENTED_EDGE('',*,*,#3993,.F.);
#5672=EDGE_LOOP('',(#5668,#5669,#5670,#5671));
#5673=FACE_BOUND('',#5672,.T.);
#5674=ADVANCED_FACE('',(#5673),#5662,.T.);
#5675=CARTESIAN_POINT('',(51.382793202,-0.049885471,49.354394076));
#5676=DIRECTION('',(0.707106781,0.,-0.707106781));
#5677=DIRECTION('',(-0.707106781,0.,-0.707106781));
#5678=AXIS2_PLACEMENT_3D('',#5675,#5676,#5677);
#5679=PLANE('',#5678);
#5680=ORIENTED_EDGE('',*,*,#3985,.F.);
#5681=CARTESIAN_POINT('',(5.553017936,1.950114529,3.524618811));
#5682=DIRECTION('',(0.,-1.,-0.));
#5683=VECTOR('',#5682,1.65);
#5684=LINE('',#5681,#5683);
#5685=EDGE_CURVE('',#3978,#1133,#5684,.T.);
#5686=ORIENTED_EDGE('',*,*,#5685,.T.);
#5687=ORIENTED_EDGE('',*,*,#1138,.T.);
#5688=ORIENTED_EDGE('',*,*,#5667,.T.);
#5689=EDGE_LOOP('',(#5680,#5686,#5687,#5688));
#5690=FACE_BOUND('',#5689,.T.);
#5691=ADVANCED_FACE('',(#5690),#5679,.T.);
#5692=CARTESIAN_POINT('',(-7.555188566,2.353027604,3.524618811));
#5693=DIRECTION('',(0.,-0.,1.));
#5694=DIRECTION('',(0.,-1.,-0.));
#5695=AXIS2_PLACEMENT_3D('',#5692,#5693,#5694);
#5696=PLANE('',#5695);
#5697=ORIENTED_EDGE('',*,*,#5685,.F.);
#5698=ORIENTED_EDGE('',*,*,#4016,.T.);
#5699=ORIENTED_EDGE('',*,*,#5628,.T.);
#5700=ORIENTED_EDGE('',*,*,#1144,.T.);
#5701=EDGE_LOOP('',(#5697,#5698,#5699,#5700));
#5702=FACE_BOUND('',#5701,.T.);
#5703=ADVANCED_FACE('',(#5702),#5696,.F.);
#5704=CARTESIAN_POINT('',(7.481869927,2.353027604,7.024618811));
#5705=DIRECTION('',(-0.,-1.,-0.));
#5706=DIRECTION('',(1.,-0.,0.));
#5707=AXIS2_PLACEMENT_3D('',#5704,#5705,#5706);
#5708=CYLINDRICAL_SURFACE('',#5707,3.5);
#5709=CARTESIAN_POINT('',(10.981869927,0.300114529,7.024618811));
#5710=DIRECTION('',(0.,1.,0.));
#5711=VECTOR('',#5710,1.65);
#5712=LINE('',#5709,#5711);
#5713=EDGE_CURVE('',#1080,#2397,#5712,.T.);
#5714=ORIENTED_EDGE('',*,*,#5713,.T.);
#5715=ORIENTED_EDGE('',*,*,#2403,.T.);
#5716=CARTESIAN_POINT('',(10.614329844,0.300114529,8.585930718));
#5717=DIRECTION('',(0.,1.,0.));
#5718=VECTOR('',#5717,1.65);
#5719=LINE('',#5716,#5718);
#5720=EDGE_CURVE('',#1089,#2389,#5719,.T.);
#5721=ORIENTED_EDGE('',*,*,#5720,.F.);
#5722=ORIENTED_EDGE('',*,*,#1095,.T.);
#5723=EDGE_LOOP('',(#5714,#5715,#5721,#5722));
#5724=FACE_BOUND('',#5723,.T.);
#5725=ADVANCED_FACE('',(#5724),#5708,.T.);
#5726=CARTESIAN_POINT('',(51.382793202,-0.049885471,49.354394076));
#5727=DIRECTION('',(0.707106781,0.,-0.707106781));
#5728=DIRECTION('',(-0.707106781,0.,-0.707106781));
#5729=AXIS2_PLACEMENT_3D('',#5726,#5727,#5728);
#5730=PLANE('',#5729);
#5731=CARTESIAN_POINT('',(12.233022422,0.300114529,10.204623296));
#5732=DIRECTION('',(-0.,1.,0.));
#5733=VECTOR('',#5732,1.65);
#5734=LINE('',#5731,#5733);
#5735=EDGE_CURVE('',#1062,#2381,#5734,.T.);
#5736=ORIENTED_EDGE('',*,*,#5735,.F.);
#5737=ORIENTED_EDGE('',*,*,#1101,.T.);
#5738=ORIENTED_EDGE('',*,*,#5720,.T.);
#5739=ORIENTED_EDGE('',*,*,#2394,.F.);
#5740=EDGE_LOOP('',(#5736,#5737,#5738,#5739));
#5741=FACE_BOUND('',#5740,.T.);
#5742=ADVANCED_FACE('',(#5741),#5730,.T.);
#5743=CARTESIAN_POINT('',(-27.510002402,3.950114529,10.204629508));
#5744=DIRECTION('',(-0.000000156,0.,-1.));
#5745=DIRECTION('',(-1.,0.,0.000000156));
#5746=AXIS2_PLACEMENT_3D('',#5743,#5744,#5745);
#5747=PLANE('',#5746);
#5748=ORIENTED_EDGE('',*,*,#2386,.F.);
#5749=CARTESIAN_POINT('',(14.733497928,1.950114529,10.204622905));
#5750=DIRECTION('',(0.,-1.,-0.));
#5751=VECTOR('',#5750,1.65);
#5752=LINE('',#5749,#5751);
#5753=EDGE_CURVE('',#2373,#1064,#5752,.T.);
#5754=ORIENTED_EDGE('',*,*,#5753,.T.);
#5755=ORIENTED_EDGE('',*,*,#1069,.F.);
#5756=ORIENTED_EDGE('',*,*,#5735,.T.);
#5757=EDGE_LOOP('',(#5748,#5754,#5755,#5756));
#5758=FACE_BOUND('',#5757,.T.);
#5759=ADVANCED_FACE('',(#5758),#5747,.T.);
#5760=CARTESIAN_POINT('',(1.724642369,-0.049885471,-2.804232654));
#5761=DIRECTION('',(-0.707106781,-0.,0.707106781));
#5762=DIRECTION('',(0.707106781,0.,0.707106781));
#5763=AXIS2_PLACEMENT_3D('',#5760,#5761,#5762);
#5764=PLANE('',#5763);
#5765=ORIENTED_EDGE('',*,*,#5753,.F.);
#5766=ORIENTED_EDGE('',*,*,#2378,.F.);
#5767=CARTESIAN_POINT('',(10.924973496,1.950114529,6.396098473));
#5768=DIRECTION('',(-0.,-1.,-0.));
#5769=VECTOR('',#5768,1.65);
#5770=LINE('',#5767,#5769);
#5771=EDGE_CURVE('',#2371,#1072,#5770,.T.);
#5772=ORIENTED_EDGE('',*,*,#5771,.T.);
#5773=ORIENTED_EDGE('',*,*,#1077,.T.);
#5774=EDGE_LOOP('',(#5765,#5766,#5772,#5773));
#5775=FACE_BOUND('',#5774,.T.);
#5776=ADVANCED_FACE('',(#5775),#5764,.T.);
#5777=CARTESIAN_POINT('',(37.931178492,-0.049885471,2.160146241));
#5778=DIRECTION('',(0.,0.,1.));
#5779=DIRECTION('',(1.,0.,0.));
#5780=AXIS2_PLACEMENT_3D('',#5777,#5778,#5779);
#5781=PLANE('',#5780);
#5782=CARTESIAN_POINT('',(9.517448388,0.300114529,2.160146241));
#5783=DIRECTION('',(0.,1.,0.));
#5784=VECTOR('',#5783,1.65);
#5785=LINE('',#5782,#5784);
#5786=EDGE_CURVE('',#1046,#2355,#5785,.T.);
#5787=ORIENTED_EDGE('',*,*,#5786,.F.);
#5788=ORIENTED_EDGE('',*,*,#1051,.T.);
#5789=CARTESIAN_POINT('',(12.017924286,0.300114529,2.160146241));
#5790=DIRECTION('',(0.,1.,0.));
#5791=VECTOR('',#5790,1.65);
#5792=LINE('',#5789,#5791);
#5793=EDGE_CURVE('',#1038,#2337,#5792,.T.);
#5794=ORIENTED_EDGE('',*,*,#5793,.T.);
#5795=ORIENTED_EDGE('',*,*,#2366,.F.);
#5796=EDGE_LOOP('',(#5787,#5788,#5794,#5795));
#5797=FACE_BOUND('',#5796,.T.);
#5798=ADVANCED_FACE('',(#5797),#5781,.T.);
#5799=CARTESIAN_POINT('',(56.711696224,-0.049885471,49.354394076));
#5800=DIRECTION('',(0.707106781,0.,-0.707106781));
#5801=DIRECTION('',(-0.707106781,0.,-0.707106781));
#5802=AXIS2_PLACEMENT_3D('',#5799,#5800,#5801);
#5803=PLANE('',#5802);
#5804=CARTESIAN_POINT('',(17.561924611,0.300114529,10.204622463));
#5805=DIRECTION('',(-0.,1.,0.));
#5806=VECTOR('',#5805,1.65);
#5807=LINE('',#5804,#5806);
#5808=EDGE_CURVE('',#1028,#2347,#5807,.T.);
#5809=ORIENTED_EDGE('',*,*,#5808,.F.);
#5810=ORIENTED_EDGE('',*,*,#1057,.T.);
#5811=ORIENTED_EDGE('',*,*,#5786,.T.);
#5812=ORIENTED_EDGE('',*,*,#2360,.F.);
#5813=EDGE_LOOP('',(#5809,#5810,#5811,#5812));
#5814=FACE_BOUND('',#5813,.T.);
#5815=ADVANCED_FACE('',(#5814),#5803,.T.);
#5816=CARTESIAN_POINT('',(-27.510002402,3.950114529,10.204629508));
#5817=DIRECTION('',(-0.000000156,0.,-1.));
#5818=DIRECTION('',(-1.,0.,0.000000156));
#5819=AXIS2_PLACEMENT_3D('',#5816,#5817,#5818);
#5820=PLANE('',#5819);
#5821=ORIENTED_EDGE('',*,*,#2352,.F.);
#5822=CARTESIAN_POINT('',(20.062400117,1.950114529,10.204622072));
#5823=DIRECTION('',(0.,-1.,-0.));
#5824=VECTOR('',#5823,1.65);
#5825=LINE('',#5822,#5824);
#5826=EDGE_CURVE('',#2339,#1030,#5825,.T.);
#5827=ORIENTED_EDGE('',*,*,#5826,.T.);
#5828=ORIENTED_EDGE('',*,*,#1035,.F.);
#5829=ORIENTED_EDGE('',*,*,#5808,.T.);
#5830=EDGE_LOOP('',(#5821,#5827,#5828,#5829));
#5831=FACE_BOUND('',#5830,.T.);
#5832=ADVANCED_FACE('',(#5831),#5820,.T.);
#5833=CARTESIAN_POINT('',(7.053545391,-0.049885471,-2.804232654));
#5834=DIRECTION('',(-0.707106781,-0.,0.707106781));
#5835=DIRECTION('',(0.707106781,0.,0.707106781));
#5836=AXIS2_PLACEMENT_3D('',#5833,#5834,#5835);
#5837=PLANE('',#5836);
#5838=ORIENTED_EDGE('',*,*,#5826,.F.);
#5839=ORIENTED_EDGE('',*,*,#2344,.F.);
#5840=ORIENTED_EDGE('',*,*,#5793,.F.);
#5841=ORIENTED_EDGE('',*,*,#1043,.T.);
#5842=EDGE_LOOP('',(#5838,#5839,#5840,#5841));
#5843=FACE_BOUND('',#5842,.T.);
#5844=ADVANCED_FACE('',(#5843),#5837,.T.);
#5845=CARTESIAN_POINT('',(37.931178492,-0.049885471,2.160146241));
#5846=DIRECTION('',(0.,0.,1.));
#5847=DIRECTION('',(1.,0.,0.));
#5848=AXIS2_PLACEMENT_3D('',#5845,#5846,#5847);
#5849=PLANE('',#5848);
#5850=ORIENTED_EDGE('',*,*,#1017,.T.);
#5851=CARTESIAN_POINT('',(17.346827308,0.300114529,2.160146241));
#5852=DIRECTION('',(0.,1.,0.));
#5853=VECTOR('',#5852,1.65);
#5854=LINE('',#5851,#5853);
#5855=EDGE_CURVE('',#1004,#2303,#5854,.T.);
#5856=ORIENTED_EDGE('',*,*,#5855,.T.);
#5857=ORIENTED_EDGE('',*,*,#2332,.F.);
#5858=CARTESIAN_POINT('',(14.846351411,0.300114529,2.160146241));
#5859=DIRECTION('',(0.,1.,0.));
#5860=VECTOR('',#5859,1.65);
#5861=LINE('',#5858,#5860);
#5862=EDGE_CURVE('',#1012,#2321,#5861,.T.);
#5863=ORIENTED_EDGE('',*,*,#5862,.F.);
#5864=EDGE_LOOP('',(#5850,#5856,#5857,#5863));
#5865=FACE_BOUND('',#5864,.T.);
#5866=ADVANCED_FACE('',(#5865),#5849,.T.);
#5867=CARTESIAN_POINT('',(62.040599246,-0.049885471,49.354394076));
#5868=DIRECTION('',(0.707106781,0.,-0.707106781));
#5869=DIRECTION('',(-0.707106781,0.,-0.707106781));
#5870=AXIS2_PLACEMENT_3D('',#5867,#5868,#5869);
#5871=PLANE('',#5870);
#5872=CARTESIAN_POINT('',(22.8908268,0.300114529,10.20462163));
#5873=DIRECTION('',(-0.,1.,0.));
#5874=VECTOR('',#5873,1.65);
#5875=LINE('',#5872,#5874);
#5876=EDGE_CURVE('',#994,#2313,#5875,.T.);
#5877=ORIENTED_EDGE('',*,*,#5876,.F.);
#5878=ORIENTED_EDGE('',*,*,#1023,.T.);
#5879=ORIENTED_EDGE('',*,*,#5862,.T.);
#5880=ORIENTED_EDGE('',*,*,#2326,.F.);
#5881=EDGE_LOOP('',(#5877,#5878,#5879,#5880));
#5882=FACE_BOUND('',#5881,.T.);
#5883=ADVANCED_FACE('',(#5882),#5871,.T.);
#5884=CARTESIAN_POINT('',(-27.510002402,3.950114529,10.204629508));
#5885=DIRECTION('',(-0.000000156,0.,-1.));
#5886=DIRECTION('',(-1.,0.,0.000000156));
#5887=AXIS2_PLACEMENT_3D('',#5884,#5885,#5886);
#5888=PLANE('',#5887);
#5889=ORIENTED_EDGE('',*,*,#2318,.F.);
#5890=CARTESIAN_POINT('',(25.391302306,1.950114529,10.204621239));
#5891=DIRECTION('',(0.,-1.,-0.));
#5892=VECTOR('',#5891,1.65);
#5893=LINE('',#5890,#5892);
#5894=EDGE_CURVE('',#2305,#996,#5893,.T.);
#5895=ORIENTED_EDGE('',*,*,#5894,.T.);
#5896=ORIENTED_EDGE('',*,*,#1001,.F.);
#5897=ORIENTED_EDGE('',*,*,#5876,.T.);
#5898=EDGE_LOOP('',(#5889,#5895,#5896,#5897));
#5899=FACE_BOUND('',#5898,.T.);
#5900=ADVANCED_FACE('',(#5899),#5888,.T.);
#5901=CARTESIAN_POINT('',(12.382448413,-0.049885471,-2.804232654));
#5902=DIRECTION('',(-0.707106781,-0.,0.707106781));
#5903=DIRECTION('',(0.707106781,0.,0.707106781));
#5904=AXIS2_PLACEMENT_3D('',#5901,#5902,#5903);
#5905=PLANE('',#5904);
#5906=ORIENTED_EDGE('',*,*,#5894,.F.);
#5907=ORIENTED_EDGE('',*,*,#2310,.F.);
#5908=ORIENTED_EDGE('',*,*,#5855,.F.);
#5909=ORIENTED_EDGE('',*,*,#1009,.T.);
#5910=EDGE_LOOP('',(#5906,#5907,#5908,#5909));
#5911=FACE_BOUND('',#5910,.T.);
#5912=ADVANCED_FACE('',(#5911),#5905,.T.);
#5913=CARTESIAN_POINT('',(33.835835397,5.950114529,30.858500248));
#5914=DIRECTION('',(1.,0.,-0.));
#5915=DIRECTION('',(0.,-1.,-0.));
#5916=AXIS2_PLACEMENT_3D('',#5913,#5914,#5915);
#5917=PLANE('',#5916);
#5918=ORIENTED_EDGE('',*,*,#2076,.F.);
#5919=CARTESIAN_POINT('',(33.835835397,0.300114529,18.64915433));
#5920=DIRECTION('',(-0.,1.,-0.));
#5921=VECTOR('',#5920,1.65);
#5922=LINE('',#5919,#5921);
#5923=EDGE_CURVE('',#962,#2065,#5922,.T.);
#5924=ORIENTED_EDGE('',*,*,#5923,.F.);
#5925=ORIENTED_EDGE('',*,*,#989,.F.);
#5926=CARTESIAN_POINT('',(33.835835397,1.950114529,21.149630228));
#5927=DIRECTION('',(0.,-1.,0.));
#5928=VECTOR('',#5927,1.65);
#5929=LINE('',#5926,#5928);
#5930=EDGE_CURVE('',#2047,#978,#5929,.T.);
#5931=ORIENTED_EDGE('',*,*,#5930,.F.);
#5932=EDGE_LOOP('',(#5918,#5924,#5925,#5931));
#5933=FACE_BOUND('',#5932,.T.);
#5934=ADVANCED_FACE('',(#5933),#5917,.F.);
#5935=CARTESIAN_POINT('',(12.382448413,-0.049885471,-2.804232654));
#5936=DIRECTION('',(-0.707106781,-0.,0.707106781));
#5937=DIRECTION('',(0.707106781,0.,0.707106781));
#5938=AXIS2_PLACEMENT_3D('',#5935,#5936,#5937);
#5939=PLANE('',#5938);
#5940=CARTESIAN_POINT('',(29.49999824,0.300114529,14.313317173));
#5941=DIRECTION('',(0.,1.,0.));
#5942=VECTOR('',#5941,1.65);
#5943=LINE('',#5940,#5942);
#5944=EDGE_CURVE('',#960,#2057,#5943,.T.);
#5945=ORIENTED_EDGE('',*,*,#5944,.F.);
#5946=ORIENTED_EDGE('',*,*,#967,.T.);
#5947=ORIENTED_EDGE('',*,*,#5923,.T.);
#5948=ORIENTED_EDGE('',*,*,#2070,.F.);
#5949=EDGE_LOOP('',(#5945,#5946,#5947,#5948));
#5950=FACE_BOUND('',#5949,.T.);
#5951=ADVANCED_FACE('',(#5950),#5939,.T.);
#5952=CARTESIAN_POINT('',(29.49999791,3.950114529,12.204620597));
#5953=DIRECTION('',(1.,0.,-0.000000156));
#5954=DIRECTION('',(-0.000000156,0.,-1.));
#5955=AXIS2_PLACEMENT_3D('',#5952,#5953,#5954);
#5956=PLANE('',#5955);
#5957=ORIENTED_EDGE('',*,*,#2062,.F.);
#5958=CARTESIAN_POINT('',(29.499998631,1.950114529,16.813793461));
#5959=DIRECTION('',(-0.,-1.,-0.));
#5960=VECTOR('',#5959,1.65);
#5961=LINE('',#5958,#5960);
#5962=EDGE_CURVE('',#2049,#970,#5961,.T.);
#5963=ORIENTED_EDGE('',*,*,#5962,.T.);
#5964=ORIENTED_EDGE('',*,*,#975,.F.);
#5965=ORIENTED_EDGE('',*,*,#5944,.T.);
#5966=EDGE_LOOP('',(#5957,#5963,#5964,#5965));
#5967=FACE_BOUND('',#5966,.T.);
#5968=ADVANCED_FACE('',(#5967),#5956,.T.);
#5969=CARTESIAN_POINT('',(62.040599246,-0.049885471,49.354394076));
#5970=DIRECTION('',(0.707106781,0.,-0.707106781));
#5971=DIRECTION('',(-0.707106781,0.,-0.707106781));
#5972=AXIS2_PLACEMENT_3D('',#5969,#5970,#5971);
#5973=PLANE('',#5972);
#5974=ORIENTED_EDGE('',*,*,#5962,.F.);
#5975=ORIENTED_EDGE('',*,*,#2054,.F.);
#5976=ORIENTED_EDGE('',*,*,#5930,.T.);
#5977=ORIENTED_EDGE('',*,*,#983,.T.);
#5978=EDGE_LOOP('',(#5974,#5975,#5976,#5977));
#5979=FACE_BOUND('',#5978,.T.);
#5980=ADVANCED_FACE('',(#5979),#5973,.T.);
#5981=CARTESIAN_POINT('',(33.835835397,5.950114529,30.858500248));
#5982=DIRECTION('',(1.,0.,-0.));
#5983=DIRECTION('',(0.,-1.,-0.));
#5984=AXIS2_PLACEMENT_3D('',#5981,#5982,#5983);
#5985=PLANE('',#5984);
#5986=ORIENTED_EDGE('',*,*,#2255,.F.);
#5987=CARTESIAN_POINT('',(33.835835397,0.300114529,23.978057352));
#5988=DIRECTION('',(-0.,1.,-0.));
#5989=VECTOR('',#5988,1.65);
#5990=LINE('',#5987,#5989);
#5991=EDGE_CURVE('',#944,#2244,#5990,.T.);
#5992=ORIENTED_EDGE('',*,*,#5991,.F.);
#5993=ORIENTED_EDGE('',*,*,#949,.F.);
#5994=CARTESIAN_POINT('',(33.835835397,1.950114529,26.47853325));
#5995=DIRECTION('',(0.,-1.,0.));
#5996=VECTOR('',#5995,1.65);
#5997=LINE('',#5994,#5996);
#5998=EDGE_CURVE('',#2226,#936,#5997,.T.);
#5999=ORIENTED_EDGE('',*,*,#5998,.F.);
#6000=EDGE_LOOP('',(#5986,#5992,#5993,#5999));
#6001=FACE_BOUND('',#6000,.T.);
#6002=ADVANCED_FACE('',(#6001),#5985,.F.);
#6003=CARTESIAN_POINT('',(7.053545391,-0.049885471,-2.804232654));
#6004=DIRECTION('',(-0.707106781,-0.,0.707106781));
#6005=DIRECTION('',(0.707106781,0.,0.707106781));
#6006=AXIS2_PLACEMENT_3D('',#6003,#6004,#6005);
#6007=PLANE('',#6006);
#6008=CARTESIAN_POINT('',(29.499999073,0.300114529,19.642221028));
#6009=DIRECTION('',(0.,1.,0.));
#6010=VECTOR('',#6009,1.65);
#6011=LINE('',#6008,#6010);
#6012=EDGE_CURVE('',#926,#2236,#6011,.T.);
#6013=ORIENTED_EDGE('',*,*,#6012,.F.);
#6014=ORIENTED_EDGE('',*,*,#955,.T.);
#6015=ORIENTED_EDGE('',*,*,#5991,.T.);
#6016=ORIENTED_EDGE('',*,*,#2249,.F.);
#6017=EDGE_LOOP('',(#6013,#6014,#6015,#6016));
#6018=FACE_BOUND('',#6017,.T.);
#6019=ADVANCED_FACE('',(#6018),#6007,.T.);
#6020=CARTESIAN_POINT('',(29.49999791,3.950114529,12.204620597));
#6021=DIRECTION('',(1.,0.,-0.000000156));
#6022=DIRECTION('',(-0.000000156,0.,-1.));
#6023=AXIS2_PLACEMENT_3D('',#6020,#6021,#6022);
#6024=PLANE('',#6023);
#6025=ORIENTED_EDGE('',*,*,#933,.F.);
#6026=ORIENTED_EDGE('',*,*,#6012,.T.);
#6027=ORIENTED_EDGE('',*,*,#2241,.F.);
#6028=CARTESIAN_POINT('',(29.499999464,1.950114529,22.142697316));
#6029=DIRECTION('',(-0.,-1.,-0.));
#6030=VECTOR('',#6029,1.65);
#6031=LINE('',#6028,#6030);
#6032=EDGE_CURVE('',#2228,#928,#6031,.T.);
#6033=ORIENTED_EDGE('',*,*,#6032,.T.);
#6034=EDGE_LOOP('',(#6025,#6026,#6027,#6033));
#6035=FACE_BOUND('',#6034,.T.);
#6036=ADVANCED_FACE('',(#6035),#6024,.T.);
#6037=CARTESIAN_POINT('',(56.711696224,-0.049885471,49.354394076));
#6038=DIRECTION('',(0.707106781,0.,-0.707106781));
#6039=DIRECTION('',(-0.707106781,0.,-0.707106781));
#6040=AXIS2_PLACEMENT_3D('',#6037,#6038,#6039);
#6041=PLANE('',#6040);
#6042=ORIENTED_EDGE('',*,*,#6032,.F.);
#6043=ORIENTED_EDGE('',*,*,#2233,.F.);
#6044=ORIENTED_EDGE('',*,*,#5998,.T.);
#6045=ORIENTED_EDGE('',*,*,#941,.T.);
#6046=EDGE_LOOP('',(#6042,#6043,#6044,#6045));
#6047=FACE_BOUND('',#6046,.T.);
#6048=ADVANCED_FACE('',(#6047),#6041,.T.);
#6049=CARTESIAN_POINT('',(37.335835397,5.950114529,30.858500248));
#6050=DIRECTION('',(0.,-1.,-0.));
#6051=DIRECTION('',(-1.,-0.,0.));
#6052=AXIS2_PLACEMENT_3D('',#6049,#6050,#6051);
#6053=CYLINDRICAL_SURFACE('',#6052,3.5);
#6054=ORIENTED_EDGE('',*,*,#2298,.F.);
#6055=CARTESIAN_POINT('',(33.835835397,1.950114529,30.858500248));
#6056=DIRECTION('',(0.,-1.,-0.));
#6057=VECTOR('',#6056,1.65);
#6058=LINE('',#6055,#6057);
#6059=EDGE_CURVE('',#2286,#901,#6058,.T.);
#6060=ORIENTED_EDGE('',*,*,#6059,.T.);
#6061=ORIENTED_EDGE('',*,*,#907,.F.);
#6062=CARTESIAN_POINT('',(34.02658996,1.950114529,31.998190834));
#6063=DIRECTION('',(0.,-1.,-0.));
#6064=VECTOR('',#6063,1.65);
#6065=LINE('',#6062,#6064);
#6066=EDGE_CURVE('',#2260,#893,#6065,.T.);
#6067=ORIENTED_EDGE('',*,*,#6066,.F.);
#6068=EDGE_LOOP('',(#6054,#6060,#6061,#6067));
#6069=FACE_BOUND('',#6068,.T.);
#6070=ADVANCED_FACE('',(#6069),#6053,.T.);
#6071=CARTESIAN_POINT('',(33.835835397,5.950114529,30.858500248));
#6072=DIRECTION('',(1.,0.,-0.));
#6073=DIRECTION('',(0.,-1.,-0.));
#6074=AXIS2_PLACEMENT_3D('',#6071,#6072,#6073);
#6075=PLANE('',#6074);
#6076=ORIENTED_EDGE('',*,*,#2291,.F.);
#6077=CARTESIAN_POINT('',(33.835835397,0.300114529,29.306960375));
#6078=DIRECTION('',(-0.,1.,-0.));
#6079=VECTOR('',#6078,1.65);
#6080=LINE('',#6077,#6079);
#6081=EDGE_CURVE('',#910,#2278,#6080,.T.);
#6082=ORIENTED_EDGE('',*,*,#6081,.F.);
#6083=ORIENTED_EDGE('',*,*,#915,.F.);
#6084=ORIENTED_EDGE('',*,*,#6059,.F.);
#6085=EDGE_LOOP('',(#6076,#6082,#6083,#6084));
#6086=FACE_BOUND('',#6085,.T.);
#6087=ADVANCED_FACE('',(#6086),#6075,.F.);
#6088=CARTESIAN_POINT('',(1.724642369,-0.049885471,-2.804232654));
#6089=DIRECTION('',(-0.707106781,-0.,0.707106781));
#6090=DIRECTION('',(0.707106781,0.,0.707106781));
#6091=AXIS2_PLACEMENT_3D('',#6088,#6089,#6090);
#6092=PLANE('',#6091);
#6093=CARTESIAN_POINT('',(29.499999906,0.300114529,24.971124883));
#6094=DIRECTION('',(0.,1.,0.));
#6095=VECTOR('',#6094,1.65);
#6096=LINE('',#6093,#6095);
#6097=EDGE_CURVE('',#883,#2270,#6096,.T.);
#6098=ORIENTED_EDGE('',*,*,#6097,.F.);
#6099=ORIENTED_EDGE('',*,*,#921,.T.);
#6100=ORIENTED_EDGE('',*,*,#6081,.T.);
#6101=ORIENTED_EDGE('',*,*,#2283,.F.);
#6102=EDGE_LOOP('',(#6098,#6099,#6100,#6101));
#6103=FACE_BOUND('',#6102,.T.);
#6104=ADVANCED_FACE('',(#6103),#6092,.T.);
#6105=CARTESIAN_POINT('',(29.49999791,3.950114529,12.204620597));
#6106=DIRECTION('',(1.,0.,-0.000000156));
#6107=DIRECTION('',(-0.000000156,0.,-1.));
#6108=AXIS2_PLACEMENT_3D('',#6105,#6106,#6107);
#6109=PLANE('',#6108);
#6110=ORIENTED_EDGE('',*,*,#890,.F.);
#6111=ORIENTED_EDGE('',*,*,#6097,.T.);
#6112=ORIENTED_EDGE('',*,*,#2275,.F.);
#6113=CARTESIAN_POINT('',(29.500000297,1.950114529,27.471601171));
#6114=DIRECTION('',(-0.,-1.,-0.));
#6115=VECTOR('',#6114,1.65);
#6116=LINE('',#6113,#6115);
#6117=EDGE_CURVE('',#2262,#885,#6116,.T.);
#6118=ORIENTED_EDGE('',*,*,#6117,.T.);
#6119=EDGE_LOOP('',(#6110,#6111,#6112,#6118));
#6120=FACE_BOUND('',#6119,.T.);
#6121=ADVANCED_FACE('',(#6120),#6109,.T.);
#6122=CARTESIAN_POINT('',(51.382793202,-0.049885471,49.354394076));
#6123=DIRECTION('',(0.707106781,0.,-0.707106781));
#6124=DIRECTION('',(-0.707106781,0.,-0.707106781));
#6125=AXIS2_PLACEMENT_3D('',#6122,#6123,#6124);
#6126=PLANE('',#6125);
#6127=ORIENTED_EDGE('',*,*,#6117,.F.);
#6128=ORIENTED_EDGE('',*,*,#2267,.F.);
#6129=ORIENTED_EDGE('',*,*,#6066,.T.);
#6130=ORIENTED_EDGE('',*,*,#898,.T.);
#6131=EDGE_LOOP('',(#6127,#6128,#6129,#6130));
#6132=FACE_BOUND('',#6131,.T.);
#6133=ADVANCED_FACE('',(#6132),#6126,.T.);
#6134=CARTESIAN_POINT('',(37.931178492,-0.049885471,40.210015182));
#6135=DIRECTION('',(0.,1.,0.));
#6136=DIRECTION('',(0.,-0.,1.));
#6137=AXIS2_PLACEMENT_3D('',#6134,#6135,#6136);
#6138=CYLINDRICAL_SURFACE('',#6137,4.18);
#6139=ORIENTED_EDGE('',*,*,#872,.T.);
#6140=CARTESIAN_POINT('',(40.331572985,0.300114529,43.632076882));
#6141=DIRECTION('',(0.,1.,0.));
#6142=VECTOR('',#6141,1.65);
#6143=LINE('',#6140,#6142);
#6144=EDGE_CURVE('',#858,#2980,#6143,.T.);
#6145=ORIENTED_EDGE('',*,*,#6144,.T.);
#6146=ORIENTED_EDGE('',*,*,#3010,.F.);
#6147=CARTESIAN_POINT('',(41.532309801,0.300114529,42.3323378));
#6148=DIRECTION('',(0.,1.,0.));
#6149=VECTOR('',#6148,1.65);
#6150=LINE('',#6147,#6149);
#6151=EDGE_CURVE('',#866,#2998,#6150,.T.);
#6152=ORIENTED_EDGE('',*,*,#6151,.F.);
#6153=EDGE_LOOP('',(#6139,#6145,#6146,#6152));
#6154=FACE_BOUND('',#6153,.T.);
#6155=ADVANCED_FACE('',(#6154),#6138,.F.);
#6156=CARTESIAN_POINT('',(-3.604260653,-0.049885471,-2.804232654));
#6157=DIRECTION('',(-0.707106781,-0.,0.707106781));
#6158=DIRECTION('',(0.707106781,0.,0.707106781));
#6159=AXIS2_PLACEMENT_3D('',#6156,#6157,#6158);
#6160=PLANE('',#6159);
#6161=CARTESIAN_POINT('',(29.500000739,0.300114529,30.300028738));
#6162=DIRECTION('',(0.,1.,0.));
#6163=VECTOR('',#6162,1.65);
#6164=LINE('',#6161,#6163);
#6165=EDGE_CURVE('',#848,#2990,#6164,.T.);
#6166=ORIENTED_EDGE('',*,*,#6165,.F.);
#6167=ORIENTED_EDGE('',*,*,#878,.T.);
#6168=ORIENTED_EDGE('',*,*,#6151,.T.);
#6169=ORIENTED_EDGE('',*,*,#3003,.F.);
#6170=EDGE_LOOP('',(#6166,#6167,#6168,#6169));
#6171=FACE_BOUND('',#6170,.T.);
#6172=ADVANCED_FACE('',(#6171),#6160,.T.);
#6173=CARTESIAN_POINT('',(29.49999791,3.950114529,12.204620597));
#6174=DIRECTION('',(1.,0.,-0.000000156));
#6175=DIRECTION('',(-0.000000156,0.,-1.));
#6176=AXIS2_PLACEMENT_3D('',#6173,#6174,#6175);
#6177=PLANE('',#6176);
#6178=ORIENTED_EDGE('',*,*,#855,.F.);
#6179=ORIENTED_EDGE('',*,*,#6165,.T.);
#6180=ORIENTED_EDGE('',*,*,#2995,.F.);
#6181=CARTESIAN_POINT('',(29.500001129,1.950114529,32.800505026));
#6182=DIRECTION('',(-0.,-1.,-0.));
#6183=VECTOR('',#6182,1.65);
#6184=LINE('',#6181,#6183);
#6185=EDGE_CURVE('',#2982,#850,#6184,.T.);
#6186=ORIENTED_EDGE('',*,*,#6185,.T.);
#6187=EDGE_LOOP('',(#6178,#6179,#6180,#6186));
#6188=FACE_BOUND('',#6187,.T.);
#6189=ADVANCED_FACE('',(#6188),#6177,.T.);
#6190=CARTESIAN_POINT('',(46.05389018,-0.049885471,49.354394076));
#6191=DIRECTION('',(0.707106781,0.,-0.707106781));
#6192=DIRECTION('',(-0.707106781,0.,-0.707106781));
#6193=AXIS2_PLACEMENT_3D('',#6190,#6191,#6192);
#6194=PLANE('',#6193);
#6195=ORIENTED_EDGE('',*,*,#6185,.F.);
#6196=ORIENTED_EDGE('',*,*,#2987,.F.);
#6197=ORIENTED_EDGE('',*,*,#6144,.F.);
#6198=ORIENTED_EDGE('',*,*,#863,.T.);
#6199=EDGE_LOOP('',(#6195,#6196,#6197,#6198));
#6200=FACE_BOUND('',#6199,.T.);
#6201=ADVANCED_FACE('',(#6200),#6194,.T.);
#6202=CARTESIAN_POINT('',(37.931178492,-0.049885471,44.390015182));
#6203=DIRECTION('',(0.,0.,-1.));
#6204=DIRECTION('',(-1.,0.,0.));
#6205=AXIS2_PLACEMENT_3D('',#6202,#6203,#6204);
#6206=PLANE('',#6205);
#6207=ORIENTED_EDGE('',*,*,#828,.T.);
#6208=CARTESIAN_POINT('',(35.760608263,0.300114529,44.390015182));
#6209=DIRECTION('',(0.,1.,0.));
#6210=VECTOR('',#6209,1.65);
#6211=LINE('',#6208,#6210);
#6212=EDGE_CURVE('',#815,#2937,#6211,.T.);
#6213=ORIENTED_EDGE('',*,*,#6212,.T.);
#6214=ORIENTED_EDGE('',*,*,#2975,.F.);
#6215=CARTESIAN_POINT('',(37.931178492,0.300114529,44.390015182));
#6216=DIRECTION('',(0.,1.,0.));
#6217=VECTOR('',#6216,1.65);
#6218=LINE('',#6215,#6217);
#6219=EDGE_CURVE('',#823,#2963,#6218,.T.);
#6220=ORIENTED_EDGE('',*,*,#6219,.F.);
#6221=EDGE_LOOP('',(#6207,#6213,#6214,#6220));
#6222=FACE_BOUND('',#6221,.T.);
#6223=ADVANCED_FACE('',(#6222),#6206,.T.);
#6224=CARTESIAN_POINT('',(37.931178492,-0.049885471,40.210015182));
#6225=DIRECTION('',(0.,1.,0.));
#6226=DIRECTION('',(0.,-0.,1.));
#6227=AXIS2_PLACEMENT_3D('',#6224,#6225,#6226);
#6228=CYLINDRICAL_SURFACE('',#6227,4.18);
#6229=CARTESIAN_POINT('',(38.24898518,0.300114529,44.377916201));
#6230=DIRECTION('',(0.,1.,0.));
#6231=VECTOR('',#6230,1.65);
#6232=LINE('',#6229,#6231);
#6233=EDGE_CURVE('',#831,#2955,#6232,.T.);
#6234=ORIENTED_EDGE('',*,*,#6233,.F.);
#6235=ORIENTED_EDGE('',*,*,#837,.T.);
#6236=ORIENTED_EDGE('',*,*,#6219,.T.);
#6237=ORIENTED_EDGE('',*,*,#2969,.F.);
#6238=EDGE_LOOP('',(#6234,#6235,#6236,#6237));
#6239=FACE_BOUND('',#6238,.T.);
#6240=ADVANCED_FACE('',(#6239),#6228,.F.);
#6241=CARTESIAN_POINT('',(-8.933163675,-0.049885471,-2.804232654));
#6242=DIRECTION('',(-0.707106781,-0.,0.707106781));
#6243=DIRECTION('',(0.707106781,0.,0.707106781));
#6244=AXIS2_PLACEMENT_3D('',#6241,#6242,#6243);
#6245=PLANE('',#6244);
#6246=CARTESIAN_POINT('',(29.500001572,0.300114529,35.628932593));
#6247=DIRECTION('',(0.,1.,0.));
#6248=VECTOR('',#6247,1.65);
#6249=LINE('',#6246,#6248);
#6250=EDGE_CURVE('',#805,#2947,#6249,.T.);
#6251=ORIENTED_EDGE('',*,*,#6250,.F.);
#6252=ORIENTED_EDGE('',*,*,#843,.T.);
#6253=ORIENTED_EDGE('',*,*,#6233,.T.);
#6254=ORIENTED_EDGE('',*,*,#2960,.F.);
#6255=EDGE_LOOP('',(#6251,#6252,#6253,#6254));
#6256=FACE_BOUND('',#6255,.T.);
#6257=ADVANCED_FACE('',(#6256),#6245,.T.);
#6258=CARTESIAN_POINT('',(29.49999791,3.950114529,12.204620597));
#6259=DIRECTION('',(1.,0.,-0.000000156));
#6260=DIRECTION('',(-0.000000156,0.,-1.));
#6261=AXIS2_PLACEMENT_3D('',#6258,#6259,#6260);
#6262=PLANE('',#6261);
#6263=ORIENTED_EDGE('',*,*,#812,.F.);
#6264=ORIENTED_EDGE('',*,*,#6250,.T.);
#6265=ORIENTED_EDGE('',*,*,#2952,.F.);
#6266=CARTESIAN_POINT('',(29.500001962,1.950114529,38.129408881));
#6267=DIRECTION('',(-0.,-1.,-0.));
#6268=VECTOR('',#6267,1.65);
#6269=LINE('',#6266,#6268);
#6270=EDGE_CURVE('',#2939,#807,#6269,.T.);
#6271=ORIENTED_EDGE('',*,*,#6270,.T.);
#6272=EDGE_LOOP('',(#6263,#6264,#6265,#6271));
#6273=FACE_BOUND('',#6272,.T.);
#6274=ADVANCED_FACE('',(#6273),#6262,.T.);
#6275=CARTESIAN_POINT('',(40.724987157,-0.049885471,49.354394076));
#6276=DIRECTION('',(0.707106781,0.,-0.707106781));
#6277=DIRECTION('',(-0.707106781,0.,-0.707106781));
#6278=AXIS2_PLACEMENT_3D('',#6275,#6276,#6277);
#6279=PLANE('',#6278);
#6280=ORIENTED_EDGE('',*,*,#6270,.F.);
#6281=ORIENTED_EDGE('',*,*,#2944,.F.);
#6282=ORIENTED_EDGE('',*,*,#6212,.F.);
#6283=ORIENTED_EDGE('',*,*,#820,.T.);
#6284=EDGE_LOOP('',(#6280,#6281,#6282,#6283));
#6285=FACE_BOUND('',#6284,.T.);
#6286=ADVANCED_FACE('',(#6285),#6279,.T.);
#6287=CARTESIAN_POINT('',(37.931178492,-0.049885471,44.390015182));
#6288=DIRECTION('',(0.,0.,-1.));
#6289=DIRECTION('',(-1.,0.,0.));
#6290=AXIS2_PLACEMENT_3D('',#6287,#6288,#6289);
#6291=PLANE('',#6290);
#6292=ORIENTED_EDGE('',*,*,#794,.T.);
#6293=CARTESIAN_POINT('',(30.43170524,0.300114529,44.390015182));
#6294=DIRECTION('',(0.,1.,0.));
#6295=VECTOR('',#6294,1.65);
#6296=LINE('',#6293,#6295);
#6297=EDGE_CURVE('',#781,#2902,#6296,.T.);
#6298=ORIENTED_EDGE('',*,*,#6297,.T.);
#6299=ORIENTED_EDGE('',*,*,#2932,.F.);
#6300=CARTESIAN_POINT('',(32.932181138,0.300114529,44.390015182));
#6301=DIRECTION('',(0.,1.,0.));
#6302=VECTOR('',#6301,1.65);
#6303=LINE('',#6300,#6302);
#6304=EDGE_CURVE('',#789,#2921,#6303,.T.);
#6305=ORIENTED_EDGE('',*,*,#6304,.F.);
#6306=EDGE_LOOP('',(#6292,#6298,#6299,#6305));
#6307=FACE_BOUND('',#6306,.T.);
#6308=ADVANCED_FACE('',(#6307),#6291,.T.);
#6309=CARTESIAN_POINT('',(-14.262066698,-0.049885471,-2.804232654));
#6310=DIRECTION('',(-0.707106781,-0.,0.707106781));
#6311=DIRECTION('',(0.707106781,0.,0.707106781));
#6312=AXIS2_PLACEMENT_3D('',#6309,#6310,#6311);
#6313=PLANE('',#6312);
#6314=CARTESIAN_POINT('',(28.957482131,0.300114529,40.415316175));
#6315=DIRECTION('',(-0.,1.,-0.));
#6316=VECTOR('',#6315,1.65);
#6317=LINE('',#6314,#6316);
#6318=EDGE_CURVE('',#770,#2912,#6317,.T.);
#6319=ORIENTED_EDGE('',*,*,#6318,.F.);
#6320=ORIENTED_EDGE('',*,*,#800,.T.);
#6321=ORIENTED_EDGE('',*,*,#6304,.T.);
#6322=ORIENTED_EDGE('',*,*,#2926,.F.);
#6323=EDGE_LOOP('',(#6319,#6320,#6321,#6322));
#6324=FACE_BOUND('',#6323,.T.);
#6325=ADVANCED_FACE('',(#6324),#6313,.T.);
#6326=CARTESIAN_POINT('',(26.500002051,3.950114529,38.694621066));
#6327=DIRECTION('',(0.,-1.,0.));
#6328=DIRECTION('',(0.,0.,-1.));
#6329=AXIS2_PLACEMENT_3D('',#6326,#6327,#6328);
#6330=CYLINDRICAL_SURFACE('',#6329,3.);
#6331=ORIENTED_EDGE('',*,*,#778,.F.);
#6332=ORIENTED_EDGE('',*,*,#6318,.T.);
#6333=ORIENTED_EDGE('',*,*,#2918,.F.);
#6334=CARTESIAN_POINT('',(27.547495485,1.950114529,41.505805426));
#6335=DIRECTION('',(0.,-1.,0.));
#6336=VECTOR('',#6335,1.65);
#6337=LINE('',#6334,#6336);
#6338=EDGE_CURVE('',#2904,#772,#6337,.T.);
#6339=ORIENTED_EDGE('',*,*,#6338,.T.);
#6340=EDGE_LOOP('',(#6331,#6332,#6333,#6339));
#6341=FACE_BOUND('',#6340,.T.);
#6342=ADVANCED_FACE('',(#6341),#6330,.T.);
#6343=CARTESIAN_POINT('',(35.396084135,-0.049885471,49.354394076));
#6344=DIRECTION('',(0.707106781,0.,-0.707106781));
#6345=DIRECTION('',(-0.707106781,0.,-0.707106781));
#6346=AXIS2_PLACEMENT_3D('',#6343,#6344,#6345);
#6347=PLANE('',#6346);
#6348=ORIENTED_EDGE('',*,*,#6338,.F.);
#6349=ORIENTED_EDGE('',*,*,#2909,.F.);
#6350=ORIENTED_EDGE('',*,*,#6297,.F.);
#6351=ORIENTED_EDGE('',*,*,#786,.T.);
#6352=EDGE_LOOP('',(#6348,#6349,#6350,#6351));
#6353=FACE_BOUND('',#6352,.T.);
#6354=ADVANCED_FACE('',(#6353),#6347,.T.);
#6355=CARTESIAN_POINT('',(37.931178492,-0.049885471,44.390015182));
#6356=DIRECTION('',(0.,0.,-1.));
#6357=DIRECTION('',(-1.,0.,0.));
#6358=AXIS2_PLACEMENT_3D('',#6355,#6356,#6357);
#6359=PLANE('',#6358);
#6360=CARTESIAN_POINT('',(27.603278116,0.300114529,44.390015182));
#6361=DIRECTION('',(0.,1.,0.));
#6362=VECTOR('',#6361,1.65);
#6363=LINE('',#6360,#6362);
#6364=EDGE_CURVE('',#754,#2886,#6363,.T.);
#6365=ORIENTED_EDGE('',*,*,#6364,.F.);
#6366=ORIENTED_EDGE('',*,*,#759,.T.);
#6367=CARTESIAN_POINT('',(25.102802218,0.300114529,44.390015182));
#6368=DIRECTION('',(0.,1.,0.));
#6369=VECTOR('',#6368,1.65);
#6370=LINE('',#6367,#6369);
#6371=EDGE_CURVE('',#746,#2868,#6370,.T.);
#6372=ORIENTED_EDGE('',*,*,#6371,.T.);
#6373=ORIENTED_EDGE('',*,*,#2897,.F.);
#6374=EDGE_LOOP('',(#6365,#6366,#6372,#6373));
#6375=FACE_BOUND('',#6374,.T.);
#6376=ADVANCED_FACE('',(#6375),#6359,.T.);
#6377=CARTESIAN_POINT('',(-19.59096972,-0.049885471,-2.804232654));
#6378=DIRECTION('',(-0.707106781,-0.,0.707106781));
#6379=DIRECTION('',(0.707106781,0.,0.707106781));
#6380=AXIS2_PLACEMENT_3D('',#6377,#6378,#6379);
#6381=PLANE('',#6380);
#6382=CARTESIAN_POINT('',(24.907884249,0.300114529,41.694621315));
#6383=DIRECTION('',(-0.,1.,0.));
#6384=VECTOR('',#6383,1.65);
#6385=LINE('',#6382,#6384);
#6386=EDGE_CURVE('',#736,#2878,#6385,.T.);
#6387=ORIENTED_EDGE('',*,*,#6386,.F.);
#6388=ORIENTED_EDGE('',*,*,#765,.T.);
#6389=ORIENTED_EDGE('',*,*,#6364,.T.);
#6390=ORIENTED_EDGE('',*,*,#2891,.F.);
#6391=EDGE_LOOP('',(#6387,#6388,#6389,#6390));
#6392=FACE_BOUND('',#6391,.T.);
#6393=ADVANCED_FACE('',(#6392),#6381,.T.);
#6394=CARTESIAN_POINT('',(27.50000252,3.950114529,41.69462091));
#6395=DIRECTION('',(0.000000156,0.,1.));
#6396=DIRECTION('',(1.,0.,-0.000000156));
#6397=AXIS2_PLACEMENT_3D('',#6394,#6395,#6396);
#6398=PLANE('',#6397);
#6399=ORIENTED_EDGE('',*,*,#2883,.F.);
#6400=CARTESIAN_POINT('',(22.407408743,1.950114529,41.694621706));
#6401=DIRECTION('',(0.,-1.,-0.));
#6402=VECTOR('',#6401,1.65);
#6403=LINE('',#6400,#6402);
#6404=EDGE_CURVE('',#2870,#738,#6403,.T.);
#6405=ORIENTED_EDGE('',*,*,#6404,.T.);
#6406=ORIENTED_EDGE('',*,*,#743,.F.);
#6407=ORIENTED_EDGE('',*,*,#6386,.T.);
#6408=EDGE_LOOP('',(#6399,#6405,#6406,#6407));
#6409=FACE_BOUND('',#6408,.T.);
#6410=ADVANCED_FACE('',(#6409),#6398,.T.);
#6411=CARTESIAN_POINT('',(30.067181113,-0.049885471,49.354394076));
#6412=DIRECTION('',(0.707106781,0.,-0.707106781));
#6413=DIRECTION('',(-0.707106781,0.,-0.707106781));
#6414=AXIS2_PLACEMENT_3D('',#6411,#6412,#6413);
#6415=PLANE('',#6414);
#6416=ORIENTED_EDGE('',*,*,#6404,.F.);
#6417=ORIENTED_EDGE('',*,*,#2875,.F.);
#6418=ORIENTED_EDGE('',*,*,#6371,.F.);
#6419=ORIENTED_EDGE('',*,*,#751,.T.);
#6420=EDGE_LOOP('',(#6416,#6417,#6418,#6419));
#6421=FACE_BOUND('',#6420,.T.);
#6422=ADVANCED_FACE('',(#6421),#6415,.T.);
#6423=CARTESIAN_POINT('',(37.931178492,-0.049885471,44.390015182));
#6424=DIRECTION('',(0.,0.,-1.));
#6425=DIRECTION('',(-1.,0.,0.));
#6426=AXIS2_PLACEMENT_3D('',#6423,#6424,#6425);
#6427=PLANE('',#6426);
#6428=ORIENTED_EDGE('',*,*,#725,.T.);
#6429=CARTESIAN_POINT('',(19.773899196,0.300114529,44.390015182));
#6430=DIRECTION('',(0.,1.,0.));
#6431=VECTOR('',#6430,1.65);
#6432=LINE('',#6429,#6431);
#6433=EDGE_CURVE('',#712,#2834,#6432,.T.);
#6434=ORIENTED_EDGE('',*,*,#6433,.T.);
#6435=ORIENTED_EDGE('',*,*,#2863,.F.);
#6436=CARTESIAN_POINT('',(22.274375094,0.300114529,44.390015182));
#6437=DIRECTION('',(0.,1.,0.));
#6438=VECTOR('',#6437,1.65);
#6439=LINE('',#6436,#6438);
#6440=EDGE_CURVE('',#720,#2852,#6439,.T.);
#6441=ORIENTED_EDGE('',*,*,#6440,.F.);
#6442=EDGE_LOOP('',(#6428,#6434,#6435,#6441));
#6443=FACE_BOUND('',#6442,.T.);
#6444=ADVANCED_FACE('',(#6443),#6427,.T.);
#6445=CARTESIAN_POINT('',(-24.919872742,-0.049885471,-2.804232654));
#6446=DIRECTION('',(-0.707106781,-0.,0.707106781));
#6447=DIRECTION('',(0.707106781,0.,0.707106781));
#6448=AXIS2_PLACEMENT_3D('',#6445,#6446,#6447);
#6449=PLANE('',#6448);
#6450=CARTESIAN_POINT('',(19.57898206,0.300114529,41.694622148));
#6451=DIRECTION('',(-0.,1.,0.));
#6452=VECTOR('',#6451,1.65);
#6453=LINE('',#6450,#6452);
#6454=EDGE_CURVE('',#702,#2844,#6453,.T.);
#6455=ORIENTED_EDGE('',*,*,#6454,.F.);
#6456=ORIENTED_EDGE('',*,*,#731,.T.);
#6457=ORIENTED_EDGE('',*,*,#6440,.T.);
#6458=ORIENTED_EDGE('',*,*,#2857,.F.);
#6459=EDGE_LOOP('',(#6455,#6456,#6457,#6458));
#6460=FACE_BOUND('',#6459,.T.);
#6461=ADVANCED_FACE('',(#6460),#6449,.T.);
#6462=CARTESIAN_POINT('',(27.50000252,3.950114529,41.69462091));
#6463=DIRECTION('',(0.000000156,0.,1.));
#6464=DIRECTION('',(1.,0.,-0.000000156));
#6465=AXIS2_PLACEMENT_3D('',#6462,#6463,#6464);
#6466=PLANE('',#6465);
#6467=ORIENTED_EDGE('',*,*,#709,.F.);
#6468=ORIENTED_EDGE('',*,*,#6454,.T.);
#6469=ORIENTED_EDGE('',*,*,#2849,.F.);
#6470=CARTESIAN_POINT('',(17.078506553,1.950114529,41.694622539));
#6471=DIRECTION('',(0.,-1.,-0.));
#6472=VECTOR('',#6471,1.65);
#6473=LINE('',#6470,#6472);
#6474=EDGE_CURVE('',#2836,#704,#6473,.T.);
#6475=ORIENTED_EDGE('',*,*,#6474,.T.);
#6476=EDGE_LOOP('',(#6467,#6468,#6469,#6475));
#6477=FACE_BOUND('',#6476,.T.);
#6478=ADVANCED_FACE('',(#6477),#6466,.T.);
#6479=CARTESIAN_POINT('',(24.738278091,-0.049885471,49.354394076));
#6480=DIRECTION('',(0.707106781,0.,-0.707106781));
#6481=DIRECTION('',(-0.707106781,0.,-0.707106781));
#6482=AXIS2_PLACEMENT_3D('',#6479,#6480,#6481);
#6483=PLANE('',#6482);
#6484=ORIENTED_EDGE('',*,*,#6474,.F.);
#6485=ORIENTED_EDGE('',*,*,#2841,.F.);
#6486=ORIENTED_EDGE('',*,*,#6433,.F.);
#6487=ORIENTED_EDGE('',*,*,#717,.T.);
#6488=EDGE_LOOP('',(#6484,#6485,#6486,#6487));
#6489=FACE_BOUND('',#6488,.T.);
#6490=ADVANCED_FACE('',(#6489),#6483,.T.);
#6491=CARTESIAN_POINT('',(37.931178492,-0.049885471,44.390015182));
#6492=DIRECTION('',(0.,0.,-1.));
#6493=DIRECTION('',(-1.,0.,0.));
#6494=AXIS2_PLACEMENT_3D('',#6491,#6492,#6493);
#6495=PLANE('',#6494);
#6496=CARTESIAN_POINT('',(16.945472071,0.300114529,44.390015182));
#6497=DIRECTION('',(0.,1.,0.));
#6498=VECTOR('',#6497,1.65);
#6499=LINE('',#6496,#6498);
#6500=EDGE_CURVE('',#686,#2818,#6499,.T.);
#6501=ORIENTED_EDGE('',*,*,#6500,.F.);
#6502=ORIENTED_EDGE('',*,*,#691,.T.);
#6503=CARTESIAN_POINT('',(14.444996174,0.300114529,44.390015182));
#6504=DIRECTION('',(0.,1.,0.));
#6505=VECTOR('',#6504,1.65);
#6506=LINE('',#6503,#6505);
#6507=EDGE_CURVE('',#678,#2800,#6506,.T.);
#6508=ORIENTED_EDGE('',*,*,#6507,.T.);
#6509=ORIENTED_EDGE('',*,*,#2829,.F.);
#6510=EDGE_LOOP('',(#6501,#6502,#6508,#6509));
#6511=FACE_BOUND('',#6510,.T.);
#6512=ADVANCED_FACE('',(#6511),#6495,.T.);
#6513=CARTESIAN_POINT('',(-30.248775764,-0.049885471,-2.804232654));
#6514=DIRECTION('',(-0.707106781,-0.,0.707106781));
#6515=DIRECTION('',(0.707106781,0.,0.707106781));
#6516=AXIS2_PLACEMENT_3D('',#6513,#6514,#6515);
#6517=PLANE('',#6516);
#6518=CARTESIAN_POINT('',(14.250079871,0.300114529,41.694622981));
#6519=DIRECTION('',(-0.,1.,0.));
#6520=VECTOR('',#6519,1.65);
#6521=LINE('',#6518,#6520);
#6522=EDGE_CURVE('',#668,#2810,#6521,.T.);
#6523=ORIENTED_EDGE('',*,*,#6522,.F.);
#6524=ORIENTED_EDGE('',*,*,#697,.T.);
#6525=ORIENTED_EDGE('',*,*,#6500,.T.);
#6526=ORIENTED_EDGE('',*,*,#2823,.F.);
#6527=EDGE_LOOP('',(#6523,#6524,#6525,#6526));
#6528=FACE_BOUND('',#6527,.T.);
#6529=ADVANCED_FACE('',(#6528),#6517,.T.);
#6530=CARTESIAN_POINT('',(27.50000252,3.950114529,41.69462091));
#6531=DIRECTION('',(0.000000156,0.,1.));
#6532=DIRECTION('',(1.,0.,-0.000000156));
#6533=AXIS2_PLACEMENT_3D('',#6530,#6531,#6532);
#6534=PLANE('',#6533);
#6535=ORIENTED_EDGE('',*,*,#2815,.F.);
#6536=CARTESIAN_POINT('',(11.749604364,1.950114529,41.694623372));
#6537=DIRECTION('',(0.,-1.,-0.));
#6538=VECTOR('',#6537,1.65);
#6539=LINE('',#6536,#6538);
#6540=EDGE_CURVE('',#2802,#670,#6539,.T.);
#6541=ORIENTED_EDGE('',*,*,#6540,.T.);
#6542=ORIENTED_EDGE('',*,*,#675,.F.);
#6543=ORIENTED_EDGE('',*,*,#6522,.T.);
#6544=EDGE_LOOP('',(#6535,#6541,#6542,#6543));
#6545=FACE_BOUND('',#6544,.T.);
#6546=ADVANCED_FACE('',(#6545),#6534,.T.);
#6547=CARTESIAN_POINT('',(19.409375069,-0.049885471,49.354394076));
#6548=DIRECTION('',(0.707106781,0.,-0.707106781));
#6549=DIRECTION('',(-0.707106781,0.,-0.707106781));
#6550=AXIS2_PLACEMENT_3D('',#6547,#6548,#6549);
#6551=PLANE('',#6550);
#6552=ORIENTED_EDGE('',*,*,#6540,.F.);
#6553=ORIENTED_EDGE('',*,*,#2807,.F.);
#6554=ORIENTED_EDGE('',*,*,#6507,.F.);
#6555=ORIENTED_EDGE('',*,*,#683,.T.);
#6556=EDGE_LOOP('',(#6552,#6553,#6554,#6555));
#6557=FACE_BOUND('',#6556,.T.);
#6558=ADVANCED_FACE('',(#6557),#6551,.T.);
#6559=CARTESIAN_POINT('',(37.931178492,-0.049885471,44.390015182));
#6560=DIRECTION('',(0.,0.,-1.));
#6561=DIRECTION('',(-1.,0.,0.));
#6562=AXIS2_PLACEMENT_3D('',#6559,#6560,#6561);
#6563=PLANE('',#6562);
#6564=ORIENTED_EDGE('',*,*,#657,.T.);
#6565=CARTESIAN_POINT('',(9.116093152,0.300114529,44.390015182));
#6566=DIRECTION('',(0.,1.,0.));
#6567=VECTOR('',#6566,1.65);
#6568=LINE('',#6565,#6567);
#6569=EDGE_CURVE('',#644,#2766,#6568,.T.);
#6570=ORIENTED_EDGE('',*,*,#6569,.T.);
#6571=ORIENTED_EDGE('',*,*,#2795,.F.);
#6572=CARTESIAN_POINT('',(11.616569049,0.300114529,44.390015182));
#6573=DIRECTION('',(0.,1.,0.));
#6574=VECTOR('',#6573,1.65);
#6575=LINE('',#6572,#6574);
#6576=EDGE_CURVE('',#652,#2784,#6575,.T.);
#6577=ORIENTED_EDGE('',*,*,#6576,.F.);
#6578=EDGE_LOOP('',(#6564,#6570,#6571,#6577));
#6579=FACE_BOUND('',#6578,.T.);
#6580=ADVANCED_FACE('',(#6579),#6563,.T.);
#6581=CARTESIAN_POINT('',(-35.577678786,-0.049885471,-2.804232654));
#6582=DIRECTION('',(-0.707106781,-0.,0.707106781));
#6583=DIRECTION('',(0.707106781,0.,0.707106781));
#6584=AXIS2_PLACEMENT_3D('',#6581,#6582,#6583);
#6585=PLANE('',#6584);
#6586=CARTESIAN_POINT('',(8.921177682,0.300114529,41.694623814));
#6587=DIRECTION('',(-0.,1.,0.));
#6588=VECTOR('',#6587,1.65);
#6589=LINE('',#6586,#6588);
#6590=EDGE_CURVE('',#634,#2776,#6589,.T.);
#6591=ORIENTED_EDGE('',*,*,#6590,.F.);
#6592=ORIENTED_EDGE('',*,*,#663,.T.);
#6593=ORIENTED_EDGE('',*,*,#6576,.T.);
#6594=ORIENTED_EDGE('',*,*,#2789,.F.);
#6595=EDGE_LOOP('',(#6591,#6592,#6593,#6594));
#6596=FACE_BOUND('',#6595,.T.);
#6597=ADVANCED_FACE('',(#6596),#6585,.T.);
#6598=CARTESIAN_POINT('',(27.50000252,3.950114529,41.69462091));
#6599=DIRECTION('',(0.000000156,0.,1.));
#6600=DIRECTION('',(1.,0.,-0.000000156));
#6601=AXIS2_PLACEMENT_3D('',#6598,#6599,#6600);
#6602=PLANE('',#6601);
#6603=ORIENTED_EDGE('',*,*,#641,.F.);
#6604=ORIENTED_EDGE('',*,*,#6590,.T.);
#6605=ORIENTED_EDGE('',*,*,#2781,.F.);
#6606=CARTESIAN_POINT('',(6.420702175,1.950114529,41.694624205));
#6607=DIRECTION('',(0.,-1.,-0.));
#6608=VECTOR('',#6607,1.65);
#6609=LINE('',#6606,#6608);
#6610=EDGE_CURVE('',#2768,#636,#6609,.T.);
#6611=ORIENTED_EDGE('',*,*,#6610,.T.);
#6612=EDGE_LOOP('',(#6603,#6604,#6605,#6611));
#6613=FACE_BOUND('',#6612,.T.);
#6614=ADVANCED_FACE('',(#6613),#6602,.T.);
#6615=CARTESIAN_POINT('',(14.080472047,-0.049885471,49.354394076));
#6616=DIRECTION('',(0.707106781,0.,-0.707106781));
#6617=DIRECTION('',(-0.707106781,0.,-0.707106781));
#6618=AXIS2_PLACEMENT_3D('',#6615,#6616,#6617);
#6619=PLANE('',#6618);
#6620=ORIENTED_EDGE('',*,*,#6610,.F.);
#6621=ORIENTED_EDGE('',*,*,#2773,.F.);
#6622=ORIENTED_EDGE('',*,*,#6569,.F.);
#6623=ORIENTED_EDGE('',*,*,#649,.T.);
#6624=EDGE_LOOP('',(#6620,#6621,#6622,#6623));
#6625=FACE_BOUND('',#6624,.T.);
#6626=ADVANCED_FACE('',(#6625),#6619,.T.);
#6627=CARTESIAN_POINT('',(37.931178492,-0.049885471,44.390015182));
#6628=DIRECTION('',(0.,0.,-1.));
#6629=DIRECTION('',(-1.,0.,0.));
#6630=AXIS2_PLACEMENT_3D('',#6627,#6628,#6629);
#6631=PLANE('',#6630);
#6632=ORIENTED_EDGE('',*,*,#623,.T.);
#6633=CARTESIAN_POINT('',(3.78719013,0.300114529,44.390015182));
#6634=DIRECTION('',(0.,1.,0.));
#6635=VECTOR('',#6634,1.65);
#6636=LINE('',#6633,#6635);
#6637=EDGE_CURVE('',#610,#2732,#6636,.T.);
#6638=ORIENTED_EDGE('',*,*,#6637,.T.);
#6639=ORIENTED_EDGE('',*,*,#2761,.F.);
#6640=CARTESIAN_POINT('',(6.287666027,0.300114529,44.390015182));
#6641=DIRECTION('',(0.,1.,0.));
#6642=VECTOR('',#6641,1.65);
#6643=LINE('',#6640,#6642);
#6644=EDGE_CURVE('',#618,#2750,#6643,.T.);
#6645=ORIENTED_EDGE('',*,*,#6644,.F.);
#6646=EDGE_LOOP('',(#6632,#6638,#6639,#6645));
#6647=FACE_BOUND('',#6646,.T.);
#6648=ADVANCED_FACE('',(#6647),#6631,.T.);
#6649=CARTESIAN_POINT('',(-40.906581808,-0.049885471,-2.804232654));
#6650=DIRECTION('',(-0.707106781,-0.,0.707106781));
#6651=DIRECTION('',(0.707106781,0.,0.707106781));
#6652=AXIS2_PLACEMENT_3D('',#6649,#6650,#6651);
#6653=PLANE('',#6652);
#6654=CARTESIAN_POINT('',(3.592275492,0.300114529,41.694624647));
#6655=DIRECTION('',(-0.,1.,0.));
#6656=VECTOR('',#6655,1.65);
#6657=LINE('',#6654,#6656);
#6658=EDGE_CURVE('',#600,#2742,#6657,.T.);
#6659=ORIENTED_EDGE('',*,*,#6658,.F.);
#6660=ORIENTED_EDGE('',*,*,#629,.T.);
#6661=ORIENTED_EDGE('',*,*,#6644,.T.);
#6662=ORIENTED_EDGE('',*,*,#2755,.F.);
#6663=EDGE_LOOP('',(#6659,#6660,#6661,#6662));
#6664=FACE_BOUND('',#6663,.T.);
#6665=ADVANCED_FACE('',(#6664),#6653,.T.);
#6666=CARTESIAN_POINT('',(27.50000252,3.950114529,41.69462091));
#6667=DIRECTION('',(0.000000156,0.,1.));
#6668=DIRECTION('',(1.,0.,-0.000000156));
#6669=AXIS2_PLACEMENT_3D('',#6666,#6667,#6668);
#6670=PLANE('',#6669);
#6671=ORIENTED_EDGE('',*,*,#2747,.F.);
#6672=CARTESIAN_POINT('',(1.091799986,1.950114529,41.694625038));
#6673=DIRECTION('',(0.,-1.,-0.));
#6674=VECTOR('',#6673,1.65);
#6675=LINE('',#6672,#6674);
#6676=EDGE_CURVE('',#2734,#602,#6675,.T.);
#6677=ORIENTED_EDGE('',*,*,#6676,.T.);
#6678=ORIENTED_EDGE('',*,*,#607,.F.);
#6679=ORIENTED_EDGE('',*,*,#6658,.T.);
#6680=EDGE_LOOP('',(#6671,#6677,#6678,#6679));
#6681=FACE_BOUND('',#6680,.T.);
#6682=ADVANCED_FACE('',(#6681),#6670,.T.);
#6683=CARTESIAN_POINT('',(8.751569025,-0.049885471,49.354394076));
#6684=DIRECTION('',(0.707106781,0.,-0.707106781));
#6685=DIRECTION('',(-0.707106781,0.,-0.707106781));
#6686=AXIS2_PLACEMENT_3D('',#6683,#6684,#6685);
#6687=PLANE('',#6686);
#6688=ORIENTED_EDGE('',*,*,#6676,.F.);
#6689=ORIENTED_EDGE('',*,*,#2739,.F.);
#6690=ORIENTED_EDGE('',*,*,#6637,.F.);
#6691=ORIENTED_EDGE('',*,*,#615,.T.);
#6692=EDGE_LOOP('',(#6688,#6689,#6690,#6691));
#6693=FACE_BOUND('',#6692,.T.);
#6694=ADVANCED_FACE('',(#6693),#6687,.T.);
#6695=CARTESIAN_POINT('',(37.931178492,-0.049885471,44.390015182));
#6696=DIRECTION('',(0.,0.,-1.));
#6697=DIRECTION('',(-1.,0.,0.));
#6698=AXIS2_PLACEMENT_3D('',#6695,#6696,#6697);
#6699=PLANE('',#6698);
#6700=ORIENTED_EDGE('',*,*,#589,.T.);
#6701=CARTESIAN_POINT('',(-1.541712892,0.300114529,44.390015182));
#6702=DIRECTION('',(0.,1.,0.));
#6703=VECTOR('',#6702,1.65);
#6704=LINE('',#6701,#6703);
#6705=EDGE_CURVE('',#576,#2698,#6704,.T.);
#6706=ORIENTED_EDGE('',*,*,#6705,.T.);
#6707=ORIENTED_EDGE('',*,*,#2727,.F.);
#6708=CARTESIAN_POINT('',(0.958763005,0.300114529,44.390015182));
#6709=DIRECTION('',(0.,1.,0.));
#6710=VECTOR('',#6709,1.65);
#6711=LINE('',#6708,#6710);
#6712=EDGE_CURVE('',#584,#2716,#6711,.T.);
#6713=ORIENTED_EDGE('',*,*,#6712,.F.);
#6714=EDGE_LOOP('',(#6700,#6706,#6707,#6713));
#6715=FACE_BOUND('',#6714,.T.);
#6716=ADVANCED_FACE('',(#6715),#6699,.T.);
#6717=CARTESIAN_POINT('',(-46.23548483,-0.049885471,-2.804232654));
#6718=DIRECTION('',(-0.707106781,-0.,0.707106781));
#6719=DIRECTION('',(0.707106781,0.,0.707106781));
#6720=AXIS2_PLACEMENT_3D('',#6717,#6718,#6719);
#6721=PLANE('',#6720);
#6722=CARTESIAN_POINT('',(-1.736626697,0.300114529,41.69462548));
#6723=DIRECTION('',(-0.,1.,0.));
#6724=VECTOR('',#6723,1.65);
#6725=LINE('',#6722,#6724);
#6726=EDGE_CURVE('',#566,#2708,#6725,.T.);
#6727=ORIENTED_EDGE('',*,*,#6726,.F.);
#6728=ORIENTED_EDGE('',*,*,#595,.T.);
#6729=ORIENTED_EDGE('',*,*,#6712,.T.);
#6730=ORIENTED_EDGE('',*,*,#2721,.F.);
#6731=EDGE_LOOP('',(#6727,#6728,#6729,#6730));
#6732=FACE_BOUND('',#6731,.T.);
#6733=ADVANCED_FACE('',(#6732),#6721,.T.);
#6734=CARTESIAN_POINT('',(27.50000252,3.950114529,41.69462091));
#6735=DIRECTION('',(0.000000156,0.,1.));
#6736=DIRECTION('',(1.,0.,-0.000000156));
#6737=AXIS2_PLACEMENT_3D('',#6734,#6735,#6736);
#6738=PLANE('',#6737);
#6739=ORIENTED_EDGE('',*,*,#573,.F.);
#6740=ORIENTED_EDGE('',*,*,#6726,.T.);
#6741=ORIENTED_EDGE('',*,*,#2713,.F.);
#6742=CARTESIAN_POINT('',(-4.237102203,1.950114529,41.694625871));
#6743=DIRECTION('',(0.,-1.,-0.));
#6744=VECTOR('',#6743,1.65);
#6745=LINE('',#6742,#6744);
#6746=EDGE_CURVE('',#2700,#568,#6745,.T.);
#6747=ORIENTED_EDGE('',*,*,#6746,.T.);
#6748=EDGE_LOOP('',(#6739,#6740,#6741,#6747));
#6749=FACE_BOUND('',#6748,.T.);
#6750=ADVANCED_FACE('',(#6749),#6738,.T.);
#6751=CARTESIAN_POINT('',(3.422666002,-0.049885471,49.354394076));
#6752=DIRECTION('',(0.707106781,0.,-0.707106781));
#6753=DIRECTION('',(-0.707106781,0.,-0.707106781));
#6754=AXIS2_PLACEMENT_3D('',#6751,#6752,#6753);
#6755=PLANE('',#6754);
#6756=ORIENTED_EDGE('',*,*,#6746,.F.);
#6757=ORIENTED_EDGE('',*,*,#2705,.F.);
#6758=ORIENTED_EDGE('',*,*,#6705,.F.);
#6759=ORIENTED_EDGE('',*,*,#581,.T.);
#6760=EDGE_LOOP('',(#6756,#6757,#6758,#6759));
#6761=FACE_BOUND('',#6760,.T.);
#6762=ADVANCED_FACE('',(#6761),#6755,.T.);
#6763=CARTESIAN_POINT('',(37.931178492,-0.049885471,44.390015182));
#6764=DIRECTION('',(0.,0.,-1.));
#6765=DIRECTION('',(-1.,0.,0.));
#6766=AXIS2_PLACEMENT_3D('',#6763,#6764,#6765);
#6767=PLANE('',#6766);
#6768=CARTESIAN_POINT('',(-4.370140017,0.300114529,44.390015182));
#6769=DIRECTION('',(0.,1.,0.));
#6770=VECTOR('',#6769,1.65);
#6771=LINE('',#6768,#6770);
#6772=EDGE_CURVE('',#550,#2682,#6771,.T.);
#6773=ORIENTED_EDGE('',*,*,#6772,.F.);
#6774=ORIENTED_EDGE('',*,*,#555,.T.);
#6775=CARTESIAN_POINT('',(-6.870615914,0.300114529,44.390015182));
#6776=DIRECTION('',(0.,1.,0.));
#6777=VECTOR('',#6776,1.65);
#6778=LINE('',#6775,#6777);
#6779=EDGE_CURVE('',#542,#2664,#6778,.T.);
#6780=ORIENTED_EDGE('',*,*,#6779,.T.);
#6781=ORIENTED_EDGE('',*,*,#2693,.F.);
#6782=EDGE_LOOP('',(#6773,#6774,#6780,#6781));
#6783=FACE_BOUND('',#6782,.T.);
#6784=ADVANCED_FACE('',(#6783),#6767,.T.);
#6785=CARTESIAN_POINT('',(-51.564387852,-0.049885471,-2.804232654));
#6786=DIRECTION('',(-0.707106781,-0.,0.707106781));
#6787=DIRECTION('',(0.707106781,0.,0.707106781));
#6788=AXIS2_PLACEMENT_3D('',#6785,#6786,#6787);
#6789=PLANE('',#6788);
#6790=CARTESIAN_POINT('',(-7.065528886,0.300114529,41.694626313));
#6791=DIRECTION('',(-0.,1.,0.));
#6792=VECTOR('',#6791,1.65);
#6793=LINE('',#6790,#6792);
#6794=EDGE_CURVE('',#532,#2674,#6793,.T.);
#6795=ORIENTED_EDGE('',*,*,#6794,.F.);
#6796=ORIENTED_EDGE('',*,*,#561,.T.);
#6797=ORIENTED_EDGE('',*,*,#6772,.T.);
#6798=ORIENTED_EDGE('',*,*,#2687,.F.);
#6799=EDGE_LOOP('',(#6795,#6796,#6797,#6798));
#6800=FACE_BOUND('',#6799,.T.);
#6801=ADVANCED_FACE('',(#6800),#6789,.T.);
#6802=CARTESIAN_POINT('',(27.50000252,3.950114529,41.69462091));
#6803=DIRECTION('',(0.000000156,0.,1.));
#6804=DIRECTION('',(1.,0.,-0.000000156));
#6805=AXIS2_PLACEMENT_3D('',#6802,#6803,#6804);
#6806=PLANE('',#6805);
#6807=ORIENTED_EDGE('',*,*,#539,.F.);
#6808=ORIENTED_EDGE('',*,*,#6794,.T.);
#6809=ORIENTED_EDGE('',*,*,#2679,.F.);
#6810=CARTESIAN_POINT('',(-9.566004392,1.950114529,41.694626704));
#6811=DIRECTION('',(0.,-1.,-0.));
#6812=VECTOR('',#6811,1.65);
#6813=LINE('',#6810,#6812);
#6814=EDGE_CURVE('',#2666,#534,#6813,.T.);
#6815=ORIENTED_EDGE('',*,*,#6814,.T.);
#6816=EDGE_LOOP('',(#6807,#6808,#6809,#6815));
#6817=FACE_BOUND('',#6816,.T.);
#6818=ADVANCED_FACE('',(#6817),#6806,.T.);
#6819=CARTESIAN_POINT('',(-1.90623702,-0.049885471,49.354394076));
#6820=DIRECTION('',(0.707106781,0.,-0.707106781));
#6821=DIRECTION('',(-0.707106781,0.,-0.707106781));
#6822=AXIS2_PLACEMENT_3D('',#6819,#6820,#6821);
#6823=PLANE('',#6822);
#6824=ORIENTED_EDGE('',*,*,#6814,.F.);
#6825=ORIENTED_EDGE('',*,*,#2671,.F.);
#6826=ORIENTED_EDGE('',*,*,#6779,.F.);
#6827=ORIENTED_EDGE('',*,*,#547,.T.);
#6828=EDGE_LOOP('',(#6824,#6825,#6826,#6827));
#6829=FACE_BOUND('',#6828,.T.);
#6830=ADVANCED_FACE('',(#6829),#6823,.T.);
#6831=CARTESIAN_POINT('',(37.931178492,-0.049885471,44.390015182));
#6832=DIRECTION('',(0.,0.,-1.));
#6833=DIRECTION('',(-1.,0.,0.));
#6834=AXIS2_PLACEMENT_3D('',#6831,#6832,#6833);
#6835=PLANE('',#6834);
#6836=ORIENTED_EDGE('',*,*,#521,.T.);
#6837=CARTESIAN_POINT('',(-12.199518937,0.300114529,44.390015182));
#6838=DIRECTION('',(0.,1.,0.));
#6839=VECTOR('',#6838,1.65);
#6840=LINE('',#6837,#6839);
#6841=EDGE_CURVE('',#508,#2630,#6840,.T.);
#6842=ORIENTED_EDGE('',*,*,#6841,.T.);
#6843=ORIENTED_EDGE('',*,*,#2659,.F.);
#6844=CARTESIAN_POINT('',(-9.699043039,0.300114529,44.390015182));
#6845=DIRECTION('',(0.,1.,0.));
#6846=VECTOR('',#6845,1.65);
#6847=LINE('',#6844,#6846);
#6848=EDGE_CURVE('',#516,#2648,#6847,.T.);
#6849=ORIENTED_EDGE('',*,*,#6848,.F.);
#6850=EDGE_LOOP('',(#6836,#6842,#6843,#6849));
#6851=FACE_BOUND('',#6850,.T.);
#6852=ADVANCED_FACE('',(#6851),#6835,.T.);
#6853=CARTESIAN_POINT('',(-56.893290875,-0.049885471,-2.804232654));
#6854=DIRECTION('',(-0.707106781,-0.,0.707106781));
#6855=DIRECTION('',(0.707106781,0.,0.707106781));
#6856=AXIS2_PLACEMENT_3D('',#6853,#6854,#6855);
#6857=PLANE('',#6856);
#6858=CARTESIAN_POINT('',(-12.394431075,0.300114529,41.694627146));
#6859=DIRECTION('',(-0.,1.,0.));
#6860=VECTOR('',#6859,1.65);
#6861=LINE('',#6858,#6860);
#6862=EDGE_CURVE('',#498,#2640,#6861,.T.);
#6863=ORIENTED_EDGE('',*,*,#6862,.F.);
#6864=ORIENTED_EDGE('',*,*,#527,.T.);
#6865=ORIENTED_EDGE('',*,*,#6848,.T.);
#6866=ORIENTED_EDGE('',*,*,#2653,.F.);
#6867=EDGE_LOOP('',(#6863,#6864,#6865,#6866));
#6868=FACE_BOUND('',#6867,.T.);
#6869=ADVANCED_FACE('',(#6868),#6857,.T.);
#6870=CARTESIAN_POINT('',(27.50000252,3.950114529,41.69462091));
#6871=DIRECTION('',(0.000000156,0.,1.));
#6872=DIRECTION('',(1.,0.,-0.000000156));
#6873=AXIS2_PLACEMENT_3D('',#6870,#6871,#6872);
#6874=PLANE('',#6873);
#6875=ORIENTED_EDGE('',*,*,#505,.F.);
#6876=ORIENTED_EDGE('',*,*,#6862,.T.);
#6877=ORIENTED_EDGE('',*,*,#2645,.F.);
#6878=CARTESIAN_POINT('',(-14.894906582,1.950114529,41.694627537));
#6879=DIRECTION('',(0.,-1.,-0.));
#6880=VECTOR('',#6879,1.65);
#6881=LINE('',#6878,#6880);
#6882=EDGE_CURVE('',#2632,#500,#6881,.T.);
#6883=ORIENTED_EDGE('',*,*,#6882,.T.);
#6884=EDGE_LOOP('',(#6875,#6876,#6877,#6883));
#6885=FACE_BOUND('',#6884,.T.);
#6886=ADVANCED_FACE('',(#6885),#6874,.T.);
#6887=CARTESIAN_POINT('',(-7.235140042,-0.049885471,49.354394076));
#6888=DIRECTION('',(0.707106781,0.,-0.707106781));
#6889=DIRECTION('',(-0.707106781,0.,-0.707106781));
#6890=AXIS2_PLACEMENT_3D('',#6887,#6888,#6889);
#6891=PLANE('',#6890);
#6892=ORIENTED_EDGE('',*,*,#6882,.F.);
#6893=ORIENTED_EDGE('',*,*,#2637,.F.);
#6894=ORIENTED_EDGE('',*,*,#6841,.F.);
#6895=ORIENTED_EDGE('',*,*,#513,.T.);
#6896=EDGE_LOOP('',(#6892,#6893,#6894,#6895));
#6897=FACE_BOUND('',#6896,.T.);
#6898=ADVANCED_FACE('',(#6897),#6891,.T.);
#6899=CARTESIAN_POINT('',(37.931178492,-0.049885471,44.390015182));
#6900=DIRECTION('',(0.,0.,-1.));
#6901=DIRECTION('',(-1.,0.,0.));
#6902=AXIS2_PLACEMENT_3D('',#6899,#6900,#6901);
#6903=PLANE('',#6902);
#6904=ORIENTED_EDGE('',*,*,#487,.T.);
#6905=CARTESIAN_POINT('',(-17.528421959,0.300114529,44.390015182));
#6906=DIRECTION('',(0.,1.,0.));
#6907=VECTOR('',#6906,1.65);
#6908=LINE('',#6905,#6907);
#6909=EDGE_CURVE('',#474,#2596,#6908,.T.);
#6910=ORIENTED_EDGE('',*,*,#6909,.T.);
#6911=ORIENTED_EDGE('',*,*,#2625,.F.);
#6912=CARTESIAN_POINT('',(-15.027946061,0.300114529,44.390015182));
#6913=DIRECTION('',(0.,1.,0.));
#6914=VECTOR('',#6913,1.65);
#6915=LINE('',#6912,#6914);
#6916=EDGE_CURVE('',#482,#2614,#6915,.T.);
#6917=ORIENTED_EDGE('',*,*,#6916,.F.);
#6918=EDGE_LOOP('',(#6904,#6910,#6911,#6917));
#6919=FACE_BOUND('',#6918,.T.);
#6920=ADVANCED_FACE('',(#6919),#6903,.T.);
#6921=CARTESIAN_POINT('',(-62.222193897,-0.049885471,-2.804232654));
#6922=DIRECTION('',(-0.707106781,-0.,0.707106781));
#6923=DIRECTION('',(0.707106781,0.,0.707106781));
#6924=AXIS2_PLACEMENT_3D('',#6921,#6922,#6923);
#6925=PLANE('',#6924);
#6926=CARTESIAN_POINT('',(-17.723333264,0.300114529,41.694627979));
#6927=DIRECTION('',(-0.,1.,0.));
#6928=VECTOR('',#6927,1.65);
#6929=LINE('',#6926,#6928);
#6930=EDGE_CURVE('',#464,#2606,#6929,.T.);
#6931=ORIENTED_EDGE('',*,*,#6930,.F.);
#6932=ORIENTED_EDGE('',*,*,#493,.T.);
#6933=ORIENTED_EDGE('',*,*,#6916,.T.);
#6934=ORIENTED_EDGE('',*,*,#2619,.F.);
#6935=EDGE_LOOP('',(#6931,#6932,#6933,#6934));
#6936=FACE_BOUND('',#6935,.T.);
#6937=ADVANCED_FACE('',(#6936),#6925,.T.);
#6938=CARTESIAN_POINT('',(27.50000252,3.950114529,41.69462091));
#6939=DIRECTION('',(0.000000156,0.,1.));
#6940=DIRECTION('',(1.,0.,-0.000000156));
#6941=AXIS2_PLACEMENT_3D('',#6938,#6939,#6940);
#6942=PLANE('',#6941);
#6943=ORIENTED_EDGE('',*,*,#471,.F.);
#6944=ORIENTED_EDGE('',*,*,#6930,.T.);
#6945=ORIENTED_EDGE('',*,*,#2611,.F.);
#6946=CARTESIAN_POINT('',(-20.223808771,1.950114529,41.694628369));
#6947=DIRECTION('',(0.,-1.,-0.));
#6948=VECTOR('',#6947,1.65);
#6949=LINE('',#6946,#6948);
#6950=EDGE_CURVE('',#2598,#466,#6949,.T.);
#6951=ORIENTED_EDGE('',*,*,#6950,.T.);
#6952=EDGE_LOOP('',(#6943,#6944,#6945,#6951));
#6953=FACE_BOUND('',#6952,.T.);
#6954=ADVANCED_FACE('',(#6953),#6942,.T.);
#6955=CARTESIAN_POINT('',(-12.564043064,-0.049885471,49.354394076));
#6956=DIRECTION('',(0.707106781,0.,-0.707106781));
#6957=DIRECTION('',(-0.707106781,0.,-0.707106781));
#6958=AXIS2_PLACEMENT_3D('',#6955,#6956,#6957);
#6959=PLANE('',#6958);
#6960=ORIENTED_EDGE('',*,*,#6950,.F.);
#6961=ORIENTED_EDGE('',*,*,#2603,.F.);
#6962=ORIENTED_EDGE('',*,*,#6909,.F.);
#6963=ORIENTED_EDGE('',*,*,#479,.T.);
#6964=EDGE_LOOP('',(#6960,#6961,#6962,#6963));
#6965=FACE_BOUND('',#6964,.T.);
#6966=ADVANCED_FACE('',(#6965),#6959,.T.);
#6967=CARTESIAN_POINT('',(37.931178492,-0.049885471,44.390015182));
#6968=DIRECTION('',(0.,0.,-1.));
#6969=DIRECTION('',(-1.,0.,0.));
#6970=AXIS2_PLACEMENT_3D('',#6967,#6968,#6969);
#6971=PLANE('',#6970);
#6972=CARTESIAN_POINT('',(-20.356849083,0.300114529,44.390015182));
#6973=DIRECTION('',(0.,1.,0.));
#6974=VECTOR('',#6973,1.65);
#6975=LINE('',#6972,#6974);
#6976=EDGE_CURVE('',#448,#2099,#6975,.T.);
#6977=ORIENTED_EDGE('',*,*,#6976,.F.);
#6978=ORIENTED_EDGE('',*,*,#453,.T.);
#6979=CARTESIAN_POINT('',(-22.857324981,0.300114529,44.390015182));
#6980=DIRECTION('',(0.,1.,0.));
#6981=VECTOR('',#6980,1.65);
#6982=LINE('',#6979,#6981);
#6983=EDGE_CURVE('',#440,#2081,#6982,.T.);
#6984=ORIENTED_EDGE('',*,*,#6983,.T.);
#6985=ORIENTED_EDGE('',*,*,#2110,.F.);
#6986=EDGE_LOOP('',(#6977,#6978,#6984,#6985));
#6987=FACE_BOUND('',#6986,.T.);
#6988=ADVANCED_FACE('',(#6987),#6971,.T.);
#6989=CARTESIAN_POINT('',(-67.551096919,-0.049885471,-2.804232654));
#6990=DIRECTION('',(-0.707106781,-0.,0.707106781));
#6991=DIRECTION('',(0.707106781,0.,0.707106781));
#6992=AXIS2_PLACEMENT_3D('',#6989,#6990,#6991);
#6993=PLANE('',#6992);
#6994=CARTESIAN_POINT('',(-23.052235453,0.300114529,41.694628812));
#6995=DIRECTION('',(-0.,1.,0.));
#6996=VECTOR('',#6995,1.65);
#6997=LINE('',#6994,#6996);
#6998=EDGE_CURVE('',#430,#2091,#6997,.T.);
#6999=ORIENTED_EDGE('',*,*,#6998,.F.);
#7000=ORIENTED_EDGE('',*,*,#459,.T.);
#7001=ORIENTED_EDGE('',*,*,#6976,.T.);
#7002=ORIENTED_EDGE('',*,*,#2104,.F.);
#7003=EDGE_LOOP('',(#6999,#7000,#7001,#7002));
#7004=FACE_BOUND('',#7003,.T.);
#7005=ADVANCED_FACE('',(#7004),#6993,.T.);
#7006=CARTESIAN_POINT('',(27.50000252,3.950114529,41.69462091));
#7007=DIRECTION('',(0.000000156,0.,1.));
#7008=DIRECTION('',(1.,0.,-0.000000156));
#7009=AXIS2_PLACEMENT_3D('',#7006,#7007,#7008);
#7010=PLANE('',#7009);
#7011=ORIENTED_EDGE('',*,*,#2096,.F.);
#7012=CARTESIAN_POINT('',(-25.55271096,1.950114529,41.694629202));
#7013=DIRECTION('',(0.,-1.,-0.));
#7014=VECTOR('',#7013,1.65);
#7015=LINE('',#7012,#7014);
#7016=EDGE_CURVE('',#2083,#432,#7015,.T.);
#7017=ORIENTED_EDGE('',*,*,#7016,.T.);
#7018=ORIENTED_EDGE('',*,*,#437,.F.);
#7019=ORIENTED_EDGE('',*,*,#6998,.T.);
#7020=EDGE_LOOP('',(#7011,#7017,#7018,#7019));
#7021=FACE_BOUND('',#7020,.T.);
#7022=ADVANCED_FACE('',(#7021),#7010,.T.);
#7023=CARTESIAN_POINT('',(-17.892946086,-0.049885471,49.354394076));
#7024=DIRECTION('',(0.707106781,0.,-0.707106781));
#7025=DIRECTION('',(-0.707106781,0.,-0.707106781));
#7026=AXIS2_PLACEMENT_3D('',#7023,#7024,#7025);
#7027=PLANE('',#7026);
#7028=ORIENTED_EDGE('',*,*,#7016,.F.);
#7029=ORIENTED_EDGE('',*,*,#2088,.F.);
#7030=ORIENTED_EDGE('',*,*,#6983,.F.);
#7031=ORIENTED_EDGE('',*,*,#445,.T.);
#7032=EDGE_LOOP('',(#7028,#7029,#7030,#7031));
#7033=FACE_BOUND('',#7032,.T.);
#7034=ADVANCED_FACE('',(#7033),#7027,.T.);
#7035=CARTESIAN_POINT('',(-37.335835397,5.950114529,30.858500248));
#7036=DIRECTION('',(-0.,-1.,0.));
#7037=DIRECTION('',(1.,-0.,0.));
#7038=AXIS2_PLACEMENT_3D('',#7035,#7036,#7037);
#7039=CYLINDRICAL_SURFACE('',#7038,3.5);
#7040=ORIENTED_EDGE('',*,*,#2042,.F.);
#7041=CARTESIAN_POINT('',(-34.433181447,0.300114529,32.814158716));
#7042=DIRECTION('',(0.,1.,-0.));
#7043=VECTOR('',#7042,1.65);
#7044=LINE('',#7041,#7043);
#7045=EDGE_CURVE('',#397,#2030,#7044,.T.);
#7046=ORIENTED_EDGE('',*,*,#7045,.F.);
#7047=ORIENTED_EDGE('',*,*,#425,.T.);
#7048=CARTESIAN_POINT('',(-33.836223791,1.950114529,30.910640474));
#7049=DIRECTION('',(-0.,-1.,0.));
#7050=VECTOR('',#7049,1.65);
#7051=LINE('',#7048,#7050);
#7052=EDGE_CURVE('',#2012,#413,#7051,.T.);
#7053=ORIENTED_EDGE('',*,*,#7052,.F.);
#7054=EDGE_LOOP('',(#7040,#7046,#7047,#7053));
#7055=FACE_BOUND('',#7054,.T.);
#7056=ADVANCED_FACE('',(#7055),#7039,.T.);
#7057=CARTESIAN_POINT('',(-17.892946086,-0.049885471,49.354394076));
#7058=DIRECTION('',(0.707106781,0.,-0.707106781));
#7059=DIRECTION('',(-0.707106781,0.,-0.707106781));
#7060=AXIS2_PLACEMENT_3D('',#7057,#7058,#7059);
#7061=PLANE('',#7060);
#7062=CARTESIAN_POINT('',(-29.509998099,0.300114529,37.737342064));
#7063=DIRECTION('',(0.,1.,0.));
#7064=VECTOR('',#7063,1.65);
#7065=LINE('',#7062,#7064);
#7066=EDGE_CURVE('',#395,#2022,#7065,.T.);
#7067=ORIENTED_EDGE('',*,*,#7066,.F.);
#7068=ORIENTED_EDGE('',*,*,#402,.T.);
#7069=ORIENTED_EDGE('',*,*,#7045,.T.);
#7070=ORIENTED_EDGE('',*,*,#2035,.F.);
#7071=EDGE_LOOP('',(#7067,#7068,#7069,#7070));
#7072=FACE_BOUND('',#7071,.T.);
#7073=ADVANCED_FACE('',(#7072),#7061,.T.);
#7074=CARTESIAN_POINT('',(-29.509997793,3.950114529,39.694629821));
#7075=DIRECTION('',(-1.,0.,0.000000156));
#7076=DIRECTION('',(0.000000156,0.,1.));
#7077=AXIS2_PLACEMENT_3D('',#7074,#7075,#7076);
#7078=PLANE('',#7077);
#7079=ORIENTED_EDGE('',*,*,#2027,.F.);
#7080=CARTESIAN_POINT('',(-29.50999849,1.950114529,35.236865775));
#7081=DIRECTION('',(-0.,-1.,-0.));
#7082=VECTOR('',#7081,1.65);
#7083=LINE('',#7080,#7082);
#7084=EDGE_CURVE('',#2014,#405,#7083,.T.);
#7085=ORIENTED_EDGE('',*,*,#7084,.T.);
#7086=ORIENTED_EDGE('',*,*,#410,.F.);
#7087=ORIENTED_EDGE('',*,*,#7066,.T.);
#7088=EDGE_LOOP('',(#7079,#7085,#7086,#7087));
#7089=FACE_BOUND('',#7088,.T.);
#7090=ADVANCED_FACE('',(#7089),#7078,.T.);
#7091=CARTESIAN_POINT('',(-67.551096919,-0.049885471,-2.804232654));
#7092=DIRECTION('',(-0.707106781,-0.,0.707106781));
#7093=DIRECTION('',(0.707106781,0.,0.707106781));
#7094=AXIS2_PLACEMENT_3D('',#7091,#7092,#7093);
#7095=PLANE('',#7094);
#7096=ORIENTED_EDGE('',*,*,#7084,.F.);
#7097=ORIENTED_EDGE('',*,*,#2019,.F.);
#7098=ORIENTED_EDGE('',*,*,#7052,.T.);
#7099=ORIENTED_EDGE('',*,*,#418,.T.);
#7100=EDGE_LOOP('',(#7096,#7097,#7098,#7099));
#7101=FACE_BOUND('',#7100,.T.);
#7102=ADVANCED_FACE('',(#7101),#7095,.T.);
#7103=CARTESIAN_POINT('',(-33.835835397,5.950114529,30.858500248));
#7104=DIRECTION('',(-1.,0.,0.));
#7105=DIRECTION('',(-0.,-1.,0.));
#7106=AXIS2_PLACEMENT_3D('',#7103,#7104,#7105);
#7107=PLANE('',#7106);
#7108=ORIENTED_EDGE('',*,*,#2144,.F.);
#7109=CARTESIAN_POINT('',(-33.835835397,0.300114529,28.082601743));
#7110=DIRECTION('',(0.,1.,0.));
#7111=VECTOR('',#7110,1.65);
#7112=LINE('',#7109,#7111);
#7113=EDGE_CURVE('',#379,#2133,#7112,.T.);
#7114=ORIENTED_EDGE('',*,*,#7113,.F.);
#7115=ORIENTED_EDGE('',*,*,#384,.T.);
#7116=CARTESIAN_POINT('',(-33.835835397,1.950114529,25.582125846));
#7117=DIRECTION('',(-0.,-1.,-0.));
#7118=VECTOR('',#7117,1.65);
#7119=LINE('',#7116,#7118);
#7120=EDGE_CURVE('',#2115,#371,#7119,.T.);
#7121=ORIENTED_EDGE('',*,*,#7120,.F.);
#7122=EDGE_LOOP('',(#7108,#7114,#7115,#7121));
#7123=FACE_BOUND('',#7122,.T.);
#7124=ADVANCED_FACE('',(#7123),#7107,.F.);
#7125=CARTESIAN_POINT('',(-12.564043064,-0.049885471,49.354394076));
#7126=DIRECTION('',(0.707106781,0.,-0.707106781));
#7127=DIRECTION('',(-0.707106781,0.,-0.707106781));
#7128=AXIS2_PLACEMENT_3D('',#7125,#7126,#7127);
#7129=PLANE('',#7128);
#7130=CARTESIAN_POINT('',(-29.509998932,0.300114529,32.408438208));
#7131=DIRECTION('',(0.,1.,0.));
#7132=VECTOR('',#7131,1.65);
#7133=LINE('',#7130,#7132);
#7134=EDGE_CURVE('',#361,#2125,#7133,.T.);
#7135=ORIENTED_EDGE('',*,*,#7134,.F.);
#7136=ORIENTED_EDGE('',*,*,#390,.T.);
#7137=ORIENTED_EDGE('',*,*,#7113,.T.);
#7138=ORIENTED_EDGE('',*,*,#2138,.F.);
#7139=EDGE_LOOP('',(#7135,#7136,#7137,#7138));
#7140=FACE_BOUND('',#7139,.T.);
#7141=ADVANCED_FACE('',(#7140),#7129,.T.);
#7142=CARTESIAN_POINT('',(-29.509997793,3.950114529,39.694629821));
#7143=DIRECTION('',(-1.,0.,0.000000156));
#7144=DIRECTION('',(0.000000156,0.,1.));
#7145=AXIS2_PLACEMENT_3D('',#7142,#7143,#7144);
#7146=PLANE('',#7145);
#7147=ORIENTED_EDGE('',*,*,#2130,.F.);
#7148=CARTESIAN_POINT('',(-29.509999323,1.950114529,29.90796192));
#7149=DIRECTION('',(-0.,-1.,-0.));
#7150=VECTOR('',#7149,1.65);
#7151=LINE('',#7148,#7150);
#7152=EDGE_CURVE('',#2117,#363,#7151,.T.);
#7153=ORIENTED_EDGE('',*,*,#7152,.T.);
#7154=ORIENTED_EDGE('',*,*,#368,.F.);
#7155=ORIENTED_EDGE('',*,*,#7134,.T.);
#7156=EDGE_LOOP('',(#7147,#7153,#7154,#7155));
#7157=FACE_BOUND('',#7156,.T.);
#7158=ADVANCED_FACE('',(#7157),#7146,.T.);
#7159=CARTESIAN_POINT('',(-62.222193897,-0.049885471,-2.804232654));
#7160=DIRECTION('',(-0.707106781,-0.,0.707106781));
#7161=DIRECTION('',(0.707106781,0.,0.707106781));
#7162=AXIS2_PLACEMENT_3D('',#7159,#7160,#7161);
#7163=PLANE('',#7162);
#7164=ORIENTED_EDGE('',*,*,#7152,.F.);
#7165=ORIENTED_EDGE('',*,*,#2122,.F.);
#7166=ORIENTED_EDGE('',*,*,#7120,.T.);
#7167=ORIENTED_EDGE('',*,*,#376,.T.);
#7168=EDGE_LOOP('',(#7164,#7165,#7166,#7167));
#7169=FACE_BOUND('',#7168,.T.);
#7170=ADVANCED_FACE('',(#7169),#7163,.T.);
#7171=CARTESIAN_POINT('',(-33.835835397,5.950114529,30.858500248));
#7172=DIRECTION('',(-1.,0.,0.));
#7173=DIRECTION('',(-0.,-1.,0.));
#7174=AXIS2_PLACEMENT_3D('',#7171,#7172,#7173);
#7175=PLANE('',#7174);
#7176=ORIENTED_EDGE('',*,*,#2178,.F.);
#7177=CARTESIAN_POINT('',(-33.835835397,0.300114529,22.753698721));
#7178=DIRECTION('',(0.,1.,0.));
#7179=VECTOR('',#7178,1.65);
#7180=LINE('',#7177,#7179);
#7181=EDGE_CURVE('',#345,#2167,#7180,.T.);
#7182=ORIENTED_EDGE('',*,*,#7181,.F.);
#7183=ORIENTED_EDGE('',*,*,#350,.T.);
#7184=CARTESIAN_POINT('',(-33.835835397,1.950114529,20.253222824));
#7185=DIRECTION('',(-0.,-1.,-0.));
#7186=VECTOR('',#7185,1.65);
#7187=LINE('',#7184,#7186);
#7188=EDGE_CURVE('',#2149,#337,#7187,.T.);
#7189=ORIENTED_EDGE('',*,*,#7188,.F.);
#7190=EDGE_LOOP('',(#7176,#7182,#7183,#7189));
#7191=FACE_BOUND('',#7190,.T.);
#7192=ADVANCED_FACE('',(#7191),#7175,.F.);
#7193=CARTESIAN_POINT('',(-7.235140042,-0.049885471,49.354394076));
#7194=DIRECTION('',(0.707106781,0.,-0.707106781));
#7195=DIRECTION('',(-0.707106781,0.,-0.707106781));
#7196=AXIS2_PLACEMENT_3D('',#7193,#7194,#7195);
#7197=PLANE('',#7196);
#7198=CARTESIAN_POINT('',(-29.509999765,0.300114529,27.079534353));
#7199=DIRECTION('',(0.,1.,0.));
#7200=VECTOR('',#7199,1.65);
#7201=LINE('',#7198,#7200);
#7202=EDGE_CURVE('',#327,#2159,#7201,.T.);
#7203=ORIENTED_EDGE('',*,*,#7202,.F.);
#7204=ORIENTED_EDGE('',*,*,#356,.T.);
#7205=ORIENTED_EDGE('',*,*,#7181,.T.);
#7206=ORIENTED_EDGE('',*,*,#2172,.F.);
#7207=EDGE_LOOP('',(#7203,#7204,#7205,#7206));
#7208=FACE_BOUND('',#7207,.T.);
#7209=ADVANCED_FACE('',(#7208),#7197,.T.);
#7210=CARTESIAN_POINT('',(-29.509997793,3.950114529,39.694629821));
#7211=DIRECTION('',(-1.,0.,0.000000156));
#7212=DIRECTION('',(0.000000156,0.,1.));
#7213=AXIS2_PLACEMENT_3D('',#7210,#7211,#7212);
#7214=PLANE('',#7213);
#7215=ORIENTED_EDGE('',*,*,#2164,.F.);
#7216=CARTESIAN_POINT('',(-29.510000156,1.950114529,24.579058065));
#7217=DIRECTION('',(-0.,-1.,-0.));
#7218=VECTOR('',#7217,1.65);
#7219=LINE('',#7216,#7218);
#7220=EDGE_CURVE('',#2151,#329,#7219,.T.);
#7221=ORIENTED_EDGE('',*,*,#7220,.T.);
#7222=ORIENTED_EDGE('',*,*,#334,.F.);
#7223=ORIENTED_EDGE('',*,*,#7202,.T.);
#7224=EDGE_LOOP('',(#7215,#7221,#7222,#7223));
#7225=FACE_BOUND('',#7224,.T.);
#7226=ADVANCED_FACE('',(#7225),#7214,.T.);
#7227=CARTESIAN_POINT('',(-56.893290875,-0.049885471,-2.804232654));
#7228=DIRECTION('',(-0.707106781,-0.,0.707106781));
#7229=DIRECTION('',(0.707106781,0.,0.707106781));
#7230=AXIS2_PLACEMENT_3D('',#7227,#7228,#7229);
#7231=PLANE('',#7230);
#7232=ORIENTED_EDGE('',*,*,#7220,.F.);
#7233=ORIENTED_EDGE('',*,*,#2156,.F.);
#7234=ORIENTED_EDGE('',*,*,#7188,.T.);
#7235=ORIENTED_EDGE('',*,*,#342,.T.);
#7236=EDGE_LOOP('',(#7232,#7233,#7234,#7235));
#7237=FACE_BOUND('',#7236,.T.);
#7238=ADVANCED_FACE('',(#7237),#7231,.T.);
#7239=CARTESIAN_POINT('',(-37.335835397,5.950114529,15.821441755));
#7240=DIRECTION('',(-0.,-1.,0.));
#7241=DIRECTION('',(1.,-0.,0.));
#7242=AXIS2_PLACEMENT_3D('',#7239,#7240,#7241);
#7243=CYLINDRICAL_SURFACE('',#7242,3.5);
#7244=ORIENTED_EDGE('',*,*,#2221,.F.);
#7245=CARTESIAN_POINT('',(-33.835835397,1.950114529,15.821441755));
#7246=DIRECTION('',(-0.,-1.,0.));
#7247=VECTOR('',#7246,1.65);
#7248=LINE('',#7245,#7247);
#7249=EDGE_CURVE('',#2209,#302,#7248,.T.);
#7250=ORIENTED_EDGE('',*,*,#7249,.T.);
#7251=ORIENTED_EDGE('',*,*,#308,.T.);
#7252=CARTESIAN_POINT('',(-34.000907564,1.950114529,14.759247634));
#7253=DIRECTION('',(-0.,-1.,0.));
#7254=VECTOR('',#7253,1.65);
#7255=LINE('',#7252,#7254);
#7256=EDGE_CURVE('',#2183,#294,#7255,.T.);
#7257=ORIENTED_EDGE('',*,*,#7256,.F.);
#7258=EDGE_LOOP('',(#7244,#7250,#7251,#7257));
#7259=FACE_BOUND('',#7258,.T.);
#7260=ADVANCED_FACE('',(#7259),#7243,.T.);
#7261=CARTESIAN_POINT('',(-33.835835397,5.950114529,30.858500248));
#7262=DIRECTION('',(-1.,0.,0.));
#7263=DIRECTION('',(-0.,-1.,0.));
#7264=AXIS2_PLACEMENT_3D('',#7261,#7262,#7263);
#7265=PLANE('',#7264);
#7266=ORIENTED_EDGE('',*,*,#2214,.F.);
#7267=CARTESIAN_POINT('',(-33.835835397,0.300114529,17.424795699));
#7268=DIRECTION('',(0.,1.,0.));
#7269=VECTOR('',#7268,1.65);
#7270=LINE('',#7267,#7269);
#7271=EDGE_CURVE('',#311,#2201,#7270,.T.);
#7272=ORIENTED_EDGE('',*,*,#7271,.F.);
#7273=ORIENTED_EDGE('',*,*,#316,.T.);
#7274=ORIENTED_EDGE('',*,*,#7249,.F.);
#7275=EDGE_LOOP('',(#7266,#7272,#7273,#7274));
#7276=FACE_BOUND('',#7275,.T.);
#7277=ADVANCED_FACE('',(#7276),#7265,.F.);
#7278=CARTESIAN_POINT('',(-1.90623702,-0.049885471,49.354394076));
#7279=DIRECTION('',(0.707106781,0.,-0.707106781));
#7280=DIRECTION('',(-0.707106781,0.,-0.707106781));
#7281=AXIS2_PLACEMENT_3D('',#7278,#7279,#7280);
#7282=PLANE('',#7281);
#7283=CARTESIAN_POINT('',(-29.510000598,0.300114529,21.750630498));
#7284=DIRECTION('',(0.,1.,0.));
#7285=VECTOR('',#7284,1.65);
#7286=LINE('',#7283,#7285);
#7287=EDGE_CURVE('',#284,#2193,#7286,.T.);
#7288=ORIENTED_EDGE('',*,*,#7287,.F.);
#7289=ORIENTED_EDGE('',*,*,#322,.T.);
#7290=ORIENTED_EDGE('',*,*,#7271,.T.);
#7291=ORIENTED_EDGE('',*,*,#2206,.F.);
#7292=EDGE_LOOP('',(#7288,#7289,#7290,#7291));
#7293=FACE_BOUND('',#7292,.T.);
#7294=ADVANCED_FACE('',(#7293),#7282,.T.);
#7295=CARTESIAN_POINT('',(-29.509997793,3.950114529,39.694629821));
#7296=DIRECTION('',(-1.,0.,0.000000156));
#7297=DIRECTION('',(0.000000156,0.,1.));
#7298=AXIS2_PLACEMENT_3D('',#7295,#7296,#7297);
#7299=PLANE('',#7298);
#7300=ORIENTED_EDGE('',*,*,#2198,.F.);
#7301=CARTESIAN_POINT('',(-29.510000989,1.950114529,19.25015421));
#7302=DIRECTION('',(-0.,-1.,-0.));
#7303=VECTOR('',#7302,1.65);
#7304=LINE('',#7301,#7303);
#7305=EDGE_CURVE('',#2185,#286,#7304,.T.);
#7306=ORIENTED_EDGE('',*,*,#7305,.T.);
#7307=ORIENTED_EDGE('',*,*,#291,.F.);
#7308=ORIENTED_EDGE('',*,*,#7287,.T.);
#7309=EDGE_LOOP('',(#7300,#7306,#7307,#7308));
#7310=FACE_BOUND('',#7309,.T.);
#7311=ADVANCED_FACE('',(#7310),#7299,.T.);
#7312=CARTESIAN_POINT('',(-51.564387852,-0.049885471,-2.804232654));
#7313=DIRECTION('',(-0.707106781,-0.,0.707106781));
#7314=DIRECTION('',(0.707106781,0.,0.707106781));
#7315=AXIS2_PLACEMENT_3D('',#7312,#7313,#7314);
#7316=PLANE('',#7315);
#7317=ORIENTED_EDGE('',*,*,#7305,.F.);
#7318=ORIENTED_EDGE('',*,*,#2190,.F.);
#7319=ORIENTED_EDGE('',*,*,#7256,.T.);
#7320=ORIENTED_EDGE('',*,*,#299,.T.);
#7321=EDGE_LOOP('',(#7317,#7318,#7319,#7320));
#7322=FACE_BOUND('',#7321,.T.);
#7323=ADVANCED_FACE('',(#7322),#7316,.T.);
#7324=CARTESIAN_POINT('',(-37.931178492,-0.049885471,6.340146241));
#7325=DIRECTION('',(0.,1.,0.));
#7326=DIRECTION('',(0.,-0.,1.));
#7327=AXIS2_PLACEMENT_3D('',#7324,#7325,#7326);
#7328=CYLINDRICAL_SURFACE('',#7327,4.18);
#7329=CARTESIAN_POINT('',(-41.598097488,0.300114529,4.333630586));
#7330=DIRECTION('',(0.,1.,0.));
#7331=VECTOR('',#7330,1.65);
#7332=LINE('',#7329,#7331);
#7333=EDGE_CURVE('',#267,#2579,#7332,.T.);
#7334=ORIENTED_EDGE('',*,*,#7333,.F.);
#7335=ORIENTED_EDGE('',*,*,#273,.T.);
#7336=CARTESIAN_POINT('',(-40.436850594,0.300114529,2.994401583));
#7337=DIRECTION('',(0.,1.,0.));
#7338=VECTOR('',#7337,1.65);
#7339=LINE('',#7336,#7338);
#7340=EDGE_CURVE('',#259,#2561,#7339,.T.);
#7341=ORIENTED_EDGE('',*,*,#7340,.T.);
#7342=ORIENTED_EDGE('',*,*,#2591,.F.);
#7343=EDGE_LOOP('',(#7334,#7335,#7341,#7342));
#7344=FACE_BOUND('',#7343,.T.);
#7345=ADVANCED_FACE('',(#7344),#7328,.F.);
#7346=CARTESIAN_POINT('',(3.422666002,-0.049885471,49.354394076));
#7347=DIRECTION('',(0.707106781,0.,-0.707106781));
#7348=DIRECTION('',(-0.707106781,0.,-0.707106781));
#7349=AXIS2_PLACEMENT_3D('',#7346,#7347,#7348);
#7350=PLANE('',#7349);
#7351=CARTESIAN_POINT('',(-29.510001431,0.300114529,16.421726643));
#7352=DIRECTION('',(0.,1.,0.));
#7353=VECTOR('',#7352,1.65);
#7354=LINE('',#7351,#7353);
#7355=EDGE_CURVE('',#249,#2571,#7354,.T.);
#7356=ORIENTED_EDGE('',*,*,#7355,.F.);
#7357=ORIENTED_EDGE('',*,*,#279,.T.);
#7358=ORIENTED_EDGE('',*,*,#7333,.T.);
#7359=ORIENTED_EDGE('',*,*,#2584,.F.);
#7360=EDGE_LOOP('',(#7356,#7357,#7358,#7359));
#7361=FACE_BOUND('',#7360,.T.);
#7362=ADVANCED_FACE('',(#7361),#7350,.T.);
#7363=CARTESIAN_POINT('',(-29.509997793,3.950114529,39.694629821));
#7364=DIRECTION('',(-1.,0.,0.000000156));
#7365=DIRECTION('',(0.000000156,0.,1.));
#7366=AXIS2_PLACEMENT_3D('',#7363,#7364,#7365);
#7367=PLANE('',#7366);
#7368=ORIENTED_EDGE('',*,*,#2576,.F.);
#7369=CARTESIAN_POINT('',(-29.510001822,1.950114529,13.921250355));
#7370=DIRECTION('',(-0.,-1.,-0.));
#7371=VECTOR('',#7370,1.65);
#7372=LINE('',#7369,#7371);
#7373=EDGE_CURVE('',#2563,#251,#7372,.T.);
#7374=ORIENTED_EDGE('',*,*,#7373,.T.);
#7375=ORIENTED_EDGE('',*,*,#256,.F.);
#7376=ORIENTED_EDGE('',*,*,#7355,.T.);
#7377=EDGE_LOOP('',(#7368,#7374,#7375,#7376));
#7378=FACE_BOUND('',#7377,.T.);
#7379=ADVANCED_FACE('',(#7378),#7367,.T.);
#7380=CARTESIAN_POINT('',(-46.23548483,-0.049885471,-2.804232654));
#7381=DIRECTION('',(-0.707106781,-0.,0.707106781));
#7382=DIRECTION('',(0.707106781,0.,0.707106781));
#7383=AXIS2_PLACEMENT_3D('',#7380,#7381,#7382);
#7384=PLANE('',#7383);
#7385=ORIENTED_EDGE('',*,*,#7373,.F.);
#7386=ORIENTED_EDGE('',*,*,#2568,.F.);
#7387=ORIENTED_EDGE('',*,*,#7340,.F.);
#7388=ORIENTED_EDGE('',*,*,#264,.T.);
#7389=EDGE_LOOP('',(#7385,#7386,#7387,#7388));
#7390=FACE_BOUND('',#7389,.T.);
#7391=ADVANCED_FACE('',(#7390),#7384,.T.);
#7392=CARTESIAN_POINT('',(37.931178492,-0.049885471,2.160146241));
#7393=DIRECTION('',(0.,0.,1.));
#7394=DIRECTION('',(1.,0.,0.));
#7395=AXIS2_PLACEMENT_3D('',#7392,#7393,#7394);
#7396=PLANE('',#7395);
#7397=ORIENTED_EDGE('',*,*,#229,.T.);
#7398=CARTESIAN_POINT('',(-35.942202913,0.300114529,2.160146241));
#7399=DIRECTION('',(0.,1.,0.));
#7400=VECTOR('',#7399,1.65);
#7401=LINE('',#7398,#7400);
#7402=EDGE_CURVE('',#216,#2517,#7401,.T.);
#7403=ORIENTED_EDGE('',*,*,#7402,.T.);
#7404=ORIENTED_EDGE('',*,*,#2556,.F.);
#7405=CARTESIAN_POINT('',(-37.931178492,0.300114529,2.160146241));
#7406=DIRECTION('',(0.,1.,0.));
#7407=VECTOR('',#7406,1.65);
#7408=LINE('',#7405,#7407);
#7409=EDGE_CURVE('',#224,#2544,#7408,.T.);
#7410=ORIENTED_EDGE('',*,*,#7409,.F.);
#7411=EDGE_LOOP('',(#7397,#7403,#7404,#7410));
#7412=FACE_BOUND('',#7411,.T.);
#7413=ADVANCED_FACE('',(#7412),#7396,.T.);
#7414=CARTESIAN_POINT('',(-37.931178492,-0.049885471,6.340146241));
#7415=DIRECTION('',(0.,1.,0.));
#7416=DIRECTION('',(0.,-0.,1.));
#7417=AXIS2_PLACEMENT_3D('',#7414,#7415,#7416);
#7418=CYLINDRICAL_SURFACE('',#7417,4.18);
#7419=CARTESIAN_POINT('',(-38.414627407,0.300114529,2.188197645));
#7420=DIRECTION('',(0.,1.,0.));
#7421=VECTOR('',#7420,1.65);
#7422=LINE('',#7419,#7421);
#7423=EDGE_CURVE('',#232,#2536,#7422,.T.);
#7424=ORIENTED_EDGE('',*,*,#7423,.F.);
#7425=ORIENTED_EDGE('',*,*,#238,.T.);
#7426=ORIENTED_EDGE('',*,*,#7409,.T.);
#7427=ORIENTED_EDGE('',*,*,#2550,.F.);
#7428=EDGE_LOOP('',(#7424,#7425,#7426,#7427));
#7429=FACE_BOUND('',#7428,.T.);
#7430=ADVANCED_FACE('',(#7429),#7418,.F.);
#7431=CARTESIAN_POINT('',(8.751569025,-0.049885471,49.354394076));
#7432=DIRECTION('',(0.707106781,0.,-0.707106781));
#7433=DIRECTION('',(-0.707106781,0.,-0.707106781));
#7434=AXIS2_PLACEMENT_3D('',#7431,#7432,#7433);
#7435=PLANE('',#7434);
#7436=CARTESIAN_POINT('',(-29.028412669,0.300114529,11.574412383));
#7437=DIRECTION('',(-0.,1.,-0.));
#7438=VECTOR('',#7437,1.65);
#7439=LINE('',#7436,#7438);
#7440=EDGE_CURVE('',#205,#2527,#7439,.T.);
#7441=ORIENTED_EDGE('',*,*,#7440,.F.);
#7442=ORIENTED_EDGE('',*,*,#244,.T.);
#7443=ORIENTED_EDGE('',*,*,#7423,.T.);
#7444=ORIENTED_EDGE('',*,*,#2541,.F.);
#7445=EDGE_LOOP('',(#7441,#7442,#7443,#7444));
#7446=FACE_BOUND('',#7445,.T.);
#7447=ADVANCED_FACE('',(#7446),#7435,.T.);
#7448=CARTESIAN_POINT('',(-26.510001934,3.950114529,13.204629352));
#7449=DIRECTION('',(0.,-1.,0.));
#7450=DIRECTION('',(0.,0.,-1.));
#7451=AXIS2_PLACEMENT_3D('',#7448,#7449,#7450);
#7452=CYLINDRICAL_SURFACE('',#7451,3.);
#7453=ORIENTED_EDGE('',*,*,#213,.F.);
#7454=ORIENTED_EDGE('',*,*,#7440,.T.);
#7455=ORIENTED_EDGE('',*,*,#2533,.F.);
#7456=CARTESIAN_POINT('',(-27.666037359,1.950114529,10.436311795));
#7457=DIRECTION('',(0.,-1.,0.));
#7458=VECTOR('',#7457,1.65);
#7459=LINE('',#7456,#7458);
#7460=EDGE_CURVE('',#2519,#207,#7459,.T.);
#7461=ORIENTED_EDGE('',*,*,#7460,.T.);
#7462=EDGE_LOOP('',(#7453,#7454,#7455,#7461));
#7463=FACE_BOUND('',#7462,.T.);
#7464=ADVANCED_FACE('',(#7463),#7452,.T.);
#7465=CARTESIAN_POINT('',(-40.906581808,-0.049885471,-2.804232654));
#7466=DIRECTION('',(-0.707106781,-0.,0.707106781));
#7467=DIRECTION('',(0.707106781,0.,0.707106781));
#7468=AXIS2_PLACEMENT_3D('',#7465,#7466,#7467);
#7469=PLANE('',#7468);
#7470=ORIENTED_EDGE('',*,*,#7460,.F.);
#7471=ORIENTED_EDGE('',*,*,#2524,.F.);
#7472=ORIENTED_EDGE('',*,*,#7402,.F.);
#7473=ORIENTED_EDGE('',*,*,#221,.T.);
#7474=EDGE_LOOP('',(#7470,#7471,#7472,#7473));
#7475=FACE_BOUND('',#7474,.T.);
#7476=ADVANCED_FACE('',(#7475),#7469,.T.);
#7477=CARTESIAN_POINT('',(37.931178492,-0.049885471,2.160146241));
#7478=DIRECTION('',(0.,0.,1.));
#7479=DIRECTION('',(1.,0.,0.));
#7480=AXIS2_PLACEMENT_3D('',#7477,#7478,#7479);
#7481=PLANE('',#7480);
#7482=CARTESIAN_POINT('',(-33.113775789,0.300114529,2.160146241));
#7483=DIRECTION('',(0.,1.,0.));
#7484=VECTOR('',#7483,1.65);
#7485=LINE('',#7482,#7484);
#7486=EDGE_CURVE('',#189,#2501,#7485,.T.);
#7487=ORIENTED_EDGE('',*,*,#7486,.F.);
#7488=ORIENTED_EDGE('',*,*,#194,.T.);
#7489=CARTESIAN_POINT('',(-30.613299891,0.300114529,2.160146241));
#7490=DIRECTION('',(0.,1.,0.));
#7491=VECTOR('',#7490,1.65);
#7492=LINE('',#7489,#7491);
#7493=EDGE_CURVE('',#181,#2483,#7492,.T.);
#7494=ORIENTED_EDGE('',*,*,#7493,.T.);
#7495=ORIENTED_EDGE('',*,*,#2512,.F.);
#7496=EDGE_LOOP('',(#7487,#7488,#7494,#7495));
#7497=FACE_BOUND('',#7496,.T.);
#7498=ADVANCED_FACE('',(#7497),#7481,.T.);
#7499=CARTESIAN_POINT('',(14.080472047,-0.049885471,49.354394076));
#7500=DIRECTION('',(0.707106781,0.,-0.707106781));
#7501=DIRECTION('',(-0.707106781,0.,-0.707106781));
#7502=AXIS2_PLACEMENT_3D('',#7499,#7500,#7501);
#7503=PLANE('',#7502);
#7504=CARTESIAN_POINT('',(-25.069292903,0.300114529,10.204629127));
#7505=DIRECTION('',(-0.,1.,0.));
#7506=VECTOR('',#7505,1.65);
#7507=LINE('',#7504,#7506);
#7508=EDGE_CURVE('',#171,#2493,#7507,.T.);
#7509=ORIENTED_EDGE('',*,*,#7508,.F.);
#7510=ORIENTED_EDGE('',*,*,#200,.T.);
#7511=ORIENTED_EDGE('',*,*,#7486,.T.);
#7512=ORIENTED_EDGE('',*,*,#2506,.F.);
#7513=EDGE_LOOP('',(#7509,#7510,#7511,#7512));
#7514=FACE_BOUND('',#7513,.T.);
#7515=ADVANCED_FACE('',(#7514),#7503,.T.);
#7516=CARTESIAN_POINT('',(-27.510002402,3.950114529,10.204629508));
#7517=DIRECTION('',(-0.000000156,0.,-1.));
#7518=DIRECTION('',(-1.,0.,0.000000156));
#7519=AXIS2_PLACEMENT_3D('',#7516,#7517,#7518);
#7520=PLANE('',#7519);
#7521=ORIENTED_EDGE('',*,*,#2498,.F.);
#7522=CARTESIAN_POINT('',(-22.568817396,1.950114529,10.204628736));
#7523=DIRECTION('',(0.,-1.,-0.));
#7524=VECTOR('',#7523,1.65);
#7525=LINE('',#7522,#7524);
#7526=EDGE_CURVE('',#2485,#173,#7525,.T.);
#7527=ORIENTED_EDGE('',*,*,#7526,.T.);
#7528=ORIENTED_EDGE('',*,*,#178,.F.);
#7529=ORIENTED_EDGE('',*,*,#7508,.T.);
#7530=EDGE_LOOP('',(#7521,#7527,#7528,#7529));
#7531=FACE_BOUND('',#7530,.T.);
#7532=ADVANCED_FACE('',(#7531),#7520,.T.);
#7533=CARTESIAN_POINT('',(-35.577678786,-0.049885471,-2.804232654));
#7534=DIRECTION('',(-0.707106781,-0.,0.707106781));
#7535=DIRECTION('',(0.707106781,0.,0.707106781));
#7536=AXIS2_PLACEMENT_3D('',#7533,#7534,#7535);
#7537=PLANE('',#7536);
#7538=ORIENTED_EDGE('',*,*,#7526,.F.);
#7539=ORIENTED_EDGE('',*,*,#2490,.F.);
#7540=ORIENTED_EDGE('',*,*,#7493,.F.);
#7541=ORIENTED_EDGE('',*,*,#186,.T.);
#7542=EDGE_LOOP('',(#7538,#7539,#7540,#7541));
#7543=FACE_BOUND('',#7542,.T.);
#7544=ADVANCED_FACE('',(#7543),#7537,.T.);
#7545=CARTESIAN_POINT('',(37.931178492,-0.049885471,2.160146241));
#7546=DIRECTION('',(0.,0.,1.));
#7547=DIRECTION('',(1.,0.,0.));
#7548=AXIS2_PLACEMENT_3D('',#7545,#7546,#7547);
#7549=PLANE('',#7548);
#7550=ORIENTED_EDGE('',*,*,#160,.T.);
#7551=CARTESIAN_POINT('',(-25.284396869,0.300114529,2.160146241));
#7552=DIRECTION('',(0.,1.,0.));
#7553=VECTOR('',#7552,1.65);
#7554=LINE('',#7551,#7553);
#7555=EDGE_CURVE('',#147,#2449,#7554,.T.);
#7556=ORIENTED_EDGE('',*,*,#7555,.T.);
#7557=ORIENTED_EDGE('',*,*,#2478,.F.);
#7558=CARTESIAN_POINT('',(-27.784872767,0.300114529,2.160146241));
#7559=DIRECTION('',(0.,1.,0.));
#7560=VECTOR('',#7559,1.65);
#7561=LINE('',#7558,#7560);
#7562=EDGE_CURVE('',#155,#2467,#7561,.T.);
#7563=ORIENTED_EDGE('',*,*,#7562,.F.);
#7564=EDGE_LOOP('',(#7550,#7556,#7557,#7563));
#7565=FACE_BOUND('',#7564,.T.);
#7566=ADVANCED_FACE('',(#7565),#7549,.T.);
#7567=CARTESIAN_POINT('',(19.409375069,-0.049885471,49.354394076));
#7568=DIRECTION('',(0.707106781,0.,-0.707106781));
#7569=DIRECTION('',(-0.707106781,0.,-0.707106781));
#7570=AXIS2_PLACEMENT_3D('',#7567,#7568,#7569);
#7571=PLANE('',#7570);
#7572=CARTESIAN_POINT('',(-19.740390714,0.300114529,10.204628294));
#7573=DIRECTION('',(-0.,1.,0.));
#7574=VECTOR('',#7573,1.65);
#7575=LINE('',#7572,#7574);
#7576=EDGE_CURVE('',#137,#2459,#7575,.T.);
#7577=ORIENTED_EDGE('',*,*,#7576,.F.);
#7578=ORIENTED_EDGE('',*,*,#166,.T.);
#7579=ORIENTED_EDGE('',*,*,#7562,.T.);
#7580=ORIENTED_EDGE('',*,*,#2472,.F.);
#7581=EDGE_LOOP('',(#7577,#7578,#7579,#7580));
#7582=FACE_BOUND('',#7581,.T.);
#7583=ADVANCED_FACE('',(#7582),#7571,.T.);
#7584=CARTESIAN_POINT('',(-27.510002402,3.950114529,10.204629508));
#7585=DIRECTION('',(-0.000000156,0.,-1.));
#7586=DIRECTION('',(-1.,0.,0.000000156));
#7587=AXIS2_PLACEMENT_3D('',#7584,#7585,#7586);
#7588=PLANE('',#7587);
#7589=ORIENTED_EDGE('',*,*,#144,.F.);
#7590=ORIENTED_EDGE('',*,*,#7576,.T.);
#7591=ORIENTED_EDGE('',*,*,#2464,.F.);
#7592=CARTESIAN_POINT('',(-17.239915207,1.950114529,10.204627903));
#7593=DIRECTION('',(0.,-1.,-0.));
#7594=VECTOR('',#7593,1.65);
#7595=LINE('',#7592,#7594);
#7596=EDGE_CURVE('',#2451,#139,#7595,.T.);
#7597=ORIENTED_EDGE('',*,*,#7596,.T.);
#7598=EDGE_LOOP('',(#7589,#7590,#7591,#7597));
#7599=FACE_BOUND('',#7598,.T.);
#7600=ADVANCED_FACE('',(#7599),#7588,.T.);
#7601=CARTESIAN_POINT('',(-30.248775764,-0.049885471,-2.804232654));
#7602=DIRECTION('',(-0.707106781,-0.,0.707106781));
#7603=DIRECTION('',(0.707106781,0.,0.707106781));
#7604=AXIS2_PLACEMENT_3D('',#7601,#7602,#7603);
#7605=PLANE('',#7604);
#7606=ORIENTED_EDGE('',*,*,#7596,.F.);
#7607=ORIENTED_EDGE('',*,*,#2456,.F.);
#7608=ORIENTED_EDGE('',*,*,#7555,.F.);
#7609=ORIENTED_EDGE('',*,*,#152,.T.);
#7610=EDGE_LOOP('',(#7606,#7607,#7608,#7609));
#7611=FACE_BOUND('',#7610,.T.);
#7612=ADVANCED_FACE('',(#7611),#7605,.T.);
#7613=CARTESIAN_POINT('',(37.931178492,-0.049885471,2.160146241));
#7614=DIRECTION('',(0.,0.,1.));
#7615=DIRECTION('',(1.,0.,0.));
#7616=AXIS2_PLACEMENT_3D('',#7613,#7614,#7615);
#7617=PLANE('',#7616);
#7618=CARTESIAN_POINT('',(-22.455969744,0.300114529,2.160146241));
#7619=DIRECTION('',(0.,1.,0.));
#7620=VECTOR('',#7619,1.65);
#7621=LINE('',#7618,#7620);
#7622=EDGE_CURVE('',#121,#2433,#7621,.T.);
#7623=ORIENTED_EDGE('',*,*,#7622,.F.);
#7624=ORIENTED_EDGE('',*,*,#126,.T.);
#7625=CARTESIAN_POINT('',(-19.955493847,0.300114529,2.160146241));
#7626=DIRECTION('',(0.,1.,0.));
#7627=VECTOR('',#7626,1.65);
#7628=LINE('',#7625,#7627);
#7629=EDGE_CURVE('',#113,#2415,#7628,.T.);
#7630=ORIENTED_EDGE('',*,*,#7629,.T.);
#7631=ORIENTED_EDGE('',*,*,#2444,.F.);
#7632=EDGE_LOOP('',(#7623,#7624,#7630,#7631));
#7633=FACE_BOUND('',#7632,.T.);
#7634=ADVANCED_FACE('',(#7633),#7617,.T.);
#7635=CARTESIAN_POINT('',(24.738278091,-0.049885471,49.354394076));
#7636=DIRECTION('',(0.707106781,0.,-0.707106781));
#7637=DIRECTION('',(-0.707106781,0.,-0.707106781));
#7638=AXIS2_PLACEMENT_3D('',#7635,#7636,#7637);
#7639=PLANE('',#7638);
#7640=CARTESIAN_POINT('',(-14.411488524,0.300114529,10.204627461));
#7641=DIRECTION('',(-0.,1.,0.));
#7642=VECTOR('',#7641,1.65);
#7643=LINE('',#7640,#7642);
#7644=EDGE_CURVE('',#103,#2425,#7643,.T.);
#7645=ORIENTED_EDGE('',*,*,#7644,.F.);
#7646=ORIENTED_EDGE('',*,*,#132,.T.);
#7647=ORIENTED_EDGE('',*,*,#7622,.T.);
#7648=ORIENTED_EDGE('',*,*,#2438,.F.);
#7649=EDGE_LOOP('',(#7645,#7646,#7647,#7648));
#7650=FACE_BOUND('',#7649,.T.);
#7651=ADVANCED_FACE('',(#7650),#7639,.T.);
#7652=CARTESIAN_POINT('',(-27.510002402,3.950114529,10.204629508));
#7653=DIRECTION('',(-0.000000156,0.,-1.));
#7654=DIRECTION('',(-1.,0.,0.000000156));
#7655=AXIS2_PLACEMENT_3D('',#7652,#7653,#7654);
#7656=PLANE('',#7655);
#7657=ORIENTED_EDGE('',*,*,#2430,.F.);
#7658=CARTESIAN_POINT('',(-11.911013018,1.950114529,10.20462707));
#7659=DIRECTION('',(0.,-1.,-0.));
#7660=VECTOR('',#7659,1.65);
#7661=LINE('',#7658,#7660);
#7662=EDGE_CURVE('',#2417,#105,#7661,.T.);
#7663=ORIENTED_EDGE('',*,*,#7662,.T.);
#7664=ORIENTED_EDGE('',*,*,#110,.F.);
#7665=ORIENTED_EDGE('',*,*,#7644,.T.);
#7666=EDGE_LOOP('',(#7657,#7663,#7664,#7665));
#7667=FACE_BOUND('',#7666,.T.);
#7668=ADVANCED_FACE('',(#7667),#7656,.T.);
#7669=CARTESIAN_POINT('',(-24.919872742,-0.049885471,-2.804232654));
#7670=DIRECTION('',(-0.707106781,-0.,0.707106781));
#7671=DIRECTION('',(0.707106781,0.,0.707106781));
#7672=AXIS2_PLACEMENT_3D('',#7669,#7670,#7671);
#7673=PLANE('',#7672);
#7674=ORIENTED_EDGE('',*,*,#7662,.F.);
#7675=ORIENTED_EDGE('',*,*,#2422,.F.);
#7676=ORIENTED_EDGE('',*,*,#7629,.F.);
#7677=ORIENTED_EDGE('',*,*,#118,.T.);
#7678=EDGE_LOOP('',(#7674,#7675,#7676,#7677));
#7679=FACE_BOUND('',#7678,.T.);
#7680=ADVANCED_FACE('',(#7679),#7673,.T.);
#7681=CARTESIAN_POINT('',(-26.510001934,-166.580851779,13.204629352));
#7682=DIRECTION('',(0.,1.,0.));
#7683=DIRECTION('',(0.,-0.,1.));
#7684=AXIS2_PLACEMENT_3D('',#7681,#7682,#7683);
#7685=CYLINDRICAL_SURFACE('',#7684,1.);
#7686=ORIENTED_EDGE('',*,*,#3636,.F.);
#7687=CARTESIAN_POINT('',(-27.510001934,0.300114529,13.204629508));
#7688=DIRECTION('',(0.,1.,0.));
#7689=VECTOR('',#7688,1.65);
#7690=LINE('',#7687,#7689);
#7691=EDGE_CURVE('',#52,#3622,#7690,.T.);
#7692=ORIENTED_EDGE('',*,*,#7691,.F.);
#7693=ORIENTED_EDGE('',*,*,#58,.T.);
#7694=CARTESIAN_POINT('',(-26.51000209,1.950114529,12.204629352));
#7695=DIRECTION('',(-0.,-1.,0.));
#7696=VECTOR('',#7695,1.65);
#7697=LINE('',#7694,#7696);
#7698=EDGE_CURVE('',#3630,#44,#7697,.T.);
#7699=ORIENTED_EDGE('',*,*,#7698,.F.);
#7700=EDGE_LOOP('',(#7686,#7692,#7693,#7699));
#7701=FACE_BOUND('',#7700,.T.);
#7702=ADVANCED_FACE('',(#7701),#7685,.F.);
#7703=CARTESIAN_POINT('',(-26.509997949,3.950114529,38.694629352));
#7704=DIRECTION('',(0.,1.,0.));
#7705=DIRECTION('',(0.,0.,-1.));
#7706=AXIS2_PLACEMENT_3D('',#7703,#7704,#7705);
#7707=CYLINDRICAL_SURFACE('',#7706,1.);
#7708=CARTESIAN_POINT('',(-27.509997949,1.950114529,38.694629508));
#7709=DIRECTION('',(-0.,-1.,0.));
#7710=VECTOR('',#7709,1.65);
#7711=LINE('',#7708,#7710);
#7712=EDGE_CURVE('',#3620,#61,#7711,.T.);
#7713=ORIENTED_EDGE('',*,*,#7712,.F.);
#7714=ORIENTED_EDGE('',*,*,#3685,.T.);
#7715=CARTESIAN_POINT('',(-26.509997793,0.300114529,39.694629352));
#7716=DIRECTION('',(0.,1.,-0.));
#7717=VECTOR('',#7716,1.65);
#7718=LINE('',#7715,#7717);
#7719=EDGE_CURVE('',#69,#3673,#7718,.T.);
#7720=ORIENTED_EDGE('',*,*,#7719,.F.);
#7721=ORIENTED_EDGE('',*,*,#75,.T.);
#7722=EDGE_LOOP('',(#7713,#7714,#7720,#7721));
#7723=FACE_BOUND('',#7722,.T.);
#7724=ADVANCED_FACE('',(#7723),#7707,.F.);
#7725=CARTESIAN_POINT('',(-27.509997793,-166.580851779,39.694629508));
#7726=DIRECTION('',(1.,-0.,-0.000000156));
#7727=DIRECTION('',(-0.000000156,0.,-1.));
#7728=AXIS2_PLACEMENT_3D('',#7725,#7726,#7727);
#7729=PLANE('',#7728);
#7730=ORIENTED_EDGE('',*,*,#3627,.F.);
#7731=ORIENTED_EDGE('',*,*,#7712,.T.);
#7732=ORIENTED_EDGE('',*,*,#66,.T.);
#7733=ORIENTED_EDGE('',*,*,#7691,.T.);
#7734=EDGE_LOOP('',(#7730,#7731,#7732,#7733));
#7735=FACE_BOUND('',#7734,.T.);
#7736=ADVANCED_FACE('',(#7735),#7729,.T.);
#7737=CARTESIAN_POINT('',(26.500002051,-166.580851779,38.694621066));
#7738=DIRECTION('',(0.,1.,0.));
#7739=DIRECTION('',(0.,-0.,1.));
#7740=AXIS2_PLACEMENT_3D('',#7737,#7738,#7739);
#7741=CYLINDRICAL_SURFACE('',#7740,1.);
#7742=ORIENTED_EDGE('',*,*,#3670,.F.);
#7743=CARTESIAN_POINT('',(27.500002051,0.300114529,38.69462091));
#7744=DIRECTION('',(0.,1.,0.));
#7745=VECTOR('',#7744,1.65);
#7746=LINE('',#7743,#7745);
#7747=EDGE_CURVE('',#86,#3656,#7746,.T.);
#7748=ORIENTED_EDGE('',*,*,#7747,.F.);
#7749=ORIENTED_EDGE('',*,*,#92,.T.);
#7750=CARTESIAN_POINT('',(26.500002207,1.950114529,39.694621066));
#7751=DIRECTION('',(-0.,-1.,0.));
#7752=VECTOR('',#7751,1.65);
#7753=LINE('',#7750,#7752);
#7754=EDGE_CURVE('',#3664,#78,#7753,.T.);
#7755=ORIENTED_EDGE('',*,*,#7754,.F.);
#7756=EDGE_LOOP('',(#7742,#7748,#7749,#7755));
#7757=FACE_BOUND('',#7756,.T.);
#7758=ADVANCED_FACE('',(#7757),#7741,.F.);
#7759=CARTESIAN_POINT('',(26.499998066,3.950114529,13.204621066));
#7760=DIRECTION('',(0.,1.,0.));
#7761=DIRECTION('',(0.,0.,-1.));
#7762=AXIS2_PLACEMENT_3D('',#7759,#7760,#7761);
#7763=CYLINDRICAL_SURFACE('',#7762,1.);
#7764=CARTESIAN_POINT('',(27.499998066,1.950114529,13.20462091));
#7765=DIRECTION('',(-0.,-1.,0.));
#7766=VECTOR('',#7765,1.65);
#7767=LINE('',#7764,#7766);
#7768=EDGE_CURVE('',#3647,#35,#7767,.T.);
#7769=ORIENTED_EDGE('',*,*,#7768,.F.);
#7770=ORIENTED_EDGE('',*,*,#3653,.T.);
#7771=CARTESIAN_POINT('',(26.49999791,0.300114529,12.204621066));
#7772=DIRECTION('',(0.,1.,-0.));
#7773=VECTOR('',#7772,1.65);
#7774=LINE('',#7771,#7773);
#7775=EDGE_CURVE('',#33,#3639,#7774,.T.);
#7776=ORIENTED_EDGE('',*,*,#7775,.F.);
#7777=ORIENTED_EDGE('',*,*,#41,.T.);
#7778=EDGE_LOOP('',(#7769,#7770,#7776,#7777));
#7779=FACE_BOUND('',#7778,.T.);
#7780=ADVANCED_FACE('',(#7779),#7763,.F.);
#7781=CARTESIAN_POINT('',(27.49999791,-166.580851779,12.20462091));
#7782=DIRECTION('',(-1.,0.,0.000000156));
#7783=DIRECTION('',(0.000000156,0.,1.));
#7784=AXIS2_PLACEMENT_3D('',#7781,#7782,#7783);
#7785=PLANE('',#7784);
#7786=ORIENTED_EDGE('',*,*,#3661,.F.);
#7787=ORIENTED_EDGE('',*,*,#7768,.T.);
#7788=ORIENTED_EDGE('',*,*,#98,.T.);
#7789=ORIENTED_EDGE('',*,*,#7747,.T.);
#7790=EDGE_LOOP('',(#7786,#7787,#7788,#7789));
#7791=FACE_BOUND('',#7790,.T.);
#7792=ADVANCED_FACE('',(#7791),#7785,.T.);
#7793=CARTESIAN_POINT('',(27.500002207,-166.580851779,39.69462091));
#7794=DIRECTION('',(-0.000000156,0.,-1.));
#7795=DIRECTION('',(-1.,0.,0.000000156));
#7796=AXIS2_PLACEMENT_3D('',#7793,#7794,#7795);
#7797=PLANE('',#7796);
#7798=ORIENTED_EDGE('',*,*,#3678,.F.);
#7799=ORIENTED_EDGE('',*,*,#7754,.T.);
#7800=ORIENTED_EDGE('',*,*,#83,.T.);
#7801=ORIENTED_EDGE('',*,*,#7719,.T.);
#7802=EDGE_LOOP('',(#7798,#7799,#7800,#7801));
#7803=FACE_BOUND('',#7802,.T.);
#7804=ADVANCED_FACE('',(#7803),#7797,.T.);
#7805=CARTESIAN_POINT('',(-27.51000209,-166.580851779,12.204629508));
#7806=DIRECTION('',(0.000000156,-0.,1.));
#7807=DIRECTION('',(1.,0.,-0.000000156));
#7808=AXIS2_PLACEMENT_3D('',#7805,#7806,#7807);
#7809=PLANE('',#7808);
#7810=ORIENTED_EDGE('',*,*,#3644,.F.);
#7811=ORIENTED_EDGE('',*,*,#7698,.T.);
#7812=ORIENTED_EDGE('',*,*,#49,.T.);
#7813=ORIENTED_EDGE('',*,*,#7775,.T.);
#7814=EDGE_LOOP('',(#7810,#7811,#7812,#7813));
#7815=FACE_BOUND('',#7814,.T.);
#7816=ADVANCED_FACE('',(#7815),#7809,.T.);
#7817=CARTESIAN_POINT('',(37.340831973,0.950114529,15.821441755));
#7818=DIRECTION('',(-0.,1.,0.));
#7819=DIRECTION('',(0.,0.,1.));
#7820=AXIS2_PLACEMENT_3D('',#7817,#7818,#7819);
#7821=CYLINDRICAL_SURFACE('',#7820,2.5);
#7822=CARTESIAN_POINT('',(37.340831973,1.100114529,18.321441755));
#7823=VERTEX_POINT('',#7822);
#7824=CARTESIAN_POINT('',(37.340831973,1.100114529,18.321441755));
#7825=DIRECTION('',(-0.,-1.,-0.));
#7826=VECTOR('',#7825,0.8);
#7827=LINE('',#7824,#7826);
#7828=EDGE_CURVE('',#7823,#1309,#7827,.T.);
#7829=ORIENTED_EDGE('',*,*,#7828,.F.);
#7830=CARTESIAN_POINT('',(34.840831973,1.100114529,15.821441755));
#7831=VERTEX_POINT('',#7830);
#7832=CARTESIAN_POINT('',(37.340831973,1.100114529,15.821441755));
#7833=DIRECTION('',(-0.,1.,0.));
#7834=DIRECTION('',(-1.,-0.,0.));
#7835=AXIS2_PLACEMENT_3D('',#7832,#7833,#7834);
#7836=CIRCLE('',#7835,2.5);
#7837=EDGE_CURVE('',#7823,#7831,#7836,.T.);
#7838=ORIENTED_EDGE('',*,*,#7837,.T.);
#7839=CARTESIAN_POINT('',(37.340831973,1.100114529,15.821441755));
#7840=DIRECTION('',(-0.,1.,0.));
#7841=DIRECTION('',(-1.,-0.,0.));
#7842=AXIS2_PLACEMENT_3D('',#7839,#7840,#7841);
#7843=CIRCLE('',#7842,2.5);
#7844=EDGE_CURVE('',#7831,#7823,#7843,.T.);
#7845=ORIENTED_EDGE('',*,*,#7844,.T.);
#7846=ORIENTED_EDGE('',*,*,#7828,.T.);
#7847=ORIENTED_EDGE('',*,*,#1315,.F.);
#7848=EDGE_LOOP('',(#7829,#7838,#7845,#7846,#7847));
#7849=FACE_BOUND('',#7848,.T.);
#7850=ADVANCED_FACE('',(#7849),#7821,.F.);
#7851=CARTESIAN_POINT('',(37.340831973,1.100114529,15.821441755));
#7852=DIRECTION('',(-0.,1.,0.));
#7853=DIRECTION('',(1.,0.,-0.));
#7854=AXIS2_PLACEMENT_3D('',#7851,#7852,#7853);
#7855=PLANE('',#7854);
#7856=CARTESIAN_POINT('',(35.791035102,1.100114529,15.821441755));
#7857=VERTEX_POINT('',#7856);
#7858=CARTESIAN_POINT('',(37.340831973,1.100114529,15.821441755));
#7859=DIRECTION('',(-0.,1.,0.));
#7860=DIRECTION('',(-1.,-0.,0.));
#7861=AXIS2_PLACEMENT_3D('',#7858,#7859,#7860);
#7862=CIRCLE('',#7861,1.54979687);
#7863=EDGE_CURVE('',#7857,#7857,#7862,.T.);
#7864=ORIENTED_EDGE('',*,*,#7863,.T.);
#7865=EDGE_LOOP('',(#7864));
#7866=FACE_BOUND('',#7865,.T.);
#7867=ORIENTED_EDGE('',*,*,#7837,.F.);
#7868=ORIENTED_EDGE('',*,*,#7844,.F.);
#7869=EDGE_LOOP('',(#7867,#7868));
#7870=FACE_BOUND('',#7869,.T.);
#7871=ADVANCED_FACE('',(#7866,#7870),#7855,.F.);
#7872=CARTESIAN_POINT('',(37.340831973,-148.367754358,15.821441755));
#7873=DIRECTION('',(0.,1.,0.));
#7874=DIRECTION('',(-1.,0.,0.));
#7875=AXIS2_PLACEMENT_3D('',#7872,#7873,#7874);
#7876=CYLINDRICAL_SURFACE('',#7875,1.54979687);
#7877=CARTESIAN_POINT('',(35.791035102,1.950114529,15.821441755));
#7878=DIRECTION('',(-0.,-1.,-0.));
#7879=VECTOR('',#7878,0.85);
#7880=LINE('',#7877,#7879);
#7881=EDGE_CURVE('',#3730,#7857,#7880,.T.);
#7882=ORIENTED_EDGE('',*,*,#7881,.F.);
#7883=ORIENTED_EDGE('',*,*,#3738,.T.);
#7884=ORIENTED_EDGE('',*,*,#3745,.T.);
#7885=ORIENTED_EDGE('',*,*,#7881,.T.);
#7886=ORIENTED_EDGE('',*,*,#7863,.F.);
#7887=EDGE_LOOP('',(#7882,#7883,#7884,#7885,#7886));
#7888=FACE_BOUND('',#7887,.T.);
#7889=ADVANCED_FACE('',(#7888),#7876,.F.);
#7890=CARTESIAN_POINT('',(37.340831973,0.950114529,30.858500248));
#7891=DIRECTION('',(-0.,1.,0.));
#7892=DIRECTION('',(0.,0.,1.));
#7893=AXIS2_PLACEMENT_3D('',#7890,#7891,#7892);
#7894=CYLINDRICAL_SURFACE('',#7893,2.5);
#7895=CARTESIAN_POINT('',(37.340831973,1.100114529,33.358500248));
#7896=VERTEX_POINT('',#7895);
#7897=CARTESIAN_POINT('',(37.340831973,1.100114529,33.358500248));
#7898=DIRECTION('',(-0.,-1.,-0.));
#7899=VECTOR('',#7898,0.8);
#7900=LINE('',#7897,#7899);
#7901=EDGE_CURVE('',#7896,#1298,#7900,.T.);
#7902=ORIENTED_EDGE('',*,*,#7901,.F.);
#7903=CARTESIAN_POINT('',(34.840831973,1.100114529,30.858500248));
#7904=VERTEX_POINT('',#7903);
#7905=CARTESIAN_POINT('',(37.340831973,1.100114529,30.858500248));
#7906=DIRECTION('',(-0.,1.,0.));
#7907=DIRECTION('',(-1.,-0.,0.));
#7908=AXIS2_PLACEMENT_3D('',#7905,#7906,#7907);
#7909=CIRCLE('',#7908,2.5);
#7910=EDGE_CURVE('',#7896,#7904,#7909,.T.);
#7911=ORIENTED_EDGE('',*,*,#7910,.T.);
#7912=CARTESIAN_POINT('',(37.340831973,1.100114529,30.858500248));
#7913=DIRECTION('',(-0.,1.,0.));
#7914=DIRECTION('',(-1.,-0.,0.));
#7915=AXIS2_PLACEMENT_3D('',#7912,#7913,#7914);
#7916=CIRCLE('',#7915,2.5);
#7917=EDGE_CURVE('',#7904,#7896,#7916,.T.);
#7918=ORIENTED_EDGE('',*,*,#7917,.T.);
#7919=ORIENTED_EDGE('',*,*,#7901,.T.);
#7920=ORIENTED_EDGE('',*,*,#1304,.F.);
#7921=EDGE_LOOP('',(#7902,#7911,#7918,#7919,#7920));
#7922=FACE_BOUND('',#7921,.T.);
#7923=ADVANCED_FACE('',(#7922),#7894,.F.);
#7924=CARTESIAN_POINT('',(37.340831973,1.100114529,15.821441755));
#7925=DIRECTION('',(-0.,1.,0.));
#7926=DIRECTION('',(1.,0.,-0.));
#7927=AXIS2_PLACEMENT_3D('',#7924,#7925,#7926);
#7928=PLANE('',#7927);
#7929=CARTESIAN_POINT('',(35.791035102,1.100114529,30.858500248));
#7930=VERTEX_POINT('',#7929);
#7931=CARTESIAN_POINT('',(37.340831973,1.100114529,30.858500248));
#7932=DIRECTION('',(-0.,1.,0.));
#7933=DIRECTION('',(-1.,-0.,0.));
#7934=AXIS2_PLACEMENT_3D('',#7931,#7932,#7933);
#7935=CIRCLE('',#7934,1.54979687);
#7936=EDGE_CURVE('',#7930,#7930,#7935,.T.);
#7937=ORIENTED_EDGE('',*,*,#7936,.T.);
#7938=EDGE_LOOP('',(#7937));
#7939=FACE_BOUND('',#7938,.T.);
#7940=ORIENTED_EDGE('',*,*,#7910,.F.);
#7941=ORIENTED_EDGE('',*,*,#7917,.F.);
#7942=EDGE_LOOP('',(#7940,#7941));
#7943=FACE_BOUND('',#7942,.T.);
#7944=ADVANCED_FACE('',(#7939,#7943),#7928,.F.);
#7945=CARTESIAN_POINT('',(37.340831973,-155.85526519,30.858500248));
#7946=DIRECTION('',(0.,1.,0.));
#7947=DIRECTION('',(-1.,0.,0.));
#7948=AXIS2_PLACEMENT_3D('',#7945,#7946,#7947);
#7949=CYLINDRICAL_SURFACE('',#7948,1.54979687);
#7950=CARTESIAN_POINT('',(35.791035102,1.950114529,30.858500248));
#7951=DIRECTION('',(-0.,-1.,-0.));
#7952=VECTOR('',#7951,0.85);
#7953=LINE('',#7950,#7952);
#7954=EDGE_CURVE('',#3710,#7930,#7953,.T.);
#7955=ORIENTED_EDGE('',*,*,#7954,.F.);
#7956=ORIENTED_EDGE('',*,*,#3718,.T.);
#7957=ORIENTED_EDGE('',*,*,#3725,.T.);
#7958=ORIENTED_EDGE('',*,*,#7954,.T.);
#7959=ORIENTED_EDGE('',*,*,#7936,.F.);
#7960=EDGE_LOOP('',(#7955,#7956,#7957,#7958,#7959));
#7961=FACE_BOUND('',#7960,.T.);
#7962=ADVANCED_FACE('',(#7961),#7949,.F.);
#7963=CARTESIAN_POINT('',(-37.340831973,0.950114529,15.821441755));
#7964=DIRECTION('',(0.,1.,0.));
#7965=DIRECTION('',(0.,-0.,1.));
#7966=AXIS2_PLACEMENT_3D('',#7963,#7964,#7965);
#7967=CYLINDRICAL_SURFACE('',#7966,2.5);
#7968=CARTESIAN_POINT('',(-37.340831973,1.100114529,18.321441755));
#7969=VERTEX_POINT('',#7968);
#7970=CARTESIAN_POINT('',(-37.340831973,1.100114529,18.321441755));
#7971=DIRECTION('',(-0.,-1.,-0.));
#7972=VECTOR('',#7971,0.8);
#7973=LINE('',#7970,#7972);
#7974=EDGE_CURVE('',#7969,#1287,#7973,.T.);
#7975=ORIENTED_EDGE('',*,*,#7974,.F.);
#7976=CARTESIAN_POINT('',(-39.840831973,1.100114529,15.821441755));
#7977=VERTEX_POINT('',#7976);
#7978=CARTESIAN_POINT('',(-37.340831973,1.100114529,15.821441755));
#7979=DIRECTION('',(-0.,-1.,-0.));
#7980=DIRECTION('',(-1.,0.,0.));
#7981=AXIS2_PLACEMENT_3D('',#7978,#7979,#7980);
#7982=CIRCLE('',#7981,2.5);
#7983=EDGE_CURVE('',#7977,#7969,#7982,.T.);
#7984=ORIENTED_EDGE('',*,*,#7983,.F.);
#7985=CARTESIAN_POINT('',(-37.340831973,1.100114529,15.821441755));
#7986=DIRECTION('',(-0.,-1.,-0.));
#7987=DIRECTION('',(-1.,0.,0.));
#7988=AXIS2_PLACEMENT_3D('',#7985,#7986,#7987);
#7989=CIRCLE('',#7988,2.5);
#7990=EDGE_CURVE('',#7969,#7977,#7989,.T.);
#7991=ORIENTED_EDGE('',*,*,#7990,.F.);
#7992=ORIENTED_EDGE('',*,*,#7974,.T.);
#7993=ORIENTED_EDGE('',*,*,#1293,.T.);
#7994=EDGE_LOOP('',(#7975,#7984,#7991,#7992,#7993));
#7995=FACE_BOUND('',#7994,.T.);
#7996=ADVANCED_FACE('',(#7995),#7967,.F.);
#7997=CARTESIAN_POINT('',(-37.340831973,1.100114529,15.821441755));
#7998=DIRECTION('',(0.,1.,0.));
#7999=DIRECTION('',(-1.,0.,0.));
#8000=AXIS2_PLACEMENT_3D('',#7997,#7998,#7999);
#8001=PLANE('',#8000);
#8002=CARTESIAN_POINT('',(-38.890628843,1.100114529,15.821441755));
#8003=VERTEX_POINT('',#8002);
#8004=CARTESIAN_POINT('',(-37.340831973,1.100114529,15.821441755));
#8005=DIRECTION('',(0.,1.,0.));
#8006=DIRECTION('',(-1.,0.,0.));
#8007=AXIS2_PLACEMENT_3D('',#8004,#8005,#8006);
#8008=CIRCLE('',#8007,1.54979687);
#8009=EDGE_CURVE('',#8003,#8003,#8008,.T.);
#8010=ORIENTED_EDGE('',*,*,#8009,.T.);
#8011=EDGE_LOOP('',(#8010));
#8012=FACE_BOUND('',#8011,.T.);
#8013=ORIENTED_EDGE('',*,*,#7983,.T.);
#8014=ORIENTED_EDGE('',*,*,#7990,.T.);
#8015=EDGE_LOOP('',(#8013,#8014));
#8016=FACE_BOUND('',#8015,.T.);
#8017=ADVANCED_FACE('',(#8012,#8016),#8001,.F.);
#8018=CARTESIAN_POINT('',(-37.340831973,-156.113454465,15.821441755));
#8019=DIRECTION('',(0.,1.,0.));
#8020=DIRECTION('',(-1.,0.,0.));
#8021=AXIS2_PLACEMENT_3D('',#8018,#8019,#8020);
#8022=CYLINDRICAL_SURFACE('',#8021,1.54979687);
#8023=CARTESIAN_POINT('',(-38.890628843,1.950114529,15.821441755));
#8024=DIRECTION('',(-0.,-1.,-0.));
#8025=VECTOR('',#8024,0.85);
#8026=LINE('',#8023,#8025);
#8027=EDGE_CURVE('',#3750,#8003,#8026,.T.);
#8028=ORIENTED_EDGE('',*,*,#8027,.F.);
#8029=ORIENTED_EDGE('',*,*,#3758,.T.);
#8030=ORIENTED_EDGE('',*,*,#3765,.T.);
#8031=ORIENTED_EDGE('',*,*,#8027,.T.);
#8032=ORIENTED_EDGE('',*,*,#8009,.F.);
#8033=EDGE_LOOP('',(#8028,#8029,#8030,#8031,#8032));
#8034=FACE_BOUND('',#8033,.T.);
#8035=ADVANCED_FACE('',(#8034),#8022,.F.);
#8036=CARTESIAN_POINT('',(-37.340831973,0.950114529,30.858500248));
#8037=DIRECTION('',(0.,1.,0.));
#8038=DIRECTION('',(0.,-0.,1.));
#8039=AXIS2_PLACEMENT_3D('',#8036,#8037,#8038);
#8040=CYLINDRICAL_SURFACE('',#8039,2.5);
#8041=CARTESIAN_POINT('',(-37.340831973,1.100114529,33.358500248));
#8042=VERTEX_POINT('',#8041);
#8043=CARTESIAN_POINT('',(-37.340831973,1.100114529,33.358500248));
#8044=DIRECTION('',(-0.,-1.,-0.));
#8045=VECTOR('',#8044,0.8);
#8046=LINE('',#8043,#8045);
#8047=EDGE_CURVE('',#8042,#1320,#8046,.T.);
#8048=ORIENTED_EDGE('',*,*,#8047,.F.);
#8049=CARTESIAN_POINT('',(-39.840831973,1.100114529,30.858500248));
#8050=VERTEX_POINT('',#8049);
#8051=CARTESIAN_POINT('',(-37.340831973,1.100114529,30.858500248));
#8052=DIRECTION('',(-0.,-1.,-0.));
#8053=DIRECTION('',(-1.,0.,0.));
#8054=AXIS2_PLACEMENT_3D('',#8051,#8052,#8053);
#8055=CIRCLE('',#8054,2.5);
#8056=EDGE_CURVE('',#8050,#8042,#8055,.T.);
#8057=ORIENTED_EDGE('',*,*,#8056,.F.);
#8058=CARTESIAN_POINT('',(-37.340831973,1.100114529,30.858500248));
#8059=DIRECTION('',(-0.,-1.,-0.));
#8060=DIRECTION('',(-1.,0.,0.));
#8061=AXIS2_PLACEMENT_3D('',#8058,#8059,#8060);
#8062=CIRCLE('',#8061,2.5);
#8063=EDGE_CURVE('',#8042,#8050,#8062,.T.);
#8064=ORIENTED_EDGE('',*,*,#8063,.F.);
#8065=ORIENTED_EDGE('',*,*,#8047,.T.);
#8066=ORIENTED_EDGE('',*,*,#1326,.T.);
#8067=EDGE_LOOP('',(#8048,#8057,#8064,#8065,#8066));
#8068=FACE_BOUND('',#8067,.T.);
#8069=ADVANCED_FACE('',(#8068),#8040,.F.);
#8070=CARTESIAN_POINT('',(-37.340831973,1.100114529,15.821441755));
#8071=DIRECTION('',(0.,1.,0.));
#8072=DIRECTION('',(-1.,0.,0.));
#8073=AXIS2_PLACEMENT_3D('',#8070,#8071,#8072);
#8074=PLANE('',#8073);
#8075=CARTESIAN_POINT('',(-38.890628843,1.100114529,30.858500248));
#8076=VERTEX_POINT('',#8075);
#8077=CARTESIAN_POINT('',(-37.340831973,1.100114529,30.858500248));
#8078=DIRECTION('',(0.,1.,0.));
#8079=DIRECTION('',(-1.,0.,0.));
#8080=AXIS2_PLACEMENT_3D('',#8077,#8078,#8079);
#8081=CIRCLE('',#8080,1.54979687);
#8082=EDGE_CURVE('',#8076,#8076,#8081,.T.);
#8083=ORIENTED_EDGE('',*,*,#8082,.T.);
#8084=EDGE_LOOP('',(#8083));
#8085=FACE_BOUND('',#8084,.T.);
#8086=ORIENTED_EDGE('',*,*,#8056,.T.);
#8087=ORIENTED_EDGE('',*,*,#8063,.T.);
#8088=EDGE_LOOP('',(#8086,#8087));
#8089=FACE_BOUND('',#8088,.T.);
#8090=ADVANCED_FACE('',(#8085,#8089),#8074,.F.);
#8091=CARTESIAN_POINT('',(-37.340831973,-148.679158478,30.858500248));
#8092=DIRECTION('',(0.,1.,0.));
#8093=DIRECTION('',(-1.,0.,0.));
#8094=AXIS2_PLACEMENT_3D('',#8091,#8092,#8093);
#8095=CYLINDRICAL_SURFACE('',#8094,1.54979687);
#8096=CARTESIAN_POINT('',(-38.890628843,1.950114529,30.858500248));
#8097=DIRECTION('',(-0.,-1.,-0.));
#8098=VECTOR('',#8097,0.85);
#8099=LINE('',#8096,#8098);
#8100=EDGE_CURVE('',#3690,#8076,#8099,.T.);
#8101=ORIENTED_EDGE('',*,*,#8100,.F.);
#8102=ORIENTED_EDGE('',*,*,#3698,.T.);
#8103=ORIENTED_EDGE('',*,*,#3705,.T.);
#8104=ORIENTED_EDGE('',*,*,#8100,.T.);
#8105=ORIENTED_EDGE('',*,*,#8082,.F.);
#8106=EDGE_LOOP('',(#8101,#8102,#8103,#8104,#8105));
#8107=FACE_BOUND('',#8106,.T.);
#8108=ADVANCED_FACE('',(#8107),#8095,.F.);
#8109=CARTESIAN_POINT('',(7.481869927,2.353027604,7.024618811));
#8110=DIRECTION('',(-0.,-1.,-0.));
#8111=DIRECTION('',(1.,-0.,0.));
#8112=AXIS2_PLACEMENT_3D('',#8109,#8110,#8111);
#8113=CYLINDRICAL_SURFACE('',#8112,3.5);
#8114=ORIENTED_EDGE('',*,*,#5713,.F.);
#8115=ORIENTED_EDGE('',*,*,#1086,.T.);
#8116=ORIENTED_EDGE('',*,*,#5771,.F.);
#8117=ORIENTED_EDGE('',*,*,#2410,.T.);
#8118=EDGE_LOOP('',(#8114,#8115,#8116,#8117));
#8119=FACE_BOUND('',#8118,.T.);
#8120=ADVANCED_FACE('',(#8119),#8113,.T.);
#8121=CLOSED_SHELL('',(#2005,#4020,#4042,#4059,#4076,#4088,#4110,#4127,#4144,#4156,#4178,#4195,#4212,#4224,#4246,#4263,#4280,#4292,#4314,#4331,#4348,#4365,#4382,#4399,#4416,#4428,
#4450,#4467,#4484,#4501,#4513,#4535,#4552,#4569,#4581,#4603,#4620,#4637,#4649,#4671,#4688,#4705,#4717,#4739,#4756,#4773,#4785,#4807,#4824,#4841,#4853,
#4875,#4892,#4909,#4921,#4943,#4960,#4977,#4994,#5006,#5028,#5045,#5062,#5074,#5096,#5113,#5130,#5142,#5164,#5181,#5198,#5210,#5232,#5249,#5266,#5278,
#5300,#5317,#5334,#5346,#5368,#5385,#5402,#5414,#5436,#5453,#5470,#5482,#5504,#5521,#5538,#5550,#5572,#5589,#5606,#5618,#5640,#5657,#5674,#5691,#5703,
#5725,#5742,#5759,#5776,#5798,#5815,#5832,#5844,#5866,#5883,#5900,#5912,#5934,#5951,#5968,#5980,#6002,#6019,#6036,#6048,#6070,#6087,#6104,#6121,#6133,
#6155,#6172,#6189,#6201,#6223,#6240,#6257,#6274,#6286,#6308,#6325,#6342,#6354,#6376,#6393,#6410,#6422,#6444,#6461,#6478,#6490,#6512,#6529,#6546,#6558,
#6580,#6597,#6614,#6626,#6648,#6665,#6682,#6694,#6716,#6733,#6750,#6762,#6784,#6801,#6818,#6830,#6852,#6869,#6886,#6898,#6920,#6937,#6954,#6966,#6988,
#7005,#7022,#7034,#7056,#7073,#7090,#7102,#7124,#7141,#7158,#7170,#7192,#7209,#7226,#7238,#7260,#7277,#7294,#7311,#7323,#7345,#7362,#7379,#7391,#7413,
#7430,#7447,#7464,#7476,#7498,#7515,#7532,#7544,#7566,#7583,#7600,#7612,#7634,#7651,#7668,#7680,#7702,#7724,#7736,#7758,#7780,#7792,#7804,#7816,#7850,
#7871,#7889,#7923,#7944,#7962,#7996,#8017,#8035,#8069,#8090,#8108,#8120));
#8122=MANIFOLD_SOLID_BREP('FRNT_PNL_GRID',#8121);
#26=STYLED_ITEM('',(),#8122);
#16=SHAPE_REPRESENTATION('root',(#15),#10);
#17=ADVANCED_BREP_SHAPE_REPRESENTATION('root',(#8122),#10);
#8130=SHAPE_REPRESENTATION_RELATIONSHIP('','',#16,#17);
#8131=APPLICATION_CONTEXT('configuration controlled 3D design of mechanical parts and assemblies');
#8132=APPLICATION_PROTOCOL_DEFINITION('international standard','configuration_control_3d_design_ed2_mim',2004,#8131);
#8133=PRODUCT_CONTEXT('',#8131,'mechanical');
#8134=PRODUCT_DEFINITION_CONTEXT('part definition',#8131,'design');
#24=PRODUCT('root','root','',(#8133));
#8135=PRODUCT_RELATED_PRODUCT_CATEGORY('part','',(#24));
#8136=PRODUCT_DEFINITION_FORMATION_WITH_SPECIFIED_SOURCE('','',#24,.NOT_KNOWN.);
#25=PRODUCT_DEFINITION('design','',#8136,#8134);
#23=PRODUCT_DEFINITION_SHAPE('','',#25);
#8137=SHAPE_DEFINITION_REPRESENTATION(#23,#16);
#11=DRAUGHTING_MODEL('',(),#10);
#1=MECHANICAL_DESIGN_GEOMETRIC_PRESENTATION_REPRESENTATION('',(#26),#10);
ENDSEC;
END-ISO-10303-21;
