ISO-10303-21;
HEADER;

/* File generated by HOOPS Exchange Version 24.2.0 */

FILE_DESCRIPTION(('HOOPS Exchange Step'),'2;1');

FILE_NAME('D:\\downloads\\captioncast\\captioncast\\enclosure\\exports\\v1\\KEYCAPS v2.stp',
'2026-06-25T01:49:43-19:30',
('sushi'),
('Unknown organisation'),
'HOOPS Exchange 2024.2',
'HOOPS Exchange',
'Unknown authorisation');

FILE_SCHEMA( ('AP203_CONFIGURATION_CONTROLLED_3D_DESIGN_OF_MECHANICAL_PARTS_AND_ASSEMBLIES_MIM_LF') );

ENDSEC;

DATA;
#3=(NAMED_UNIT(*)PLANE_ANGLE_UNIT()SI_UNIT($,.RADIAN.));
#4=PLANE_ANGLE_MEASURE_WITH_UNIT(PLANE_ANGLE_MEASURE(0.0174532925),#3);
#5=(CONVERSION_BASED_UNIT('DEGREE',#4)NAMED_UNIT(#6)PLANE_ANGLE_UNIT());
#6=DIMENSIONAL_EXPONENTS(0.,0.,0.,0.,0.,0.,0.);
#7=(NAMED_UNIT(*)SI_UNIT($,.STERADIAN.)SOLID_ANGLE_UNIT());
#8=(LENGTH_UNIT()NAMED_UNIT(*)SI_UNIT(.MILLI.,.METRE.));
#9=UNCERTAINTY_MEASURE_WITH_UNIT(LENGTH_MEASURE(1.000000E-03),#8,'DISTANCE_ACCURACY_VALUE','Maximum Tolerance applied to model');
#10=(GEOMETRIC_REPRESENTATION_CONTEXT(3)GLOBAL_UNCERTAINTY_ASSIGNED_CONTEXT((#9))GLOBAL_UNIT_ASSIGNED_CONTEXT((#8,#5,#7))REPRESENTATION_CONTEXT('','root'));
#12=CARTESIAN_POINT('',(0.,0.,0.));
#13=DIRECTION('',(0.,0.,1.));
#14=DIRECTION('',(1.,0.,0.));
#15=AXIS2_PLACEMENT_3D('',#12,#13,#14);
#26=(NAMED_UNIT(*)PLANE_ANGLE_UNIT()SI_UNIT($,.RADIAN.));
#27=PLANE_ANGLE_MEASURE_WITH_UNIT(PLANE_ANGLE_MEASURE(0.0174532925),#26);
#28=(CONVERSION_BASED_UNIT('DEGREE',#27)NAMED_UNIT(#29)PLANE_ANGLE_UNIT());
#29=DIMENSIONAL_EXPONENTS(0.,0.,0.,0.,0.,0.,0.);
#30=(NAMED_UNIT(*)SI_UNIT($,.STERADIAN.)SOLID_ANGLE_UNIT());
#31=(LENGTH_UNIT()NAMED_UNIT(*)SI_UNIT(.MILLI.,.METRE.));
#32=UNCERTAINTY_MEASURE_WITH_UNIT(LENGTH_MEASURE(1.000000E-03),#31,'DISTANCE_ACCURACY_VALUE','Maximum Tolerance applied to model');
#33=(GEOMETRIC_REPRESENTATION_CONTEXT(3)GLOBAL_UNCERTAINTY_ASSIGNED_CONTEXT((#32))GLOBAL_UNIT_ASSIGNED_CONTEXT((#31,#28,#30))REPRESENTATION_CONTEXT('','0'));
#35=CARTESIAN_POINT('',(0.,0.,0.));
#36=DIRECTION('',(0.,0.,1.));
#37=DIRECTION('',(1.,0.,0.));
#38=AXIS2_PLACEMENT_3D('',#35,#36,#37);
#49=CARTESIAN_POINT('',(0.,0.,0.));
#50=DIRECTION('',(0.,0.,1.));
#51=DIRECTION('',(1.,0.,-0.));
#52=AXIS2_PLACEMENT_3D('',#49,#50,#51);
#53=ITEM_DEFINED_TRANSFORMATION('','',#52,#38);
#54=(REPRESENTATION_RELATIONSHIP('','',#39,#16)REPRESENTATION_RELATIONSHIP_WITH_TRANSFORMATION(#53)SHAPE_REPRESENTATION_RELATIONSHIP());
#55=NEXT_ASSEMBLY_USAGE_OCCURRENCE('KEYCAPS.stp_1','KEYCAPS.stp','KEYCAPS.stp',#25,#48,$);
#56=PRODUCT_DEFINITION_SHAPE('','',#55);
#57=CONTEXT_DEPENDENT_SHAPE_REPRESENTATION(#54,#56);
#58=(NAMED_UNIT(*)PLANE_ANGLE_UNIT()SI_UNIT($,.RADIAN.));
#59=PLANE_ANGLE_MEASURE_WITH_UNIT(PLANE_ANGLE_MEASURE(0.0174532925),#58);
#60=(CONVERSION_BASED_UNIT('DEGREE',#59)NAMED_UNIT(#61)PLANE_ANGLE_UNIT());
#61=DIMENSIONAL_EXPONENTS(0.,0.,0.,0.,0.,0.,0.);
#62=(NAMED_UNIT(*)SI_UNIT($,.STERADIAN.)SOLID_ANGLE_UNIT());
#63=(LENGTH_UNIT()NAMED_UNIT(*)SI_UNIT(.MILLI.,.METRE.));
#64=UNCERTAINTY_MEASURE_WITH_UNIT(LENGTH_MEASURE(1.000000E-03),#63,'DISTANCE_ACCURACY_VALUE','Maximum Tolerance applied to model');
#65=(GEOMETRIC_REPRESENTATION_CONTEXT(3)GLOBAL_UNCERTAINTY_ASSIGNED_CONTEXT((#64))GLOBAL_UNIT_ASSIGNED_CONTEXT((#63,#60,#62))REPRESENTATION_CONTEXT('','0'));
#67=CARTESIAN_POINT('',(0.,0.,0.));
#68=DIRECTION('',(0.,0.,1.));
#69=DIRECTION('',(1.,0.,0.));
#70=AXIS2_PLACEMENT_3D('',#67,#68,#69);
#81=CARTESIAN_POINT('',(0.,0.,0.));
#82=DIRECTION('',(0.,0.,1.));
#83=DIRECTION('',(1.,0.,-0.));
#84=AXIS2_PLACEMENT_3D('',#81,#82,#83);
#85=ITEM_DEFINED_TRANSFORMATION('','',#84,#70);
#86=(REPRESENTATION_RELATIONSHIP('','',#71,#39)REPRESENTATION_RELATIONSHIP_WITH_TRANSFORMATION(#85)SHAPE_REPRESENTATION_RELATIONSHIP());
#87=NEXT_ASSEMBLY_USAGE_OCCURRENCE('Cherry MX keycaps.step_2','Cherry MX keycaps.step','Cherry MX keycaps.step',#48,#80,$);
#88=PRODUCT_DEFINITION_SHAPE('','',#87);
#89=CONTEXT_DEPENDENT_SHAPE_REPRESENTATION(#86,#88);
#90=(NAMED_UNIT(*)PLANE_ANGLE_UNIT()SI_UNIT($,.RADIAN.));
#91=PLANE_ANGLE_MEASURE_WITH_UNIT(PLANE_ANGLE_MEASURE(0.0174532925),#90);
#92=(CONVERSION_BASED_UNIT('DEGREE',#91)NAMED_UNIT(#93)PLANE_ANGLE_UNIT());
#93=DIMENSIONAL_EXPONENTS(0.,0.,0.,0.,0.,0.,0.);
#94=(NAMED_UNIT(*)SI_UNIT($,.STERADIAN.)SOLID_ANGLE_UNIT());
#95=(LENGTH_UNIT()NAMED_UNIT(*)SI_UNIT(.MILLI.,.METRE.));
#96=UNCERTAINTY_MEASURE_WITH_UNIT(LENGTH_MEASURE(1.000000E-03),#95,'DISTANCE_ACCURACY_VALUE','Maximum Tolerance applied to model');
#97=(GEOMETRIC_REPRESENTATION_CONTEXT(3)GLOBAL_UNCERTAINTY_ASSIGNED_CONTEXT((#96))GLOBAL_UNIT_ASSIGNED_CONTEXT((#95,#92,#94))REPRESENTATION_CONTEXT('','0'));
#99=CARTESIAN_POINT('',(0.,0.,0.));
#100=DIRECTION('',(0.,0.,1.));
#101=DIRECTION('',(1.,0.,0.));
#102=AXIS2_PLACEMENT_3D('',#99,#100,#101);
#113=CARTESIAN_POINT('',(0.,0.,0.));
#114=DIRECTION('',(0.,0.,1.));
#115=DIRECTION('',(1.,0.,-0.));
#116=AXIS2_PLACEMENT_3D('',#113,#114,#115);
#117=ITEM_DEFINED_TRANSFORMATION('','',#116,#102);
#118=(REPRESENTATION_RELATIONSHIP('','',#103,#71)REPRESENTATION_RELATIONSHIP_WITH_TRANSFORMATION(#117)SHAPE_REPRESENTATION_RELATIONSHIP());
#119=NEXT_ASSEMBLY_USAGE_OCCURRENCE('1x1:1_3','1x1:1','1x1:1',#80,#112,$);
#120=PRODUCT_DEFINITION_SHAPE('','',#119);
#121=CONTEXT_DEPENDENT_SHAPE_REPRESENTATION(#118,#120);
#122=(NAMED_UNIT(*)PLANE_ANGLE_UNIT()SI_UNIT($,.RADIAN.));
#123=PLANE_ANGLE_MEASURE_WITH_UNIT(PLANE_ANGLE_MEASURE(0.0174532925),#122);
#124=(CONVERSION_BASED_UNIT('DEGREE',#123)NAMED_UNIT(#125)PLANE_ANGLE_UNIT());
#125=DIMENSIONAL_EXPONENTS(0.,0.,0.,0.,0.,0.,0.);
#126=(NAMED_UNIT(*)SI_UNIT($,.STERADIAN.)SOLID_ANGLE_UNIT());
#127=(LENGTH_UNIT()NAMED_UNIT(*)SI_UNIT(.MILLI.,.METRE.));
#128=UNCERTAINTY_MEASURE_WITH_UNIT(LENGTH_MEASURE(1.000000E-05),#127,'DISTANCE_ACCURACY_VALUE','Maximum Tolerance applied to model');
#129=(GEOMETRIC_REPRESENTATION_CONTEXT(3)GLOBAL_UNCERTAINTY_ASSIGNED_CONTEXT((#128))GLOBAL_UNIT_ASSIGNED_CONTEXT((#127,#124,#126))REPRESENTATION_CONTEXT('','0'));
#131=CARTESIAN_POINT('',(0.,0.,0.));
#132=DIRECTION('',(0.,0.,1.));
#133=DIRECTION('',(1.,0.,0.));
#134=AXIS2_PLACEMENT_3D('',#131,#132,#133);
#145=CARTESIAN_POINT('',(0.,0.,0.));
#146=DIRECTION('',(0.,0.,1.));
#147=DIRECTION('',(1.,0.,-0.));
#148=AXIS2_PLACEMENT_3D('',#145,#146,#147);
#149=ITEM_DEFINED_TRANSFORMATION('','',#148,#134);
#150=(REPRESENTATION_RELATIONSHIP('','',#135,#103)REPRESENTATION_RELATIONSHIP_WITH_TRANSFORMATION(#149)SHAPE_REPRESENTATION_RELATIONSHIP());
#151=NEXT_ASSEMBLY_USAGE_OCCURRENCE('1x1 R1 v23:1_4','1x1 R1 v23:1','1x1 R1 v23:1',#112,#144,$);
#152=PRODUCT_DEFINITION_SHAPE('','',#151);
#153=CONTEXT_DEPENDENT_SHAPE_REPRESENTATION(#150,#152);
#155=CARTESIAN_POINT('',(21.55452272,27.31163302,54.070015182));
#156=DIRECTION('',(0.,0.,-1.));
#157=DIRECTION('',(-1.,0.,0.));
#158=AXIS2_PLACEMENT_3D('',#155,#156,#157);
#159=PLANE('',#158);
#160=CARTESIAN_POINT('',(12.05452272,38.612973461,54.070015182));
#161=VERTEX_POINT('',#160);
#162=CARTESIAN_POINT('',(10.253182279,36.81163302,54.070015182));
#163=VERTEX_POINT('',#162);
#164=CARTESIAN_POINT('',(12.05452272,36.81163302,54.070015182));
#165=DIRECTION('',(-0.,-0.,1.));
#166=DIRECTION('',(-1.,0.,0.));
#167=AXIS2_PLACEMENT_3D('',#164,#165,#166);
#168=CIRCLE('',#167,1.801340441);
#169=EDGE_CURVE('',#161,#163,#168,.T.);
#170=ORIENTED_EDGE('',*,*,#169,.T.);
#171=CARTESIAN_POINT('',(10.253182279,17.81163302,54.070015182));
#172=VERTEX_POINT('',#171);
#173=CARTESIAN_POINT('',(10.253182279,36.81163302,54.070015182));
#174=DIRECTION('',(-0.,-1.,-0.));
#175=VECTOR('',#174,19.);
#176=LINE('',#173,#175);
#177=EDGE_CURVE('',#163,#172,#176,.T.);
#178=ORIENTED_EDGE('',*,*,#177,.T.);
#179=CARTESIAN_POINT('',(12.05452272,16.010292579,54.070015182));
#180=VERTEX_POINT('',#179);
#181=CARTESIAN_POINT('',(12.05452272,17.81163302,54.070015182));
#182=DIRECTION('',(-0.,-0.,1.));
#183=DIRECTION('',(-1.,0.,0.));
#184=AXIS2_PLACEMENT_3D('',#181,#182,#183);
#185=CIRCLE('',#184,1.801340441);
#186=EDGE_CURVE('',#172,#180,#185,.T.);
#187=ORIENTED_EDGE('',*,*,#186,.T.);
#188=CARTESIAN_POINT('',(31.05452272,16.010292579,54.070015182));
#189=VERTEX_POINT('',#188);
#190=CARTESIAN_POINT('',(12.05452272,16.010292579,54.070015182));
#191=DIRECTION('',(1.,-0.,-0.));
#192=VECTOR('',#191,19.);
#193=LINE('',#190,#192);
#194=EDGE_CURVE('',#180,#189,#193,.T.);
#195=ORIENTED_EDGE('',*,*,#194,.T.);
#196=CARTESIAN_POINT('',(32.855863161,17.81163302,54.070015182));
#197=VERTEX_POINT('',#196);
#198=CARTESIAN_POINT('',(31.05452272,17.81163302,54.070015182));
#199=DIRECTION('',(-0.,-0.,1.));
#200=DIRECTION('',(-1.,0.,0.));
#201=AXIS2_PLACEMENT_3D('',#198,#199,#200);
#202=CIRCLE('',#201,1.801340441);
#203=EDGE_CURVE('',#189,#197,#202,.T.);
#204=ORIENTED_EDGE('',*,*,#203,.T.);
#205=CARTESIAN_POINT('',(32.855863161,36.81163302,54.070015182));
#206=VERTEX_POINT('',#205);
#207=CARTESIAN_POINT('',(32.855863161,17.81163302,54.070015182));
#208=DIRECTION('',(-0.,1.,-0.));
#209=VECTOR('',#208,19.);
#210=LINE('',#207,#209);
#211=EDGE_CURVE('',#197,#206,#210,.T.);
#212=ORIENTED_EDGE('',*,*,#211,.T.);
#213=CARTESIAN_POINT('',(31.05452272,38.612973461,54.070015182));
#214=VERTEX_POINT('',#213);
#215=CARTESIAN_POINT('',(31.05452272,36.81163302,54.070015182));
#216=DIRECTION('',(-0.,-0.,1.));
#217=DIRECTION('',(-1.,0.,0.));
#218=AXIS2_PLACEMENT_3D('',#215,#216,#217);
#219=CIRCLE('',#218,1.801340441);
#220=EDGE_CURVE('',#206,#214,#219,.T.);
#221=ORIENTED_EDGE('',*,*,#220,.T.);
#222=CARTESIAN_POINT('',(31.05452272,38.612973461,54.070015182));
#223=DIRECTION('',(-1.,-0.,0.));
#224=VECTOR('',#223,19.);
#225=LINE('',#222,#224);
#226=EDGE_CURVE('',#214,#161,#225,.T.);
#227=ORIENTED_EDGE('',*,*,#226,.T.);
#228=EDGE_LOOP('',(#170,#178,#187,#195,#204,#212,#221,#227));
#229=FACE_BOUND('',#228,.T.);
#230=CARTESIAN_POINT('',(22.968736283,27.31163302,54.070015182));
#231=VERTEX_POINT('',#230);
#232=CARTESIAN_POINT('',(28.190572256,22.089797047,54.070015182));
#233=VERTEX_POINT('',#232);
#234=CARTESIAN_POINT('',(22.968736283,27.311633019,54.070015182));
#235=DIRECTION('',(0.707106781,-0.707106781,0.));
#236=VECTOR('',#235,7.384791254);
#237=LINE('',#234,#236);
#238=EDGE_CURVE('',#231,#233,#237,.T.);
#239=ORIENTED_EDGE('',*,*,#238,.T.);
#240=CARTESIAN_POINT('',(26.776358693,20.675583485,54.070015182));
#241=VERTEX_POINT('',#240);
#242=CARTESIAN_POINT('',(28.190572256,22.089797047,54.070015182));
#243=DIRECTION('',(-0.707106781,-0.707106781,0.));
#244=VECTOR('',#243,2.);
#245=LINE('',#242,#244);
#246=EDGE_CURVE('',#233,#241,#245,.T.);
#247=ORIENTED_EDGE('',*,*,#246,.T.);
#248=CARTESIAN_POINT('',(21.55452272,25.897419458,54.070015182));
#249=VERTEX_POINT('',#248);
#250=CARTESIAN_POINT('',(26.776358693,20.675583485,54.070015182));
#251=DIRECTION('',(-0.707106781,0.707106781,0.));
#252=VECTOR('',#251,7.384791254);
#253=LINE('',#250,#252);
#254=EDGE_CURVE('',#241,#249,#253,.T.);
#255=ORIENTED_EDGE('',*,*,#254,.T.);
#256=CARTESIAN_POINT('',(16.332686747,20.675583485,54.070015182));
#257=VERTEX_POINT('',#256);
#258=CARTESIAN_POINT('',(21.55452272,25.897419457,54.070015182));
#259=DIRECTION('',(-0.707106781,-0.707106781,0.));
#260=VECTOR('',#259,7.384791254);
#261=LINE('',#258,#260);
#262=EDGE_CURVE('',#249,#257,#261,.T.);
#263=ORIENTED_EDGE('',*,*,#262,.T.);
#264=CARTESIAN_POINT('',(14.918473185,22.089797047,54.070015182));
#265=VERTEX_POINT('',#264);
#266=CARTESIAN_POINT('',(16.332686747,20.675583485,54.070015182));
#267=DIRECTION('',(-0.707106781,0.707106781,0.));
#268=VECTOR('',#267,1.999999999);
#269=LINE('',#266,#268);
#270=EDGE_CURVE('',#257,#265,#269,.T.);
#271=ORIENTED_EDGE('',*,*,#270,.T.);
#272=CARTESIAN_POINT('',(20.140309158,27.31163302,54.070015182));
#273=VERTEX_POINT('',#272);
#274=CARTESIAN_POINT('',(14.918473185,22.089797047,54.070015182));
#275=DIRECTION('',(0.707106781,0.707106781,0.));
#276=VECTOR('',#275,7.384791254);
#277=LINE('',#274,#276);
#278=EDGE_CURVE('',#265,#273,#277,.T.);
#279=ORIENTED_EDGE('',*,*,#278,.T.);
#280=CARTESIAN_POINT('',(14.918473185,32.533468993,54.070015182));
#281=VERTEX_POINT('',#280);
#282=CARTESIAN_POINT('',(20.140309158,27.31163302,54.070015182));
#283=DIRECTION('',(-0.707106781,0.707106781,0.));
#284=VECTOR('',#283,7.384791254);
#285=LINE('',#282,#284);
#286=EDGE_CURVE('',#273,#281,#285,.T.);
#287=ORIENTED_EDGE('',*,*,#286,.T.);
#288=CARTESIAN_POINT('',(16.332686747,33.947682555,54.070015182));
#289=VERTEX_POINT('',#288);
#290=CARTESIAN_POINT('',(14.918473185,32.533468993,54.070015182));
#291=DIRECTION('',(0.707106781,0.707106781,0.));
#292=VECTOR('',#291,1.999999999);
#293=LINE('',#290,#292);
#294=EDGE_CURVE('',#281,#289,#293,.T.);
#295=ORIENTED_EDGE('',*,*,#294,.T.);
#296=CARTESIAN_POINT('',(21.55452272,28.725846582,54.070015182));
#297=VERTEX_POINT('',#296);
#298=CARTESIAN_POINT('',(16.332686747,33.947682555,54.070015182));
#299=DIRECTION('',(0.707106781,-0.707106781,0.));
#300=VECTOR('',#299,7.384791254);
#301=LINE('',#298,#300);
#302=EDGE_CURVE('',#289,#297,#301,.T.);
#303=ORIENTED_EDGE('',*,*,#302,.T.);
#304=CARTESIAN_POINT('',(26.776358693,33.947682555,54.070015182));
#305=VERTEX_POINT('',#304);
#306=CARTESIAN_POINT('',(21.55452272,28.725846582,54.070015182));
#307=DIRECTION('',(0.707106781,0.707106781,0.));
#308=VECTOR('',#307,7.384791254);
#309=LINE('',#306,#308);
#310=EDGE_CURVE('',#297,#305,#309,.T.);
#311=ORIENTED_EDGE('',*,*,#310,.T.);
#312=CARTESIAN_POINT('',(28.190572256,32.533468993,54.070015182));
#313=VERTEX_POINT('',#312);
#314=CARTESIAN_POINT('',(26.776358693,33.947682555,54.070015182));
#315=DIRECTION('',(0.707106781,-0.707106781,0.));
#316=VECTOR('',#315,2.);
#317=LINE('',#314,#316);
#318=EDGE_CURVE('',#305,#313,#317,.T.);
#319=ORIENTED_EDGE('',*,*,#318,.T.);
#320=CARTESIAN_POINT('',(28.190572256,32.533468993,54.070015182));
#321=DIRECTION('',(-0.707106781,-0.707106781,0.));
#322=VECTOR('',#321,7.384791254);
#323=LINE('',#320,#322);
#324=EDGE_CURVE('',#313,#231,#323,.T.);
#325=ORIENTED_EDGE('',*,*,#324,.T.);
#326=EDGE_LOOP('',(#239,#247,#255,#263,#271,#279,#287,#295,#303,#311,#319,#325));
#327=FACE_BOUND('',#326,.T.);
#328=ADVANCED_FACE('',(#229,#327),#159,.F.);
#329=CARTESIAN_POINT('',(21.55452272,27.31163302,46.755286844));
#330=DIRECTION('',(0.,0.,1.));
#331=DIRECTION('',(1.,0.,-0.));
#332=AXIS2_PLACEMENT_3D('',#329,#330,#331);
#333=CYLINDRICAL_SURFACE('',#332,2.8);
#334=CARTESIAN_POINT('',(24.35452272,27.31163302,52.070015182));
#335=VERTEX_POINT('',#334);
#336=CARTESIAN_POINT('',(24.35452272,27.311633026,46.755286844));
#337=VERTEX_POINT('',#336);
#338=CARTESIAN_POINT('',(24.35452272,27.31163302,52.070015182));
#339=DIRECTION('',(-0.,-0.,-1.));
#340=VECTOR('',#339,5.314728338);
#341=LINE('',#338,#340);
#342=EDGE_CURVE('',#335,#337,#341,.T.);
#343=ORIENTED_EDGE('',*,*,#342,.T.);
#344=CARTESIAN_POINT('',(18.75452272,27.311633014,46.755286844));
#345=VERTEX_POINT('',#344);
#346=CARTESIAN_POINT('',(21.55452272,27.31163302,46.755286844));
#347=DIRECTION('',(0.,0.,1.));
#348=DIRECTION('',(1.,0.,-0.));
#349=AXIS2_PLACEMENT_3D('',#346,#347,#348);
#350=CIRCLE('',#349,2.8);
#351=EDGE_CURVE('',#337,#345,#350,.T.);
#352=ORIENTED_EDGE('',*,*,#351,.T.);
#353=CARTESIAN_POINT('',(21.55452272,27.31163302,46.755286844));
#354=DIRECTION('',(0.,0.,1.));
#355=DIRECTION('',(1.,0.,-0.));
#356=AXIS2_PLACEMENT_3D('',#353,#354,#355);
#357=CIRCLE('',#356,2.8);
#358=EDGE_CURVE('',#345,#337,#357,.T.);
#359=ORIENTED_EDGE('',*,*,#358,.T.);
#360=ORIENTED_EDGE('',*,*,#342,.F.);
#361=CARTESIAN_POINT('',(18.75452272,27.31163302,52.070015182));
#362=VERTEX_POINT('',#361);
#363=CARTESIAN_POINT('',(21.55452272,27.31163302,52.070015182));
#364=DIRECTION('',(0.,0.,1.));
#365=DIRECTION('',(1.,0.,-0.));
#366=AXIS2_PLACEMENT_3D('',#363,#364,#365);
#367=CIRCLE('',#366,2.8);
#368=EDGE_CURVE('',#362,#335,#367,.T.);
#369=ORIENTED_EDGE('',*,*,#368,.F.);
#370=CARTESIAN_POINT('',(21.55452272,27.31163302,52.070015182));
#371=DIRECTION('',(0.,0.,1.));
#372=DIRECTION('',(1.,0.,-0.));
#373=AXIS2_PLACEMENT_3D('',#370,#371,#372);
#374=CIRCLE('',#373,2.8);
#375=EDGE_CURVE('',#335,#362,#374,.T.);
#376=ORIENTED_EDGE('',*,*,#375,.F.);
#377=EDGE_LOOP('',(#343,#352,#359,#360,#369,#376));
#378=FACE_BOUND('',#377,.T.);
#379=ADVANCED_FACE('',(#378),#333,.T.);
#380=CARTESIAN_POINT('',(21.55452272,27.31163302,46.755286844));
#381=DIRECTION('',(0.,0.,1.));
#382=DIRECTION('',(1.,0.,0.));
#383=AXIS2_PLACEMENT_3D('',#380,#381,#382);
#384=PLANE('',#383);
#385=ORIENTED_EDGE('',*,*,#351,.F.);
#386=ORIENTED_EDGE('',*,*,#358,.F.);
#387=EDGE_LOOP('',(#385,#386));
#388=FACE_BOUND('',#387,.T.);
#389=CARTESIAN_POINT('',(22.10452272,29.31163302,46.755286844));
#390=VERTEX_POINT('',#389);
#391=CARTESIAN_POINT('',(22.10452272,27.91163302,46.755286844));
#392=VERTEX_POINT('',#391);
#393=CARTESIAN_POINT('',(22.10452272,29.31163302,46.755286844));
#394=DIRECTION('',(-0.,-1.,-0.));
#395=VECTOR('',#394,1.4);
#396=LINE('',#393,#395);
#397=EDGE_CURVE('',#390,#392,#396,.T.);
#398=ORIENTED_EDGE('',*,*,#397,.F.);
#399=CARTESIAN_POINT('',(21.00452272,29.31163302,46.755286844));
#400=VERTEX_POINT('',#399);
#401=CARTESIAN_POINT('',(21.00452272,29.31163302,46.755286844));
#402=DIRECTION('',(1.,0.,-0.));
#403=VECTOR('',#402,1.1);
#404=LINE('',#401,#403);
#405=EDGE_CURVE('',#400,#390,#404,.T.);
#406=ORIENTED_EDGE('',*,*,#405,.F.);
#407=CARTESIAN_POINT('',(21.00452272,27.91163302,46.755286844));
#408=VERTEX_POINT('',#407);
#409=CARTESIAN_POINT('',(21.00452272,27.91163302,46.755286844));
#410=DIRECTION('',(0.,1.,0.));
#411=VECTOR('',#410,1.4);
#412=LINE('',#409,#411);
#413=EDGE_CURVE('',#408,#400,#412,.T.);
#414=ORIENTED_EDGE('',*,*,#413,.F.);
#415=CARTESIAN_POINT('',(19.55452272,27.91163302,46.755286844));
#416=VERTEX_POINT('',#415);
#417=CARTESIAN_POINT('',(19.55452272,27.91163302,46.755286844));
#418=DIRECTION('',(1.,0.,-0.));
#419=VECTOR('',#418,1.45);
#420=LINE('',#417,#419);
#421=EDGE_CURVE('',#416,#408,#420,.T.);
#422=ORIENTED_EDGE('',*,*,#421,.F.);
#423=CARTESIAN_POINT('',(19.55452272,26.71163302,46.755286844));
#424=VERTEX_POINT('',#423);
#425=CARTESIAN_POINT('',(19.55452272,26.71163302,46.755286844));
#426=DIRECTION('',(0.,1.,0.));
#427=VECTOR('',#426,1.2);
#428=LINE('',#425,#427);
#429=EDGE_CURVE('',#424,#416,#428,.T.);
#430=ORIENTED_EDGE('',*,*,#429,.F.);
#431=CARTESIAN_POINT('',(21.00452272,26.71163302,46.755286844));
#432=VERTEX_POINT('',#431);
#433=CARTESIAN_POINT('',(21.00452272,26.71163302,46.755286844));
#434=DIRECTION('',(-1.,-0.,0.));
#435=VECTOR('',#434,1.45);
#436=LINE('',#433,#435);
#437=EDGE_CURVE('',#432,#424,#436,.T.);
#438=ORIENTED_EDGE('',*,*,#437,.F.);
#439=CARTESIAN_POINT('',(21.00452272,25.31163302,46.755286844));
#440=VERTEX_POINT('',#439);
#441=CARTESIAN_POINT('',(21.00452272,25.31163302,46.755286844));
#442=DIRECTION('',(0.,1.,0.));
#443=VECTOR('',#442,1.4);
#444=LINE('',#441,#443);
#445=EDGE_CURVE('',#440,#432,#444,.T.);
#446=ORIENTED_EDGE('',*,*,#445,.F.);
#447=CARTESIAN_POINT('',(22.10452272,25.31163302,46.755286844));
#448=VERTEX_POINT('',#447);
#449=CARTESIAN_POINT('',(22.10452272,25.31163302,46.755286844));
#450=DIRECTION('',(-1.,-0.,0.));
#451=VECTOR('',#450,1.1);
#452=LINE('',#449,#451);
#453=EDGE_CURVE('',#448,#440,#452,.T.);
#454=ORIENTED_EDGE('',*,*,#453,.F.);
#455=CARTESIAN_POINT('',(22.10452272,26.71163302,46.755286844));
#456=VERTEX_POINT('',#455);
#457=CARTESIAN_POINT('',(22.10452272,26.71163302,46.755286844));
#458=DIRECTION('',(-0.,-1.,-0.));
#459=VECTOR('',#458,1.4);
#460=LINE('',#457,#459);
#461=EDGE_CURVE('',#456,#448,#460,.T.);
#462=ORIENTED_EDGE('',*,*,#461,.F.);
#463=CARTESIAN_POINT('',(23.55452272,26.71163302,46.755286844));
#464=VERTEX_POINT('',#463);
#465=CARTESIAN_POINT('',(23.55452272,26.71163302,46.755286844));
#466=DIRECTION('',(-1.,-0.,0.));
#467=VECTOR('',#466,1.45);
#468=LINE('',#465,#467);
#469=EDGE_CURVE('',#464,#456,#468,.T.);
#470=ORIENTED_EDGE('',*,*,#469,.F.);
#471=CARTESIAN_POINT('',(23.55452272,27.91163302,46.755286844));
#472=VERTEX_POINT('',#471);
#473=CARTESIAN_POINT('',(23.55452272,27.91163302,46.755286844));
#474=DIRECTION('',(-0.,-1.,-0.));
#475=VECTOR('',#474,1.2);
#476=LINE('',#473,#475);
#477=EDGE_CURVE('',#472,#464,#476,.T.);
#478=ORIENTED_EDGE('',*,*,#477,.F.);
#479=CARTESIAN_POINT('',(22.10452272,27.91163302,46.755286844));
#480=DIRECTION('',(1.,0.,-0.));
#481=VECTOR('',#480,1.45);
#482=LINE('',#479,#481);
#483=EDGE_CURVE('',#392,#472,#482,.T.);
#484=ORIENTED_EDGE('',*,*,#483,.F.);
#485=EDGE_LOOP('',(#398,#406,#414,#422,#430,#438,#446,#454,#462,#470,#478,#484));
#486=FACE_BOUND('',#485,.T.);
#487=ADVANCED_FACE('',(#388,#486),#384,.F.);
#488=CARTESIAN_POINT('',(22.10452272,29.31163302,46.755286844));
#489=DIRECTION('',(-1.,0.,0.));
#490=DIRECTION('',(0.,-1.,0.));
#491=AXIS2_PLACEMENT_3D('',#488,#489,#490);
#492=PLANE('',#491);
#493=CARTESIAN_POINT('',(22.10452272,29.31163302,52.070015182));
#494=VERTEX_POINT('',#493);
#495=CARTESIAN_POINT('',(22.10452272,27.91163302,52.070015182));
#496=VERTEX_POINT('',#495);
#497=CARTESIAN_POINT('',(22.10452272,29.31163302,52.070015182));
#498=DIRECTION('',(0.,-1.,0.));
#499=VECTOR('',#498,1.4);
#500=LINE('',#497,#499);
#501=EDGE_CURVE('',#494,#496,#500,.T.);
#502=ORIENTED_EDGE('',*,*,#501,.F.);
#503=CARTESIAN_POINT('',(22.10452272,29.31163302,46.755286844));
#504=DIRECTION('',(0.,0.,1.));
#505=VECTOR('',#504,5.314728338);
#506=LINE('',#503,#505);
#507=EDGE_CURVE('',#390,#494,#506,.T.);
#508=ORIENTED_EDGE('',*,*,#507,.F.);
#509=ORIENTED_EDGE('',*,*,#397,.T.);
#510=CARTESIAN_POINT('',(22.10452272,27.91163302,46.755286844));
#511=DIRECTION('',(0.,0.,1.));
#512=VECTOR('',#511,5.314728338);
#513=LINE('',#510,#512);
#514=EDGE_CURVE('',#392,#496,#513,.T.);
#515=ORIENTED_EDGE('',*,*,#514,.T.);
#516=EDGE_LOOP('',(#502,#508,#509,#515));
#517=FACE_BOUND('',#516,.T.);
#518=ADVANCED_FACE('',(#517),#492,.T.);
#519=CARTESIAN_POINT('',(22.10452272,27.91163302,46.755286844));
#520=DIRECTION('',(0.,-1.,0.));
#521=DIRECTION('',(1.,0.,0.));
#522=AXIS2_PLACEMENT_3D('',#519,#520,#521);
#523=PLANE('',#522);
#524=CARTESIAN_POINT('',(23.55452272,27.91163302,52.070015182));
#525=VERTEX_POINT('',#524);
#526=CARTESIAN_POINT('',(22.10452272,27.91163302,52.070015182));
#527=DIRECTION('',(1.,0.,0.));
#528=VECTOR('',#527,1.45);
#529=LINE('',#526,#528);
#530=EDGE_CURVE('',#496,#525,#529,.T.);
#531=ORIENTED_EDGE('',*,*,#530,.F.);
#532=ORIENTED_EDGE('',*,*,#514,.F.);
#533=ORIENTED_EDGE('',*,*,#483,.T.);
#534=CARTESIAN_POINT('',(23.55452272,27.91163302,46.755286844));
#535=DIRECTION('',(0.,0.,1.));
#536=VECTOR('',#535,5.314728338);
#537=LINE('',#534,#536);
#538=EDGE_CURVE('',#472,#525,#537,.T.);
#539=ORIENTED_EDGE('',*,*,#538,.T.);
#540=EDGE_LOOP('',(#531,#532,#533,#539));
#541=FACE_BOUND('',#540,.T.);
#542=ADVANCED_FACE('',(#541),#523,.T.);
#543=CARTESIAN_POINT('',(23.55452272,27.91163302,46.755286844));
#544=DIRECTION('',(-1.,0.,0.));
#545=DIRECTION('',(0.,-1.,0.));
#546=AXIS2_PLACEMENT_3D('',#543,#544,#545);
#547=PLANE('',#546);
#548=CARTESIAN_POINT('',(23.55452272,26.71163302,52.070015182));
#549=VERTEX_POINT('',#548);
#550=CARTESIAN_POINT('',(23.55452272,27.91163302,52.070015182));
#551=DIRECTION('',(0.,-1.,0.));
#552=VECTOR('',#551,1.2);
#553=LINE('',#550,#552);
#554=EDGE_CURVE('',#525,#549,#553,.T.);
#555=ORIENTED_EDGE('',*,*,#554,.F.);
#556=ORIENTED_EDGE('',*,*,#538,.F.);
#557=ORIENTED_EDGE('',*,*,#477,.T.);
#558=CARTESIAN_POINT('',(23.55452272,26.71163302,46.755286844));
#559=DIRECTION('',(0.,0.,1.));
#560=VECTOR('',#559,5.314728338);
#561=LINE('',#558,#560);
#562=EDGE_CURVE('',#464,#549,#561,.T.);
#563=ORIENTED_EDGE('',*,*,#562,.T.);
#564=EDGE_LOOP('',(#555,#556,#557,#563));
#565=FACE_BOUND('',#564,.T.);
#566=ADVANCED_FACE('',(#565),#547,.T.);
#567=CARTESIAN_POINT('',(23.55452272,26.71163302,46.755286844));
#568=DIRECTION('',(0.,1.,0.));
#569=DIRECTION('',(-1.,0.,0.));
#570=AXIS2_PLACEMENT_3D('',#567,#568,#569);
#571=PLANE('',#570);
#572=CARTESIAN_POINT('',(22.10452272,26.71163302,52.070015182));
#573=VERTEX_POINT('',#572);
#574=CARTESIAN_POINT('',(23.55452272,26.71163302,52.070015182));
#575=DIRECTION('',(-1.,0.,0.));
#576=VECTOR('',#575,1.45);
#577=LINE('',#574,#576);
#578=EDGE_CURVE('',#549,#573,#577,.T.);
#579=ORIENTED_EDGE('',*,*,#578,.F.);
#580=ORIENTED_EDGE('',*,*,#562,.F.);
#581=ORIENTED_EDGE('',*,*,#469,.T.);
#582=CARTESIAN_POINT('',(22.10452272,26.71163302,46.755286844));
#583=DIRECTION('',(0.,-0.,1.));
#584=VECTOR('',#583,5.314728338);
#585=LINE('',#582,#584);
#586=EDGE_CURVE('',#456,#573,#585,.T.);
#587=ORIENTED_EDGE('',*,*,#586,.T.);
#588=EDGE_LOOP('',(#579,#580,#581,#587));
#589=FACE_BOUND('',#588,.T.);
#590=ADVANCED_FACE('',(#589),#571,.T.);
#591=CARTESIAN_POINT('',(22.10452272,26.71163302,46.755286844));
#592=DIRECTION('',(-1.,0.,0.));
#593=DIRECTION('',(0.,-1.,0.));
#594=AXIS2_PLACEMENT_3D('',#591,#592,#593);
#595=PLANE('',#594);
#596=CARTESIAN_POINT('',(22.10452272,25.31163302,52.070015182));
#597=VERTEX_POINT('',#596);
#598=CARTESIAN_POINT('',(22.10452272,26.71163302,52.070015182));
#599=DIRECTION('',(0.,-1.,0.));
#600=VECTOR('',#599,1.4);
#601=LINE('',#598,#600);
#602=EDGE_CURVE('',#573,#597,#601,.T.);
#603=ORIENTED_EDGE('',*,*,#602,.F.);
#604=ORIENTED_EDGE('',*,*,#586,.F.);
#605=ORIENTED_EDGE('',*,*,#461,.T.);
#606=CARTESIAN_POINT('',(22.10452272,25.31163302,46.755286844));
#607=DIRECTION('',(0.,0.,1.));
#608=VECTOR('',#607,5.314728338);
#609=LINE('',#606,#608);
#610=EDGE_CURVE('',#448,#597,#609,.T.);
#611=ORIENTED_EDGE('',*,*,#610,.T.);
#612=EDGE_LOOP('',(#603,#604,#605,#611));
#613=FACE_BOUND('',#612,.T.);
#614=ADVANCED_FACE('',(#613),#595,.T.);
#615=CARTESIAN_POINT('',(21.00452272,29.31163302,46.755286844));
#616=DIRECTION('',(0.,-1.,0.));
#617=DIRECTION('',(1.,0.,0.));
#618=AXIS2_PLACEMENT_3D('',#615,#616,#617);
#619=PLANE('',#618);
#620=CARTESIAN_POINT('',(21.00452272,29.31163302,52.070015182));
#621=VERTEX_POINT('',#620);
#622=CARTESIAN_POINT('',(21.00452272,29.31163302,52.070015182));
#623=DIRECTION('',(1.,0.,0.));
#624=VECTOR('',#623,1.1);
#625=LINE('',#622,#624);
#626=EDGE_CURVE('',#621,#494,#625,.T.);
#627=ORIENTED_EDGE('',*,*,#626,.F.);
#628=CARTESIAN_POINT('',(21.00452272,29.31163302,46.755286844));
#629=DIRECTION('',(0.,0.,1.));
#630=VECTOR('',#629,5.314728338);
#631=LINE('',#628,#630);
#632=EDGE_CURVE('',#400,#621,#631,.T.);
#633=ORIENTED_EDGE('',*,*,#632,.F.);
#634=ORIENTED_EDGE('',*,*,#405,.T.);
#635=ORIENTED_EDGE('',*,*,#507,.T.);
#636=EDGE_LOOP('',(#627,#633,#634,#635));
#637=FACE_BOUND('',#636,.T.);
#638=ADVANCED_FACE('',(#637),#619,.T.);
#639=CARTESIAN_POINT('',(22.10452272,25.31163302,46.755286844));
#640=DIRECTION('',(0.,1.,0.));
#641=DIRECTION('',(-1.,0.,0.));
#642=AXIS2_PLACEMENT_3D('',#639,#640,#641);
#643=PLANE('',#642);
#644=CARTESIAN_POINT('',(21.00452272,25.31163302,52.070015182));
#645=VERTEX_POINT('',#644);
#646=CARTESIAN_POINT('',(22.10452272,25.31163302,52.070015182));
#647=DIRECTION('',(-1.,0.,0.));
#648=VECTOR('',#647,1.1);
#649=LINE('',#646,#648);
#650=EDGE_CURVE('',#597,#645,#649,.T.);
#651=ORIENTED_EDGE('',*,*,#650,.F.);
#652=ORIENTED_EDGE('',*,*,#610,.F.);
#653=ORIENTED_EDGE('',*,*,#453,.T.);
#654=CARTESIAN_POINT('',(21.00452272,25.31163302,46.755286844));
#655=DIRECTION('',(0.,-0.,1.));
#656=VECTOR('',#655,5.314728338);
#657=LINE('',#654,#656);
#658=EDGE_CURVE('',#440,#645,#657,.T.);
#659=ORIENTED_EDGE('',*,*,#658,.T.);
#660=EDGE_LOOP('',(#651,#652,#653,#659));
#661=FACE_BOUND('',#660,.T.);
#662=ADVANCED_FACE('',(#661),#643,.T.);
#663=CARTESIAN_POINT('',(21.00452272,25.31163302,46.755286844));
#664=DIRECTION('',(1.,0.,0.));
#665=DIRECTION('',(0.,1.,0.));
#666=AXIS2_PLACEMENT_3D('',#663,#664,#665);
#667=PLANE('',#666);
#668=CARTESIAN_POINT('',(21.00452272,26.71163302,52.070015182));
#669=VERTEX_POINT('',#668);
#670=CARTESIAN_POINT('',(21.00452272,25.31163302,52.070015182));
#671=DIRECTION('',(-0.,1.,0.));
#672=VECTOR('',#671,1.4);
#673=LINE('',#670,#672);
#674=EDGE_CURVE('',#645,#669,#673,.T.);
#675=ORIENTED_EDGE('',*,*,#674,.F.);
#676=ORIENTED_EDGE('',*,*,#658,.F.);
#677=ORIENTED_EDGE('',*,*,#445,.T.);
#678=CARTESIAN_POINT('',(21.00452272,26.71163302,46.755286844));
#679=DIRECTION('',(0.,0.,1.));
#680=VECTOR('',#679,5.314728338);
#681=LINE('',#678,#680);
#682=EDGE_CURVE('',#432,#669,#681,.T.);
#683=ORIENTED_EDGE('',*,*,#682,.T.);
#684=EDGE_LOOP('',(#675,#676,#677,#683));
#685=FACE_BOUND('',#684,.T.);
#686=ADVANCED_FACE('',(#685),#667,.T.);
#687=CARTESIAN_POINT('',(21.00452272,26.71163302,46.755286844));
#688=DIRECTION('',(0.,1.,0.));
#689=DIRECTION('',(-1.,0.,0.));
#690=AXIS2_PLACEMENT_3D('',#687,#688,#689);
#691=PLANE('',#690);
#692=CARTESIAN_POINT('',(19.55452272,26.71163302,52.070015182));
#693=VERTEX_POINT('',#692);
#694=CARTESIAN_POINT('',(21.00452272,26.71163302,52.070015182));
#695=DIRECTION('',(-1.,0.,0.));
#696=VECTOR('',#695,1.45);
#697=LINE('',#694,#696);
#698=EDGE_CURVE('',#669,#693,#697,.T.);
#699=ORIENTED_EDGE('',*,*,#698,.F.);
#700=ORIENTED_EDGE('',*,*,#682,.F.);
#701=ORIENTED_EDGE('',*,*,#437,.T.);
#702=CARTESIAN_POINT('',(19.55452272,26.71163302,46.755286844));
#703=DIRECTION('',(0.,-0.,1.));
#704=VECTOR('',#703,5.314728338);
#705=LINE('',#702,#704);
#706=EDGE_CURVE('',#424,#693,#705,.T.);
#707=ORIENTED_EDGE('',*,*,#706,.T.);
#708=EDGE_LOOP('',(#699,#700,#701,#707));
#709=FACE_BOUND('',#708,.T.);
#710=ADVANCED_FACE('',(#709),#691,.T.);
#711=CARTESIAN_POINT('',(19.55452272,26.71163302,46.755286844));
#712=DIRECTION('',(1.,0.,0.));
#713=DIRECTION('',(0.,1.,0.));
#714=AXIS2_PLACEMENT_3D('',#711,#712,#713);
#715=PLANE('',#714);
#716=CARTESIAN_POINT('',(19.55452272,27.91163302,52.070015182));
#717=VERTEX_POINT('',#716);
#718=CARTESIAN_POINT('',(19.55452272,26.71163302,52.070015182));
#719=DIRECTION('',(-0.,1.,0.));
#720=VECTOR('',#719,1.2);
#721=LINE('',#718,#720);
#722=EDGE_CURVE('',#693,#717,#721,.T.);
#723=ORIENTED_EDGE('',*,*,#722,.F.);
#724=ORIENTED_EDGE('',*,*,#706,.F.);
#725=ORIENTED_EDGE('',*,*,#429,.T.);
#726=CARTESIAN_POINT('',(19.55452272,27.91163302,46.755286844));
#727=DIRECTION('',(0.,0.,1.));
#728=VECTOR('',#727,5.314728338);
#729=LINE('',#726,#728);
#730=EDGE_CURVE('',#416,#717,#729,.T.);
#731=ORIENTED_EDGE('',*,*,#730,.T.);
#732=EDGE_LOOP('',(#723,#724,#725,#731));
#733=FACE_BOUND('',#732,.T.);
#734=ADVANCED_FACE('',(#733),#715,.T.);
#735=CARTESIAN_POINT('',(19.55452272,27.91163302,46.755286844));
#736=DIRECTION('',(0.,-1.,0.));
#737=DIRECTION('',(1.,0.,0.));
#738=AXIS2_PLACEMENT_3D('',#735,#736,#737);
#739=PLANE('',#738);
#740=CARTESIAN_POINT('',(21.00452272,27.91163302,52.070015182));
#741=VERTEX_POINT('',#740);
#742=CARTESIAN_POINT('',(19.55452272,27.91163302,52.070015182));
#743=DIRECTION('',(1.,0.,0.));
#744=VECTOR('',#743,1.45);
#745=LINE('',#742,#744);
#746=EDGE_CURVE('',#717,#741,#745,.T.);
#747=ORIENTED_EDGE('',*,*,#746,.F.);
#748=ORIENTED_EDGE('',*,*,#730,.F.);
#749=ORIENTED_EDGE('',*,*,#421,.T.);
#750=CARTESIAN_POINT('',(21.00452272,27.91163302,46.755286844));
#751=DIRECTION('',(0.,0.,1.));
#752=VECTOR('',#751,5.314728338);
#753=LINE('',#750,#752);
#754=EDGE_CURVE('',#408,#741,#753,.T.);
#755=ORIENTED_EDGE('',*,*,#754,.T.);
#756=EDGE_LOOP('',(#747,#748,#749,#755));
#757=FACE_BOUND('',#756,.T.);
#758=ADVANCED_FACE('',(#757),#739,.T.);
#759=CARTESIAN_POINT('',(21.00452272,27.91163302,46.755286844));
#760=DIRECTION('',(1.,0.,0.));
#761=DIRECTION('',(0.,1.,0.));
#762=AXIS2_PLACEMENT_3D('',#759,#760,#761);
#763=PLANE('',#762);
#764=CARTESIAN_POINT('',(21.00452272,27.91163302,52.070015182));
#765=DIRECTION('',(-0.,1.,0.));
#766=VECTOR('',#765,1.4);
#767=LINE('',#764,#766);
#768=EDGE_CURVE('',#741,#621,#767,.T.);
#769=ORIENTED_EDGE('',*,*,#768,.F.);
#770=ORIENTED_EDGE('',*,*,#754,.F.);
#771=ORIENTED_EDGE('',*,*,#413,.T.);
#772=ORIENTED_EDGE('',*,*,#632,.T.);
#773=EDGE_LOOP('',(#769,#770,#771,#772));
#774=FACE_BOUND('',#773,.T.);
#775=ADVANCED_FACE('',(#774),#763,.T.);
#776=CARTESIAN_POINT('',(21.55452272,27.31163302,52.070015182));
#777=DIRECTION('',(0.,0.,-1.));
#778=DIRECTION('',(-1.,0.,0.));
#779=AXIS2_PLACEMENT_3D('',#776,#777,#778);
#780=PLANE('',#779);
#781=ORIENTED_EDGE('',*,*,#626,.T.);
#782=ORIENTED_EDGE('',*,*,#501,.T.);
#783=ORIENTED_EDGE('',*,*,#530,.T.);
#784=ORIENTED_EDGE('',*,*,#554,.T.);
#785=ORIENTED_EDGE('',*,*,#578,.T.);
#786=ORIENTED_EDGE('',*,*,#602,.T.);
#787=ORIENTED_EDGE('',*,*,#650,.T.);
#788=ORIENTED_EDGE('',*,*,#674,.T.);
#789=ORIENTED_EDGE('',*,*,#698,.T.);
#790=ORIENTED_EDGE('',*,*,#722,.T.);
#791=ORIENTED_EDGE('',*,*,#746,.T.);
#792=ORIENTED_EDGE('',*,*,#768,.T.);
#793=EDGE_LOOP('',(#781,#782,#783,#784,#785,#786,#787,#788,#789,#790,#791,#792));
#794=FACE_BOUND('',#793,.T.);
#795=ADVANCED_FACE('',(#794),#780,.T.);
#796=CARTESIAN_POINT('',(21.55452272,27.31163302,52.070015182));
#797=DIRECTION('',(0.,0.,-1.));
#798=DIRECTION('',(-1.,0.,0.));
#799=AXIS2_PLACEMENT_3D('',#796,#797,#798);
#800=PLANE('',#799);
#801=ORIENTED_EDGE('',*,*,#368,.T.);
#802=ORIENTED_EDGE('',*,*,#375,.T.);
#803=EDGE_LOOP('',(#801,#802));
#804=FACE_BOUND('',#803,.T.);
#805=CARTESIAN_POINT('',(30.478731787,36.235842087,52.070015182));
#806=VERTEX_POINT('',#805);
#807=CARTESIAN_POINT('',(30.478731787,18.387423953,52.070015182));
#808=VERTEX_POINT('',#807);
#809=CARTESIAN_POINT('',(30.478731787,36.235842087,52.070015182));
#810=DIRECTION('',(-0.,-1.,-0.));
#811=VECTOR('',#810,17.848418134);
#812=LINE('',#809,#811);
#813=EDGE_CURVE('',#806,#808,#812,.T.);
#814=ORIENTED_EDGE('',*,*,#813,.T.);
#815=CARTESIAN_POINT('',(12.630313653,18.387423953,52.070015182));
#816=VERTEX_POINT('',#815);
#817=CARTESIAN_POINT('',(30.478731787,18.387423953,52.070015182));
#818=DIRECTION('',(-1.,0.,0.));
#819=VECTOR('',#818,17.848418134);
#820=LINE('',#817,#819);
#821=EDGE_CURVE('',#808,#816,#820,.T.);
#822=ORIENTED_EDGE('',*,*,#821,.T.);
#823=CARTESIAN_POINT('',(12.630313653,36.235842087,52.070015182));
#824=VERTEX_POINT('',#823);
#825=CARTESIAN_POINT('',(12.630313653,18.387423953,52.070015182));
#826=DIRECTION('',(0.,1.,0.));
#827=VECTOR('',#826,17.848418134);
#828=LINE('',#825,#827);
#829=EDGE_CURVE('',#816,#824,#828,.T.);
#830=ORIENTED_EDGE('',*,*,#829,.T.);
#831=CARTESIAN_POINT('',(12.630313653,36.235842087,52.070015182));
#832=DIRECTION('',(1.,-0.,-0.));
#833=VECTOR('',#832,17.848418134);
#834=LINE('',#831,#833);
#835=EDGE_CURVE('',#824,#806,#834,.T.);
#836=ORIENTED_EDGE('',*,*,#835,.T.);
#837=EDGE_LOOP('',(#814,#822,#830,#836));
#838=FACE_BOUND('',#837,.T.);
#839=ADVANCED_FACE('',(#804,#838),#800,.T.);
#840=CARTESIAN_POINT('',(33.855863161,39.81163302,53.070015182));
#841=DIRECTION('',(1.,0.,0.));
#842=DIRECTION('',(0.,0.,-1.));
#843=AXIS2_PLACEMENT_3D('',#840,#841,#842);
#844=PLANE('',#843);
#845=CARTESIAN_POINT('',(33.855863161,36.81163302,46.570015182));
#846=VERTEX_POINT('',#845);
#847=CARTESIAN_POINT('',(33.855863161,36.81163302,53.070015182));
#848=VERTEX_POINT('',#847);
#849=CARTESIAN_POINT('',(33.855863161,36.81163302,46.570015182));
#850=DIRECTION('',(-0.,-0.,1.));
#851=VECTOR('',#850,6.5);
#852=LINE('',#849,#851);
#853=EDGE_CURVE('',#846,#848,#852,.T.);
#854=ORIENTED_EDGE('',*,*,#853,.T.);
#855=CARTESIAN_POINT('',(33.855863161,17.81163302,53.070015182));
#856=VERTEX_POINT('',#855);
#857=CARTESIAN_POINT('',(33.855863161,36.81163302,53.070015182));
#858=DIRECTION('',(0.,-1.,0.));
#859=VECTOR('',#858,19.);
#860=LINE('',#857,#859);
#861=EDGE_CURVE('',#848,#856,#860,.T.);
#862=ORIENTED_EDGE('',*,*,#861,.T.);
#863=CARTESIAN_POINT('',(33.855863161,17.81163302,46.570015182));
#864=VERTEX_POINT('',#863);
#865=CARTESIAN_POINT('',(33.855863161,17.81163302,53.070015182));
#866=DIRECTION('',(0.,0.,-1.));
#867=VECTOR('',#866,6.5);
#868=LINE('',#865,#867);
#869=EDGE_CURVE('',#856,#864,#868,.T.);
#870=ORIENTED_EDGE('',*,*,#869,.T.);
#871=CARTESIAN_POINT('',(33.855863161,36.81163302,46.570015182));
#872=DIRECTION('',(0.,-1.,0.));
#873=VECTOR('',#872,19.);
#874=LINE('',#871,#873);
#875=EDGE_CURVE('',#846,#864,#874,.T.);
#876=ORIENTED_EDGE('',*,*,#875,.F.);
#877=EDGE_LOOP('',(#854,#862,#870,#876));
#878=FACE_BOUND('',#877,.T.);
#879=ADVANCED_FACE('',(#878),#844,.T.);
#880=CARTESIAN_POINT('',(34.05452272,15.010292579,53.070015182));
#881=DIRECTION('',(0.,-1.,0.));
#882=DIRECTION('',(0.,0.,-1.));
#883=AXIS2_PLACEMENT_3D('',#880,#881,#882);
#884=PLANE('',#883);
#885=CARTESIAN_POINT('',(31.05452272,15.010292579,46.570015182));
#886=VERTEX_POINT('',#885);
#887=CARTESIAN_POINT('',(31.05452272,15.010292579,53.070015182));
#888=VERTEX_POINT('',#887);
#889=CARTESIAN_POINT('',(31.05452272,15.010292579,46.570015182));
#890=DIRECTION('',(-0.,-0.,1.));
#891=VECTOR('',#890,6.5);
#892=LINE('',#889,#891);
#893=EDGE_CURVE('',#886,#888,#892,.T.);
#894=ORIENTED_EDGE('',*,*,#893,.T.);
#895=CARTESIAN_POINT('',(12.05452272,15.010292579,53.070015182));
#896=VERTEX_POINT('',#895);
#897=CARTESIAN_POINT('',(31.05452272,15.010292579,53.070015182));
#898=DIRECTION('',(-1.,0.,0.));
#899=VECTOR('',#898,19.);
#900=LINE('',#897,#899);
#901=EDGE_CURVE('',#888,#896,#900,.T.);
#902=ORIENTED_EDGE('',*,*,#901,.T.);
#903=CARTESIAN_POINT('',(12.05452272,15.010292579,46.570015182));
#904=VERTEX_POINT('',#903);
#905=CARTESIAN_POINT('',(12.05452272,15.010292579,53.070015182));
#906=DIRECTION('',(0.,0.,-1.));
#907=VECTOR('',#906,6.5);
#908=LINE('',#905,#907);
#909=EDGE_CURVE('',#896,#904,#908,.T.);
#910=ORIENTED_EDGE('',*,*,#909,.T.);
#911=CARTESIAN_POINT('',(31.05452272,15.010292579,46.570015182));
#912=DIRECTION('',(-1.,0.,0.));
#913=VECTOR('',#912,19.);
#914=LINE('',#911,#913);
#915=EDGE_CURVE('',#886,#904,#914,.T.);
#916=ORIENTED_EDGE('',*,*,#915,.F.);
#917=EDGE_LOOP('',(#894,#902,#910,#916));
#918=FACE_BOUND('',#917,.T.);
#919=ADVANCED_FACE('',(#918),#884,.T.);
#920=CARTESIAN_POINT('',(9.253182279,14.81163302,53.070015182));
#921=DIRECTION('',(-1.,0.,0.));
#922=DIRECTION('',(0.,0.,1.));
#923=AXIS2_PLACEMENT_3D('',#920,#921,#922);
#924=PLANE('',#923);
#925=CARTESIAN_POINT('',(9.253182279,17.81163302,46.570015182));
#926=VERTEX_POINT('',#925);
#927=CARTESIAN_POINT('',(9.253182279,17.81163302,53.070015182));
#928=VERTEX_POINT('',#927);
#929=CARTESIAN_POINT('',(9.253182279,17.81163302,46.570015182));
#930=DIRECTION('',(-0.,-0.,1.));
#931=VECTOR('',#930,6.5);
#932=LINE('',#929,#931);
#933=EDGE_CURVE('',#926,#928,#932,.T.);
#934=ORIENTED_EDGE('',*,*,#933,.T.);
#935=CARTESIAN_POINT('',(9.253182279,36.81163302,53.070015182));
#936=VERTEX_POINT('',#935);
#937=CARTESIAN_POINT('',(9.253182279,17.81163302,53.070015182));
#938=DIRECTION('',(0.,1.,0.));
#939=VECTOR('',#938,19.);
#940=LINE('',#937,#939);
#941=EDGE_CURVE('',#928,#936,#940,.T.);
#942=ORIENTED_EDGE('',*,*,#941,.T.);
#943=CARTESIAN_POINT('',(9.253182279,36.81163302,46.570015182));
#944=VERTEX_POINT('',#943);
#945=CARTESIAN_POINT('',(9.253182279,36.81163302,53.070015182));
#946=DIRECTION('',(0.,0.,-1.));
#947=VECTOR('',#946,6.5);
#948=LINE('',#945,#947);
#949=EDGE_CURVE('',#936,#944,#948,.T.);
#950=ORIENTED_EDGE('',*,*,#949,.T.);
#951=CARTESIAN_POINT('',(9.253182279,17.81163302,46.570015182));
#952=DIRECTION('',(0.,1.,0.));
#953=VECTOR('',#952,19.);
#954=LINE('',#951,#953);
#955=EDGE_CURVE('',#926,#944,#954,.T.);
#956=ORIENTED_EDGE('',*,*,#955,.F.);
#957=EDGE_LOOP('',(#934,#942,#950,#956));
#958=FACE_BOUND('',#957,.T.);
#959=ADVANCED_FACE('',(#958),#924,.T.);
#960=CARTESIAN_POINT('',(9.05452272,39.612973461,53.070015182));
#961=DIRECTION('',(0.,1.,0.));
#962=DIRECTION('',(0.,0.,1.));
#963=AXIS2_PLACEMENT_3D('',#960,#961,#962);
#964=PLANE('',#963);
#965=CARTESIAN_POINT('',(12.05452272,39.612973461,46.570015182));
#966=VERTEX_POINT('',#965);
#967=CARTESIAN_POINT('',(12.05452272,39.612973461,53.070015182));
#968=VERTEX_POINT('',#967);
#969=CARTESIAN_POINT('',(12.05452272,39.612973461,46.570015182));
#970=DIRECTION('',(-0.,-0.,1.));
#971=VECTOR('',#970,6.5);
#972=LINE('',#969,#971);
#973=EDGE_CURVE('',#966,#968,#972,.T.);
#974=ORIENTED_EDGE('',*,*,#973,.T.);
#975=CARTESIAN_POINT('',(31.05452272,39.612973461,53.070015182));
#976=VERTEX_POINT('',#975);
#977=CARTESIAN_POINT('',(12.05452272,39.612973461,53.070015182));
#978=DIRECTION('',(1.,0.,-0.));
#979=VECTOR('',#978,19.);
#980=LINE('',#977,#979);
#981=EDGE_CURVE('',#968,#976,#980,.T.);
#982=ORIENTED_EDGE('',*,*,#981,.T.);
#983=CARTESIAN_POINT('',(31.05452272,39.612973461,46.570015182));
#984=VERTEX_POINT('',#983);
#985=CARTESIAN_POINT('',(31.05452272,39.612973461,53.070015182));
#986=DIRECTION('',(0.,0.,-1.));
#987=VECTOR('',#986,6.5);
#988=LINE('',#985,#987);
#989=EDGE_CURVE('',#976,#984,#988,.T.);
#990=ORIENTED_EDGE('',*,*,#989,.T.);
#991=CARTESIAN_POINT('',(12.05452272,39.612973461,46.570015182));
#992=DIRECTION('',(1.,0.,-0.));
#993=VECTOR('',#992,19.);
#994=LINE('',#991,#993);
#995=EDGE_CURVE('',#966,#984,#994,.T.);
#996=ORIENTED_EDGE('',*,*,#995,.F.);
#997=EDGE_LOOP('',(#974,#982,#990,#996));
#998=FACE_BOUND('',#997,.T.);
#999=ADVANCED_FACE('',(#998),#964,.T.);
#1000=CARTESIAN_POINT('',(9.05452272,36.235842087,46.570015182));
#1001=DIRECTION('',(0.,-1.,0.));
#1002=DIRECTION('',(0.,0.,-1.));
#1003=AXIS2_PLACEMENT_3D('',#1000,#1001,#1002);
#1004=PLANE('',#1003);
#1005=CARTESIAN_POINT('',(12.630313653,36.235842087,46.570015182));
#1006=VERTEX_POINT('',#1005);
#1007=CARTESIAN_POINT('',(30.478731787,36.235842087,46.570015182));
#1008=VERTEX_POINT('',#1007);
#1009=CARTESIAN_POINT('',(12.630313653,36.235842087,46.570015182));
#1010=DIRECTION('',(1.,0.,0.));
#1011=VECTOR('',#1010,17.848418134);
#1012=LINE('',#1009,#1011);
#1013=EDGE_CURVE('',#1006,#1008,#1012,.T.);
#1014=ORIENTED_EDGE('',*,*,#1013,.T.);
#1015=CARTESIAN_POINT('',(30.478731787,36.235842087,52.070015182));
#1016=DIRECTION('',(0.,0.,-1.));
#1017=VECTOR('',#1016,5.5);
#1018=LINE('',#1015,#1017);
#1019=EDGE_CURVE('',#806,#1008,#1018,.T.);
#1020=ORIENTED_EDGE('',*,*,#1019,.F.);
#1021=ORIENTED_EDGE('',*,*,#835,.F.);
#1022=CARTESIAN_POINT('',(12.630313653,36.235842087,52.070015182));
#1023=DIRECTION('',(0.,0.,-1.));
#1024=VECTOR('',#1023,5.5);
#1025=LINE('',#1022,#1024);
#1026=EDGE_CURVE('',#824,#1006,#1025,.T.);
#1027=ORIENTED_EDGE('',*,*,#1026,.T.);
#1028=EDGE_LOOP('',(#1014,#1020,#1021,#1027));
#1029=FACE_BOUND('',#1028,.T.);
#1030=ADVANCED_FACE('',(#1029),#1004,.T.);
#1031=CARTESIAN_POINT('',(12.630313653,14.81163302,46.570015182));
#1032=DIRECTION('',(1.,0.,0.));
#1033=DIRECTION('',(0.,0.,-1.));
#1034=AXIS2_PLACEMENT_3D('',#1031,#1032,#1033);
#1035=PLANE('',#1034);
#1036=CARTESIAN_POINT('',(12.630313653,18.387423953,46.570015182));
#1037=VERTEX_POINT('',#1036);
#1038=CARTESIAN_POINT('',(12.630313653,18.387423953,46.570015182));
#1039=DIRECTION('',(-0.,1.,0.));
#1040=VECTOR('',#1039,17.848418134);
#1041=LINE('',#1038,#1040);
#1042=EDGE_CURVE('',#1037,#1006,#1041,.T.);
#1043=ORIENTED_EDGE('',*,*,#1042,.T.);
#1044=ORIENTED_EDGE('',*,*,#1026,.F.);
#1045=ORIENTED_EDGE('',*,*,#829,.F.);
#1046=CARTESIAN_POINT('',(12.630313653,18.387423953,52.070015182));
#1047=DIRECTION('',(0.,0.,-1.));
#1048=VECTOR('',#1047,5.5);
#1049=LINE('',#1046,#1048);
#1050=EDGE_CURVE('',#816,#1037,#1049,.T.);
#1051=ORIENTED_EDGE('',*,*,#1050,.T.);
#1052=EDGE_LOOP('',(#1043,#1044,#1045,#1051));
#1053=FACE_BOUND('',#1052,.T.);
#1054=ADVANCED_FACE('',(#1053),#1035,.T.);
#1055=CARTESIAN_POINT('',(34.05452272,18.387423953,46.570015182));
#1056=DIRECTION('',(0.,1.,0.));
#1057=DIRECTION('',(0.,0.,1.));
#1058=AXIS2_PLACEMENT_3D('',#1055,#1056,#1057);
#1059=PLANE('',#1058);
#1060=ORIENTED_EDGE('',*,*,#821,.F.);
#1061=CARTESIAN_POINT('',(30.478731787,18.387423953,46.570015182));
#1062=VERTEX_POINT('',#1061);
#1063=CARTESIAN_POINT('',(30.478731787,18.387423953,52.070015182));
#1064=DIRECTION('',(-0.,0.,-1.));
#1065=VECTOR('',#1064,5.5);
#1066=LINE('',#1063,#1065);
#1067=EDGE_CURVE('',#808,#1062,#1066,.T.);
#1068=ORIENTED_EDGE('',*,*,#1067,.T.);
#1069=CARTESIAN_POINT('',(30.478731787,18.387423953,46.570015182));
#1070=DIRECTION('',(-1.,-0.,-0.));
#1071=VECTOR('',#1070,17.848418134);
#1072=LINE('',#1069,#1071);
#1073=EDGE_CURVE('',#1062,#1037,#1072,.T.);
#1074=ORIENTED_EDGE('',*,*,#1073,.T.);
#1075=ORIENTED_EDGE('',*,*,#1050,.F.);
#1076=EDGE_LOOP('',(#1060,#1068,#1074,#1075));
#1077=FACE_BOUND('',#1076,.T.);
#1078=ADVANCED_FACE('',(#1077),#1059,.T.);
#1079=CARTESIAN_POINT('',(30.478731787,39.81163302,46.570015182));
#1080=DIRECTION('',(-1.,0.,0.));
#1081=DIRECTION('',(0.,0.,1.));
#1082=AXIS2_PLACEMENT_3D('',#1079,#1080,#1081);
#1083=PLANE('',#1082);
#1084=CARTESIAN_POINT('',(30.478731787,36.235842087,46.570015182));
#1085=DIRECTION('',(-0.,-1.,-0.));
#1086=VECTOR('',#1085,17.848418134);
#1087=LINE('',#1084,#1086);
#1088=EDGE_CURVE('',#1008,#1062,#1087,.T.);
#1089=ORIENTED_EDGE('',*,*,#1088,.T.);
#1090=ORIENTED_EDGE('',*,*,#1067,.F.);
#1091=ORIENTED_EDGE('',*,*,#813,.F.);
#1092=ORIENTED_EDGE('',*,*,#1019,.T.);
#1093=EDGE_LOOP('',(#1089,#1090,#1091,#1092));
#1094=FACE_BOUND('',#1093,.T.);
#1095=ADVANCED_FACE('',(#1094),#1083,.T.);
#1096=CARTESIAN_POINT('',(21.55452272,27.31163302,46.570015182));
#1097=DIRECTION('',(0.,0.,-1.));
#1098=DIRECTION('',(-1.,0.,0.));
#1099=AXIS2_PLACEMENT_3D('',#1096,#1097,#1098);
#1100=PLANE('',#1099);
#1101=ORIENTED_EDGE('',*,*,#1013,.F.);
#1102=ORIENTED_EDGE('',*,*,#1042,.F.);
#1103=ORIENTED_EDGE('',*,*,#1073,.F.);
#1104=ORIENTED_EDGE('',*,*,#1088,.F.);
#1105=EDGE_LOOP('',(#1101,#1102,#1103,#1104));
#1106=FACE_BOUND('',#1105,.T.);
#1107=ORIENTED_EDGE('',*,*,#915,.T.);
#1108=CARTESIAN_POINT('',(12.05452272,17.81163302,46.570015182));
#1109=DIRECTION('',(0.,0.,-1.));
#1110=DIRECTION('',(-1.,0.,0.));
#1111=AXIS2_PLACEMENT_3D('',#1108,#1109,#1110);
#1112=CIRCLE('',#1111,2.801340441);
#1113=EDGE_CURVE('',#904,#926,#1112,.T.);
#1114=ORIENTED_EDGE('',*,*,#1113,.T.);
#1115=ORIENTED_EDGE('',*,*,#955,.T.);
#1116=CARTESIAN_POINT('',(12.05452272,36.81163302,46.570015182));
#1117=DIRECTION('',(0.,0.,-1.));
#1118=DIRECTION('',(-1.,0.,0.));
#1119=AXIS2_PLACEMENT_3D('',#1116,#1117,#1118);
#1120=CIRCLE('',#1119,2.801340441);
#1121=EDGE_CURVE('',#944,#966,#1120,.T.);
#1122=ORIENTED_EDGE('',*,*,#1121,.T.);
#1123=ORIENTED_EDGE('',*,*,#995,.T.);
#1124=CARTESIAN_POINT('',(31.05452272,36.81163302,46.570015182));
#1125=DIRECTION('',(0.,0.,-1.));
#1126=DIRECTION('',(-1.,0.,0.));
#1127=AXIS2_PLACEMENT_3D('',#1124,#1125,#1126);
#1128=CIRCLE('',#1127,2.801340441);
#1129=EDGE_CURVE('',#984,#846,#1128,.T.);
#1130=ORIENTED_EDGE('',*,*,#1129,.T.);
#1131=ORIENTED_EDGE('',*,*,#875,.T.);
#1132=CARTESIAN_POINT('',(31.05452272,17.81163302,46.570015182));
#1133=DIRECTION('',(0.,0.,-1.));
#1134=DIRECTION('',(-1.,0.,0.));
#1135=AXIS2_PLACEMENT_3D('',#1132,#1133,#1134);
#1136=CIRCLE('',#1135,2.801340441);
#1137=EDGE_CURVE('',#864,#886,#1136,.T.);
#1138=ORIENTED_EDGE('',*,*,#1137,.T.);
#1139=EDGE_LOOP('',(#1107,#1114,#1115,#1122,#1123,#1130,#1131,#1138));
#1140=FACE_BOUND('',#1139,.T.);
#1141=ADVANCED_FACE('',(#1106,#1140),#1100,.T.);
#1142=CARTESIAN_POINT('',(12.05452272,17.81163302,53.070015182));
#1143=DIRECTION('',(0.,0.,-1.));
#1144=DIRECTION('',(-1.,0.,0.));
#1145=AXIS2_PLACEMENT_3D('',#1142,#1143,#1144);
#1146=CYLINDRICAL_SURFACE('',#1145,2.801340441);
#1147=ORIENTED_EDGE('',*,*,#909,.F.);
#1148=CARTESIAN_POINT('',(12.05452272,17.81163302,53.070015182));
#1149=DIRECTION('',(0.,0.,-1.));
#1150=DIRECTION('',(-1.,0.,0.));
#1151=AXIS2_PLACEMENT_3D('',#1148,#1149,#1150);
#1152=CIRCLE('',#1151,2.801340441);
#1153=EDGE_CURVE('',#896,#928,#1152,.T.);
#1154=ORIENTED_EDGE('',*,*,#1153,.T.);
#1155=ORIENTED_EDGE('',*,*,#933,.F.);
#1156=ORIENTED_EDGE('',*,*,#1113,.F.);
#1157=EDGE_LOOP('',(#1147,#1154,#1155,#1156));
#1158=FACE_BOUND('',#1157,.T.);
#1159=ADVANCED_FACE('',(#1158),#1146,.T.);
#1160=CARTESIAN_POINT('',(12.05452272,36.81163302,53.070015182));
#1161=DIRECTION('',(0.,0.,-1.));
#1162=DIRECTION('',(-1.,0.,0.));
#1163=AXIS2_PLACEMENT_3D('',#1160,#1161,#1162);
#1164=CYLINDRICAL_SURFACE('',#1163,2.801340441);
#1165=ORIENTED_EDGE('',*,*,#949,.F.);
#1166=CARTESIAN_POINT('',(12.05452272,36.81163302,53.070015182));
#1167=DIRECTION('',(0.,0.,-1.));
#1168=DIRECTION('',(-1.,0.,0.));
#1169=AXIS2_PLACEMENT_3D('',#1166,#1167,#1168);
#1170=CIRCLE('',#1169,2.801340441);
#1171=EDGE_CURVE('',#936,#968,#1170,.T.);
#1172=ORIENTED_EDGE('',*,*,#1171,.T.);
#1173=ORIENTED_EDGE('',*,*,#973,.F.);
#1174=ORIENTED_EDGE('',*,*,#1121,.F.);
#1175=EDGE_LOOP('',(#1165,#1172,#1173,#1174));
#1176=FACE_BOUND('',#1175,.T.);
#1177=ADVANCED_FACE('',(#1176),#1164,.T.);
#1178=CARTESIAN_POINT('',(31.05452272,36.81163302,53.070015182));
#1179=DIRECTION('',(0.,0.,-1.));
#1180=DIRECTION('',(-1.,0.,0.));
#1181=AXIS2_PLACEMENT_3D('',#1178,#1179,#1180);
#1182=CYLINDRICAL_SURFACE('',#1181,2.801340441);
#1183=ORIENTED_EDGE('',*,*,#989,.F.);
#1184=CARTESIAN_POINT('',(31.05452272,36.81163302,53.070015182));
#1185=DIRECTION('',(0.,0.,-1.));
#1186=DIRECTION('',(-1.,0.,0.));
#1187=AXIS2_PLACEMENT_3D('',#1184,#1185,#1186);
#1188=CIRCLE('',#1187,2.801340441);
#1189=EDGE_CURVE('',#976,#848,#1188,.T.);
#1190=ORIENTED_EDGE('',*,*,#1189,.T.);
#1191=ORIENTED_EDGE('',*,*,#853,.F.);
#1192=ORIENTED_EDGE('',*,*,#1129,.F.);
#1193=EDGE_LOOP('',(#1183,#1190,#1191,#1192));
#1194=FACE_BOUND('',#1193,.T.);
#1195=ADVANCED_FACE('',(#1194),#1182,.T.);
#1196=CARTESIAN_POINT('',(31.05452272,17.81163302,53.070015182));
#1197=DIRECTION('',(0.,0.,-1.));
#1198=DIRECTION('',(-1.,0.,0.));
#1199=AXIS2_PLACEMENT_3D('',#1196,#1197,#1198);
#1200=CYLINDRICAL_SURFACE('',#1199,2.801340441);
#1201=ORIENTED_EDGE('',*,*,#869,.F.);
#1202=CARTESIAN_POINT('',(31.05452272,17.81163302,53.070015182));
#1203=DIRECTION('',(0.,0.,-1.));
#1204=DIRECTION('',(-1.,0.,0.));
#1205=AXIS2_PLACEMENT_3D('',#1202,#1203,#1204);
#1206=CIRCLE('',#1205,2.801340441);
#1207=EDGE_CURVE('',#856,#888,#1206,.T.);
#1208=ORIENTED_EDGE('',*,*,#1207,.T.);
#1209=ORIENTED_EDGE('',*,*,#893,.F.);
#1210=ORIENTED_EDGE('',*,*,#1137,.F.);
#1211=EDGE_LOOP('',(#1201,#1208,#1209,#1210));
#1212=FACE_BOUND('',#1211,.T.);
#1213=ADVANCED_FACE('',(#1212),#1200,.T.);
#1214=CARTESIAN_POINT('',(9.05452272,38.612973461,53.070015182));
#1215=DIRECTION('',(-1.,0.,0.));
#1216=DIRECTION('',(0.,0.,1.));
#1217=AXIS2_PLACEMENT_3D('',#1214,#1215,#1216);
#1218=CYLINDRICAL_SURFACE('',#1217,1.);
#1219=CARTESIAN_POINT('',(12.05452272,38.612973461,53.070015182));
#1220=DIRECTION('',(-1.,0.,0.));
#1221=DIRECTION('',(0.,0.,1.));
#1222=AXIS2_PLACEMENT_3D('',#1219,#1220,#1221);
#1223=CIRCLE('',#1222,1.);
#1224=EDGE_CURVE('',#161,#968,#1223,.T.);
#1225=ORIENTED_EDGE('',*,*,#1224,.F.);
#1226=ORIENTED_EDGE('',*,*,#226,.F.);
#1227=CARTESIAN_POINT('',(31.05452272,38.612973461,53.070015182));
#1228=DIRECTION('',(1.,0.,0.));
#1229=DIRECTION('',(0.,0.,-1.));
#1230=AXIS2_PLACEMENT_3D('',#1227,#1228,#1229);
#1231=CIRCLE('',#1230,1.);
#1232=EDGE_CURVE('',#976,#214,#1231,.T.);
#1233=ORIENTED_EDGE('',*,*,#1232,.F.);
#1234=ORIENTED_EDGE('',*,*,#981,.F.);
#1235=EDGE_LOOP('',(#1225,#1226,#1233,#1234));
#1236=FACE_BOUND('',#1235,.T.);
#1237=ADVANCED_FACE('',(#1236),#1218,.T.);
#1238=CARTESIAN_POINT('',(31.05452272,36.81163302,53.070015182));
#1239=DIRECTION('',(0.,0.,-1.));
#1240=DIRECTION('',(-1.,0.,0.));
#1241=AXIS2_PLACEMENT_3D('',#1238,#1239,#1240);
#1242=TOROIDAL_SURFACE('',#1241,1.801340441,1.);
#1243=ORIENTED_EDGE('',*,*,#1232,.T.);
#1244=ORIENTED_EDGE('',*,*,#220,.F.);
#1245=CARTESIAN_POINT('',(32.855863161,36.81163302,53.070015182));
#1246=DIRECTION('',(-0.,-1.,-0.));
#1247=DIRECTION('',(0.,-0.,1.));
#1248=AXIS2_PLACEMENT_3D('',#1245,#1246,#1247);
#1249=CIRCLE('',#1248,1.);
#1250=EDGE_CURVE('',#848,#206,#1249,.T.);
#1251=ORIENTED_EDGE('',*,*,#1250,.F.);
#1252=ORIENTED_EDGE('',*,*,#1189,.F.);
#1253=EDGE_LOOP('',(#1243,#1244,#1251,#1252));
#1254=FACE_BOUND('',#1253,.T.);
#1255=ADVANCED_FACE('',(#1254),#1242,.T.);
#1256=CARTESIAN_POINT('',(12.05452272,36.81163302,53.070015182));
#1257=DIRECTION('',(0.,0.,-1.));
#1258=DIRECTION('',(-1.,0.,0.));
#1259=AXIS2_PLACEMENT_3D('',#1256,#1257,#1258);
#1260=TOROIDAL_SURFACE('',#1259,1.801340441,1.);
#1261=ORIENTED_EDGE('',*,*,#1224,.T.);
#1262=ORIENTED_EDGE('',*,*,#1171,.F.);
#1263=CARTESIAN_POINT('',(10.253182279,36.81163302,53.070015182));
#1264=DIRECTION('',(-0.,-1.,-0.));
#1265=DIRECTION('',(0.,-0.,1.));
#1266=AXIS2_PLACEMENT_3D('',#1263,#1264,#1265);
#1267=CIRCLE('',#1266,1.);
#1268=EDGE_CURVE('',#163,#936,#1267,.T.);
#1269=ORIENTED_EDGE('',*,*,#1268,.F.);
#1270=ORIENTED_EDGE('',*,*,#169,.F.);
#1271=EDGE_LOOP('',(#1261,#1262,#1269,#1270));
#1272=FACE_BOUND('',#1271,.T.);
#1273=ADVANCED_FACE('',(#1272),#1260,.T.);
#1274=CARTESIAN_POINT('',(32.855863161,39.81163302,53.070015182));
#1275=DIRECTION('',(0.,1.,0.));
#1276=DIRECTION('',(0.,-0.,1.));
#1277=AXIS2_PLACEMENT_3D('',#1274,#1275,#1276);
#1278=CYLINDRICAL_SURFACE('',#1277,1.);
#1279=ORIENTED_EDGE('',*,*,#1250,.T.);
#1280=ORIENTED_EDGE('',*,*,#211,.F.);
#1281=CARTESIAN_POINT('',(32.855863161,17.81163302,53.070015182));
#1282=DIRECTION('',(0.,-1.,0.));
#1283=DIRECTION('',(0.,0.,-1.));
#1284=AXIS2_PLACEMENT_3D('',#1281,#1282,#1283);
#1285=CIRCLE('',#1284,1.);
#1286=EDGE_CURVE('',#856,#197,#1285,.T.);
#1287=ORIENTED_EDGE('',*,*,#1286,.F.);
#1288=ORIENTED_EDGE('',*,*,#861,.F.);
#1289=EDGE_LOOP('',(#1279,#1280,#1287,#1288));
#1290=FACE_BOUND('',#1289,.T.);
#1291=ADVANCED_FACE('',(#1290),#1278,.T.);
#1292=CARTESIAN_POINT('',(10.253182279,14.81163302,53.070015182));
#1293=DIRECTION('',(0.,-1.,0.));
#1294=DIRECTION('',(0.,0.,-1.));
#1295=AXIS2_PLACEMENT_3D('',#1292,#1293,#1294);
#1296=CYLINDRICAL_SURFACE('',#1295,1.);
#1297=ORIENTED_EDGE('',*,*,#1268,.T.);
#1298=ORIENTED_EDGE('',*,*,#941,.F.);
#1299=CARTESIAN_POINT('',(10.253182279,17.81163302,53.070015182));
#1300=DIRECTION('',(0.,-1.,0.));
#1301=DIRECTION('',(0.,0.,-1.));
#1302=AXIS2_PLACEMENT_3D('',#1299,#1300,#1301);
#1303=CIRCLE('',#1302,1.);
#1304=EDGE_CURVE('',#172,#928,#1303,.T.);
#1305=ORIENTED_EDGE('',*,*,#1304,.F.);
#1306=ORIENTED_EDGE('',*,*,#177,.F.);
#1307=EDGE_LOOP('',(#1297,#1298,#1305,#1306));
#1308=FACE_BOUND('',#1307,.T.);
#1309=ADVANCED_FACE('',(#1308),#1296,.T.);
#1310=CARTESIAN_POINT('',(31.05452272,17.81163302,53.070015182));
#1311=DIRECTION('',(0.,0.,-1.));
#1312=DIRECTION('',(-1.,0.,0.));
#1313=AXIS2_PLACEMENT_3D('',#1310,#1311,#1312);
#1314=TOROIDAL_SURFACE('',#1313,1.801340441,1.);
#1315=ORIENTED_EDGE('',*,*,#1286,.T.);
#1316=ORIENTED_EDGE('',*,*,#203,.F.);
#1317=CARTESIAN_POINT('',(31.05452272,16.010292579,53.070015182));
#1318=DIRECTION('',(-1.,-0.,-0.));
#1319=DIRECTION('',(0.,0.,-1.));
#1320=AXIS2_PLACEMENT_3D('',#1317,#1318,#1319);
#1321=CIRCLE('',#1320,1.);
#1322=EDGE_CURVE('',#888,#189,#1321,.T.);
#1323=ORIENTED_EDGE('',*,*,#1322,.F.);
#1324=ORIENTED_EDGE('',*,*,#1207,.F.);
#1325=EDGE_LOOP('',(#1315,#1316,#1323,#1324));
#1326=FACE_BOUND('',#1325,.T.);
#1327=ADVANCED_FACE('',(#1326),#1314,.T.);
#1328=CARTESIAN_POINT('',(12.05452272,17.81163302,53.070015182));
#1329=DIRECTION('',(0.,0.,-1.));
#1330=DIRECTION('',(-1.,0.,0.));
#1331=AXIS2_PLACEMENT_3D('',#1328,#1329,#1330);
#1332=TOROIDAL_SURFACE('',#1331,1.801340441,1.);
#1333=ORIENTED_EDGE('',*,*,#1304,.T.);
#1334=ORIENTED_EDGE('',*,*,#1153,.F.);
#1335=CARTESIAN_POINT('',(12.05452272,16.010292579,53.070015182));
#1336=DIRECTION('',(1.,-0.,-0.));
#1337=DIRECTION('',(0.,0.,1.));
#1338=AXIS2_PLACEMENT_3D('',#1335,#1336,#1337);
#1339=CIRCLE('',#1338,1.);
#1340=EDGE_CURVE('',#180,#896,#1339,.T.);
#1341=ORIENTED_EDGE('',*,*,#1340,.F.);
#1342=ORIENTED_EDGE('',*,*,#186,.F.);
#1343=EDGE_LOOP('',(#1333,#1334,#1341,#1342));
#1344=FACE_BOUND('',#1343,.T.);
#1345=ADVANCED_FACE('',(#1344),#1332,.T.);
#1346=CARTESIAN_POINT('',(34.05452272,16.010292579,53.070015182));
#1347=DIRECTION('',(1.,0.,0.));
#1348=DIRECTION('',(0.,0.,-1.));
#1349=AXIS2_PLACEMENT_3D('',#1346,#1347,#1348);
#1350=CYLINDRICAL_SURFACE('',#1349,1.);
#1351=ORIENTED_EDGE('',*,*,#1322,.T.);
#1352=ORIENTED_EDGE('',*,*,#194,.F.);
#1353=ORIENTED_EDGE('',*,*,#1340,.T.);
#1354=ORIENTED_EDGE('',*,*,#901,.F.);
#1355=EDGE_LOOP('',(#1351,#1352,#1353,#1354));
#1356=FACE_BOUND('',#1355,.T.);
#1357=ADVANCED_FACE('',(#1356),#1350,.T.);
#1358=CARTESIAN_POINT('',(16.332686747,33.947682555,53.570015182));
#1359=DIRECTION('',(-0.707106781,-0.707106781,0.));
#1360=DIRECTION('',(0.707106781,-0.707106781,0.));
#1361=AXIS2_PLACEMENT_3D('',#1358,#1359,#1360);
#1362=PLANE('',#1361);
#1363=ORIENTED_EDGE('',*,*,#238,.F.);
#1364=CARTESIAN_POINT('',(22.968736283,27.31163302,53.570015182));
#1365=VERTEX_POINT('',#1364);
#1366=CARTESIAN_POINT('',(22.968736283,27.311633019,53.570015182));
#1367=DIRECTION('',(0.,0.,1.));
#1368=VECTOR('',#1367,0.5);
#1369=LINE('',#1366,#1368);
#1370=EDGE_CURVE('',#1365,#231,#1369,.T.);
#1371=ORIENTED_EDGE('',*,*,#1370,.F.);
#1372=CARTESIAN_POINT('',(28.190572256,22.089797047,53.570015182));
#1373=VERTEX_POINT('',#1372);
#1374=CARTESIAN_POINT('',(22.968736283,27.311633019,53.570015182));
#1375=DIRECTION('',(0.707106781,-0.707106781,0.));
#1376=VECTOR('',#1375,7.384791254);
#1377=LINE('',#1374,#1376);
#1378=EDGE_CURVE('',#1365,#1373,#1377,.T.);
#1379=ORIENTED_EDGE('',*,*,#1378,.T.);
#1380=CARTESIAN_POINT('',(28.190572256,22.089797046,53.570015182));
#1381=DIRECTION('',(0.,0.,1.));
#1382=VECTOR('',#1381,0.5);
#1383=LINE('',#1380,#1382);
#1384=EDGE_CURVE('',#1373,#233,#1383,.T.);
#1385=ORIENTED_EDGE('',*,*,#1384,.T.);
#1386=EDGE_LOOP('',(#1363,#1371,#1379,#1385));
#1387=FACE_BOUND('',#1386,.T.);
#1388=ADVANCED_FACE('',(#1387),#1362,.T.);
#1389=CARTESIAN_POINT('',(28.190572256,32.533468993,53.570015182));
#1390=DIRECTION('',(-0.707106781,0.707106781,0.));
#1391=DIRECTION('',(-0.707106781,-0.707106781,0.));
#1392=AXIS2_PLACEMENT_3D('',#1389,#1390,#1391);
#1393=PLANE('',#1392);
#1394=ORIENTED_EDGE('',*,*,#324,.F.);
#1395=CARTESIAN_POINT('',(28.190572256,32.533468993,53.570015182));
#1396=VERTEX_POINT('',#1395);
#1397=CARTESIAN_POINT('',(28.190572256,32.533468993,53.570015182));
#1398=DIRECTION('',(0.,0.,1.));
#1399=VECTOR('',#1398,0.5);
#1400=LINE('',#1397,#1399);
#1401=EDGE_CURVE('',#1396,#313,#1400,.T.);
#1402=ORIENTED_EDGE('',*,*,#1401,.F.);
#1403=CARTESIAN_POINT('',(28.190572256,32.533468993,53.570015182));
#1404=DIRECTION('',(-0.707106781,-0.707106781,0.));
#1405=VECTOR('',#1404,7.384791254);
#1406=LINE('',#1403,#1405);
#1407=EDGE_CURVE('',#1396,#1365,#1406,.T.);
#1408=ORIENTED_EDGE('',*,*,#1407,.T.);
#1409=ORIENTED_EDGE('',*,*,#1370,.T.);
#1410=EDGE_LOOP('',(#1394,#1402,#1408,#1409));
#1411=FACE_BOUND('',#1410,.T.);
#1412=ADVANCED_FACE('',(#1411),#1393,.T.);
#1413=CARTESIAN_POINT('',(26.776358693,33.947682555,53.570015182));
#1414=DIRECTION('',(-0.707106781,-0.707106781,0.));
#1415=DIRECTION('',(0.707106781,-0.707106781,0.));
#1416=AXIS2_PLACEMENT_3D('',#1413,#1414,#1415);
#1417=PLANE('',#1416);
#1418=ORIENTED_EDGE('',*,*,#318,.F.);
#1419=CARTESIAN_POINT('',(26.776358693,33.947682555,53.570015182));
#1420=VERTEX_POINT('',#1419);
#1421=CARTESIAN_POINT('',(26.776358693,33.947682555,53.570015182));
#1422=DIRECTION('',(0.,0.,1.));
#1423=VECTOR('',#1422,0.5);
#1424=LINE('',#1421,#1423);
#1425=EDGE_CURVE('',#1420,#305,#1424,.T.);
#1426=ORIENTED_EDGE('',*,*,#1425,.F.);
#1427=CARTESIAN_POINT('',(26.776358693,33.947682555,53.570015182));
#1428=DIRECTION('',(0.707106781,-0.707106781,0.));
#1429=VECTOR('',#1428,2.);
#1430=LINE('',#1427,#1429);
#1431=EDGE_CURVE('',#1420,#1396,#1430,.T.);
#1432=ORIENTED_EDGE('',*,*,#1431,.T.);
#1433=ORIENTED_EDGE('',*,*,#1401,.T.);
#1434=EDGE_LOOP('',(#1418,#1426,#1432,#1433));
#1435=FACE_BOUND('',#1434,.T.);
#1436=ADVANCED_FACE('',(#1435),#1417,.T.);
#1437=CARTESIAN_POINT('',(14.918473185,22.089797047,53.570015182));
#1438=DIRECTION('',(0.707106781,-0.707106781,0.));
#1439=DIRECTION('',(0.707106781,0.707106781,0.));
#1440=AXIS2_PLACEMENT_3D('',#1437,#1438,#1439);
#1441=PLANE('',#1440);
#1442=ORIENTED_EDGE('',*,*,#310,.F.);
#1443=CARTESIAN_POINT('',(21.55452272,28.725846582,53.570015182));
#1444=VERTEX_POINT('',#1443);
#1445=CARTESIAN_POINT('',(21.55452272,28.725846582,53.570015182));
#1446=DIRECTION('',(0.,0.,1.));
#1447=VECTOR('',#1446,0.5);
#1448=LINE('',#1445,#1447);
#1449=EDGE_CURVE('',#1444,#297,#1448,.T.);
#1450=ORIENTED_EDGE('',*,*,#1449,.F.);
#1451=CARTESIAN_POINT('',(21.55452272,28.725846582,53.570015182));
#1452=DIRECTION('',(0.707106781,0.707106781,0.));
#1453=VECTOR('',#1452,7.384791254);
#1454=LINE('',#1451,#1453);
#1455=EDGE_CURVE('',#1444,#1420,#1454,.T.);
#1456=ORIENTED_EDGE('',*,*,#1455,.T.);
#1457=ORIENTED_EDGE('',*,*,#1425,.T.);
#1458=EDGE_LOOP('',(#1442,#1450,#1456,#1457));
#1459=FACE_BOUND('',#1458,.T.);
#1460=ADVANCED_FACE('',(#1459),#1441,.T.);
#1461=CARTESIAN_POINT('',(16.332686747,33.947682555,53.570015182));
#1462=DIRECTION('',(-0.707106781,-0.707106781,0.));
#1463=DIRECTION('',(0.707106781,-0.707106781,0.));
#1464=AXIS2_PLACEMENT_3D('',#1461,#1462,#1463);
#1465=PLANE('',#1464);
#1466=ORIENTED_EDGE('',*,*,#302,.F.);
#1467=CARTESIAN_POINT('',(16.332686747,33.947682555,53.570015182));
#1468=VERTEX_POINT('',#1467);
#1469=CARTESIAN_POINT('',(16.332686747,33.947682555,53.570015182));
#1470=DIRECTION('',(0.,0.,1.));
#1471=VECTOR('',#1470,0.5);
#1472=LINE('',#1469,#1471);
#1473=EDGE_CURVE('',#1468,#289,#1472,.T.);
#1474=ORIENTED_EDGE('',*,*,#1473,.F.);
#1475=CARTESIAN_POINT('',(16.332686747,33.947682555,53.570015182));
#1476=DIRECTION('',(0.707106781,-0.707106781,0.));
#1477=VECTOR('',#1476,7.384791254);
#1478=LINE('',#1475,#1477);
#1479=EDGE_CURVE('',#1468,#1444,#1478,.T.);
#1480=ORIENTED_EDGE('',*,*,#1479,.T.);
#1481=ORIENTED_EDGE('',*,*,#1449,.T.);
#1482=EDGE_LOOP('',(#1466,#1474,#1480,#1481));
#1483=FACE_BOUND('',#1482,.T.);
#1484=ADVANCED_FACE('',(#1483),#1465,.T.);
#1485=CARTESIAN_POINT('',(14.918473185,32.533468993,53.570015182));
#1486=DIRECTION('',(0.707106781,-0.707106781,0.));
#1487=DIRECTION('',(0.707106781,0.707106781,0.));
#1488=AXIS2_PLACEMENT_3D('',#1485,#1486,#1487);
#1489=PLANE('',#1488);
#1490=ORIENTED_EDGE('',*,*,#294,.F.);
#1491=CARTESIAN_POINT('',(14.918473185,32.533468993,53.570015182));
#1492=VERTEX_POINT('',#1491);
#1493=CARTESIAN_POINT('',(14.918473185,32.533468993,53.570015182));
#1494=DIRECTION('',(0.,0.,1.));
#1495=VECTOR('',#1494,0.5);
#1496=LINE('',#1493,#1495);
#1497=EDGE_CURVE('',#1492,#281,#1496,.T.);
#1498=ORIENTED_EDGE('',*,*,#1497,.F.);
#1499=CARTESIAN_POINT('',(14.918473185,32.533468993,53.570015182));
#1500=DIRECTION('',(0.707106781,0.707106781,0.));
#1501=VECTOR('',#1500,1.999999999);
#1502=LINE('',#1499,#1501);
#1503=EDGE_CURVE('',#1492,#1468,#1502,.T.);
#1504=ORIENTED_EDGE('',*,*,#1503,.T.);
#1505=ORIENTED_EDGE('',*,*,#1473,.T.);
#1506=EDGE_LOOP('',(#1490,#1498,#1504,#1505));
#1507=FACE_BOUND('',#1506,.T.);
#1508=ADVANCED_FACE('',(#1507),#1489,.T.);
#1509=CARTESIAN_POINT('',(26.776358693,20.675583485,53.570015182));
#1510=DIRECTION('',(0.707106781,0.707106781,0.));
#1511=DIRECTION('',(-0.707106781,0.707106781,0.));
#1512=AXIS2_PLACEMENT_3D('',#1509,#1510,#1511);
#1513=PLANE('',#1512);
#1514=ORIENTED_EDGE('',*,*,#286,.F.);
#1515=CARTESIAN_POINT('',(20.140309158,27.31163302,53.570015182));
#1516=VERTEX_POINT('',#1515);
#1517=CARTESIAN_POINT('',(20.140309158,27.31163302,53.570015182));
#1518=DIRECTION('',(0.,0.,1.));
#1519=VECTOR('',#1518,0.5);
#1520=LINE('',#1517,#1519);
#1521=EDGE_CURVE('',#1516,#273,#1520,.T.);
#1522=ORIENTED_EDGE('',*,*,#1521,.F.);
#1523=CARTESIAN_POINT('',(20.140309158,27.31163302,53.570015182));
#1524=DIRECTION('',(-0.707106781,0.707106781,0.));
#1525=VECTOR('',#1524,7.384791254);
#1526=LINE('',#1523,#1525);
#1527=EDGE_CURVE('',#1516,#1492,#1526,.T.);
#1528=ORIENTED_EDGE('',*,*,#1527,.T.);
#1529=ORIENTED_EDGE('',*,*,#1497,.T.);
#1530=EDGE_LOOP('',(#1514,#1522,#1528,#1529));
#1531=FACE_BOUND('',#1530,.T.);
#1532=ADVANCED_FACE('',(#1531),#1513,.T.);
#1533=CARTESIAN_POINT('',(14.918473185,22.089797047,53.570015182));
#1534=DIRECTION('',(0.707106781,-0.707106781,0.));
#1535=DIRECTION('',(0.707106781,0.707106781,0.));
#1536=AXIS2_PLACEMENT_3D('',#1533,#1534,#1535);
#1537=PLANE('',#1536);
#1538=ORIENTED_EDGE('',*,*,#278,.F.);
#1539=CARTESIAN_POINT('',(14.918473185,22.089797047,53.570015182));
#1540=VERTEX_POINT('',#1539);
#1541=CARTESIAN_POINT('',(14.918473185,22.089797047,53.570015182));
#1542=DIRECTION('',(0.,0.,1.));
#1543=VECTOR('',#1542,0.5);
#1544=LINE('',#1541,#1543);
#1545=EDGE_CURVE('',#1540,#265,#1544,.T.);
#1546=ORIENTED_EDGE('',*,*,#1545,.F.);
#1547=CARTESIAN_POINT('',(14.918473185,22.089797047,53.570015182));
#1548=DIRECTION('',(0.707106781,0.707106781,0.));
#1549=VECTOR('',#1548,7.384791254);
#1550=LINE('',#1547,#1549);
#1551=EDGE_CURVE('',#1540,#1516,#1550,.T.);
#1552=ORIENTED_EDGE('',*,*,#1551,.T.);
#1553=ORIENTED_EDGE('',*,*,#1521,.T.);
#1554=EDGE_LOOP('',(#1538,#1546,#1552,#1553));
#1555=FACE_BOUND('',#1554,.T.);
#1556=ADVANCED_FACE('',(#1555),#1537,.T.);
#1557=CARTESIAN_POINT('',(16.332686747,20.675583485,53.570015182));
#1558=DIRECTION('',(0.707106781,0.707106781,0.));
#1559=DIRECTION('',(-0.707106781,0.707106781,0.));
#1560=AXIS2_PLACEMENT_3D('',#1557,#1558,#1559);
#1561=PLANE('',#1560);
#1562=ORIENTED_EDGE('',*,*,#270,.F.);
#1563=CARTESIAN_POINT('',(16.332686747,20.675583485,53.570015182));
#1564=VERTEX_POINT('',#1563);
#1565=CARTESIAN_POINT('',(16.332686747,20.675583485,53.570015182));
#1566=DIRECTION('',(0.,0.,1.));
#1567=VECTOR('',#1566,0.5);
#1568=LINE('',#1565,#1567);
#1569=EDGE_CURVE('',#1564,#257,#1568,.T.);
#1570=ORIENTED_EDGE('',*,*,#1569,.F.);
#1571=CARTESIAN_POINT('',(16.332686747,20.675583485,53.570015182));
#1572=DIRECTION('',(-0.707106781,0.707106781,0.));
#1573=VECTOR('',#1572,1.999999999);
#1574=LINE('',#1571,#1573);
#1575=EDGE_CURVE('',#1564,#1540,#1574,.T.);
#1576=ORIENTED_EDGE('',*,*,#1575,.T.);
#1577=ORIENTED_EDGE('',*,*,#1545,.T.);
#1578=EDGE_LOOP('',(#1562,#1570,#1576,#1577));
#1579=FACE_BOUND('',#1578,.T.);
#1580=ADVANCED_FACE('',(#1579),#1561,.T.);
#1581=CARTESIAN_POINT('',(28.190572256,32.533468993,53.570015182));
#1582=DIRECTION('',(-0.707106781,0.707106781,0.));
#1583=DIRECTION('',(-0.707106781,-0.707106781,0.));
#1584=AXIS2_PLACEMENT_3D('',#1581,#1582,#1583);
#1585=PLANE('',#1584);
#1586=ORIENTED_EDGE('',*,*,#262,.F.);
#1587=CARTESIAN_POINT('',(21.55452272,25.897419458,53.570015182));
#1588=VERTEX_POINT('',#1587);
#1589=CARTESIAN_POINT('',(21.55452272,25.897419457,53.570015182));
#1590=DIRECTION('',(0.,0.,1.));
#1591=VECTOR('',#1590,0.5);
#1592=LINE('',#1589,#1591);
#1593=EDGE_CURVE('',#1588,#249,#1592,.T.);
#1594=ORIENTED_EDGE('',*,*,#1593,.F.);
#1595=CARTESIAN_POINT('',(21.55452272,25.897419457,53.570015182));
#1596=DIRECTION('',(-0.707106781,-0.707106781,0.));
#1597=VECTOR('',#1596,7.384791254);
#1598=LINE('',#1595,#1597);
#1599=EDGE_CURVE('',#1588,#1564,#1598,.T.);
#1600=ORIENTED_EDGE('',*,*,#1599,.T.);
#1601=ORIENTED_EDGE('',*,*,#1569,.T.);
#1602=EDGE_LOOP('',(#1586,#1594,#1600,#1601));
#1603=FACE_BOUND('',#1602,.T.);
#1604=ADVANCED_FACE('',(#1603),#1585,.T.);
#1605=CARTESIAN_POINT('',(26.776358693,20.675583485,53.570015182));
#1606=DIRECTION('',(0.707106781,0.707106781,0.));
#1607=DIRECTION('',(-0.707106781,0.707106781,0.));
#1608=AXIS2_PLACEMENT_3D('',#1605,#1606,#1607);
#1609=PLANE('',#1608);
#1610=ORIENTED_EDGE('',*,*,#254,.F.);
#1611=CARTESIAN_POINT('',(26.776358693,20.675583485,53.570015182));
#1612=VERTEX_POINT('',#1611);
#1613=CARTESIAN_POINT('',(26.776358693,20.675583485,53.570015182));
#1614=DIRECTION('',(0.,0.,1.));
#1615=VECTOR('',#1614,0.5);
#1616=LINE('',#1613,#1615);
#1617=EDGE_CURVE('',#1612,#241,#1616,.T.);
#1618=ORIENTED_EDGE('',*,*,#1617,.F.);
#1619=CARTESIAN_POINT('',(26.776358693,20.675583485,53.570015182));
#1620=DIRECTION('',(-0.707106781,0.707106781,0.));
#1621=VECTOR('',#1620,7.384791254);
#1622=LINE('',#1619,#1621);
#1623=EDGE_CURVE('',#1612,#1588,#1622,.T.);
#1624=ORIENTED_EDGE('',*,*,#1623,.T.);
#1625=ORIENTED_EDGE('',*,*,#1593,.T.);
#1626=EDGE_LOOP('',(#1610,#1618,#1624,#1625));
#1627=FACE_BOUND('',#1626,.T.);
#1628=ADVANCED_FACE('',(#1627),#1609,.T.);
#1629=CARTESIAN_POINT('',(28.190572256,22.089797047,53.570015182));
#1630=DIRECTION('',(-0.707106781,0.707106781,0.));
#1631=DIRECTION('',(-0.707106781,-0.707106781,0.));
#1632=AXIS2_PLACEMENT_3D('',#1629,#1630,#1631);
#1633=PLANE('',#1632);
#1634=ORIENTED_EDGE('',*,*,#246,.F.);
#1635=ORIENTED_EDGE('',*,*,#1384,.F.);
#1636=CARTESIAN_POINT('',(28.190572256,22.089797047,53.570015182));
#1637=DIRECTION('',(-0.707106781,-0.707106781,0.));
#1638=VECTOR('',#1637,2.);
#1639=LINE('',#1636,#1638);
#1640=EDGE_CURVE('',#1373,#1612,#1639,.T.);
#1641=ORIENTED_EDGE('',*,*,#1640,.T.);
#1642=ORIENTED_EDGE('',*,*,#1617,.T.);
#1643=EDGE_LOOP('',(#1634,#1635,#1641,#1642));
#1644=FACE_BOUND('',#1643,.T.);
#1645=ADVANCED_FACE('',(#1644),#1633,.T.);
#1646=CARTESIAN_POINT('',(-21.527471197,27.31163302,53.570015182));
#1647=DIRECTION('',(0.,0.,1.));
#1648=DIRECTION('',(1.,0.,0.));
#1649=AXIS2_PLACEMENT_3D('',#1646,#1647,#1648);
#1650=PLANE('',#1649);
#1651=ORIENTED_EDGE('',*,*,#1378,.F.);
#1652=ORIENTED_EDGE('',*,*,#1407,.F.);
#1653=ORIENTED_EDGE('',*,*,#1431,.F.);
#1654=ORIENTED_EDGE('',*,*,#1455,.F.);
#1655=ORIENTED_EDGE('',*,*,#1479,.F.);
#1656=ORIENTED_EDGE('',*,*,#1503,.F.);
#1657=ORIENTED_EDGE('',*,*,#1527,.F.);
#1658=ORIENTED_EDGE('',*,*,#1551,.F.);
#1659=ORIENTED_EDGE('',*,*,#1575,.F.);
#1660=ORIENTED_EDGE('',*,*,#1599,.F.);
#1661=ORIENTED_EDGE('',*,*,#1623,.F.);
#1662=ORIENTED_EDGE('',*,*,#1640,.F.);
#1663=EDGE_LOOP('',(#1651,#1652,#1653,#1654,#1655,#1656,#1657,#1658,#1659,#1660,#1661,#1662));
#1664=FACE_BOUND('',#1663,.T.);
#1665=ADVANCED_FACE('',(#1664),#1650,.T.);
#1666=CLOSED_SHELL('',(#328,#379,#487,#518,#542,#566,#590,#614,#638,#662,#686,#710,#734,#758,#775,#795,#839,#879,#919,#959,#999,#1030,#1054,#1078,#1095,#1141,
#1159,#1177,#1195,#1213,#1237,#1255,#1273,#1291,#1309,#1327,#1345,#1357,#1388,#1412,#1436,#1460,#1484,#1508,#1532,#1556,#1580,#1604,#1628,#1645,#1665));
#1667=MANIFOLD_SOLID_BREP('Solid.004',#1666);
#1668=COLOUR_RGB('',0.313725501,0.309803933,0.309803933);
#1669=FILL_AREA_STYLE_COLOUR('',#1668);
#1670=FILL_AREA_STYLE('',(#1669));
#1671=SURFACE_STYLE_FILL_AREA(#1670);
#1672=SURFACE_SIDE_STYLE('',(#1671));
#1673=SURFACE_STYLE_USAGE(.BOTH.,#1672);
#1674=PRESENTATION_STYLE_ASSIGNMENT((#1673));
#154=STYLED_ITEM('',(#1674),#1667);
#1676=CARTESIAN_POINT('',(-21.527471197,27.31163302,46.755286844));
#1677=DIRECTION('',(0.,0.,1.));
#1678=DIRECTION('',(1.,0.,-0.));
#1679=AXIS2_PLACEMENT_3D('',#1676,#1677,#1678);
#1680=CYLINDRICAL_SURFACE('',#1679,2.8);
#1681=CARTESIAN_POINT('',(-18.727471197,27.31163302,52.070015182));
#1682=VERTEX_POINT('',#1681);
#1683=CARTESIAN_POINT('',(-18.727471197,27.311633026,46.755286844));
#1684=VERTEX_POINT('',#1683);
#1685=CARTESIAN_POINT('',(-18.727471197,27.31163302,52.070015182));
#1686=DIRECTION('',(-0.,-0.,-1.));
#1687=VECTOR('',#1686,5.314728338);
#1688=LINE('',#1685,#1687);
#1689=EDGE_CURVE('',#1682,#1684,#1688,.T.);
#1690=ORIENTED_EDGE('',*,*,#1689,.T.);
#1691=CARTESIAN_POINT('',(-24.327471197,27.311633014,46.755286844));
#1692=VERTEX_POINT('',#1691);
#1693=CARTESIAN_POINT('',(-21.527471197,27.31163302,46.755286844));
#1694=DIRECTION('',(0.,0.,1.));
#1695=DIRECTION('',(1.,0.,-0.));
#1696=AXIS2_PLACEMENT_3D('',#1693,#1694,#1695);
#1697=CIRCLE('',#1696,2.8);
#1698=EDGE_CURVE('',#1684,#1692,#1697,.T.);
#1699=ORIENTED_EDGE('',*,*,#1698,.T.);
#1700=CARTESIAN_POINT('',(-21.527471197,27.31163302,46.755286844));
#1701=DIRECTION('',(0.,0.,1.));
#1702=DIRECTION('',(1.,0.,-0.));
#1703=AXIS2_PLACEMENT_3D('',#1700,#1701,#1702);
#1704=CIRCLE('',#1703,2.8);
#1705=EDGE_CURVE('',#1692,#1684,#1704,.T.);
#1706=ORIENTED_EDGE('',*,*,#1705,.T.);
#1707=ORIENTED_EDGE('',*,*,#1689,.F.);
#1708=CARTESIAN_POINT('',(-24.327471197,27.31163302,52.070015182));
#1709=VERTEX_POINT('',#1708);
#1710=CARTESIAN_POINT('',(-21.527471197,27.31163302,52.070015182));
#1711=DIRECTION('',(0.,0.,1.));
#1712=DIRECTION('',(1.,0.,-0.));
#1713=AXIS2_PLACEMENT_3D('',#1710,#1711,#1712);
#1714=CIRCLE('',#1713,2.8);
#1715=EDGE_CURVE('',#1709,#1682,#1714,.T.);
#1716=ORIENTED_EDGE('',*,*,#1715,.F.);
#1717=CARTESIAN_POINT('',(-21.527471197,27.31163302,52.070015182));
#1718=DIRECTION('',(0.,0.,1.));
#1719=DIRECTION('',(1.,0.,-0.));
#1720=AXIS2_PLACEMENT_3D('',#1717,#1718,#1719);
#1721=CIRCLE('',#1720,2.8);
#1722=EDGE_CURVE('',#1682,#1709,#1721,.T.);
#1723=ORIENTED_EDGE('',*,*,#1722,.F.);
#1724=EDGE_LOOP('',(#1690,#1699,#1706,#1707,#1716,#1723));
#1725=FACE_BOUND('',#1724,.T.);
#1726=ADVANCED_FACE('',(#1725),#1680,.T.);
#1727=CARTESIAN_POINT('',(-21.527471197,27.31163302,46.755286844));
#1728=DIRECTION('',(0.,0.,1.));
#1729=DIRECTION('',(1.,0.,0.));
#1730=AXIS2_PLACEMENT_3D('',#1727,#1728,#1729);
#1731=PLANE('',#1730);
#1732=ORIENTED_EDGE('',*,*,#1698,.F.);
#1733=ORIENTED_EDGE('',*,*,#1705,.F.);
#1734=EDGE_LOOP('',(#1732,#1733));
#1735=FACE_BOUND('',#1734,.T.);
#1736=CARTESIAN_POINT('',(-20.977471197,29.31163302,46.755286844));
#1737=VERTEX_POINT('',#1736);
#1738=CARTESIAN_POINT('',(-20.977471197,27.91163302,46.755286844));
#1739=VERTEX_POINT('',#1738);
#1740=CARTESIAN_POINT('',(-20.977471197,29.31163302,46.755286844));
#1741=DIRECTION('',(-0.,-1.,-0.));
#1742=VECTOR('',#1741,1.4);
#1743=LINE('',#1740,#1742);
#1744=EDGE_CURVE('',#1737,#1739,#1743,.T.);
#1745=ORIENTED_EDGE('',*,*,#1744,.F.);
#1746=CARTESIAN_POINT('',(-22.077471197,29.31163302,46.755286844));
#1747=VERTEX_POINT('',#1746);
#1748=CARTESIAN_POINT('',(-22.077471197,29.31163302,46.755286844));
#1749=DIRECTION('',(1.,0.,-0.));
#1750=VECTOR('',#1749,1.1);
#1751=LINE('',#1748,#1750);
#1752=EDGE_CURVE('',#1747,#1737,#1751,.T.);
#1753=ORIENTED_EDGE('',*,*,#1752,.F.);
#1754=CARTESIAN_POINT('',(-22.077471197,27.91163302,46.755286844));
#1755=VERTEX_POINT('',#1754);
#1756=CARTESIAN_POINT('',(-22.077471197,27.91163302,46.755286844));
#1757=DIRECTION('',(0.,1.,0.));
#1758=VECTOR('',#1757,1.4);
#1759=LINE('',#1756,#1758);
#1760=EDGE_CURVE('',#1755,#1747,#1759,.T.);
#1761=ORIENTED_EDGE('',*,*,#1760,.F.);
#1762=CARTESIAN_POINT('',(-23.527471197,27.91163302,46.755286844));
#1763=VERTEX_POINT('',#1762);
#1764=CARTESIAN_POINT('',(-23.527471197,27.91163302,46.755286844));
#1765=DIRECTION('',(1.,0.,-0.));
#1766=VECTOR('',#1765,1.45);
#1767=LINE('',#1764,#1766);
#1768=EDGE_CURVE('',#1763,#1755,#1767,.T.);
#1769=ORIENTED_EDGE('',*,*,#1768,.F.);
#1770=CARTESIAN_POINT('',(-23.527471197,26.71163302,46.755286844));
#1771=VERTEX_POINT('',#1770);
#1772=CARTESIAN_POINT('',(-23.527471197,26.71163302,46.755286844));
#1773=DIRECTION('',(0.,1.,0.));
#1774=VECTOR('',#1773,1.2);
#1775=LINE('',#1772,#1774);
#1776=EDGE_CURVE('',#1771,#1763,#1775,.T.);
#1777=ORIENTED_EDGE('',*,*,#1776,.F.);
#1778=CARTESIAN_POINT('',(-22.077471197,26.71163302,46.755286844));
#1779=VERTEX_POINT('',#1778);
#1780=CARTESIAN_POINT('',(-22.077471197,26.71163302,46.755286844));
#1781=DIRECTION('',(-1.,-0.,0.));
#1782=VECTOR('',#1781,1.45);
#1783=LINE('',#1780,#1782);
#1784=EDGE_CURVE('',#1779,#1771,#1783,.T.);
#1785=ORIENTED_EDGE('',*,*,#1784,.F.);
#1786=CARTESIAN_POINT('',(-22.077471197,25.31163302,46.755286844));
#1787=VERTEX_POINT('',#1786);
#1788=CARTESIAN_POINT('',(-22.077471197,25.31163302,46.755286844));
#1789=DIRECTION('',(0.,1.,0.));
#1790=VECTOR('',#1789,1.4);
#1791=LINE('',#1788,#1790);
#1792=EDGE_CURVE('',#1787,#1779,#1791,.T.);
#1793=ORIENTED_EDGE('',*,*,#1792,.F.);
#1794=CARTESIAN_POINT('',(-20.977471197,25.31163302,46.755286844));
#1795=VERTEX_POINT('',#1794);
#1796=CARTESIAN_POINT('',(-20.977471197,25.31163302,46.755286844));
#1797=DIRECTION('',(-1.,-0.,0.));
#1798=VECTOR('',#1797,1.1);
#1799=LINE('',#1796,#1798);
#1800=EDGE_CURVE('',#1795,#1787,#1799,.T.);
#1801=ORIENTED_EDGE('',*,*,#1800,.F.);
#1802=CARTESIAN_POINT('',(-20.977471197,26.71163302,46.755286844));
#1803=VERTEX_POINT('',#1802);
#1804=CARTESIAN_POINT('',(-20.977471197,26.71163302,46.755286844));
#1805=DIRECTION('',(-0.,-1.,-0.));
#1806=VECTOR('',#1805,1.4);
#1807=LINE('',#1804,#1806);
#1808=EDGE_CURVE('',#1803,#1795,#1807,.T.);
#1809=ORIENTED_EDGE('',*,*,#1808,.F.);
#1810=CARTESIAN_POINT('',(-19.527471197,26.71163302,46.755286844));
#1811=VERTEX_POINT('',#1810);
#1812=CARTESIAN_POINT('',(-19.527471197,26.71163302,46.755286844));
#1813=DIRECTION('',(-1.,-0.,0.));
#1814=VECTOR('',#1813,1.45);
#1815=LINE('',#1812,#1814);
#1816=EDGE_CURVE('',#1811,#1803,#1815,.T.);
#1817=ORIENTED_EDGE('',*,*,#1816,.F.);
#1818=CARTESIAN_POINT('',(-19.527471197,27.91163302,46.755286844));
#1819=VERTEX_POINT('',#1818);
#1820=CARTESIAN_POINT('',(-19.527471197,27.91163302,46.755286844));
#1821=DIRECTION('',(-0.,-1.,-0.));
#1822=VECTOR('',#1821,1.2);
#1823=LINE('',#1820,#1822);
#1824=EDGE_CURVE('',#1819,#1811,#1823,.T.);
#1825=ORIENTED_EDGE('',*,*,#1824,.F.);
#1826=CARTESIAN_POINT('',(-20.977471197,27.91163302,46.755286844));
#1827=DIRECTION('',(1.,0.,-0.));
#1828=VECTOR('',#1827,1.45);
#1829=LINE('',#1826,#1828);
#1830=EDGE_CURVE('',#1739,#1819,#1829,.T.);
#1831=ORIENTED_EDGE('',*,*,#1830,.F.);
#1832=EDGE_LOOP('',(#1745,#1753,#1761,#1769,#1777,#1785,#1793,#1801,#1809,#1817,#1825,#1831));
#1833=FACE_BOUND('',#1832,.T.);
#1834=ADVANCED_FACE('',(#1735,#1833),#1731,.F.);
#1835=CARTESIAN_POINT('',(-20.977471197,29.31163302,46.755286844));
#1836=DIRECTION('',(-1.,0.,0.));
#1837=DIRECTION('',(0.,-1.,0.));
#1838=AXIS2_PLACEMENT_3D('',#1835,#1836,#1837);
#1839=PLANE('',#1838);
#1840=CARTESIAN_POINT('',(-20.977471197,29.31163302,52.070015182));
#1841=VERTEX_POINT('',#1840);
#1842=CARTESIAN_POINT('',(-20.977471197,27.91163302,52.070015182));
#1843=VERTEX_POINT('',#1842);
#1844=CARTESIAN_POINT('',(-20.977471197,29.31163302,52.070015182));
#1845=DIRECTION('',(0.,-1.,0.));
#1846=VECTOR('',#1845,1.4);
#1847=LINE('',#1844,#1846);
#1848=EDGE_CURVE('',#1841,#1843,#1847,.T.);
#1849=ORIENTED_EDGE('',*,*,#1848,.F.);
#1850=CARTESIAN_POINT('',(-20.977471197,29.31163302,46.755286844));
#1851=DIRECTION('',(0.,0.,1.));
#1852=VECTOR('',#1851,5.314728338);
#1853=LINE('',#1850,#1852);
#1854=EDGE_CURVE('',#1737,#1841,#1853,.T.);
#1855=ORIENTED_EDGE('',*,*,#1854,.F.);
#1856=ORIENTED_EDGE('',*,*,#1744,.T.);
#1857=CARTESIAN_POINT('',(-20.977471197,27.91163302,46.755286844));
#1858=DIRECTION('',(0.,0.,1.));
#1859=VECTOR('',#1858,5.314728338);
#1860=LINE('',#1857,#1859);
#1861=EDGE_CURVE('',#1739,#1843,#1860,.T.);
#1862=ORIENTED_EDGE('',*,*,#1861,.T.);
#1863=EDGE_LOOP('',(#1849,#1855,#1856,#1862));
#1864=FACE_BOUND('',#1863,.T.);
#1865=ADVANCED_FACE('',(#1864),#1839,.T.);
#1866=CARTESIAN_POINT('',(-20.977471197,27.91163302,46.755286844));
#1867=DIRECTION('',(0.,-1.,0.));
#1868=DIRECTION('',(1.,0.,0.));
#1869=AXIS2_PLACEMENT_3D('',#1866,#1867,#1868);
#1870=PLANE('',#1869);
#1871=CARTESIAN_POINT('',(-19.527471197,27.91163302,52.070015182));
#1872=VERTEX_POINT('',#1871);
#1873=CARTESIAN_POINT('',(-20.977471197,27.91163302,52.070015182));
#1874=DIRECTION('',(1.,0.,0.));
#1875=VECTOR('',#1874,1.45);
#1876=LINE('',#1873,#1875);
#1877=EDGE_CURVE('',#1843,#1872,#1876,.T.);
#1878=ORIENTED_EDGE('',*,*,#1877,.F.);
#1879=ORIENTED_EDGE('',*,*,#1861,.F.);
#1880=ORIENTED_EDGE('',*,*,#1830,.T.);
#1881=CARTESIAN_POINT('',(-19.527471197,27.91163302,46.755286844));
#1882=DIRECTION('',(0.,0.,1.));
#1883=VECTOR('',#1882,5.314728338);
#1884=LINE('',#1881,#1883);
#1885=EDGE_CURVE('',#1819,#1872,#1884,.T.);
#1886=ORIENTED_EDGE('',*,*,#1885,.T.);
#1887=EDGE_LOOP('',(#1878,#1879,#1880,#1886));
#1888=FACE_BOUND('',#1887,.T.);
#1889=ADVANCED_FACE('',(#1888),#1870,.T.);
#1890=CARTESIAN_POINT('',(-19.527471197,27.91163302,46.755286844));
#1891=DIRECTION('',(-1.,0.,0.));
#1892=DIRECTION('',(0.,-1.,0.));
#1893=AXIS2_PLACEMENT_3D('',#1890,#1891,#1892);
#1894=PLANE('',#1893);
#1895=CARTESIAN_POINT('',(-19.527471197,26.71163302,52.070015182));
#1896=VERTEX_POINT('',#1895);
#1897=CARTESIAN_POINT('',(-19.527471197,27.91163302,52.070015182));
#1898=DIRECTION('',(0.,-1.,0.));
#1899=VECTOR('',#1898,1.2);
#1900=LINE('',#1897,#1899);
#1901=EDGE_CURVE('',#1872,#1896,#1900,.T.);
#1902=ORIENTED_EDGE('',*,*,#1901,.F.);
#1903=ORIENTED_EDGE('',*,*,#1885,.F.);
#1904=ORIENTED_EDGE('',*,*,#1824,.T.);
#1905=CARTESIAN_POINT('',(-19.527471197,26.71163302,46.755286844));
#1906=DIRECTION('',(0.,0.,1.));
#1907=VECTOR('',#1906,5.314728338);
#1908=LINE('',#1905,#1907);
#1909=EDGE_CURVE('',#1811,#1896,#1908,.T.);
#1910=ORIENTED_EDGE('',*,*,#1909,.T.);
#1911=EDGE_LOOP('',(#1902,#1903,#1904,#1910));
#1912=FACE_BOUND('',#1911,.T.);
#1913=ADVANCED_FACE('',(#1912),#1894,.T.);
#1914=CARTESIAN_POINT('',(-19.527471197,26.71163302,46.755286844));
#1915=DIRECTION('',(0.,1.,0.));
#1916=DIRECTION('',(-1.,0.,0.));
#1917=AXIS2_PLACEMENT_3D('',#1914,#1915,#1916);
#1918=PLANE('',#1917);
#1919=CARTESIAN_POINT('',(-20.977471197,26.71163302,52.070015182));
#1920=VERTEX_POINT('',#1919);
#1921=CARTESIAN_POINT('',(-19.527471197,26.71163302,52.070015182));
#1922=DIRECTION('',(-1.,0.,0.));
#1923=VECTOR('',#1922,1.45);
#1924=LINE('',#1921,#1923);
#1925=EDGE_CURVE('',#1896,#1920,#1924,.T.);
#1926=ORIENTED_EDGE('',*,*,#1925,.F.);
#1927=ORIENTED_EDGE('',*,*,#1909,.F.);
#1928=ORIENTED_EDGE('',*,*,#1816,.T.);
#1929=CARTESIAN_POINT('',(-20.977471197,26.71163302,46.755286844));
#1930=DIRECTION('',(0.,-0.,1.));
#1931=VECTOR('',#1930,5.314728338);
#1932=LINE('',#1929,#1931);
#1933=EDGE_CURVE('',#1803,#1920,#1932,.T.);
#1934=ORIENTED_EDGE('',*,*,#1933,.T.);
#1935=EDGE_LOOP('',(#1926,#1927,#1928,#1934));
#1936=FACE_BOUND('',#1935,.T.);
#1937=ADVANCED_FACE('',(#1936),#1918,.T.);
#1938=CARTESIAN_POINT('',(-20.977471197,26.71163302,46.755286844));
#1939=DIRECTION('',(-1.,0.,0.));
#1940=DIRECTION('',(0.,-1.,0.));
#1941=AXIS2_PLACEMENT_3D('',#1938,#1939,#1940);
#1942=PLANE('',#1941);
#1943=CARTESIAN_POINT('',(-20.977471197,25.31163302,52.070015182));
#1944=VERTEX_POINT('',#1943);
#1945=CARTESIAN_POINT('',(-20.977471197,26.71163302,52.070015182));
#1946=DIRECTION('',(0.,-1.,0.));
#1947=VECTOR('',#1946,1.4);
#1948=LINE('',#1945,#1947);
#1949=EDGE_CURVE('',#1920,#1944,#1948,.T.);
#1950=ORIENTED_EDGE('',*,*,#1949,.F.);
#1951=ORIENTED_EDGE('',*,*,#1933,.F.);
#1952=ORIENTED_EDGE('',*,*,#1808,.T.);
#1953=CARTESIAN_POINT('',(-20.977471197,25.31163302,46.755286844));
#1954=DIRECTION('',(0.,0.,1.));
#1955=VECTOR('',#1954,5.314728338);
#1956=LINE('',#1953,#1955);
#1957=EDGE_CURVE('',#1795,#1944,#1956,.T.);
#1958=ORIENTED_EDGE('',*,*,#1957,.T.);
#1959=EDGE_LOOP('',(#1950,#1951,#1952,#1958));
#1960=FACE_BOUND('',#1959,.T.);
#1961=ADVANCED_FACE('',(#1960),#1942,.T.);
#1962=CARTESIAN_POINT('',(-22.077471197,29.31163302,46.755286844));
#1963=DIRECTION('',(0.,-1.,0.));
#1964=DIRECTION('',(1.,0.,0.));
#1965=AXIS2_PLACEMENT_3D('',#1962,#1963,#1964);
#1966=PLANE('',#1965);
#1967=CARTESIAN_POINT('',(-22.077471197,29.31163302,52.070015182));
#1968=VERTEX_POINT('',#1967);
#1969=CARTESIAN_POINT('',(-22.077471197,29.31163302,52.070015182));
#1970=DIRECTION('',(1.,0.,0.));
#1971=VECTOR('',#1970,1.1);
#1972=LINE('',#1969,#1971);
#1973=EDGE_CURVE('',#1968,#1841,#1972,.T.);
#1974=ORIENTED_EDGE('',*,*,#1973,.F.);
#1975=CARTESIAN_POINT('',(-22.077471197,29.31163302,46.755286844));
#1976=DIRECTION('',(0.,0.,1.));
#1977=VECTOR('',#1976,5.314728338);
#1978=LINE('',#1975,#1977);
#1979=EDGE_CURVE('',#1747,#1968,#1978,.T.);
#1980=ORIENTED_EDGE('',*,*,#1979,.F.);
#1981=ORIENTED_EDGE('',*,*,#1752,.T.);
#1982=ORIENTED_EDGE('',*,*,#1854,.T.);
#1983=EDGE_LOOP('',(#1974,#1980,#1981,#1982));
#1984=FACE_BOUND('',#1983,.T.);
#1985=ADVANCED_FACE('',(#1984),#1966,.T.);
#1986=CARTESIAN_POINT('',(-20.977471197,25.31163302,46.755286844));
#1987=DIRECTION('',(0.,1.,0.));
#1988=DIRECTION('',(-1.,0.,0.));
#1989=AXIS2_PLACEMENT_3D('',#1986,#1987,#1988);
#1990=PLANE('',#1989);
#1991=CARTESIAN_POINT('',(-22.077471197,25.31163302,52.070015182));
#1992=VERTEX_POINT('',#1991);
#1993=CARTESIAN_POINT('',(-20.977471197,25.31163302,52.070015182));
#1994=DIRECTION('',(-1.,0.,0.));
#1995=VECTOR('',#1994,1.1);
#1996=LINE('',#1993,#1995);
#1997=EDGE_CURVE('',#1944,#1992,#1996,.T.);
#1998=ORIENTED_EDGE('',*,*,#1997,.F.);
#1999=ORIENTED_EDGE('',*,*,#1957,.F.);
#2000=ORIENTED_EDGE('',*,*,#1800,.T.);
#2001=CARTESIAN_POINT('',(-22.077471197,25.31163302,46.755286844));
#2002=DIRECTION('',(0.,-0.,1.));
#2003=VECTOR('',#2002,5.314728338);
#2004=LINE('',#2001,#2003);
#2005=EDGE_CURVE('',#1787,#1992,#2004,.T.);
#2006=ORIENTED_EDGE('',*,*,#2005,.T.);
#2007=EDGE_LOOP('',(#1998,#1999,#2000,#2006));
#2008=FACE_BOUND('',#2007,.T.);
#2009=ADVANCED_FACE('',(#2008),#1990,.T.);
#2010=CARTESIAN_POINT('',(-22.077471197,25.31163302,46.755286844));
#2011=DIRECTION('',(1.,0.,0.));
#2012=DIRECTION('',(0.,1.,0.));
#2013=AXIS2_PLACEMENT_3D('',#2010,#2011,#2012);
#2014=PLANE('',#2013);
#2015=CARTESIAN_POINT('',(-22.077471197,26.71163302,52.070015182));
#2016=VERTEX_POINT('',#2015);
#2017=CARTESIAN_POINT('',(-22.077471197,25.31163302,52.070015182));
#2018=DIRECTION('',(-0.,1.,0.));
#2019=VECTOR('',#2018,1.4);
#2020=LINE('',#2017,#2019);
#2021=EDGE_CURVE('',#1992,#2016,#2020,.T.);
#2022=ORIENTED_EDGE('',*,*,#2021,.F.);
#2023=ORIENTED_EDGE('',*,*,#2005,.F.);
#2024=ORIENTED_EDGE('',*,*,#1792,.T.);
#2025=CARTESIAN_POINT('',(-22.077471197,26.71163302,46.755286844));
#2026=DIRECTION('',(0.,0.,1.));
#2027=VECTOR('',#2026,5.314728338);
#2028=LINE('',#2025,#2027);
#2029=EDGE_CURVE('',#1779,#2016,#2028,.T.);
#2030=ORIENTED_EDGE('',*,*,#2029,.T.);
#2031=EDGE_LOOP('',(#2022,#2023,#2024,#2030));
#2032=FACE_BOUND('',#2031,.T.);
#2033=ADVANCED_FACE('',(#2032),#2014,.T.);
#2034=CARTESIAN_POINT('',(-22.077471197,26.71163302,46.755286844));
#2035=DIRECTION('',(0.,1.,0.));
#2036=DIRECTION('',(-1.,0.,0.));
#2037=AXIS2_PLACEMENT_3D('',#2034,#2035,#2036);
#2038=PLANE('',#2037);
#2039=CARTESIAN_POINT('',(-23.527471197,26.71163302,52.070015182));
#2040=VERTEX_POINT('',#2039);
#2041=CARTESIAN_POINT('',(-22.077471197,26.71163302,52.070015182));
#2042=DIRECTION('',(-1.,0.,0.));
#2043=VECTOR('',#2042,1.45);
#2044=LINE('',#2041,#2043);
#2045=EDGE_CURVE('',#2016,#2040,#2044,.T.);
#2046=ORIENTED_EDGE('',*,*,#2045,.F.);
#2047=ORIENTED_EDGE('',*,*,#2029,.F.);
#2048=ORIENTED_EDGE('',*,*,#1784,.T.);
#2049=CARTESIAN_POINT('',(-23.527471197,26.71163302,46.755286844));
#2050=DIRECTION('',(0.,-0.,1.));
#2051=VECTOR('',#2050,5.314728338);
#2052=LINE('',#2049,#2051);
#2053=EDGE_CURVE('',#1771,#2040,#2052,.T.);
#2054=ORIENTED_EDGE('',*,*,#2053,.T.);
#2055=EDGE_LOOP('',(#2046,#2047,#2048,#2054));
#2056=FACE_BOUND('',#2055,.T.);
#2057=ADVANCED_FACE('',(#2056),#2038,.T.);
#2058=CARTESIAN_POINT('',(-23.527471197,26.71163302,46.755286844));
#2059=DIRECTION('',(1.,0.,0.));
#2060=DIRECTION('',(0.,1.,0.));
#2061=AXIS2_PLACEMENT_3D('',#2058,#2059,#2060);
#2062=PLANE('',#2061);
#2063=CARTESIAN_POINT('',(-23.527471197,27.91163302,52.070015182));
#2064=VERTEX_POINT('',#2063);
#2065=CARTESIAN_POINT('',(-23.527471197,26.71163302,52.070015182));
#2066=DIRECTION('',(-0.,1.,0.));
#2067=VECTOR('',#2066,1.2);
#2068=LINE('',#2065,#2067);
#2069=EDGE_CURVE('',#2040,#2064,#2068,.T.);
#2070=ORIENTED_EDGE('',*,*,#2069,.F.);
#2071=ORIENTED_EDGE('',*,*,#2053,.F.);
#2072=ORIENTED_EDGE('',*,*,#1776,.T.);
#2073=CARTESIAN_POINT('',(-23.527471197,27.91163302,46.755286844));
#2074=DIRECTION('',(0.,0.,1.));
#2075=VECTOR('',#2074,5.314728338);
#2076=LINE('',#2073,#2075);
#2077=EDGE_CURVE('',#1763,#2064,#2076,.T.);
#2078=ORIENTED_EDGE('',*,*,#2077,.T.);
#2079=EDGE_LOOP('',(#2070,#2071,#2072,#2078));
#2080=FACE_BOUND('',#2079,.T.);
#2081=ADVANCED_FACE('',(#2080),#2062,.T.);
#2082=CARTESIAN_POINT('',(-23.527471197,27.91163302,46.755286844));
#2083=DIRECTION('',(0.,-1.,0.));
#2084=DIRECTION('',(1.,0.,0.));
#2085=AXIS2_PLACEMENT_3D('',#2082,#2083,#2084);
#2086=PLANE('',#2085);
#2087=CARTESIAN_POINT('',(-22.077471197,27.91163302,52.070015182));
#2088=VERTEX_POINT('',#2087);
#2089=CARTESIAN_POINT('',(-23.527471197,27.91163302,52.070015182));
#2090=DIRECTION('',(1.,0.,0.));
#2091=VECTOR('',#2090,1.45);
#2092=LINE('',#2089,#2091);
#2093=EDGE_CURVE('',#2064,#2088,#2092,.T.);
#2094=ORIENTED_EDGE('',*,*,#2093,.F.);
#2095=ORIENTED_EDGE('',*,*,#2077,.F.);
#2096=ORIENTED_EDGE('',*,*,#1768,.T.);
#2097=CARTESIAN_POINT('',(-22.077471197,27.91163302,46.755286844));
#2098=DIRECTION('',(0.,0.,1.));
#2099=VECTOR('',#2098,5.314728338);
#2100=LINE('',#2097,#2099);
#2101=EDGE_CURVE('',#1755,#2088,#2100,.T.);
#2102=ORIENTED_EDGE('',*,*,#2101,.T.);
#2103=EDGE_LOOP('',(#2094,#2095,#2096,#2102));
#2104=FACE_BOUND('',#2103,.T.);
#2105=ADVANCED_FACE('',(#2104),#2086,.T.);
#2106=CARTESIAN_POINT('',(-22.077471197,27.91163302,46.755286844));
#2107=DIRECTION('',(1.,0.,0.));
#2108=DIRECTION('',(0.,1.,0.));
#2109=AXIS2_PLACEMENT_3D('',#2106,#2107,#2108);
#2110=PLANE('',#2109);
#2111=CARTESIAN_POINT('',(-22.077471197,27.91163302,52.070015182));
#2112=DIRECTION('',(-0.,1.,0.));
#2113=VECTOR('',#2112,1.4);
#2114=LINE('',#2111,#2113);
#2115=EDGE_CURVE('',#2088,#1968,#2114,.T.);
#2116=ORIENTED_EDGE('',*,*,#2115,.F.);
#2117=ORIENTED_EDGE('',*,*,#2101,.F.);
#2118=ORIENTED_EDGE('',*,*,#1760,.T.);
#2119=ORIENTED_EDGE('',*,*,#1979,.T.);
#2120=EDGE_LOOP('',(#2116,#2117,#2118,#2119));
#2121=FACE_BOUND('',#2120,.T.);
#2122=ADVANCED_FACE('',(#2121),#2110,.T.);
#2123=CARTESIAN_POINT('',(-21.527471197,27.31163302,52.070015182));
#2124=DIRECTION('',(0.,0.,-1.));
#2125=DIRECTION('',(-1.,0.,0.));
#2126=AXIS2_PLACEMENT_3D('',#2123,#2124,#2125);
#2127=PLANE('',#2126);
#2128=ORIENTED_EDGE('',*,*,#1973,.T.);
#2129=ORIENTED_EDGE('',*,*,#1848,.T.);
#2130=ORIENTED_EDGE('',*,*,#1877,.T.);
#2131=ORIENTED_EDGE('',*,*,#1901,.T.);
#2132=ORIENTED_EDGE('',*,*,#1925,.T.);
#2133=ORIENTED_EDGE('',*,*,#1949,.T.);
#2134=ORIENTED_EDGE('',*,*,#1997,.T.);
#2135=ORIENTED_EDGE('',*,*,#2021,.T.);
#2136=ORIENTED_EDGE('',*,*,#2045,.T.);
#2137=ORIENTED_EDGE('',*,*,#2069,.T.);
#2138=ORIENTED_EDGE('',*,*,#2093,.T.);
#2139=ORIENTED_EDGE('',*,*,#2115,.T.);
#2140=EDGE_LOOP('',(#2128,#2129,#2130,#2131,#2132,#2133,#2134,#2135,#2136,#2137,#2138,#2139));
#2141=FACE_BOUND('',#2140,.T.);
#2142=ADVANCED_FACE('',(#2141),#2127,.T.);
#2143=CARTESIAN_POINT('',(-21.527471197,27.31163302,52.070015182));
#2144=DIRECTION('',(0.,0.,-1.));
#2145=DIRECTION('',(-1.,0.,0.));
#2146=AXIS2_PLACEMENT_3D('',#2143,#2144,#2145);
#2147=PLANE('',#2146);
#2148=ORIENTED_EDGE('',*,*,#1715,.T.);
#2149=ORIENTED_EDGE('',*,*,#1722,.T.);
#2150=EDGE_LOOP('',(#2148,#2149));
#2151=FACE_BOUND('',#2150,.T.);
#2152=CARTESIAN_POINT('',(-12.603262131,36.235842087,52.070015182));
#2153=VERTEX_POINT('',#2152);
#2154=CARTESIAN_POINT('',(-12.603262131,18.387423953,52.070015182));
#2155=VERTEX_POINT('',#2154);
#2156=CARTESIAN_POINT('',(-12.603262131,36.235842087,52.070015182));
#2157=DIRECTION('',(-0.,-1.,-0.));
#2158=VECTOR('',#2157,17.848418134);
#2159=LINE('',#2156,#2158);
#2160=EDGE_CURVE('',#2153,#2155,#2159,.T.);
#2161=ORIENTED_EDGE('',*,*,#2160,.T.);
#2162=CARTESIAN_POINT('',(-30.451680264,18.387423953,52.070015182));
#2163=VERTEX_POINT('',#2162);
#2164=CARTESIAN_POINT('',(-12.603262131,18.387423953,52.070015182));
#2165=DIRECTION('',(-1.,0.,0.));
#2166=VECTOR('',#2165,17.848418133);
#2167=LINE('',#2164,#2166);
#2168=EDGE_CURVE('',#2155,#2163,#2167,.T.);
#2169=ORIENTED_EDGE('',*,*,#2168,.T.);
#2170=CARTESIAN_POINT('',(-30.451680264,36.235842087,52.070015182));
#2171=VERTEX_POINT('',#2170);
#2172=CARTESIAN_POINT('',(-30.451680264,18.387423953,52.070015182));
#2173=DIRECTION('',(0.,1.,0.));
#2174=VECTOR('',#2173,17.848418134);
#2175=LINE('',#2172,#2174);
#2176=EDGE_CURVE('',#2163,#2171,#2175,.T.);
#2177=ORIENTED_EDGE('',*,*,#2176,.T.);
#2178=CARTESIAN_POINT('',(-30.451680264,36.235842087,52.070015182));
#2179=DIRECTION('',(1.,-0.,-0.));
#2180=VECTOR('',#2179,17.848418133);
#2181=LINE('',#2178,#2180);
#2182=EDGE_CURVE('',#2171,#2153,#2181,.T.);
#2183=ORIENTED_EDGE('',*,*,#2182,.T.);
#2184=EDGE_LOOP('',(#2161,#2169,#2177,#2183));
#2185=FACE_BOUND('',#2184,.T.);
#2186=ADVANCED_FACE('',(#2151,#2185),#2147,.T.);
#2187=CARTESIAN_POINT('',(-9.226130756,39.81163302,53.070015182));
#2188=DIRECTION('',(1.,0.,0.));
#2189=DIRECTION('',(0.,0.,-1.));
#2190=AXIS2_PLACEMENT_3D('',#2187,#2188,#2189);
#2191=PLANE('',#2190);
#2192=CARTESIAN_POINT('',(-9.226130756,36.81163302,46.570015182));
#2193=VERTEX_POINT('',#2192);
#2194=CARTESIAN_POINT('',(-9.226130756,36.81163302,53.070015182));
#2195=VERTEX_POINT('',#2194);
#2196=CARTESIAN_POINT('',(-9.226130756,36.81163302,46.570015182));
#2197=DIRECTION('',(-0.,-0.,1.));
#2198=VECTOR('',#2197,6.5);
#2199=LINE('',#2196,#2198);
#2200=EDGE_CURVE('',#2193,#2195,#2199,.T.);
#2201=ORIENTED_EDGE('',*,*,#2200,.T.);
#2202=CARTESIAN_POINT('',(-9.226130756,17.81163302,53.070015182));
#2203=VERTEX_POINT('',#2202);
#2204=CARTESIAN_POINT('',(-9.226130756,36.81163302,53.070015182));
#2205=DIRECTION('',(0.,-1.,0.));
#2206=VECTOR('',#2205,19.);
#2207=LINE('',#2204,#2206);
#2208=EDGE_CURVE('',#2195,#2203,#2207,.T.);
#2209=ORIENTED_EDGE('',*,*,#2208,.T.);
#2210=CARTESIAN_POINT('',(-9.226130756,17.81163302,46.570015182));
#2211=VERTEX_POINT('',#2210);
#2212=CARTESIAN_POINT('',(-9.226130756,17.81163302,53.070015182));
#2213=DIRECTION('',(0.,0.,-1.));
#2214=VECTOR('',#2213,6.5);
#2215=LINE('',#2212,#2214);
#2216=EDGE_CURVE('',#2203,#2211,#2215,.T.);
#2217=ORIENTED_EDGE('',*,*,#2216,.T.);
#2218=CARTESIAN_POINT('',(-9.226130756,36.81163302,46.570015182));
#2219=DIRECTION('',(0.,-1.,0.));
#2220=VECTOR('',#2219,19.);
#2221=LINE('',#2218,#2220);
#2222=EDGE_CURVE('',#2193,#2211,#2221,.T.);
#2223=ORIENTED_EDGE('',*,*,#2222,.F.);
#2224=EDGE_LOOP('',(#2201,#2209,#2217,#2223));
#2225=FACE_BOUND('',#2224,.T.);
#2226=ADVANCED_FACE('',(#2225),#2191,.T.);
#2227=CARTESIAN_POINT('',(-9.027471197,15.010292579,53.070015182));
#2228=DIRECTION('',(0.,-1.,0.));
#2229=DIRECTION('',(0.,0.,-1.));
#2230=AXIS2_PLACEMENT_3D('',#2227,#2228,#2229);
#2231=PLANE('',#2230);
#2232=CARTESIAN_POINT('',(-12.027471197,15.010292579,46.570015182));
#2233=VERTEX_POINT('',#2232);
#2234=CARTESIAN_POINT('',(-12.027471197,15.010292579,53.070015182));
#2235=VERTEX_POINT('',#2234);
#2236=CARTESIAN_POINT('',(-12.027471197,15.010292579,46.570015182));
#2237=DIRECTION('',(-0.,-0.,1.));
#2238=VECTOR('',#2237,6.5);
#2239=LINE('',#2236,#2238);
#2240=EDGE_CURVE('',#2233,#2235,#2239,.T.);
#2241=ORIENTED_EDGE('',*,*,#2240,.T.);
#2242=CARTESIAN_POINT('',(-31.027471197,15.010292579,53.070015182));
#2243=VERTEX_POINT('',#2242);
#2244=CARTESIAN_POINT('',(-12.027471197,15.010292579,53.070015182));
#2245=DIRECTION('',(-1.,0.,0.));
#2246=VECTOR('',#2245,19.);
#2247=LINE('',#2244,#2246);
#2248=EDGE_CURVE('',#2235,#2243,#2247,.T.);
#2249=ORIENTED_EDGE('',*,*,#2248,.T.);
#2250=CARTESIAN_POINT('',(-31.027471197,15.010292579,46.570015182));
#2251=VERTEX_POINT('',#2250);
#2252=CARTESIAN_POINT('',(-31.027471197,15.010292579,53.070015182));
#2253=DIRECTION('',(0.,0.,-1.));
#2254=VECTOR('',#2253,6.5);
#2255=LINE('',#2252,#2254);
#2256=EDGE_CURVE('',#2243,#2251,#2255,.T.);
#2257=ORIENTED_EDGE('',*,*,#2256,.T.);
#2258=CARTESIAN_POINT('',(-12.027471197,15.010292579,46.570015182));
#2259=DIRECTION('',(-1.,0.,0.));
#2260=VECTOR('',#2259,19.);
#2261=LINE('',#2258,#2260);
#2262=EDGE_CURVE('',#2233,#2251,#2261,.T.);
#2263=ORIENTED_EDGE('',*,*,#2262,.F.);
#2264=EDGE_LOOP('',(#2241,#2249,#2257,#2263));
#2265=FACE_BOUND('',#2264,.T.);
#2266=ADVANCED_FACE('',(#2265),#2231,.T.);
#2267=CARTESIAN_POINT('',(-33.828811638,14.81163302,53.070015182));
#2268=DIRECTION('',(-1.,0.,0.));
#2269=DIRECTION('',(0.,0.,1.));
#2270=AXIS2_PLACEMENT_3D('',#2267,#2268,#2269);
#2271=PLANE('',#2270);
#2272=CARTESIAN_POINT('',(-33.828811638,17.81163302,46.570015182));
#2273=VERTEX_POINT('',#2272);
#2274=CARTESIAN_POINT('',(-33.828811638,17.81163302,53.070015182));
#2275=VERTEX_POINT('',#2274);
#2276=CARTESIAN_POINT('',(-33.828811638,17.81163302,46.570015182));
#2277=DIRECTION('',(-0.,-0.,1.));
#2278=VECTOR('',#2277,6.5);
#2279=LINE('',#2276,#2278);
#2280=EDGE_CURVE('',#2273,#2275,#2279,.T.);
#2281=ORIENTED_EDGE('',*,*,#2280,.T.);
#2282=CARTESIAN_POINT('',(-33.828811638,36.81163302,53.070015182));
#2283=VERTEX_POINT('',#2282);
#2284=CARTESIAN_POINT('',(-33.828811638,17.81163302,53.070015182));
#2285=DIRECTION('',(0.,1.,0.));
#2286=VECTOR('',#2285,19.);
#2287=LINE('',#2284,#2286);
#2288=EDGE_CURVE('',#2275,#2283,#2287,.T.);
#2289=ORIENTED_EDGE('',*,*,#2288,.T.);
#2290=CARTESIAN_POINT('',(-33.828811638,36.81163302,46.570015182));
#2291=VERTEX_POINT('',#2290);
#2292=CARTESIAN_POINT('',(-33.828811638,36.81163302,53.070015182));
#2293=DIRECTION('',(0.,0.,-1.));
#2294=VECTOR('',#2293,6.5);
#2295=LINE('',#2292,#2294);
#2296=EDGE_CURVE('',#2283,#2291,#2295,.T.);
#2297=ORIENTED_EDGE('',*,*,#2296,.T.);
#2298=CARTESIAN_POINT('',(-33.828811638,17.81163302,46.570015182));
#2299=DIRECTION('',(0.,1.,0.));
#2300=VECTOR('',#2299,19.);
#2301=LINE('',#2298,#2300);
#2302=EDGE_CURVE('',#2273,#2291,#2301,.T.);
#2303=ORIENTED_EDGE('',*,*,#2302,.F.);
#2304=EDGE_LOOP('',(#2281,#2289,#2297,#2303));
#2305=FACE_BOUND('',#2304,.T.);
#2306=ADVANCED_FACE('',(#2305),#2271,.T.);
#2307=CARTESIAN_POINT('',(-34.027471197,39.612973461,53.070015182));
#2308=DIRECTION('',(0.,1.,0.));
#2309=DIRECTION('',(0.,0.,1.));
#2310=AXIS2_PLACEMENT_3D('',#2307,#2308,#2309);
#2311=PLANE('',#2310);
#2312=CARTESIAN_POINT('',(-31.027471197,39.612973461,46.570015182));
#2313=VERTEX_POINT('',#2312);
#2314=CARTESIAN_POINT('',(-31.027471197,39.612973461,53.070015182));
#2315=VERTEX_POINT('',#2314);
#2316=CARTESIAN_POINT('',(-31.027471197,39.612973461,46.570015182));
#2317=DIRECTION('',(-0.,-0.,1.));
#2318=VECTOR('',#2317,6.5);
#2319=LINE('',#2316,#2318);
#2320=EDGE_CURVE('',#2313,#2315,#2319,.T.);
#2321=ORIENTED_EDGE('',*,*,#2320,.T.);
#2322=CARTESIAN_POINT('',(-12.027471197,39.612973461,53.070015182));
#2323=VERTEX_POINT('',#2322);
#2324=CARTESIAN_POINT('',(-31.027471197,39.612973461,53.070015182));
#2325=DIRECTION('',(1.,0.,-0.));
#2326=VECTOR('',#2325,19.);
#2327=LINE('',#2324,#2326);
#2328=EDGE_CURVE('',#2315,#2323,#2327,.T.);
#2329=ORIENTED_EDGE('',*,*,#2328,.T.);
#2330=CARTESIAN_POINT('',(-12.027471197,39.612973461,46.570015182));
#2331=VERTEX_POINT('',#2330);
#2332=CARTESIAN_POINT('',(-12.027471197,39.612973461,53.070015182));
#2333=DIRECTION('',(0.,0.,-1.));
#2334=VECTOR('',#2333,6.5);
#2335=LINE('',#2332,#2334);
#2336=EDGE_CURVE('',#2323,#2331,#2335,.T.);
#2337=ORIENTED_EDGE('',*,*,#2336,.T.);
#2338=CARTESIAN_POINT('',(-31.027471197,39.612973461,46.570015182));
#2339=DIRECTION('',(1.,0.,-0.));
#2340=VECTOR('',#2339,19.);
#2341=LINE('',#2338,#2340);
#2342=EDGE_CURVE('',#2313,#2331,#2341,.T.);
#2343=ORIENTED_EDGE('',*,*,#2342,.F.);
#2344=EDGE_LOOP('',(#2321,#2329,#2337,#2343));
#2345=FACE_BOUND('',#2344,.T.);
#2346=ADVANCED_FACE('',(#2345),#2311,.T.);
#2347=CARTESIAN_POINT('',(-21.527471197,27.31163302,54.070015182));
#2348=DIRECTION('',(0.,0.,-1.));
#2349=DIRECTION('',(-1.,0.,0.));
#2350=AXIS2_PLACEMENT_3D('',#2347,#2348,#2349);
#2351=PLANE('',#2350);
#2352=CARTESIAN_POINT('',(-13.019539137,27.31163302,54.070015182));
#2353=VERTEX_POINT('',#2352);
#2354=CARTESIAN_POINT('',(-21.527471197,27.31163302,54.070015182));
#2355=DIRECTION('',(0.,0.,1.));
#2356=DIRECTION('',(1.,0.,-0.));
#2357=AXIS2_PLACEMENT_3D('',#2354,#2355,#2356);
#2358=CIRCLE('',#2357,8.50793206);
#2359=EDGE_CURVE('',#2353,#2353,#2358,.T.);
#2360=ORIENTED_EDGE('',*,*,#2359,.F.);
#2361=EDGE_LOOP('',(#2360));
#2362=FACE_BOUND('',#2361,.T.);
#2363=CARTESIAN_POINT('',(-31.027471197,38.612973461,54.070015182));
#2364=VERTEX_POINT('',#2363);
#2365=CARTESIAN_POINT('',(-32.828811638,36.81163302,54.070015182));
#2366=VERTEX_POINT('',#2365);
#2367=CARTESIAN_POINT('',(-31.027471197,36.81163302,54.070015182));
#2368=DIRECTION('',(-0.,-0.,1.));
#2369=DIRECTION('',(-1.,0.,0.));
#2370=AXIS2_PLACEMENT_3D('',#2367,#2368,#2369);
#2371=CIRCLE('',#2370,1.801340441);
#2372=EDGE_CURVE('',#2364,#2366,#2371,.T.);
#2373=ORIENTED_EDGE('',*,*,#2372,.T.);
#2374=CARTESIAN_POINT('',(-32.828811638,17.81163302,54.070015182));
#2375=VERTEX_POINT('',#2374);
#2376=CARTESIAN_POINT('',(-32.828811638,36.81163302,54.070015182));
#2377=DIRECTION('',(-0.,-1.,-0.));
#2378=VECTOR('',#2377,19.);
#2379=LINE('',#2376,#2378);
#2380=EDGE_CURVE('',#2366,#2375,#2379,.T.);
#2381=ORIENTED_EDGE('',*,*,#2380,.T.);
#2382=CARTESIAN_POINT('',(-31.027471197,16.010292579,54.070015182));
#2383=VERTEX_POINT('',#2382);
#2384=CARTESIAN_POINT('',(-31.027471197,17.81163302,54.070015182));
#2385=DIRECTION('',(-0.,-0.,1.));
#2386=DIRECTION('',(-1.,0.,0.));
#2387=AXIS2_PLACEMENT_3D('',#2384,#2385,#2386);
#2388=CIRCLE('',#2387,1.801340441);
#2389=EDGE_CURVE('',#2375,#2383,#2388,.T.);
#2390=ORIENTED_EDGE('',*,*,#2389,.T.);
#2391=CARTESIAN_POINT('',(-12.027471197,16.010292579,54.070015182));
#2392=VERTEX_POINT('',#2391);
#2393=CARTESIAN_POINT('',(-31.027471197,16.010292579,54.070015182));
#2394=DIRECTION('',(1.,-0.,-0.));
#2395=VECTOR('',#2394,19.);
#2396=LINE('',#2393,#2395);
#2397=EDGE_CURVE('',#2383,#2392,#2396,.T.);
#2398=ORIENTED_EDGE('',*,*,#2397,.T.);
#2399=CARTESIAN_POINT('',(-10.226130756,17.81163302,54.070015182));
#2400=VERTEX_POINT('',#2399);
#2401=CARTESIAN_POINT('',(-12.027471197,17.81163302,54.070015182));
#2402=DIRECTION('',(-0.,-0.,1.));
#2403=DIRECTION('',(-1.,0.,0.));
#2404=AXIS2_PLACEMENT_3D('',#2401,#2402,#2403);
#2405=CIRCLE('',#2404,1.801340441);
#2406=EDGE_CURVE('',#2392,#2400,#2405,.T.);
#2407=ORIENTED_EDGE('',*,*,#2406,.T.);
#2408=CARTESIAN_POINT('',(-10.226130756,36.81163302,54.070015182));
#2409=VERTEX_POINT('',#2408);
#2410=CARTESIAN_POINT('',(-10.226130756,17.81163302,54.070015182));
#2411=DIRECTION('',(-0.,1.,-0.));
#2412=VECTOR('',#2411,19.);
#2413=LINE('',#2410,#2412);
#2414=EDGE_CURVE('',#2400,#2409,#2413,.T.);
#2415=ORIENTED_EDGE('',*,*,#2414,.T.);
#2416=CARTESIAN_POINT('',(-12.027471197,38.612973461,54.070015182));
#2417=VERTEX_POINT('',#2416);
#2418=CARTESIAN_POINT('',(-12.027471197,36.81163302,54.070015182));
#2419=DIRECTION('',(-0.,-0.,1.));
#2420=DIRECTION('',(-1.,0.,0.));
#2421=AXIS2_PLACEMENT_3D('',#2418,#2419,#2420);
#2422=CIRCLE('',#2421,1.801340441);
#2423=EDGE_CURVE('',#2409,#2417,#2422,.T.);
#2424=ORIENTED_EDGE('',*,*,#2423,.T.);
#2425=CARTESIAN_POINT('',(-12.027471197,38.612973461,54.070015182));
#2426=DIRECTION('',(-1.,-0.,0.));
#2427=VECTOR('',#2426,19.);
#2428=LINE('',#2425,#2427);
#2429=EDGE_CURVE('',#2417,#2364,#2428,.T.);
#2430=ORIENTED_EDGE('',*,*,#2429,.T.);
#2431=EDGE_LOOP('',(#2373,#2381,#2390,#2398,#2407,#2415,#2424,#2430));
#2432=FACE_BOUND('',#2431,.T.);
#2433=ADVANCED_FACE('',(#2362,#2432),#2351,.F.);
#2434=CARTESIAN_POINT('',(-34.027471197,36.235842087,46.570015182));
#2435=DIRECTION('',(0.,-1.,0.));
#2436=DIRECTION('',(0.,0.,-1.));
#2437=AXIS2_PLACEMENT_3D('',#2434,#2435,#2436);
#2438=PLANE('',#2437);
#2439=CARTESIAN_POINT('',(-30.451680264,36.235842087,46.570015182));
#2440=VERTEX_POINT('',#2439);
#2441=CARTESIAN_POINT('',(-12.603262131,36.235842087,46.570015182));
#2442=VERTEX_POINT('',#2441);
#2443=CARTESIAN_POINT('',(-30.451680264,36.235842087,46.570015182));
#2444=DIRECTION('',(1.,0.,0.));
#2445=VECTOR('',#2444,17.848418133);
#2446=LINE('',#2443,#2445);
#2447=EDGE_CURVE('',#2440,#2442,#2446,.T.);
#2448=ORIENTED_EDGE('',*,*,#2447,.T.);
#2449=CARTESIAN_POINT('',(-12.603262131,36.235842087,52.070015182));
#2450=DIRECTION('',(0.,0.,-1.));
#2451=VECTOR('',#2450,5.5);
#2452=LINE('',#2449,#2451);
#2453=EDGE_CURVE('',#2153,#2442,#2452,.T.);
#2454=ORIENTED_EDGE('',*,*,#2453,.F.);
#2455=ORIENTED_EDGE('',*,*,#2182,.F.);
#2456=CARTESIAN_POINT('',(-30.451680264,36.235842087,52.070015182));
#2457=DIRECTION('',(0.,0.,-1.));
#2458=VECTOR('',#2457,5.5);
#2459=LINE('',#2456,#2458);
#2460=EDGE_CURVE('',#2171,#2440,#2459,.T.);
#2461=ORIENTED_EDGE('',*,*,#2460,.T.);
#2462=EDGE_LOOP('',(#2448,#2454,#2455,#2461));
#2463=FACE_BOUND('',#2462,.T.);
#2464=ADVANCED_FACE('',(#2463),#2438,.T.);
#2465=CARTESIAN_POINT('',(-30.451680264,14.81163302,46.570015182));
#2466=DIRECTION('',(1.,0.,0.));
#2467=DIRECTION('',(0.,0.,-1.));
#2468=AXIS2_PLACEMENT_3D('',#2465,#2466,#2467);
#2469=PLANE('',#2468);
#2470=CARTESIAN_POINT('',(-30.451680264,18.387423953,46.570015182));
#2471=VERTEX_POINT('',#2470);
#2472=CARTESIAN_POINT('',(-30.451680264,18.387423953,46.570015182));
#2473=DIRECTION('',(-0.,1.,0.));
#2474=VECTOR('',#2473,17.848418134);
#2475=LINE('',#2472,#2474);
#2476=EDGE_CURVE('',#2471,#2440,#2475,.T.);
#2477=ORIENTED_EDGE('',*,*,#2476,.T.);
#2478=ORIENTED_EDGE('',*,*,#2460,.F.);
#2479=ORIENTED_EDGE('',*,*,#2176,.F.);
#2480=CARTESIAN_POINT('',(-30.451680264,18.387423953,52.070015182));
#2481=DIRECTION('',(0.,0.,-1.));
#2482=VECTOR('',#2481,5.5);
#2483=LINE('',#2480,#2482);
#2484=EDGE_CURVE('',#2163,#2471,#2483,.T.);
#2485=ORIENTED_EDGE('',*,*,#2484,.T.);
#2486=EDGE_LOOP('',(#2477,#2478,#2479,#2485));
#2487=FACE_BOUND('',#2486,.T.);
#2488=ADVANCED_FACE('',(#2487),#2469,.T.);
#2489=CARTESIAN_POINT('',(-9.027471197,18.387423953,46.570015182));
#2490=DIRECTION('',(0.,1.,0.));
#2491=DIRECTION('',(0.,0.,1.));
#2492=AXIS2_PLACEMENT_3D('',#2489,#2490,#2491);
#2493=PLANE('',#2492);
#2494=ORIENTED_EDGE('',*,*,#2168,.F.);
#2495=CARTESIAN_POINT('',(-12.603262131,18.387423953,46.570015182));
#2496=VERTEX_POINT('',#2495);
#2497=CARTESIAN_POINT('',(-12.603262131,18.387423953,52.070015182));
#2498=DIRECTION('',(-0.,0.,-1.));
#2499=VECTOR('',#2498,5.5);
#2500=LINE('',#2497,#2499);
#2501=EDGE_CURVE('',#2155,#2496,#2500,.T.);
#2502=ORIENTED_EDGE('',*,*,#2501,.T.);
#2503=CARTESIAN_POINT('',(-12.603262131,18.387423953,46.570015182));
#2504=DIRECTION('',(-1.,-0.,-0.));
#2505=VECTOR('',#2504,17.848418133);
#2506=LINE('',#2503,#2505);
#2507=EDGE_CURVE('',#2496,#2471,#2506,.T.);
#2508=ORIENTED_EDGE('',*,*,#2507,.T.);
#2509=ORIENTED_EDGE('',*,*,#2484,.F.);
#2510=EDGE_LOOP('',(#2494,#2502,#2508,#2509));
#2511=FACE_BOUND('',#2510,.T.);
#2512=ADVANCED_FACE('',(#2511),#2493,.T.);
#2513=CARTESIAN_POINT('',(-12.603262131,39.81163302,46.570015182));
#2514=DIRECTION('',(-1.,0.,0.));
#2515=DIRECTION('',(0.,0.,1.));
#2516=AXIS2_PLACEMENT_3D('',#2513,#2514,#2515);
#2517=PLANE('',#2516);
#2518=CARTESIAN_POINT('',(-12.603262131,36.235842087,46.570015182));
#2519=DIRECTION('',(-0.,-1.,-0.));
#2520=VECTOR('',#2519,17.848418134);
#2521=LINE('',#2518,#2520);
#2522=EDGE_CURVE('',#2442,#2496,#2521,.T.);
#2523=ORIENTED_EDGE('',*,*,#2522,.T.);
#2524=ORIENTED_EDGE('',*,*,#2501,.F.);
#2525=ORIENTED_EDGE('',*,*,#2160,.F.);
#2526=ORIENTED_EDGE('',*,*,#2453,.T.);
#2527=EDGE_LOOP('',(#2523,#2524,#2525,#2526));
#2528=FACE_BOUND('',#2527,.T.);
#2529=ADVANCED_FACE('',(#2528),#2517,.T.);
#2530=CARTESIAN_POINT('',(-21.527471197,27.31163302,46.570015182));
#2531=DIRECTION('',(0.,0.,-1.));
#2532=DIRECTION('',(-1.,0.,0.));
#2533=AXIS2_PLACEMENT_3D('',#2530,#2531,#2532);
#2534=PLANE('',#2533);
#2535=ORIENTED_EDGE('',*,*,#2447,.F.);
#2536=ORIENTED_EDGE('',*,*,#2476,.F.);
#2537=ORIENTED_EDGE('',*,*,#2507,.F.);
#2538=ORIENTED_EDGE('',*,*,#2522,.F.);
#2539=EDGE_LOOP('',(#2535,#2536,#2537,#2538));
#2540=FACE_BOUND('',#2539,.T.);
#2541=ORIENTED_EDGE('',*,*,#2262,.T.);
#2542=CARTESIAN_POINT('',(-31.027471197,17.81163302,46.570015182));
#2543=DIRECTION('',(0.,0.,-1.));
#2544=DIRECTION('',(-1.,0.,0.));
#2545=AXIS2_PLACEMENT_3D('',#2542,#2543,#2544);
#2546=CIRCLE('',#2545,2.801340441);
#2547=EDGE_CURVE('',#2251,#2273,#2546,.T.);
#2548=ORIENTED_EDGE('',*,*,#2547,.T.);
#2549=ORIENTED_EDGE('',*,*,#2302,.T.);
#2550=CARTESIAN_POINT('',(-31.027471197,36.81163302,46.570015182));
#2551=DIRECTION('',(0.,0.,-1.));
#2552=DIRECTION('',(-1.,0.,0.));
#2553=AXIS2_PLACEMENT_3D('',#2550,#2551,#2552);
#2554=CIRCLE('',#2553,2.801340441);
#2555=EDGE_CURVE('',#2291,#2313,#2554,.T.);
#2556=ORIENTED_EDGE('',*,*,#2555,.T.);
#2557=ORIENTED_EDGE('',*,*,#2342,.T.);
#2558=CARTESIAN_POINT('',(-12.027471197,36.81163302,46.570015182));
#2559=DIRECTION('',(0.,0.,-1.));
#2560=DIRECTION('',(-1.,0.,0.));
#2561=AXIS2_PLACEMENT_3D('',#2558,#2559,#2560);
#2562=CIRCLE('',#2561,2.801340441);
#2563=EDGE_CURVE('',#2331,#2193,#2562,.T.);
#2564=ORIENTED_EDGE('',*,*,#2563,.T.);
#2565=ORIENTED_EDGE('',*,*,#2222,.T.);
#2566=CARTESIAN_POINT('',(-12.027471197,17.81163302,46.570015182));
#2567=DIRECTION('',(0.,0.,-1.));
#2568=DIRECTION('',(-1.,0.,0.));
#2569=AXIS2_PLACEMENT_3D('',#2566,#2567,#2568);
#2570=CIRCLE('',#2569,2.801340441);
#2571=EDGE_CURVE('',#2211,#2233,#2570,.T.);
#2572=ORIENTED_EDGE('',*,*,#2571,.T.);
#2573=EDGE_LOOP('',(#2541,#2548,#2549,#2556,#2557,#2564,#2565,#2572));
#2574=FACE_BOUND('',#2573,.T.);
#2575=ADVANCED_FACE('',(#2540,#2574),#2534,.T.);
#2576=CARTESIAN_POINT('',(-31.027471197,17.81163302,53.070015182));
#2577=DIRECTION('',(0.,0.,-1.));
#2578=DIRECTION('',(-1.,0.,0.));
#2579=AXIS2_PLACEMENT_3D('',#2576,#2577,#2578);
#2580=CYLINDRICAL_SURFACE('',#2579,2.801340441);
#2581=ORIENTED_EDGE('',*,*,#2256,.F.);
#2582=CARTESIAN_POINT('',(-31.027471197,17.81163302,53.070015182));
#2583=DIRECTION('',(0.,0.,-1.));
#2584=DIRECTION('',(-1.,0.,0.));
#2585=AXIS2_PLACEMENT_3D('',#2582,#2583,#2584);
#2586=CIRCLE('',#2585,2.801340441);
#2587=EDGE_CURVE('',#2243,#2275,#2586,.T.);
#2588=ORIENTED_EDGE('',*,*,#2587,.T.);
#2589=ORIENTED_EDGE('',*,*,#2280,.F.);
#2590=ORIENTED_EDGE('',*,*,#2547,.F.);
#2591=EDGE_LOOP('',(#2581,#2588,#2589,#2590));
#2592=FACE_BOUND('',#2591,.T.);
#2593=ADVANCED_FACE('',(#2592),#2580,.T.);
#2594=CARTESIAN_POINT('',(-31.027471197,36.81163302,53.070015182));
#2595=DIRECTION('',(0.,0.,-1.));
#2596=DIRECTION('',(-1.,0.,0.));
#2597=AXIS2_PLACEMENT_3D('',#2594,#2595,#2596);
#2598=CYLINDRICAL_SURFACE('',#2597,2.801340441);
#2599=ORIENTED_EDGE('',*,*,#2296,.F.);
#2600=CARTESIAN_POINT('',(-31.027471197,36.81163302,53.070015182));
#2601=DIRECTION('',(0.,0.,-1.));
#2602=DIRECTION('',(-1.,0.,0.));
#2603=AXIS2_PLACEMENT_3D('',#2600,#2601,#2602);
#2604=CIRCLE('',#2603,2.801340441);
#2605=EDGE_CURVE('',#2283,#2315,#2604,.T.);
#2606=ORIENTED_EDGE('',*,*,#2605,.T.);
#2607=ORIENTED_EDGE('',*,*,#2320,.F.);
#2608=ORIENTED_EDGE('',*,*,#2555,.F.);
#2609=EDGE_LOOP('',(#2599,#2606,#2607,#2608));
#2610=FACE_BOUND('',#2609,.T.);
#2611=ADVANCED_FACE('',(#2610),#2598,.T.);
#2612=CARTESIAN_POINT('',(-12.027471197,36.81163302,53.070015182));
#2613=DIRECTION('',(0.,0.,-1.));
#2614=DIRECTION('',(-1.,0.,0.));
#2615=AXIS2_PLACEMENT_3D('',#2612,#2613,#2614);
#2616=CYLINDRICAL_SURFACE('',#2615,2.801340441);
#2617=ORIENTED_EDGE('',*,*,#2336,.F.);
#2618=CARTESIAN_POINT('',(-12.027471197,36.81163302,53.070015182));
#2619=DIRECTION('',(0.,0.,-1.));
#2620=DIRECTION('',(-1.,0.,0.));
#2621=AXIS2_PLACEMENT_3D('',#2618,#2619,#2620);
#2622=CIRCLE('',#2621,2.801340441);
#2623=EDGE_CURVE('',#2323,#2195,#2622,.T.);
#2624=ORIENTED_EDGE('',*,*,#2623,.T.);
#2625=ORIENTED_EDGE('',*,*,#2200,.F.);
#2626=ORIENTED_EDGE('',*,*,#2563,.F.);
#2627=EDGE_LOOP('',(#2617,#2624,#2625,#2626));
#2628=FACE_BOUND('',#2627,.T.);
#2629=ADVANCED_FACE('',(#2628),#2616,.T.);
#2630=CARTESIAN_POINT('',(-12.027471197,17.81163302,53.070015182));
#2631=DIRECTION('',(0.,0.,-1.));
#2632=DIRECTION('',(-1.,0.,0.));
#2633=AXIS2_PLACEMENT_3D('',#2630,#2631,#2632);
#2634=CYLINDRICAL_SURFACE('',#2633,2.801340441);
#2635=ORIENTED_EDGE('',*,*,#2216,.F.);
#2636=CARTESIAN_POINT('',(-12.027471197,17.81163302,53.070015182));
#2637=DIRECTION('',(0.,0.,-1.));
#2638=DIRECTION('',(-1.,0.,0.));
#2639=AXIS2_PLACEMENT_3D('',#2636,#2637,#2638);
#2640=CIRCLE('',#2639,2.801340441);
#2641=EDGE_CURVE('',#2203,#2235,#2640,.T.);
#2642=ORIENTED_EDGE('',*,*,#2641,.T.);
#2643=ORIENTED_EDGE('',*,*,#2240,.F.);
#2644=ORIENTED_EDGE('',*,*,#2571,.F.);
#2645=EDGE_LOOP('',(#2635,#2642,#2643,#2644));
#2646=FACE_BOUND('',#2645,.T.);
#2647=ADVANCED_FACE('',(#2646),#2634,.T.);
#2648=CARTESIAN_POINT('',(-34.027471197,38.612973461,53.070015182));
#2649=DIRECTION('',(-1.,0.,0.));
#2650=DIRECTION('',(0.,0.,1.));
#2651=AXIS2_PLACEMENT_3D('',#2648,#2649,#2650);
#2652=CYLINDRICAL_SURFACE('',#2651,1.);
#2653=CARTESIAN_POINT('',(-31.027471197,38.612973461,53.070015182));
#2654=DIRECTION('',(-1.,0.,0.));
#2655=DIRECTION('',(0.,0.,1.));
#2656=AXIS2_PLACEMENT_3D('',#2653,#2654,#2655);
#2657=CIRCLE('',#2656,1.);
#2658=EDGE_CURVE('',#2364,#2315,#2657,.T.);
#2659=ORIENTED_EDGE('',*,*,#2658,.F.);
#2660=ORIENTED_EDGE('',*,*,#2429,.F.);
#2661=CARTESIAN_POINT('',(-12.027471197,38.612973461,53.070015182));
#2662=DIRECTION('',(1.,0.,0.));
#2663=DIRECTION('',(0.,0.,-1.));
#2664=AXIS2_PLACEMENT_3D('',#2661,#2662,#2663);
#2665=CIRCLE('',#2664,1.);
#2666=EDGE_CURVE('',#2323,#2417,#2665,.T.);
#2667=ORIENTED_EDGE('',*,*,#2666,.F.);
#2668=ORIENTED_EDGE('',*,*,#2328,.F.);
#2669=EDGE_LOOP('',(#2659,#2660,#2667,#2668));
#2670=FACE_BOUND('',#2669,.T.);
#2671=ADVANCED_FACE('',(#2670),#2652,.T.);
#2672=CARTESIAN_POINT('',(-12.027471197,36.81163302,53.070015182));
#2673=DIRECTION('',(0.,0.,-1.));
#2674=DIRECTION('',(-1.,0.,0.));
#2675=AXIS2_PLACEMENT_3D('',#2672,#2673,#2674);
#2676=TOROIDAL_SURFACE('',#2675,1.801340441,1.);
#2677=ORIENTED_EDGE('',*,*,#2666,.T.);
#2678=ORIENTED_EDGE('',*,*,#2423,.F.);
#2679=CARTESIAN_POINT('',(-10.226130756,36.81163302,53.070015182));
#2680=DIRECTION('',(-0.,-1.,-0.));
#2681=DIRECTION('',(0.,-0.,1.));
#2682=AXIS2_PLACEMENT_3D('',#2679,#2680,#2681);
#2683=CIRCLE('',#2682,1.);
#2684=EDGE_CURVE('',#2195,#2409,#2683,.T.);
#2685=ORIENTED_EDGE('',*,*,#2684,.F.);
#2686=ORIENTED_EDGE('',*,*,#2623,.F.);
#2687=EDGE_LOOP('',(#2677,#2678,#2685,#2686));
#2688=FACE_BOUND('',#2687,.T.);
#2689=ADVANCED_FACE('',(#2688),#2676,.T.);
#2690=CARTESIAN_POINT('',(-31.027471197,36.81163302,53.070015182));
#2691=DIRECTION('',(0.,0.,-1.));
#2692=DIRECTION('',(-1.,0.,0.));
#2693=AXIS2_PLACEMENT_3D('',#2690,#2691,#2692);
#2694=TOROIDAL_SURFACE('',#2693,1.801340441,1.);
#2695=ORIENTED_EDGE('',*,*,#2658,.T.);
#2696=ORIENTED_EDGE('',*,*,#2605,.F.);
#2697=CARTESIAN_POINT('',(-32.828811638,36.81163302,53.070015182));
#2698=DIRECTION('',(-0.,-1.,-0.));
#2699=DIRECTION('',(0.,-0.,1.));
#2700=AXIS2_PLACEMENT_3D('',#2697,#2698,#2699);
#2701=CIRCLE('',#2700,1.);
#2702=EDGE_CURVE('',#2366,#2283,#2701,.T.);
#2703=ORIENTED_EDGE('',*,*,#2702,.F.);
#2704=ORIENTED_EDGE('',*,*,#2372,.F.);
#2705=EDGE_LOOP('',(#2695,#2696,#2703,#2704));
#2706=FACE_BOUND('',#2705,.T.);
#2707=ADVANCED_FACE('',(#2706),#2694,.T.);
#2708=CARTESIAN_POINT('',(-10.226130756,39.81163302,53.070015182));
#2709=DIRECTION('',(0.,1.,0.));
#2710=DIRECTION('',(0.,-0.,1.));
#2711=AXIS2_PLACEMENT_3D('',#2708,#2709,#2710);
#2712=CYLINDRICAL_SURFACE('',#2711,1.);
#2713=ORIENTED_EDGE('',*,*,#2684,.T.);
#2714=ORIENTED_EDGE('',*,*,#2414,.F.);
#2715=CARTESIAN_POINT('',(-10.226130756,17.81163302,53.070015182));
#2716=DIRECTION('',(0.,-1.,0.));
#2717=DIRECTION('',(0.,0.,-1.));
#2718=AXIS2_PLACEMENT_3D('',#2715,#2716,#2717);
#2719=CIRCLE('',#2718,1.);
#2720=EDGE_CURVE('',#2203,#2400,#2719,.T.);
#2721=ORIENTED_EDGE('',*,*,#2720,.F.);
#2722=ORIENTED_EDGE('',*,*,#2208,.F.);
#2723=EDGE_LOOP('',(#2713,#2714,#2721,#2722));
#2724=FACE_BOUND('',#2723,.T.);
#2725=ADVANCED_FACE('',(#2724),#2712,.T.);
#2726=CARTESIAN_POINT('',(-32.828811638,14.81163302,53.070015182));
#2727=DIRECTION('',(0.,-1.,0.));
#2728=DIRECTION('',(0.,0.,-1.));
#2729=AXIS2_PLACEMENT_3D('',#2726,#2727,#2728);
#2730=CYLINDRICAL_SURFACE('',#2729,1.);
#2731=ORIENTED_EDGE('',*,*,#2702,.T.);
#2732=ORIENTED_EDGE('',*,*,#2288,.F.);
#2733=CARTESIAN_POINT('',(-32.828811638,17.81163302,53.070015182));
#2734=DIRECTION('',(0.,-1.,0.));
#2735=DIRECTION('',(0.,0.,-1.));
#2736=AXIS2_PLACEMENT_3D('',#2733,#2734,#2735);
#2737=CIRCLE('',#2736,1.);
#2738=EDGE_CURVE('',#2375,#2275,#2737,.T.);
#2739=ORIENTED_EDGE('',*,*,#2738,.F.);
#2740=ORIENTED_EDGE('',*,*,#2380,.F.);
#2741=EDGE_LOOP('',(#2731,#2732,#2739,#2740));
#2742=FACE_BOUND('',#2741,.T.);
#2743=ADVANCED_FACE('',(#2742),#2730,.T.);
#2744=CARTESIAN_POINT('',(-12.027471197,17.81163302,53.070015182));
#2745=DIRECTION('',(0.,0.,-1.));
#2746=DIRECTION('',(-1.,0.,0.));
#2747=AXIS2_PLACEMENT_3D('',#2744,#2745,#2746);
#2748=TOROIDAL_SURFACE('',#2747,1.801340441,1.);
#2749=ORIENTED_EDGE('',*,*,#2720,.T.);
#2750=ORIENTED_EDGE('',*,*,#2406,.F.);
#2751=CARTESIAN_POINT('',(-12.027471197,16.010292579,53.070015182));
#2752=DIRECTION('',(-1.,-0.,-0.));
#2753=DIRECTION('',(0.,0.,-1.));
#2754=AXIS2_PLACEMENT_3D('',#2751,#2752,#2753);
#2755=CIRCLE('',#2754,1.);
#2756=EDGE_CURVE('',#2235,#2392,#2755,.T.);
#2757=ORIENTED_EDGE('',*,*,#2756,.F.);
#2758=ORIENTED_EDGE('',*,*,#2641,.F.);
#2759=EDGE_LOOP('',(#2749,#2750,#2757,#2758));
#2760=FACE_BOUND('',#2759,.T.);
#2761=ADVANCED_FACE('',(#2760),#2748,.T.);
#2762=CARTESIAN_POINT('',(-31.027471197,17.81163302,53.070015182));
#2763=DIRECTION('',(0.,0.,-1.));
#2764=DIRECTION('',(-1.,0.,0.));
#2765=AXIS2_PLACEMENT_3D('',#2762,#2763,#2764);
#2766=TOROIDAL_SURFACE('',#2765,1.801340441,1.);
#2767=ORIENTED_EDGE('',*,*,#2738,.T.);
#2768=ORIENTED_EDGE('',*,*,#2587,.F.);
#2769=CARTESIAN_POINT('',(-31.027471197,16.010292579,53.070015182));
#2770=DIRECTION('',(1.,-0.,-0.));
#2771=DIRECTION('',(0.,0.,1.));
#2772=AXIS2_PLACEMENT_3D('',#2769,#2770,#2771);
#2773=CIRCLE('',#2772,1.);
#2774=EDGE_CURVE('',#2383,#2243,#2773,.T.);
#2775=ORIENTED_EDGE('',*,*,#2774,.F.);
#2776=ORIENTED_EDGE('',*,*,#2389,.F.);
#2777=EDGE_LOOP('',(#2767,#2768,#2775,#2776));
#2778=FACE_BOUND('',#2777,.T.);
#2779=ADVANCED_FACE('',(#2778),#2766,.T.);
#2780=CARTESIAN_POINT('',(-9.027471197,16.010292579,53.070015182));
#2781=DIRECTION('',(1.,0.,0.));
#2782=DIRECTION('',(0.,0.,-1.));
#2783=AXIS2_PLACEMENT_3D('',#2780,#2781,#2782);
#2784=CYLINDRICAL_SURFACE('',#2783,1.);
#2785=ORIENTED_EDGE('',*,*,#2756,.T.);
#2786=ORIENTED_EDGE('',*,*,#2397,.F.);
#2787=ORIENTED_EDGE('',*,*,#2774,.T.);
#2788=ORIENTED_EDGE('',*,*,#2248,.F.);
#2789=EDGE_LOOP('',(#2785,#2786,#2787,#2788));
#2790=FACE_BOUND('',#2789,.T.);
#2791=ADVANCED_FACE('',(#2790),#2784,.T.);
#2792=CARTESIAN_POINT('',(-21.527471197,27.31163302,53.570015182));
#2793=DIRECTION('',(0.,0.,1.));
#2794=DIRECTION('',(1.,0.,-0.));
#2795=AXIS2_PLACEMENT_3D('',#2792,#2793,#2794);
#2796=CYLINDRICAL_SURFACE('',#2795,6.50793206);
#2797=CARTESIAN_POINT('',(-15.019539137,27.31163302,54.070015182));
#2798=VERTEX_POINT('',#2797);
#2799=CARTESIAN_POINT('',(-15.019539137,27.31163302,53.570015182));
#2800=VERTEX_POINT('',#2799);
#2801=CARTESIAN_POINT('',(-15.019539137,27.31163302,54.070015182));
#2802=DIRECTION('',(-0.,-0.,-1.));
#2803=VECTOR('',#2802,0.5);
#2804=LINE('',#2801,#2803);
#2805=EDGE_CURVE('',#2798,#2800,#2804,.T.);
#2806=ORIENTED_EDGE('',*,*,#2805,.T.);
#2807=CARTESIAN_POINT('',(-21.527471197,27.31163302,53.570015182));
#2808=DIRECTION('',(0.,0.,1.));
#2809=DIRECTION('',(1.,0.,-0.));
#2810=AXIS2_PLACEMENT_3D('',#2807,#2808,#2809);
#2811=CIRCLE('',#2810,6.50793206);
#2812=EDGE_CURVE('',#2800,#2800,#2811,.T.);
#2813=ORIENTED_EDGE('',*,*,#2812,.T.);
#2814=ORIENTED_EDGE('',*,*,#2805,.F.);
#2815=CARTESIAN_POINT('',(-21.527471197,27.31163302,54.070015182));
#2816=DIRECTION('',(0.,0.,1.));
#2817=DIRECTION('',(1.,0.,-0.));
#2818=AXIS2_PLACEMENT_3D('',#2815,#2816,#2817);
#2819=CIRCLE('',#2818,6.50793206);
#2820=EDGE_CURVE('',#2798,#2798,#2819,.T.);
#2821=ORIENTED_EDGE('',*,*,#2820,.F.);
#2822=EDGE_LOOP('',(#2806,#2813,#2814,#2821));
#2823=FACE_BOUND('',#2822,.T.);
#2824=ADVANCED_FACE('',(#2823),#2796,.T.);
#2825=CARTESIAN_POINT('',(-21.527471197,27.31163302,53.570015182));
#2826=DIRECTION('',(0.,0.,1.));
#2827=DIRECTION('',(1.,0.,-0.));
#2828=AXIS2_PLACEMENT_3D('',#2825,#2826,#2827);
#2829=CYLINDRICAL_SURFACE('',#2828,8.50793206);
#2830=CARTESIAN_POINT('',(-13.019539137,27.31163302,53.570015182));
#2831=VERTEX_POINT('',#2830);
#2832=CARTESIAN_POINT('',(-13.019539137,27.31163302,54.070015182));
#2833=DIRECTION('',(-0.,-0.,-1.));
#2834=VECTOR('',#2833,0.5);
#2835=LINE('',#2832,#2834);
#2836=EDGE_CURVE('',#2353,#2831,#2835,.T.);
#2837=ORIENTED_EDGE('',*,*,#2836,.F.);
#2838=ORIENTED_EDGE('',*,*,#2359,.T.);
#2839=ORIENTED_EDGE('',*,*,#2836,.T.);
#2840=CARTESIAN_POINT('',(-21.527471197,27.31163302,53.570015182));
#2841=DIRECTION('',(0.,0.,1.));
#2842=DIRECTION('',(1.,0.,-0.));
#2843=AXIS2_PLACEMENT_3D('',#2840,#2841,#2842);
#2844=CIRCLE('',#2843,8.50793206);
#2845=EDGE_CURVE('',#2831,#2831,#2844,.T.);
#2846=ORIENTED_EDGE('',*,*,#2845,.F.);
#2847=EDGE_LOOP('',(#2837,#2838,#2839,#2846));
#2848=FACE_BOUND('',#2847,.T.);
#2849=ADVANCED_FACE('',(#2848),#2829,.F.);
#2850=CARTESIAN_POINT('',(-21.527471197,27.31163302,53.570015182));
#2851=DIRECTION('',(0.,0.,1.));
#2852=DIRECTION('',(1.,0.,0.));
#2853=AXIS2_PLACEMENT_3D('',#2850,#2851,#2852);
#2854=PLANE('',#2853);
#2855=ORIENTED_EDGE('',*,*,#2812,.F.);
#2856=EDGE_LOOP('',(#2855));
#2857=FACE_BOUND('',#2856,.T.);
#2858=ORIENTED_EDGE('',*,*,#2845,.T.);
#2859=EDGE_LOOP('',(#2858));
#2860=FACE_BOUND('',#2859,.T.);
#2861=ADVANCED_FACE('',(#2857,#2860),#2854,.T.);
#2862=CARTESIAN_POINT('',(-21.527471197,27.31163302,54.070015182));
#2863=DIRECTION('',(0.,0.,-1.));
#2864=DIRECTION('',(-1.,0.,0.));
#2865=AXIS2_PLACEMENT_3D('',#2862,#2863,#2864);
#2866=PLANE('',#2865);
#2867=ORIENTED_EDGE('',*,*,#2820,.T.);
#2868=EDGE_LOOP('',(#2867));
#2869=FACE_BOUND('',#2868,.T.);
#2870=ADVANCED_FACE('',(#2869),#2866,.F.);
#2871=CLOSED_SHELL('',(#1726,#1834,#1865,#1889,#1913,#1937,#1961,#1985,#2009,#2033,#2057,#2081,#2105,#2122,#2142,#2186,#2226,#2266,#2306,#2346,#2433,#2464,#2488,#2512,#2529,#2575,
#2593,#2611,#2629,#2647,#2671,#2689,#2707,#2725,#2743,#2761,#2779,#2791,#2824,#2849,#2861,#2870));
#2872=MANIFOLD_SOLID_BREP('Solid 827',#2871);
#1675=STYLED_ITEM('',(#1674),#2872);
#135=SHAPE_REPRESENTATION('1x1 R1 v23:1',(#134),#129);
#136=ADVANCED_BREP_SHAPE_REPRESENTATION('1x1 R1 v23:1',(#1667,#2872),#129);
#2880=SHAPE_REPRESENTATION_RELATIONSHIP('','',#135,#136);
#2881=APPLICATION_CONTEXT('configuration controlled 3D design of mechanical parts and assemblies');
#2882=APPLICATION_PROTOCOL_DEFINITION('international standard','configuration_control_3d_design_ed2_mim',2004,#2881);
#2883=PRODUCT_CONTEXT('',#2881,'mechanical');
#2884=PRODUCT_DEFINITION_CONTEXT('part definition',#2881,'design');
#143=PRODUCT('0','0','',(#2883));
#2885=PRODUCT_RELATED_PRODUCT_CATEGORY('part','',(#143));
#2886=PRODUCT_DEFINITION_FORMATION_WITH_SPECIFIED_SOURCE('','',#143,.NOT_KNOWN.);
#144=PRODUCT_DEFINITION('design','',#2886,#2884);
#142=PRODUCT_DEFINITION_SHAPE('','',#144);
#2887=SHAPE_DEFINITION_REPRESENTATION(#142,#135);
#130=DRAUGHTING_MODEL('',(),#129);
#103=SHAPE_REPRESENTATION('1x1:1',(#102,#148),#97);
#111=PRODUCT('0','0','',(#2883));
#2888=PRODUCT_RELATED_PRODUCT_CATEGORY('part','',(#111));
#2889=PRODUCT_DEFINITION_FORMATION_WITH_SPECIFIED_SOURCE('','',#111,.NOT_KNOWN.);
#112=PRODUCT_DEFINITION('design','',#2889,#2884);
#110=PRODUCT_DEFINITION_SHAPE('','',#112);
#2890=SHAPE_DEFINITION_REPRESENTATION(#110,#103);
#98=DRAUGHTING_MODEL('',(),#97);
#71=SHAPE_REPRESENTATION('Cherry MX keycaps.step',(#70,#116),#65);
#79=PRODUCT('0','0','',(#2883));
#2891=PRODUCT_RELATED_PRODUCT_CATEGORY('part','',(#79));
#2892=PRODUCT_DEFINITION_FORMATION_WITH_SPECIFIED_SOURCE('','',#79,.NOT_KNOWN.);
#80=PRODUCT_DEFINITION('design','',#2892,#2884);
#78=PRODUCT_DEFINITION_SHAPE('','',#80);
#2893=SHAPE_DEFINITION_REPRESENTATION(#78,#71);
#66=DRAUGHTING_MODEL('',(),#65);
#39=SHAPE_REPRESENTATION('KEYCAPS.stp',(#38,#84),#33);
#47=PRODUCT('0','0','',(#2883));
#2894=PRODUCT_RELATED_PRODUCT_CATEGORY('part','',(#47));
#2895=PRODUCT_DEFINITION_FORMATION_WITH_SPECIFIED_SOURCE('','',#47,.NOT_KNOWN.);
#48=PRODUCT_DEFINITION('design','',#2895,#2884);
#46=PRODUCT_DEFINITION_SHAPE('','',#48);
#2896=SHAPE_DEFINITION_REPRESENTATION(#46,#39);
#34=DRAUGHTING_MODEL('',(),#33);
#16=SHAPE_REPRESENTATION('root',(#15,#52),#10);
#24=PRODUCT('root','root','',(#2883));
#2897=PRODUCT_RELATED_PRODUCT_CATEGORY('part','',(#24));
#2898=PRODUCT_DEFINITION_FORMATION_WITH_SPECIFIED_SOURCE('','',#24,.NOT_KNOWN.);
#25=PRODUCT_DEFINITION('design','',#2898,#2884);
#23=PRODUCT_DEFINITION_SHAPE('','',#25);
#2899=SHAPE_DEFINITION_REPRESENTATION(#23,#16);
#11=DRAUGHTING_MODEL('',(),#10);
#1=MECHANICAL_DESIGN_GEOMETRIC_PRESENTATION_REPRESENTATION('',(#154,#1675),#10);
ENDSEC;
END-ISO-10303-21;
