ISO-10303-21;
HEADER;

/* File generated by HOOPS Exchange Version 24.2.0 */

FILE_DESCRIPTION(('HOOPS Exchange Step'),'2;1');

FILE_NAME('D:\\downloads\\captioncast\\captioncast\\enclosure\\exports\\v1\\CASE_BASE.stp',
'2026-06-22T22:50:25+05:30',
('sushi'),
('Unknown organisation'),
'HOOPS Exchange 2024.2',
'HOOPS Exchange',
'Unknown authorisation');

FILE_SCHEMA( ('AP203_CONFIGURATION_CONTROLLED_3D_DESIGN_OF_MECHANICAL_PARTS_AND_ASSEMBLIES_MIM_LF') );

ENDSEC;

DATA;
#3=(NAMED_UNIT(*)PLANE_ANGLE_UNIT()SI_UNIT($,.RADIAN.));
#4=PLANE_ANGLE_MEASURE_WITH_UNIT(PLANE_ANGLE_MEASURE(0.0174532925),#3);
#5=(CONVERSION_BASED_UNIT('DEGREE',#4)NAMED_UNIT(#6)PLANE_ANGLE_UNIT());
#6=DIMENSIONAL_EXPONENTS(0.,0.,0.,0.,0.,0.,0.);
#7=(NAMED_UNIT(*)SI_UNIT($,.STERADIAN.)SOLID_ANGLE_UNIT());
#8=(LENGTH_UNIT()NAMED_UNIT(*)SI_UNIT(.MILLI.,.METRE.));
#9=UNCERTAINTY_MEASURE_WITH_UNIT(LENGTH_MEASURE(1.000000E-05),#8,'DISTANCE_ACCURACY_VALUE','Maximum Tolerance applied to model');
#10=(GEOMETRIC_REPRESENTATION_CONTEXT(3)GLOBAL_UNCERTAINTY_ASSIGNED_CONTEXT((#9))GLOBAL_UNIT_ASSIGNED_CONTEXT((#8,#5,#7))REPRESENTATION_CONTEXT('','root'));
#12=CARTESIAN_POINT('',(0.,0.,0.));
#13=DIRECTION('',(0.,0.,1.));
#14=DIRECTION('',(1.,0.,0.));
#15=AXIS2_PLACEMENT_3D('',#12,#13,#14);
#27=CARTESIAN_POINT('',(-44.291178492,43.34248006,6.340146241));
#28=DIRECTION('',(1.,-0.,-0.));
#29=DIRECTION('',(0.,0.,-1.));
#30=AXIS2_PLACEMENT_3D('',#27,#28,#29);
#31=PLANE('',#30);
#32=CARTESIAN_POINT('',(-44.291178492,35.349985028,12.221441755));
#33=VERTEX_POINT('',#32);
#34=CARTESIAN_POINT('',(-44.291178492,35.349985028,19.421441755));
#35=VERTEX_POINT('',#34);
#36=CARTESIAN_POINT('',(-44.291178492,35.349985028,12.221441755));
#37=DIRECTION('',(-0.,-0.,1.));
#38=VECTOR('',#37,7.2);
#39=LINE('',#36,#38);
#40=EDGE_CURVE('',#33,#35,#39,.T.);
#41=ORIENTED_EDGE('',*,*,#40,.T.);
#42=CARTESIAN_POINT('',(-44.291178492,42.007032187,19.421441755));
#43=VERTEX_POINT('',#42);
#44=CARTESIAN_POINT('',(-44.291178492,42.007032187,19.421441755));
#45=DIRECTION('',(-0.,-1.,-0.));
#46=VECTOR('',#45,6.657047159);
#47=LINE('',#44,#46);
#48=EDGE_CURVE('',#43,#35,#47,.T.);
#49=ORIENTED_EDGE('',*,*,#48,.F.);
#50=CARTESIAN_POINT('',(-44.291178492,42.007032187,12.221441755));
#51=VERTEX_POINT('',#50);
#52=CARTESIAN_POINT('',(-44.291178492,42.007032187,19.421441755));
#53=DIRECTION('',(0.,0.,-1.));
#54=VECTOR('',#53,7.2);
#55=LINE('',#52,#54);
#56=EDGE_CURVE('',#43,#51,#55,.T.);
#57=ORIENTED_EDGE('',*,*,#56,.T.);
#58=CARTESIAN_POINT('',(-44.291178492,35.349985028,12.221441755));
#59=DIRECTION('',(0.,1.,0.));
#60=VECTOR('',#59,6.657047159);
#61=LINE('',#58,#60);
#62=EDGE_CURVE('',#33,#51,#61,.T.);
#63=ORIENTED_EDGE('',*,*,#62,.F.);
#64=EDGE_LOOP('',(#41,#49,#57,#63));
#65=FACE_BOUND('',#64,.T.);
#66=CARTESIAN_POINT('',(-44.291178492,35.349985028,27.258500248));
#67=VERTEX_POINT('',#66);
#68=CARTESIAN_POINT('',(-44.291178492,35.349985028,34.458500248));
#69=VERTEX_POINT('',#68);
#70=CARTESIAN_POINT('',(-44.291178492,35.349985028,27.258500248));
#71=DIRECTION('',(-0.,-0.,1.));
#72=VECTOR('',#71,7.2);
#73=LINE('',#70,#72);
#74=EDGE_CURVE('',#67,#69,#73,.T.);
#75=ORIENTED_EDGE('',*,*,#74,.T.);
#76=CARTESIAN_POINT('',(-44.291178492,42.007032187,34.458500248));
#77=VERTEX_POINT('',#76);
#78=CARTESIAN_POINT('',(-44.291178492,42.007032187,34.458500248));
#79=DIRECTION('',(-0.,-1.,-0.));
#80=VECTOR('',#79,6.657047159);
#81=LINE('',#78,#80);
#82=EDGE_CURVE('',#77,#69,#81,.T.);
#83=ORIENTED_EDGE('',*,*,#82,.F.);
#84=CARTESIAN_POINT('',(-44.291178492,42.007032187,27.258500248));
#85=VERTEX_POINT('',#84);
#86=CARTESIAN_POINT('',(-44.291178492,42.007032187,34.458500248));
#87=DIRECTION('',(0.,0.,-1.));
#88=VECTOR('',#87,7.2);
#89=LINE('',#86,#88);
#90=EDGE_CURVE('',#77,#85,#89,.T.);
#91=ORIENTED_EDGE('',*,*,#90,.T.);
#92=CARTESIAN_POINT('',(-44.291178492,35.349985028,27.258500248));
#93=DIRECTION('',(0.,1.,0.));
#94=VECTOR('',#93,6.657047159);
#95=LINE('',#92,#94);
#96=EDGE_CURVE('',#67,#85,#95,.T.);
#97=ORIENTED_EDGE('',*,*,#96,.F.);
#98=EDGE_LOOP('',(#75,#83,#91,#97));
#99=FACE_BOUND('',#98,.T.);
#100=CARTESIAN_POINT('',(-44.291178492,13.020788305,27.258500248));
#101=VERTEX_POINT('',#100);
#102=CARTESIAN_POINT('',(-44.291178492,13.020788305,34.458500248));
#103=VERTEX_POINT('',#102);
#104=CARTESIAN_POINT('',(-44.291178492,13.020788305,27.258500248));
#105=DIRECTION('',(-0.,-0.,1.));
#106=VECTOR('',#105,7.2);
#107=LINE('',#104,#106);
#108=EDGE_CURVE('',#101,#103,#107,.T.);
#109=ORIENTED_EDGE('',*,*,#108,.F.);
#110=CARTESIAN_POINT('',(-44.291178492,6.165755163,27.258500248));
#111=VERTEX_POINT('',#110);
#112=CARTESIAN_POINT('',(-44.291178492,13.020788305,27.258500248));
#113=DIRECTION('',(0.,-1.,0.));
#114=VECTOR('',#113,6.855033143);
#115=LINE('',#112,#114);
#116=EDGE_CURVE('',#101,#111,#115,.T.);
#117=ORIENTED_EDGE('',*,*,#116,.T.);
#118=CARTESIAN_POINT('',(-44.291178492,6.165755163,34.458500248));
#119=VERTEX_POINT('',#118);
#120=CARTESIAN_POINT('',(-44.291178492,6.165755163,34.458500248));
#121=DIRECTION('',(-0.,0.,-1.));
#122=VECTOR('',#121,7.2);
#123=LINE('',#120,#122);
#124=EDGE_CURVE('',#119,#111,#123,.T.);
#125=ORIENTED_EDGE('',*,*,#124,.F.);
#126=CARTESIAN_POINT('',(-44.291178492,6.165755163,34.458500248));
#127=DIRECTION('',(0.,1.,0.));
#128=VECTOR('',#127,6.855033143);
#129=LINE('',#126,#128);
#130=EDGE_CURVE('',#119,#103,#129,.T.);
#131=ORIENTED_EDGE('',*,*,#130,.T.);
#132=EDGE_LOOP('',(#109,#117,#125,#131));
#133=FACE_BOUND('',#132,.T.);
#134=CARTESIAN_POINT('',(-44.291178492,13.020788305,12.221441755));
#135=VERTEX_POINT('',#134);
#136=CARTESIAN_POINT('',(-44.291178492,13.020788305,19.421441755));
#137=VERTEX_POINT('',#136);
#138=CARTESIAN_POINT('',(-44.291178492,13.020788305,12.221441755));
#139=DIRECTION('',(-0.,-0.,1.));
#140=VECTOR('',#139,7.2);
#141=LINE('',#138,#140);
#142=EDGE_CURVE('',#135,#137,#141,.T.);
#143=ORIENTED_EDGE('',*,*,#142,.F.);
#144=CARTESIAN_POINT('',(-44.291178492,6.165755163,12.221441755));
#145=VERTEX_POINT('',#144);
#146=CARTESIAN_POINT('',(-44.291178492,13.020788305,12.221441755));
#147=DIRECTION('',(0.,-1.,0.));
#148=VECTOR('',#147,6.855033143);
#149=LINE('',#146,#148);
#150=EDGE_CURVE('',#135,#145,#149,.T.);
#151=ORIENTED_EDGE('',*,*,#150,.T.);
#152=CARTESIAN_POINT('',(-44.291178492,6.165755163,19.421441755));
#153=VERTEX_POINT('',#152);
#154=CARTESIAN_POINT('',(-44.291178492,6.165755163,19.421441755));
#155=DIRECTION('',(-0.,0.,-1.));
#156=VECTOR('',#155,7.2);
#157=LINE('',#154,#156);
#158=EDGE_CURVE('',#153,#145,#157,.T.);
#159=ORIENTED_EDGE('',*,*,#158,.F.);
#160=CARTESIAN_POINT('',(-44.291178492,6.165755163,19.421441755));
#161=DIRECTION('',(0.,1.,0.));
#162=VECTOR('',#161,6.855033143);
#163=LINE('',#160,#162);
#164=EDGE_CURVE('',#153,#137,#163,.T.);
#165=ORIENTED_EDGE('',*,*,#164,.T.);
#166=EDGE_LOOP('',(#143,#151,#159,#165));
#167=FACE_BOUND('',#166,.T.);
#168=CARTESIAN_POINT('',(-44.291178492,46.045871089,40.210015182));
#169=VERTEX_POINT('',#168);
#170=CARTESIAN_POINT('',(-44.291178492,39.907663433,40.210015182));
#171=VERTEX_POINT('',#170);
#172=CARTESIAN_POINT('',(-44.291178492,46.045871089,40.210015182));
#173=DIRECTION('',(-0.,-1.,-0.));
#174=VECTOR('',#173,6.138207656);
#175=LINE('',#172,#174);
#176=EDGE_CURVE('',#169,#171,#175,.T.);
#177=ORIENTED_EDGE('',*,*,#176,.T.);
#178=CARTESIAN_POINT('',(-44.291178492,39.907663433,36.3707379));
#179=VERTEX_POINT('',#178);
#180=CARTESIAN_POINT('',(-44.291178492,39.907663433,40.210015182));
#181=DIRECTION('',(-0.,-0.,-1.));
#182=VECTOR('',#181,3.839277282);
#183=LINE('',#180,#182);
#184=EDGE_CURVE('',#171,#179,#183,.T.);
#185=ORIENTED_EDGE('',*,*,#184,.T.);
#186=CARTESIAN_POINT('',(-44.291178492,33.715602607,36.3707379));
#187=VERTEX_POINT('',#186);
#188=CARTESIAN_POINT('',(-44.291178492,39.907663433,36.3707379));
#189=DIRECTION('',(-0.,-1.,0.));
#190=VECTOR('',#189,6.192060826);
#191=LINE('',#188,#190);
#192=EDGE_CURVE('',#179,#187,#191,.T.);
#193=ORIENTED_EDGE('',*,*,#192,.T.);
#194=CARTESIAN_POINT('',(-44.291178492,33.715602607,40.210015182));
#195=VERTEX_POINT('',#194);
#196=CARTESIAN_POINT('',(-44.291178492,33.715602607,36.3707379));
#197=DIRECTION('',(0.,0.,1.));
#198=VECTOR('',#197,3.839277282);
#199=LINE('',#196,#198);
#200=EDGE_CURVE('',#187,#195,#199,.T.);
#201=ORIENTED_EDGE('',*,*,#200,.T.);
#202=CARTESIAN_POINT('',(-44.291178492,10.757815988,40.210015182));
#203=VERTEX_POINT('',#202);
#204=CARTESIAN_POINT('',(-44.291178492,33.715602607,40.210015182));
#205=DIRECTION('',(-0.,-1.,-0.));
#206=VECTOR('',#205,22.957786619);
#207=LINE('',#204,#206);
#208=EDGE_CURVE('',#195,#203,#207,.T.);
#209=ORIENTED_EDGE('',*,*,#208,.T.);
#210=CARTESIAN_POINT('',(-44.291178492,10.757815988,39.912968023));
#211=VERTEX_POINT('',#210);
#212=CARTESIAN_POINT('',(-44.291178492,10.757815988,40.210015182));
#213=DIRECTION('',(-0.,-0.,-1.));
#214=VECTOR('',#213,0.297047159);
#215=LINE('',#212,#214);
#216=EDGE_CURVE('',#203,#211,#215,.T.);
#217=ORIENTED_EDGE('',*,*,#216,.T.);
#218=CARTESIAN_POINT('',(-44.291178492,6.165755163,39.912968023));
#219=VERTEX_POINT('',#218);
#220=CARTESIAN_POINT('',(-44.291178492,6.165755163,39.912968023));
#221=DIRECTION('',(0.,1.,-0.));
#222=VECTOR('',#221,4.592060826);
#223=LINE('',#220,#222);
#224=EDGE_CURVE('',#219,#211,#223,.T.);
#225=ORIENTED_EDGE('',*,*,#224,.F.);
#226=CARTESIAN_POINT('',(-44.291178492,6.165755163,40.210015182));
#227=VERTEX_POINT('',#226);
#228=CARTESIAN_POINT('',(-44.291178492,6.165755163,39.912968023));
#229=DIRECTION('',(0.,0.,1.));
#230=VECTOR('',#229,0.297047159);
#231=LINE('',#228,#230);
#232=EDGE_CURVE('',#219,#227,#231,.T.);
#233=ORIENTED_EDGE('',*,*,#232,.T.);
#234=CARTESIAN_POINT('',(-44.291178492,0.300114529,40.210015182));
#235=VERTEX_POINT('',#234);
#236=CARTESIAN_POINT('',(-44.291178492,6.165755163,40.210015182));
#237=DIRECTION('',(-0.,-1.,-0.));
#238=VECTOR('',#237,5.865640633);
#239=LINE('',#236,#238);
#240=EDGE_CURVE('',#227,#235,#239,.T.);
#241=ORIENTED_EDGE('',*,*,#240,.T.);
#242=CARTESIAN_POINT('',(-44.291178492,0.300114529,6.340146241));
#243=VERTEX_POINT('',#242);
#244=CARTESIAN_POINT('',(-44.291178492,0.300114529,40.210015182));
#245=DIRECTION('',(0.,0.,-1.));
#246=VECTOR('',#245,33.869868941);
#247=LINE('',#244,#246);
#248=EDGE_CURVE('',#235,#243,#247,.T.);
#249=ORIENTED_EDGE('',*,*,#248,.T.);
#250=CARTESIAN_POINT('',(-44.291178492,46.045871089,6.340146241));
#251=VERTEX_POINT('',#250);
#252=CARTESIAN_POINT('',(-44.291178492,46.045871089,6.340146241));
#253=DIRECTION('',(-0.,-1.,-0.));
#254=VECTOR('',#253,45.74575656);
#255=LINE('',#252,#254);
#256=EDGE_CURVE('',#251,#243,#255,.T.);
#257=ORIENTED_EDGE('',*,*,#256,.F.);
#258=CARTESIAN_POINT('',(-44.291178492,46.045871089,40.210015182));
#259=DIRECTION('',(0.,0.,-1.));
#260=VECTOR('',#259,33.869868941);
#261=LINE('',#258,#260);
#262=EDGE_CURVE('',#169,#251,#261,.T.);
#263=ORIENTED_EDGE('',*,*,#262,.F.);
#264=EDGE_LOOP('',(#177,#185,#193,#201,#209,#217,#225,#233,#241,#249,#257,#263));
#265=FACE_BOUND('',#264,.T.);
#266=ADVANCED_FACE('',(#65,#99,#133,#167,#265),#31,.T.);
#267=CARTESIAN_POINT('',(-37.931178492,43.34248006,40.210015182));
#268=DIRECTION('',(-0.,-1.,-0.));
#269=DIRECTION('',(-0.,-0.,1.));
#270=AXIS2_PLACEMENT_3D('',#267,#268,#269);
#271=CYLINDRICAL_SURFACE('',#270,6.36);
#272=CARTESIAN_POINT('',(-42.436213747,33.715602607,44.699364505));
#273=VERTEX_POINT('',#272);
#274=CARTESIAN_POINT('',(-42.436213747,39.907663433,44.699364505));
#275=VERTEX_POINT('',#274);
#276=CARTESIAN_POINT('',(-42.436213747,33.715602607,44.699364505));
#277=DIRECTION('',(0.,1.,0.));
#278=VECTOR('',#277,6.192060826);
#279=LINE('',#276,#278);
#280=EDGE_CURVE('',#273,#275,#279,.T.);
#281=ORIENTED_EDGE('',*,*,#280,.T.);
#282=CARTESIAN_POINT('',(-37.931178492,39.907663433,40.210015182));
#283=DIRECTION('',(0.,-1.,0.));
#284=DIRECTION('',(1.,0.,0.));
#285=AXIS2_PLACEMENT_3D('',#282,#283,#284);
#286=CIRCLE('',#285,6.36);
#287=EDGE_CURVE('',#275,#171,#286,.T.);
#288=ORIENTED_EDGE('',*,*,#287,.T.);
#289=ORIENTED_EDGE('',*,*,#176,.F.);
#290=CARTESIAN_POINT('',(-37.931178492,46.045871089,46.570015182));
#291=VERTEX_POINT('',#290);
#292=CARTESIAN_POINT('',(-37.931178492,46.045871089,40.210015182));
#293=DIRECTION('',(-0.,-1.,-0.));
#294=DIRECTION('',(1.,-0.,0.));
#295=AXIS2_PLACEMENT_3D('',#292,#293,#294);
#296=CIRCLE('',#295,6.36);
#297=EDGE_CURVE('',#291,#169,#296,.T.);
#298=ORIENTED_EDGE('',*,*,#297,.F.);
#299=CARTESIAN_POINT('',(-37.931178492,10.757815988,46.570015182));
#300=VERTEX_POINT('',#299);
#301=CARTESIAN_POINT('',(-37.931178492,46.045871089,46.570015182));
#302=DIRECTION('',(-0.,-1.,-0.));
#303=VECTOR('',#302,35.288055101);
#304=LINE('',#301,#303);
#305=EDGE_CURVE('',#291,#300,#304,.T.);
#306=ORIENTED_EDGE('',*,*,#305,.T.);
#307=CARTESIAN_POINT('',(-37.931178492,10.757815988,40.210015182));
#308=DIRECTION('',(0.,-1.,0.));
#309=DIRECTION('',(1.,0.,0.));
#310=AXIS2_PLACEMENT_3D('',#307,#308,#309);
#311=CIRCLE('',#310,6.36);
#312=EDGE_CURVE('',#300,#203,#311,.T.);
#313=ORIENTED_EDGE('',*,*,#312,.T.);
#314=ORIENTED_EDGE('',*,*,#208,.F.);
#315=CARTESIAN_POINT('',(-37.931178492,33.715602607,40.210015182));
#316=DIRECTION('',(-0.,1.,-0.));
#317=DIRECTION('',(-1.,-0.,0.));
#318=AXIS2_PLACEMENT_3D('',#315,#316,#317);
#319=CIRCLE('',#318,6.36);
#320=EDGE_CURVE('',#195,#273,#319,.T.);
#321=ORIENTED_EDGE('',*,*,#320,.T.);
#322=EDGE_LOOP('',(#281,#288,#289,#298,#306,#313,#314,#321));
#323=FACE_BOUND('',#322,.T.);
#324=ADVANCED_FACE('',(#323),#271,.F.);
#325=CARTESIAN_POINT('',(-37.931178492,43.34248006,40.210015182));
#326=DIRECTION('',(-0.,-1.,-0.));
#327=DIRECTION('',(-0.,-0.,1.));
#328=AXIS2_PLACEMENT_3D('',#325,#326,#327);
#329=CYLINDRICAL_SURFACE('',#328,6.36);
#330=ORIENTED_EDGE('',*,*,#240,.F.);
#331=CARTESIAN_POINT('',(-37.931178492,6.165755163,46.570015182));
#332=VERTEX_POINT('',#331);
#333=CARTESIAN_POINT('',(-37.931178492,6.165755163,40.210015182));
#334=DIRECTION('',(-0.,1.,-0.));
#335=DIRECTION('',(-1.,-0.,0.));
#336=AXIS2_PLACEMENT_3D('',#333,#334,#335);
#337=CIRCLE('',#336,6.36);
#338=EDGE_CURVE('',#227,#332,#337,.T.);
#339=ORIENTED_EDGE('',*,*,#338,.T.);
#340=CARTESIAN_POINT('',(-37.931178492,0.300114529,46.570015182));
#341=VERTEX_POINT('',#340);
#342=CARTESIAN_POINT('',(-37.931178492,6.165755163,46.570015182));
#343=DIRECTION('',(-0.,-1.,-0.));
#344=VECTOR('',#343,5.865640633);
#345=LINE('',#342,#344);
#346=EDGE_CURVE('',#332,#341,#345,.T.);
#347=ORIENTED_EDGE('',*,*,#346,.T.);
#348=CARTESIAN_POINT('',(-37.931178492,0.300114529,40.210015182));
#349=DIRECTION('',(-0.,-1.,-0.));
#350=DIRECTION('',(0.,-0.,1.));
#351=AXIS2_PLACEMENT_3D('',#348,#349,#350);
#352=CIRCLE('',#351,6.36);
#353=EDGE_CURVE('',#341,#235,#352,.T.);
#354=ORIENTED_EDGE('',*,*,#353,.T.);
#355=EDGE_LOOP('',(#330,#339,#347,#354));
#356=FACE_BOUND('',#355,.T.);
#357=ADVANCED_FACE('',(#356),#329,.F.);
#358=CARTESIAN_POINT('',(37.931178492,43.34248006,46.570015182));
#359=DIRECTION('',(0.,0.,-1.));
#360=DIRECTION('',(-1.,0.,0.));
#361=AXIS2_PLACEMENT_3D('',#358,#359,#360);
#362=PLANE('',#361);
#363=CARTESIAN_POINT('',(36.111178492,6.165755163,46.570015182));
#364=VERTEX_POINT('',#363);
#365=CARTESIAN_POINT('',(36.111178492,4.950114529,46.570015182));
#366=VERTEX_POINT('',#365);
#367=CARTESIAN_POINT('',(36.111178492,6.165755163,46.570015182));
#368=DIRECTION('',(0.,-1.,-0.));
#369=VECTOR('',#368,1.215640633);
#370=LINE('',#367,#369);
#371=EDGE_CURVE('',#364,#366,#370,.T.);
#372=ORIENTED_EDGE('',*,*,#371,.F.);
#373=CARTESIAN_POINT('',(37.931178492,6.165755163,46.570015182));
#374=VERTEX_POINT('',#373);
#375=CARTESIAN_POINT('',(36.111178492,6.165755163,46.570015182));
#376=DIRECTION('',(1.,-0.,0.));
#377=VECTOR('',#376,1.82);
#378=LINE('',#375,#377);
#379=EDGE_CURVE('',#364,#374,#378,.T.);
#380=ORIENTED_EDGE('',*,*,#379,.T.);
#381=CARTESIAN_POINT('',(37.931178492,0.300114529,46.570015182));
#382=VERTEX_POINT('',#381);
#383=CARTESIAN_POINT('',(37.931178492,6.165755163,46.570015182));
#384=DIRECTION('',(0.,-1.,-0.));
#385=VECTOR('',#384,5.865640633);
#386=LINE('',#383,#385);
#387=EDGE_CURVE('',#374,#382,#386,.T.);
#388=ORIENTED_EDGE('',*,*,#387,.T.);
#389=CARTESIAN_POINT('',(37.931178492,0.300114529,46.570015182));
#390=DIRECTION('',(-1.,0.,-0.));
#391=VECTOR('',#390,75.862356984);
#392=LINE('',#389,#391);
#393=EDGE_CURVE('',#382,#341,#392,.T.);
#394=ORIENTED_EDGE('',*,*,#393,.T.);
#395=ORIENTED_EDGE('',*,*,#346,.F.);
#396=CARTESIAN_POINT('',(-36.111178492,6.165755163,46.570015182));
#397=VERTEX_POINT('',#396);
#398=CARTESIAN_POINT('',(-36.111178492,6.165755163,46.570015182));
#399=DIRECTION('',(-1.,-0.,-0.));
#400=VECTOR('',#399,1.82);
#401=LINE('',#398,#400);
#402=EDGE_CURVE('',#397,#332,#401,.T.);
#403=ORIENTED_EDGE('',*,*,#402,.F.);
#404=CARTESIAN_POINT('',(-36.111178492,4.950114529,46.570015182));
#405=VERTEX_POINT('',#404);
#406=CARTESIAN_POINT('',(-36.111178492,4.950114529,46.570015182));
#407=DIRECTION('',(0.,1.,0.));
#408=VECTOR('',#407,1.215640633);
#409=LINE('',#406,#408);
#410=EDGE_CURVE('',#405,#397,#409,.T.);
#411=ORIENTED_EDGE('',*,*,#410,.F.);
#412=CARTESIAN_POINT('',(-33.931178492,2.770114529,46.570015182));
#413=VERTEX_POINT('',#412);
#414=CARTESIAN_POINT('',(-33.931178492,4.950114529,46.570015182));
#415=DIRECTION('',(0.,0.,-1.));
#416=DIRECTION('',(0.,1.,0.));
#417=AXIS2_PLACEMENT_3D('',#414,#415,#416);
#418=CIRCLE('',#417,2.18);
#419=EDGE_CURVE('',#413,#405,#418,.T.);
#420=ORIENTED_EDGE('',*,*,#419,.F.);
#421=CARTESIAN_POINT('',(33.931178492,2.770114529,46.570015182));
#422=VERTEX_POINT('',#421);
#423=CARTESIAN_POINT('',(33.931178492,2.770114529,46.570015182));
#424=DIRECTION('',(-1.,0.,-0.));
#425=VECTOR('',#424,67.862356984);
#426=LINE('',#423,#425);
#427=EDGE_CURVE('',#422,#413,#426,.T.);
#428=ORIENTED_EDGE('',*,*,#427,.F.);
#429=CARTESIAN_POINT('',(33.931178492,4.950114529,46.570015182));
#430=DIRECTION('',(0.,0.,-1.));
#431=DIRECTION('',(0.,1.,0.));
#432=AXIS2_PLACEMENT_3D('',#429,#430,#431);
#433=CIRCLE('',#432,2.18);
#434=EDGE_CURVE('',#366,#422,#433,.T.);
#435=ORIENTED_EDGE('',*,*,#434,.F.);
#436=EDGE_LOOP('',(#372,#380,#388,#394,#395,#403,#411,#420,#428,#435));
#437=FACE_BOUND('',#436,.T.);
#438=ADVANCED_FACE('',(#437),#362,.T.);
#439=CARTESIAN_POINT('',(37.931178492,43.34248006,46.570015182));
#440=DIRECTION('',(0.,0.,-1.));
#441=DIRECTION('',(-1.,0.,0.));
#442=AXIS2_PLACEMENT_3D('',#439,#440,#441);
#443=PLANE('',#442);
#444=CARTESIAN_POINT('',(37.931178492,46.045871089,46.570015182));
#445=VERTEX_POINT('',#444);
#446=CARTESIAN_POINT('',(37.931178492,10.757815988,46.570015182));
#447=VERTEX_POINT('',#446);
#448=CARTESIAN_POINT('',(37.931178492,46.045871089,46.570015182));
#449=DIRECTION('',(0.,-1.,-0.));
#450=VECTOR('',#449,35.288055101);
#451=LINE('',#448,#450);
#452=EDGE_CURVE('',#445,#447,#451,.T.);
#453=ORIENTED_EDGE('',*,*,#452,.T.);
#454=CARTESIAN_POINT('',(36.111178492,10.757815988,46.570015182));
#455=VERTEX_POINT('',#454);
#456=CARTESIAN_POINT('',(37.931178492,10.757815988,46.570015182));
#457=DIRECTION('',(-1.,0.,-0.));
#458=VECTOR('',#457,1.82);
#459=LINE('',#456,#458);
#460=EDGE_CURVE('',#447,#455,#459,.T.);
#461=ORIENTED_EDGE('',*,*,#460,.T.);
#462=CARTESIAN_POINT('',(36.111178492,41.445871089,46.570015182));
#463=VERTEX_POINT('',#462);
#464=CARTESIAN_POINT('',(36.111178492,41.445871089,46.570015182));
#465=DIRECTION('',(0.,-1.,-0.));
#466=VECTOR('',#465,30.688055101);
#467=LINE('',#464,#466);
#468=EDGE_CURVE('',#463,#455,#467,.T.);
#469=ORIENTED_EDGE('',*,*,#468,.F.);
#470=CARTESIAN_POINT('',(33.931178492,43.625871089,46.570015182));
#471=VERTEX_POINT('',#470);
#472=CARTESIAN_POINT('',(33.931178492,41.445871089,46.570015182));
#473=DIRECTION('',(0.,0.,-1.));
#474=DIRECTION('',(0.,1.,0.));
#475=AXIS2_PLACEMENT_3D('',#472,#473,#474);
#476=CIRCLE('',#475,2.18);
#477=EDGE_CURVE('',#471,#463,#476,.T.);
#478=ORIENTED_EDGE('',*,*,#477,.F.);
#479=CARTESIAN_POINT('',(-33.931178492,43.625871089,46.570015182));
#480=VERTEX_POINT('',#479);
#481=CARTESIAN_POINT('',(-33.931178492,43.625871089,46.570015182));
#482=DIRECTION('',(1.,-0.,-0.));
#483=VECTOR('',#482,67.862356984);
#484=LINE('',#481,#483);
#485=EDGE_CURVE('',#480,#471,#484,.T.);
#486=ORIENTED_EDGE('',*,*,#485,.F.);
#487=CARTESIAN_POINT('',(-36.111178492,41.445871089,46.570015182));
#488=VERTEX_POINT('',#487);
#489=CARTESIAN_POINT('',(-33.931178492,41.445871089,46.570015182));
#490=DIRECTION('',(0.,0.,-1.));
#491=DIRECTION('',(0.,1.,0.));
#492=AXIS2_PLACEMENT_3D('',#489,#490,#491);
#493=CIRCLE('',#492,2.18);
#494=EDGE_CURVE('',#488,#480,#493,.T.);
#495=ORIENTED_EDGE('',*,*,#494,.F.);
#496=CARTESIAN_POINT('',(-36.111178492,10.757815988,46.570015182));
#497=VERTEX_POINT('',#496);
#498=CARTESIAN_POINT('',(-36.111178492,10.757815988,46.570015182));
#499=DIRECTION('',(0.,1.,0.));
#500=VECTOR('',#499,30.688055101);
#501=LINE('',#498,#500);
#502=EDGE_CURVE('',#497,#488,#501,.T.);
#503=ORIENTED_EDGE('',*,*,#502,.F.);
#504=CARTESIAN_POINT('',(-37.931178492,10.757815988,46.570015182));
#505=DIRECTION('',(1.,0.,0.));
#506=VECTOR('',#505,1.82);
#507=LINE('',#504,#506);
#508=EDGE_CURVE('',#300,#497,#507,.T.);
#509=ORIENTED_EDGE('',*,*,#508,.F.);
#510=ORIENTED_EDGE('',*,*,#305,.F.);
#511=CARTESIAN_POINT('',(37.931178492,46.045871089,46.570015182));
#512=DIRECTION('',(-1.,0.,0.));
#513=VECTOR('',#512,75.862356984);
#514=LINE('',#511,#513);
#515=EDGE_CURVE('',#445,#291,#514,.T.);
#516=ORIENTED_EDGE('',*,*,#515,.F.);
#517=EDGE_LOOP('',(#453,#461,#469,#478,#486,#495,#503,#509,#510,#516));
#518=FACE_BOUND('',#517,.T.);
#519=ADVANCED_FACE('',(#518),#443,.T.);
#520=CARTESIAN_POINT('',(44.291178492,43.34248006,6.340146241));
#521=DIRECTION('',(-1.,-0.,0.));
#522=DIRECTION('',(-0.,0.,-1.));
#523=AXIS2_PLACEMENT_3D('',#520,#521,#522);
#524=PLANE('',#523);
#525=CARTESIAN_POINT('',(44.291178492,34.602440093,12.221441755));
#526=VERTEX_POINT('',#525);
#527=CARTESIAN_POINT('',(44.291178492,34.602440093,19.421441755));
#528=VERTEX_POINT('',#527);
#529=CARTESIAN_POINT('',(44.291178492,34.602440093,12.221441755));
#530=DIRECTION('',(0.,-0.,1.));
#531=VECTOR('',#530,7.2);
#532=LINE('',#529,#531);
#533=EDGE_CURVE('',#526,#528,#532,.T.);
#534=ORIENTED_EDGE('',*,*,#533,.F.);
#535=CARTESIAN_POINT('',(44.291178492,41.259487252,12.221441755));
#536=VERTEX_POINT('',#535);
#537=CARTESIAN_POINT('',(44.291178492,34.602440093,12.221441755));
#538=DIRECTION('',(-0.,1.,0.));
#539=VECTOR('',#538,6.657047159);
#540=LINE('',#537,#539);
#541=EDGE_CURVE('',#526,#536,#540,.T.);
#542=ORIENTED_EDGE('',*,*,#541,.T.);
#543=CARTESIAN_POINT('',(44.291178492,41.259487252,19.421441755));
#544=VERTEX_POINT('',#543);
#545=CARTESIAN_POINT('',(44.291178492,41.259487252,19.421441755));
#546=DIRECTION('',(-0.,0.,-1.));
#547=VECTOR('',#546,7.2);
#548=LINE('',#545,#547);
#549=EDGE_CURVE('',#544,#536,#548,.T.);
#550=ORIENTED_EDGE('',*,*,#549,.F.);
#551=CARTESIAN_POINT('',(44.291178492,41.259487252,19.421441755));
#552=DIRECTION('',(0.,-1.,-0.));
#553=VECTOR('',#552,6.657047159);
#554=LINE('',#551,#553);
#555=EDGE_CURVE('',#544,#528,#554,.T.);
#556=ORIENTED_EDGE('',*,*,#555,.T.);
#557=EDGE_LOOP('',(#534,#542,#550,#556));
#558=FACE_BOUND('',#557,.T.);
#559=CARTESIAN_POINT('',(44.291178492,34.602440093,27.258500248));
#560=VERTEX_POINT('',#559);
#561=CARTESIAN_POINT('',(44.291178492,34.602440093,34.458500248));
#562=VERTEX_POINT('',#561);
#563=CARTESIAN_POINT('',(44.291178492,34.602440093,27.258500248));
#564=DIRECTION('',(0.,-0.,1.));
#565=VECTOR('',#564,7.2);
#566=LINE('',#563,#565);
#567=EDGE_CURVE('',#560,#562,#566,.T.);
#568=ORIENTED_EDGE('',*,*,#567,.F.);
#569=CARTESIAN_POINT('',(44.291178492,41.259487252,27.258500248));
#570=VERTEX_POINT('',#569);
#571=CARTESIAN_POINT('',(44.291178492,34.602440093,27.258500248));
#572=DIRECTION('',(-0.,1.,0.));
#573=VECTOR('',#572,6.657047159);
#574=LINE('',#571,#573);
#575=EDGE_CURVE('',#560,#570,#574,.T.);
#576=ORIENTED_EDGE('',*,*,#575,.T.);
#577=CARTESIAN_POINT('',(44.291178492,41.259487252,34.458500248));
#578=VERTEX_POINT('',#577);
#579=CARTESIAN_POINT('',(44.291178492,41.259487252,34.458500248));
#580=DIRECTION('',(-0.,0.,-1.));
#581=VECTOR('',#580,7.2);
#582=LINE('',#579,#581);
#583=EDGE_CURVE('',#578,#570,#582,.T.);
#584=ORIENTED_EDGE('',*,*,#583,.F.);
#585=CARTESIAN_POINT('',(44.291178492,41.259487252,34.458500248));
#586=DIRECTION('',(0.,-1.,-0.));
#587=VECTOR('',#586,6.657047159);
#588=LINE('',#585,#587);
#589=EDGE_CURVE('',#578,#562,#588,.T.);
#590=ORIENTED_EDGE('',*,*,#589,.T.);
#591=EDGE_LOOP('',(#568,#576,#584,#590));
#592=FACE_BOUND('',#591,.T.);
#593=CARTESIAN_POINT('',(44.291178492,13.020788305,27.258500248));
#594=VERTEX_POINT('',#593);
#595=CARTESIAN_POINT('',(44.291178492,13.020788305,34.458500248));
#596=VERTEX_POINT('',#595);
#597=CARTESIAN_POINT('',(44.291178492,13.020788305,27.258500248));
#598=DIRECTION('',(0.,-0.,1.));
#599=VECTOR('',#598,7.2);
#600=LINE('',#597,#599);
#601=EDGE_CURVE('',#594,#596,#600,.T.);
#602=ORIENTED_EDGE('',*,*,#601,.T.);
#603=CARTESIAN_POINT('',(44.291178492,6.165755163,34.458500248));
#604=VERTEX_POINT('',#603);
#605=CARTESIAN_POINT('',(44.291178492,6.165755163,34.458500248));
#606=DIRECTION('',(0.,1.,0.));
#607=VECTOR('',#606,6.855033143);
#608=LINE('',#605,#607);
#609=EDGE_CURVE('',#604,#596,#608,.T.);
#610=ORIENTED_EDGE('',*,*,#609,.F.);
#611=CARTESIAN_POINT('',(44.291178492,6.165755163,27.258500248));
#612=VERTEX_POINT('',#611);
#613=CARTESIAN_POINT('',(44.291178492,6.165755163,34.458500248));
#614=DIRECTION('',(-0.,0.,-1.));
#615=VECTOR('',#614,7.2);
#616=LINE('',#613,#615);
#617=EDGE_CURVE('',#604,#612,#616,.T.);
#618=ORIENTED_EDGE('',*,*,#617,.T.);
#619=CARTESIAN_POINT('',(44.291178492,13.020788305,27.258500248));
#620=DIRECTION('',(0.,-1.,0.));
#621=VECTOR('',#620,6.855033143);
#622=LINE('',#619,#621);
#623=EDGE_CURVE('',#594,#612,#622,.T.);
#624=ORIENTED_EDGE('',*,*,#623,.F.);
#625=EDGE_LOOP('',(#602,#610,#618,#624));
#626=FACE_BOUND('',#625,.T.);
#627=CARTESIAN_POINT('',(44.291178492,13.020788305,12.221441755));
#628=VERTEX_POINT('',#627);
#629=CARTESIAN_POINT('',(44.291178492,13.020788305,19.421441755));
#630=VERTEX_POINT('',#629);
#631=CARTESIAN_POINT('',(44.291178492,13.020788305,12.221441755));
#632=DIRECTION('',(0.,-0.,1.));
#633=VECTOR('',#632,7.2);
#634=LINE('',#631,#633);
#635=EDGE_CURVE('',#628,#630,#634,.T.);
#636=ORIENTED_EDGE('',*,*,#635,.T.);
#637=CARTESIAN_POINT('',(44.291178492,6.165755163,19.421441755));
#638=VERTEX_POINT('',#637);
#639=CARTESIAN_POINT('',(44.291178492,6.165755163,19.421441755));
#640=DIRECTION('',(0.,1.,0.));
#641=VECTOR('',#640,6.855033143);
#642=LINE('',#639,#641);
#643=EDGE_CURVE('',#638,#630,#642,.T.);
#644=ORIENTED_EDGE('',*,*,#643,.F.);
#645=CARTESIAN_POINT('',(44.291178492,6.165755163,12.221441755));
#646=VERTEX_POINT('',#645);
#647=CARTESIAN_POINT('',(44.291178492,6.165755163,19.421441755));
#648=DIRECTION('',(-0.,0.,-1.));
#649=VECTOR('',#648,7.2);
#650=LINE('',#647,#649);
#651=EDGE_CURVE('',#638,#646,#650,.T.);
#652=ORIENTED_EDGE('',*,*,#651,.T.);
#653=CARTESIAN_POINT('',(44.291178492,13.020788305,12.221441755));
#654=DIRECTION('',(0.,-1.,0.));
#655=VECTOR('',#654,6.855033143);
#656=LINE('',#653,#655);
#657=EDGE_CURVE('',#628,#646,#656,.T.);
#658=ORIENTED_EDGE('',*,*,#657,.F.);
#659=EDGE_LOOP('',(#636,#644,#652,#658));
#660=FACE_BOUND('',#659,.T.);
#661=CARTESIAN_POINT('',(44.291178492,10.757815988,39.912968023));
#662=VERTEX_POINT('',#661);
#663=CARTESIAN_POINT('',(44.291178492,6.165755163,39.912968023));
#664=VERTEX_POINT('',#663);
#665=CARTESIAN_POINT('',(44.291178492,10.757815988,39.912968023));
#666=DIRECTION('',(0.,-1.,0.));
#667=VECTOR('',#666,4.592060826);
#668=LINE('',#665,#667);
#669=EDGE_CURVE('',#662,#664,#668,.T.);
#670=ORIENTED_EDGE('',*,*,#669,.F.);
#671=CARTESIAN_POINT('',(44.291178492,10.757815988,40.210015182));
#672=VERTEX_POINT('',#671);
#673=CARTESIAN_POINT('',(44.291178492,10.757815988,39.912968023));
#674=DIRECTION('',(0.,0.,1.));
#675=VECTOR('',#674,0.297047159);
#676=LINE('',#673,#675);
#677=EDGE_CURVE('',#662,#672,#676,.T.);
#678=ORIENTED_EDGE('',*,*,#677,.T.);
#679=CARTESIAN_POINT('',(44.291178492,33.715602607,40.210015182));
#680=VERTEX_POINT('',#679);
#681=CARTESIAN_POINT('',(44.291178492,33.715602607,40.210015182));
#682=DIRECTION('',(0.,-1.,-0.));
#683=VECTOR('',#682,22.957786619);
#684=LINE('',#681,#683);
#685=EDGE_CURVE('',#680,#672,#684,.T.);
#686=ORIENTED_EDGE('',*,*,#685,.F.);
#687=CARTESIAN_POINT('',(44.291178492,33.715602607,36.3707379));
#688=VERTEX_POINT('',#687);
#689=CARTESIAN_POINT('',(44.291178492,33.715602607,40.210015182));
#690=DIRECTION('',(-0.,-0.,-1.));
#691=VECTOR('',#690,3.839277282);
#692=LINE('',#689,#691);
#693=EDGE_CURVE('',#680,#688,#692,.T.);
#694=ORIENTED_EDGE('',*,*,#693,.T.);
#695=CARTESIAN_POINT('',(44.291178492,39.907663433,36.3707379));
#696=VERTEX_POINT('',#695);
#697=CARTESIAN_POINT('',(44.291178492,33.715602607,36.3707379));
#698=DIRECTION('',(-0.,1.,-0.));
#699=VECTOR('',#698,6.192060826);
#700=LINE('',#697,#699);
#701=EDGE_CURVE('',#688,#696,#700,.T.);
#702=ORIENTED_EDGE('',*,*,#701,.T.);
#703=CARTESIAN_POINT('',(44.291178492,39.907663433,40.210015182));
#704=VERTEX_POINT('',#703);
#705=CARTESIAN_POINT('',(44.291178492,39.907663433,36.3707379));
#706=DIRECTION('',(0.,0.,1.));
#707=VECTOR('',#706,3.839277282);
#708=LINE('',#705,#707);
#709=EDGE_CURVE('',#696,#704,#708,.T.);
#710=ORIENTED_EDGE('',*,*,#709,.T.);
#711=CARTESIAN_POINT('',(44.291178492,46.045871089,40.210015182));
#712=VERTEX_POINT('',#711);
#713=CARTESIAN_POINT('',(44.291178492,46.045871089,40.210015182));
#714=DIRECTION('',(0.,-1.,-0.));
#715=VECTOR('',#714,6.138207656);
#716=LINE('',#713,#715);
#717=EDGE_CURVE('',#712,#704,#716,.T.);
#718=ORIENTED_EDGE('',*,*,#717,.F.);
#719=CARTESIAN_POINT('',(44.291178492,46.045871089,6.340146241));
#720=VERTEX_POINT('',#719);
#721=CARTESIAN_POINT('',(44.291178492,46.045871089,40.210015182));
#722=DIRECTION('',(-0.,0.,-1.));
#723=VECTOR('',#722,33.869868941);
#724=LINE('',#721,#723);
#725=EDGE_CURVE('',#712,#720,#724,.T.);
#726=ORIENTED_EDGE('',*,*,#725,.T.);
#727=CARTESIAN_POINT('',(44.291178492,0.300114529,6.340146241));
#728=VERTEX_POINT('',#727);
#729=CARTESIAN_POINT('',(44.291178492,46.045871089,6.340146241));
#730=DIRECTION('',(0.,-1.,-0.));
#731=VECTOR('',#730,45.74575656);
#732=LINE('',#729,#731);
#733=EDGE_CURVE('',#720,#728,#732,.T.);
#734=ORIENTED_EDGE('',*,*,#733,.T.);
#735=CARTESIAN_POINT('',(44.291178492,0.300114529,40.210015182));
#736=VERTEX_POINT('',#735);
#737=CARTESIAN_POINT('',(44.291178492,0.300114529,40.210015182));
#738=DIRECTION('',(-0.,0.,-1.));
#739=VECTOR('',#738,33.869868941);
#740=LINE('',#737,#739);
#741=EDGE_CURVE('',#736,#728,#740,.T.);
#742=ORIENTED_EDGE('',*,*,#741,.F.);
#743=CARTESIAN_POINT('',(44.291178492,6.165755163,40.210015182));
#744=VERTEX_POINT('',#743);
#745=CARTESIAN_POINT('',(44.291178492,6.165755163,40.210015182));
#746=DIRECTION('',(0.,-1.,-0.));
#747=VECTOR('',#746,5.865640633);
#748=LINE('',#745,#747);
#749=EDGE_CURVE('',#744,#736,#748,.T.);
#750=ORIENTED_EDGE('',*,*,#749,.F.);
#751=CARTESIAN_POINT('',(44.291178492,6.165755163,40.210015182));
#752=DIRECTION('',(-0.,-0.,-1.));
#753=VECTOR('',#752,0.297047159);
#754=LINE('',#751,#753);
#755=EDGE_CURVE('',#744,#664,#754,.T.);
#756=ORIENTED_EDGE('',*,*,#755,.T.);
#757=EDGE_LOOP('',(#670,#678,#686,#694,#702,#710,#718,#726,#734,#742,#750,#756));
#758=FACE_BOUND('',#757,.T.);
#759=ADVANCED_FACE('',(#558,#592,#626,#660,#758),#524,.T.);
#760=CARTESIAN_POINT('',(37.931178492,43.34248006,40.210015182));
#761=DIRECTION('',(0.,-1.,-0.));
#762=DIRECTION('',(0.,-0.,1.));
#763=AXIS2_PLACEMENT_3D('',#760,#761,#762);
#764=CYLINDRICAL_SURFACE('',#763,6.36);
#765=ORIENTED_EDGE('',*,*,#685,.T.);
#766=CARTESIAN_POINT('',(37.931178492,10.757815988,40.210015182));
#767=DIRECTION('',(-0.,-1.,0.));
#768=DIRECTION('',(1.,-0.,0.));
#769=AXIS2_PLACEMENT_3D('',#766,#767,#768);
#770=CIRCLE('',#769,6.36);
#771=EDGE_CURVE('',#672,#447,#770,.T.);
#772=ORIENTED_EDGE('',*,*,#771,.T.);
#773=ORIENTED_EDGE('',*,*,#452,.F.);
#774=CARTESIAN_POINT('',(37.931178492,46.045871089,40.210015182));
#775=DIRECTION('',(0.,1.,0.));
#776=DIRECTION('',(1.,-0.,0.));
#777=AXIS2_PLACEMENT_3D('',#774,#775,#776);
#778=CIRCLE('',#777,6.36);
#779=EDGE_CURVE('',#445,#712,#778,.T.);
#780=ORIENTED_EDGE('',*,*,#779,.T.);
#781=ORIENTED_EDGE('',*,*,#717,.T.);
#782=CARTESIAN_POINT('',(42.436213747,39.907663433,44.699364505));
#783=VERTEX_POINT('',#782);
#784=CARTESIAN_POINT('',(37.931178492,39.907663433,40.210015182));
#785=DIRECTION('',(-0.,-1.,0.));
#786=DIRECTION('',(1.,-0.,0.));
#787=AXIS2_PLACEMENT_3D('',#784,#785,#786);
#788=CIRCLE('',#787,6.36);
#789=EDGE_CURVE('',#704,#783,#788,.T.);
#790=ORIENTED_EDGE('',*,*,#789,.T.);
#791=CARTESIAN_POINT('',(42.436213747,33.715602607,44.699364505));
#792=VERTEX_POINT('',#791);
#793=CARTESIAN_POINT('',(42.436213747,39.907663433,44.699364505));
#794=DIRECTION('',(0.,-1.,-0.));
#795=VECTOR('',#794,6.192060826);
#796=LINE('',#793,#795);
#797=EDGE_CURVE('',#783,#792,#796,.T.);
#798=ORIENTED_EDGE('',*,*,#797,.T.);
#799=CARTESIAN_POINT('',(37.931178492,33.715602607,40.210015182));
#800=DIRECTION('',(0.,1.,-0.));
#801=DIRECTION('',(-1.,0.,0.));
#802=AXIS2_PLACEMENT_3D('',#799,#800,#801);
#803=CIRCLE('',#802,6.36);
#804=EDGE_CURVE('',#792,#680,#803,.T.);
#805=ORIENTED_EDGE('',*,*,#804,.T.);
#806=EDGE_LOOP('',(#765,#772,#773,#780,#781,#790,#798,#805));
#807=FACE_BOUND('',#806,.T.);
#808=ADVANCED_FACE('',(#807),#764,.F.);
#809=CARTESIAN_POINT('',(37.931178492,43.34248006,40.210015182));
#810=DIRECTION('',(0.,-1.,-0.));
#811=DIRECTION('',(0.,-0.,1.));
#812=AXIS2_PLACEMENT_3D('',#809,#810,#811);
#813=CYLINDRICAL_SURFACE('',#812,6.36);
#814=ORIENTED_EDGE('',*,*,#387,.F.);
#815=CARTESIAN_POINT('',(37.931178492,6.165755163,40.210015182));
#816=DIRECTION('',(0.,1.,-0.));
#817=DIRECTION('',(-1.,0.,0.));
#818=AXIS2_PLACEMENT_3D('',#815,#816,#817);
#819=CIRCLE('',#818,6.36);
#820=EDGE_CURVE('',#374,#744,#819,.T.);
#821=ORIENTED_EDGE('',*,*,#820,.T.);
#822=ORIENTED_EDGE('',*,*,#749,.T.);
#823=CARTESIAN_POINT('',(37.931178492,0.300114529,40.210015182));
#824=DIRECTION('',(0.,1.,0.));
#825=DIRECTION('',(0.,-0.,1.));
#826=AXIS2_PLACEMENT_3D('',#823,#824,#825);
#827=CIRCLE('',#826,6.36);
#828=EDGE_CURVE('',#382,#736,#827,.T.);
#829=ORIENTED_EDGE('',*,*,#828,.F.);
#830=EDGE_LOOP('',(#814,#821,#822,#829));
#831=FACE_BOUND('',#830,.T.);
#832=ADVANCED_FACE('',(#831),#813,.F.);
#833=CARTESIAN_POINT('',(-64.496515785,6.165755163,83.981997866));
#834=DIRECTION('',(0.,-1.,0.));
#835=DIRECTION('',(-0.,0.,1.));
#836=AXIS2_PLACEMENT_3D('',#833,#834,#835);
#837=PLANE('',#836);
#838=CARTESIAN_POINT('',(-33.735835397,6.165755163,15.821441755));
#839=VERTEX_POINT('',#838);
#840=CARTESIAN_POINT('',(-37.335835397,6.165755163,12.221441755));
#841=VERTEX_POINT('',#840);
#842=CARTESIAN_POINT('',(-37.335835397,6.165755163,15.821441755));
#843=DIRECTION('',(-0.,1.,-0.));
#844=DIRECTION('',(0.,0.,-1.));
#845=AXIS2_PLACEMENT_3D('',#842,#843,#844);
#846=CIRCLE('',#845,3.6);
#847=EDGE_CURVE('',#839,#841,#846,.T.);
#848=ORIENTED_EDGE('',*,*,#847,.F.);
#849=CARTESIAN_POINT('',(-37.335835397,6.165755163,19.421441755));
#850=VERTEX_POINT('',#849);
#851=CARTESIAN_POINT('',(-37.335835397,6.165755163,15.821441755));
#852=DIRECTION('',(-0.,1.,-0.));
#853=DIRECTION('',(0.,0.,-1.));
#854=AXIS2_PLACEMENT_3D('',#851,#852,#853);
#855=CIRCLE('',#854,3.6);
#856=EDGE_CURVE('',#850,#839,#855,.T.);
#857=ORIENTED_EDGE('',*,*,#856,.F.);
#858=CARTESIAN_POINT('',(-44.291178492,6.165755163,19.421441755));
#859=DIRECTION('',(1.,0.,0.));
#860=VECTOR('',#859,6.955343095);
#861=LINE('',#858,#860);
#862=EDGE_CURVE('',#153,#850,#861,.T.);
#863=ORIENTED_EDGE('',*,*,#862,.F.);
#864=ORIENTED_EDGE('',*,*,#158,.T.);
#865=CARTESIAN_POINT('',(-37.335835397,6.165755163,12.221441755));
#866=DIRECTION('',(-1.,0.,-0.));
#867=VECTOR('',#866,6.955343095);
#868=LINE('',#865,#867);
#869=EDGE_CURVE('',#841,#145,#868,.T.);
#870=ORIENTED_EDGE('',*,*,#869,.F.);
#871=EDGE_LOOP('',(#848,#857,#863,#864,#870));
#872=FACE_BOUND('',#871,.T.);
#873=CARTESIAN_POINT('',(-37.335835397,6.165755163,14.667038271));
#874=VERTEX_POINT('',#873);
#875=CARTESIAN_POINT('',(-36.181431913,6.165755163,15.821441755));
#876=VERTEX_POINT('',#875);
#877=CARTESIAN_POINT('',(-37.335835397,6.165755163,15.821441755));
#878=DIRECTION('',(-0.,1.,-0.));
#879=DIRECTION('',(0.,0.,-1.));
#880=AXIS2_PLACEMENT_3D('',#877,#878,#879);
#881=CIRCLE('',#880,1.154403484);
#882=EDGE_CURVE('',#874,#876,#881,.T.);
#883=ORIENTED_EDGE('',*,*,#882,.T.);
#884=CARTESIAN_POINT('',(-37.335835397,6.165755163,15.821441755));
#885=DIRECTION('',(-0.,1.,-0.));
#886=DIRECTION('',(0.,0.,-1.));
#887=AXIS2_PLACEMENT_3D('',#884,#885,#886);
#888=CIRCLE('',#887,1.154403484);
#889=EDGE_CURVE('',#876,#874,#888,.T.);
#890=ORIENTED_EDGE('',*,*,#889,.T.);
#891=EDGE_LOOP('',(#883,#890));
#892=FACE_BOUND('',#891,.T.);
#893=ADVANCED_FACE('',(#872,#892),#837,.T.);
#894=CARTESIAN_POINT('',(-37.335835397,7.974490022,15.821441755));
#895=DIRECTION('',(0.,-1.,0.));
#896=DIRECTION('',(1.,0.,0.));
#897=AXIS2_PLACEMENT_3D('',#894,#895,#896);
#898=CYLINDRICAL_SURFACE('',#897,3.6);
#899=CARTESIAN_POINT('',(-33.735835397,8.5299986,15.821441755));
#900=VERTEX_POINT('',#899);
#901=CARTESIAN_POINT('',(-33.735835397,6.165755163,15.821441755));
#902=DIRECTION('',(-0.,1.,-0.));
#903=VECTOR('',#902,2.364243437);
#904=LINE('',#901,#903);
#905=EDGE_CURVE('',#839,#900,#904,.T.);
#906=ORIENTED_EDGE('',*,*,#905,.T.);
#907=CARTESIAN_POINT('',(-36.823804997,8.5299986,19.384842499));
#908=VERTEX_POINT('',#907);
#909=CARTESIAN_POINT('',(-37.335835397,8.5299986,15.821441755));
#910=DIRECTION('',(0.,-1.,-0.));
#911=DIRECTION('',(0.,0.,-1.));
#912=AXIS2_PLACEMENT_3D('',#909,#910,#911);
#913=CIRCLE('',#912,3.6);
#914=EDGE_CURVE('',#900,#908,#913,.T.);
#915=ORIENTED_EDGE('',*,*,#914,.T.);
#916=CARTESIAN_POINT('',(-37.335835397,8.599934036,19.421441755));
#917=VERTEX_POINT('',#916);
#918=CARTESIAN_POINT('',(-37.335835397,8.599934036,19.421441755));
#919=CARTESIAN_POINT('',(-37.167502548,8.553076565,19.421441755));
#920=CARTESIAN_POINT('',(-36.996761438,8.5299986,19.40969487));
#921=CARTESIAN_POINT('',(-36.823804997,8.5299986,19.384842499));
#922=B_SPLINE_CURVE_WITH_KNOTS('',3,(#918,#919,#920,#921),.UNSPECIFIED.,.F.,.F.,(4,4),(0.,0.000518079),.UNSPECIFIED.);
#923=EDGE_CURVE('',#917,#908,#922,.T.);
#924=ORIENTED_EDGE('',*,*,#923,.F.);
#925=CARTESIAN_POINT('',(-37.335835397,8.599934036,19.421441755));
#926=DIRECTION('',(0.,-1.,0.));
#927=VECTOR('',#926,2.434178873);
#928=LINE('',#925,#927);
#929=EDGE_CURVE('',#917,#850,#928,.T.);
#930=ORIENTED_EDGE('',*,*,#929,.T.);
#931=ORIENTED_EDGE('',*,*,#856,.T.);
#932=EDGE_LOOP('',(#906,#915,#924,#930,#931));
#933=FACE_BOUND('',#932,.T.);
#934=ADVANCED_FACE('',(#933),#898,.T.);
#935=CARTESIAN_POINT('',(-61.008185377,8.5299986,13.689963176));
#936=DIRECTION('',(0.,-1.,-0.));
#937=DIRECTION('',(-0.,-0.,1.));
#938=AXIS2_PLACEMENT_3D('',#935,#936,#937);
#939=PLANE('',#938);
#940=ORIENTED_EDGE('',*,*,#914,.F.);
#941=CARTESIAN_POINT('',(-36.823804997,8.5299986,12.25804101));
#942=VERTEX_POINT('',#941);
#943=CARTESIAN_POINT('',(-37.335835397,8.5299986,15.821441755));
#944=DIRECTION('',(0.,-1.,-0.));
#945=DIRECTION('',(0.,0.,-1.));
#946=AXIS2_PLACEMENT_3D('',#943,#944,#945);
#947=CIRCLE('',#946,3.6);
#948=EDGE_CURVE('',#942,#900,#947,.T.);
#949=ORIENTED_EDGE('',*,*,#948,.F.);
#950=CARTESIAN_POINT('',(-36.823804997,8.5299986,14.786805455));
#951=VERTEX_POINT('',#950);
#952=CARTESIAN_POINT('',(-36.823804997,8.5299986,14.786805455));
#953=DIRECTION('',(0.,0.,-1.));
#954=VECTOR('',#953,2.528764445);
#955=LINE('',#952,#954);
#956=EDGE_CURVE('',#951,#942,#955,.T.);
#957=ORIENTED_EDGE('',*,*,#956,.F.);
#958=CARTESIAN_POINT('',(-36.181431913,8.5299986,15.821441755));
#959=VERTEX_POINT('',#958);
#960=CARTESIAN_POINT('',(-37.335835397,8.5299986,15.821441755));
#961=DIRECTION('',(-0.,1.,0.));
#962=DIRECTION('',(0.,0.,-1.));
#963=AXIS2_PLACEMENT_3D('',#960,#961,#962);
#964=CIRCLE('',#963,1.154403484);
#965=EDGE_CURVE('',#959,#951,#964,.T.);
#966=ORIENTED_EDGE('',*,*,#965,.F.);
#967=CARTESIAN_POINT('',(-36.823804997,8.5299986,16.856078054));
#968=VERTEX_POINT('',#967);
#969=CARTESIAN_POINT('',(-37.335835397,8.5299986,15.821441755));
#970=DIRECTION('',(-0.,1.,0.));
#971=DIRECTION('',(0.,0.,-1.));
#972=AXIS2_PLACEMENT_3D('',#969,#970,#971);
#973=CIRCLE('',#972,1.154403484);
#974=EDGE_CURVE('',#968,#959,#973,.T.);
#975=ORIENTED_EDGE('',*,*,#974,.F.);
#976=CARTESIAN_POINT('',(-36.823804997,8.5299986,19.384842499));
#977=DIRECTION('',(0.,0.,-1.));
#978=VECTOR('',#977,2.528764445);
#979=LINE('',#976,#978);
#980=EDGE_CURVE('',#908,#968,#979,.T.);
#981=ORIENTED_EDGE('',*,*,#980,.F.);
#982=EDGE_LOOP('',(#940,#949,#957,#966,#975,#981));
#983=FACE_BOUND('',#982,.T.);
#984=ADVANCED_FACE('',(#983),#939,.F.);
#985=CARTESIAN_POINT('',(-64.496515785,6.165755163,99.019056359));
#986=DIRECTION('',(0.,-1.,0.));
#987=DIRECTION('',(-0.,0.,1.));
#988=AXIS2_PLACEMENT_3D('',#985,#986,#987);
#989=PLANE('',#988);
#990=CARTESIAN_POINT('',(-33.735835397,6.165755163,30.858500248));
#991=VERTEX_POINT('',#990);
#992=CARTESIAN_POINT('',(-37.335835397,6.165755163,27.258500248));
#993=VERTEX_POINT('',#992);
#994=CARTESIAN_POINT('',(-37.335835397,6.165755163,30.858500248));
#995=DIRECTION('',(-0.,1.,-0.));
#996=DIRECTION('',(0.,0.,-1.));
#997=AXIS2_PLACEMENT_3D('',#994,#995,#996);
#998=CIRCLE('',#997,3.6);
#999=EDGE_CURVE('',#991,#993,#998,.T.);
#1000=ORIENTED_EDGE('',*,*,#999,.F.);
#1001=CARTESIAN_POINT('',(-37.335835397,6.165755163,34.458500248));
#1002=VERTEX_POINT('',#1001);
#1003=CARTESIAN_POINT('',(-37.335835397,6.165755163,30.858500248));
#1004=DIRECTION('',(-0.,1.,-0.));
#1005=DIRECTION('',(0.,0.,-1.));
#1006=AXIS2_PLACEMENT_3D('',#1003,#1004,#1005);
#1007=CIRCLE('',#1006,3.6);
#1008=EDGE_CURVE('',#1002,#991,#1007,.T.);
#1009=ORIENTED_EDGE('',*,*,#1008,.F.);
#1010=CARTESIAN_POINT('',(-44.291178492,6.165755163,34.458500248));
#1011=DIRECTION('',(1.,0.,0.));
#1012=VECTOR('',#1011,6.955343095);
#1013=LINE('',#1010,#1012);
#1014=EDGE_CURVE('',#119,#1002,#1013,.T.);
#1015=ORIENTED_EDGE('',*,*,#1014,.F.);
#1016=ORIENTED_EDGE('',*,*,#124,.T.);
#1017=CARTESIAN_POINT('',(-37.335835397,6.165755163,27.258500248));
#1018=DIRECTION('',(-1.,0.,-0.));
#1019=VECTOR('',#1018,6.955343095);
#1020=LINE('',#1017,#1019);
#1021=EDGE_CURVE('',#993,#111,#1020,.T.);
#1022=ORIENTED_EDGE('',*,*,#1021,.F.);
#1023=EDGE_LOOP('',(#1000,#1009,#1015,#1016,#1022));
#1024=FACE_BOUND('',#1023,.T.);
#1025=CARTESIAN_POINT('',(-37.335835397,6.165755163,29.704096764));
#1026=VERTEX_POINT('',#1025);
#1027=CARTESIAN_POINT('',(-36.181431913,6.165755163,30.858500248));
#1028=VERTEX_POINT('',#1027);
#1029=CARTESIAN_POINT('',(-37.335835397,6.165755163,30.858500248));
#1030=DIRECTION('',(-0.,1.,-0.));
#1031=DIRECTION('',(0.,0.,-1.));
#1032=AXIS2_PLACEMENT_3D('',#1029,#1030,#1031);
#1033=CIRCLE('',#1032,1.154403484);
#1034=EDGE_CURVE('',#1026,#1028,#1033,.T.);
#1035=ORIENTED_EDGE('',*,*,#1034,.T.);
#1036=CARTESIAN_POINT('',(-37.335835397,6.165755163,30.858500248));
#1037=DIRECTION('',(-0.,1.,-0.));
#1038=DIRECTION('',(0.,0.,-1.));
#1039=AXIS2_PLACEMENT_3D('',#1036,#1037,#1038);
#1040=CIRCLE('',#1039,1.154403484);
#1041=EDGE_CURVE('',#1028,#1026,#1040,.T.);
#1042=ORIENTED_EDGE('',*,*,#1041,.T.);
#1043=EDGE_LOOP('',(#1035,#1042));
#1044=FACE_BOUND('',#1043,.T.);
#1045=ADVANCED_FACE('',(#1024,#1044),#989,.T.);
#1046=CARTESIAN_POINT('',(-37.335835397,7.974490022,30.858500248));
#1047=DIRECTION('',(0.,-1.,0.));
#1048=DIRECTION('',(1.,0.,0.));
#1049=AXIS2_PLACEMENT_3D('',#1046,#1047,#1048);
#1050=CYLINDRICAL_SURFACE('',#1049,3.6);
#1051=CARTESIAN_POINT('',(-33.735835397,8.5299986,30.858500248));
#1052=VERTEX_POINT('',#1051);
#1053=CARTESIAN_POINT('',(-33.735835397,6.165755163,30.858500248));
#1054=DIRECTION('',(-0.,1.,-0.));
#1055=VECTOR('',#1054,2.364243437);
#1056=LINE('',#1053,#1055);
#1057=EDGE_CURVE('',#991,#1052,#1056,.T.);
#1058=ORIENTED_EDGE('',*,*,#1057,.T.);
#1059=CARTESIAN_POINT('',(-36.823804997,8.5299986,34.421900992));
#1060=VERTEX_POINT('',#1059);
#1061=CARTESIAN_POINT('',(-37.335835397,8.5299986,30.858500248));
#1062=DIRECTION('',(0.,-1.,-0.));
#1063=DIRECTION('',(0.,0.,-1.));
#1064=AXIS2_PLACEMENT_3D('',#1061,#1062,#1063);
#1065=CIRCLE('',#1064,3.6);
#1066=EDGE_CURVE('',#1052,#1060,#1065,.T.);
#1067=ORIENTED_EDGE('',*,*,#1066,.T.);
#1068=CARTESIAN_POINT('',(-37.335835397,8.599934036,34.458500248));
#1069=VERTEX_POINT('',#1068);
#1070=CARTESIAN_POINT('',(-37.335835397,8.599934036,34.458500248));
#1071=CARTESIAN_POINT('',(-37.167502548,8.553076565,34.458500248));
#1072=CARTESIAN_POINT('',(-36.996761438,8.5299986,34.446753363));
#1073=CARTESIAN_POINT('',(-36.823804997,8.5299986,34.421900992));
#1074=B_SPLINE_CURVE_WITH_KNOTS('',3,(#1070,#1071,#1072,#1073),.UNSPECIFIED.,.F.,.F.,(4,4),(0.,0.000518079),.UNSPECIFIED.);
#1075=EDGE_CURVE('',#1069,#1060,#1074,.T.);
#1076=ORIENTED_EDGE('',*,*,#1075,.F.);
#1077=CARTESIAN_POINT('',(-37.335835397,8.599934036,34.458500248));
#1078=DIRECTION('',(0.,-1.,0.));
#1079=VECTOR('',#1078,2.434178873);
#1080=LINE('',#1077,#1079);
#1081=EDGE_CURVE('',#1069,#1002,#1080,.T.);
#1082=ORIENTED_EDGE('',*,*,#1081,.T.);
#1083=ORIENTED_EDGE('',*,*,#1008,.T.);
#1084=EDGE_LOOP('',(#1058,#1067,#1076,#1082,#1083));
#1085=FACE_BOUND('',#1084,.T.);
#1086=ADVANCED_FACE('',(#1085),#1050,.T.);
#1087=CARTESIAN_POINT('',(-61.008185377,8.5299986,28.727021669));
#1088=DIRECTION('',(0.,-1.,-0.));
#1089=DIRECTION('',(-0.,-0.,1.));
#1090=AXIS2_PLACEMENT_3D('',#1087,#1088,#1089);
#1091=PLANE('',#1090);
#1092=ORIENTED_EDGE('',*,*,#1066,.F.);
#1093=CARTESIAN_POINT('',(-36.823804997,8.5299986,27.295099503));
#1094=VERTEX_POINT('',#1093);
#1095=CARTESIAN_POINT('',(-37.335835397,8.5299986,30.858500248));
#1096=DIRECTION('',(0.,-1.,-0.));
#1097=DIRECTION('',(0.,0.,-1.));
#1098=AXIS2_PLACEMENT_3D('',#1095,#1096,#1097);
#1099=CIRCLE('',#1098,3.6);
#1100=EDGE_CURVE('',#1094,#1052,#1099,.T.);
#1101=ORIENTED_EDGE('',*,*,#1100,.F.);
#1102=CARTESIAN_POINT('',(-36.823804997,8.5299986,29.823863948));
#1103=VERTEX_POINT('',#1102);
#1104=CARTESIAN_POINT('',(-36.823804997,8.5299986,29.823863948));
#1105=DIRECTION('',(0.,0.,-1.));
#1106=VECTOR('',#1105,2.528764445);
#1107=LINE('',#1104,#1106);
#1108=EDGE_CURVE('',#1103,#1094,#1107,.T.);
#1109=ORIENTED_EDGE('',*,*,#1108,.F.);
#1110=CARTESIAN_POINT('',(-36.181431913,8.5299986,30.858500248));
#1111=VERTEX_POINT('',#1110);
#1112=CARTESIAN_POINT('',(-37.335835397,8.5299986,30.858500248));
#1113=DIRECTION('',(-0.,1.,0.));
#1114=DIRECTION('',(0.,0.,-1.));
#1115=AXIS2_PLACEMENT_3D('',#1112,#1113,#1114);
#1116=CIRCLE('',#1115,1.154403484);
#1117=EDGE_CURVE('',#1111,#1103,#1116,.T.);
#1118=ORIENTED_EDGE('',*,*,#1117,.F.);
#1119=CARTESIAN_POINT('',(-36.823804997,8.5299986,31.893136547));
#1120=VERTEX_POINT('',#1119);
#1121=CARTESIAN_POINT('',(-37.335835397,8.5299986,30.858500248));
#1122=DIRECTION('',(-0.,1.,0.));
#1123=DIRECTION('',(0.,0.,-1.));
#1124=AXIS2_PLACEMENT_3D('',#1121,#1122,#1123);
#1125=CIRCLE('',#1124,1.154403484);
#1126=EDGE_CURVE('',#1120,#1111,#1125,.T.);
#1127=ORIENTED_EDGE('',*,*,#1126,.F.);
#1128=CARTESIAN_POINT('',(-36.823804997,8.5299986,34.421900992));
#1129=DIRECTION('',(0.,0.,-1.));
#1130=VECTOR('',#1129,2.528764445);
#1131=LINE('',#1128,#1130);
#1132=EDGE_CURVE('',#1060,#1120,#1131,.T.);
#1133=ORIENTED_EDGE('',*,*,#1132,.F.);
#1134=EDGE_LOOP('',(#1092,#1101,#1109,#1118,#1127,#1133));
#1135=FACE_BOUND('',#1134,.T.);
#1136=ADVANCED_FACE('',(#1135),#1091,.F.);
#1137=CARTESIAN_POINT('',(-64.496515785,42.007032187,83.981997866));
#1138=DIRECTION('',(0.,1.,0.));
#1139=DIRECTION('',(-0.,-0.,1.));
#1140=AXIS2_PLACEMENT_3D('',#1137,#1138,#1139);
#1141=PLANE('',#1140);
#1142=CARTESIAN_POINT('',(-37.335835397,42.007032187,19.421441755));
#1143=VERTEX_POINT('',#1142);
#1144=CARTESIAN_POINT('',(-33.735835397,42.007032187,15.821441755));
#1145=VERTEX_POINT('',#1144);
#1146=CARTESIAN_POINT('',(-37.335835397,42.007032187,15.821441755));
#1147=DIRECTION('',(0.,1.,0.));
#1148=DIRECTION('',(0.,-0.,1.));
#1149=AXIS2_PLACEMENT_3D('',#1146,#1147,#1148);
#1150=CIRCLE('',#1149,3.6);
#1151=EDGE_CURVE('',#1143,#1145,#1150,.T.);
#1152=ORIENTED_EDGE('',*,*,#1151,.T.);
#1153=CARTESIAN_POINT('',(-37.335835397,42.007032187,12.221441755));
#1154=VERTEX_POINT('',#1153);
#1155=CARTESIAN_POINT('',(-37.335835397,42.007032187,15.821441755));
#1156=DIRECTION('',(0.,1.,0.));
#1157=DIRECTION('',(0.,-0.,1.));
#1158=AXIS2_PLACEMENT_3D('',#1155,#1156,#1157);
#1159=CIRCLE('',#1158,3.6);
#1160=EDGE_CURVE('',#1145,#1154,#1159,.T.);
#1161=ORIENTED_EDGE('',*,*,#1160,.T.);
#1162=CARTESIAN_POINT('',(-37.335835397,42.007032187,12.221441755));
#1163=DIRECTION('',(-1.,0.,-0.));
#1164=VECTOR('',#1163,6.955343095);
#1165=LINE('',#1162,#1164);
#1166=EDGE_CURVE('',#1154,#51,#1165,.T.);
#1167=ORIENTED_EDGE('',*,*,#1166,.T.);
#1168=ORIENTED_EDGE('',*,*,#56,.F.);
#1169=CARTESIAN_POINT('',(-44.291178492,42.007032187,19.421441755));
#1170=DIRECTION('',(1.,-0.,0.));
#1171=VECTOR('',#1170,6.955343095);
#1172=LINE('',#1169,#1171);
#1173=EDGE_CURVE('',#43,#1143,#1172,.T.);
#1174=ORIENTED_EDGE('',*,*,#1173,.T.);
#1175=EDGE_LOOP('',(#1152,#1161,#1167,#1168,#1174));
#1176=FACE_BOUND('',#1175,.T.);
#1177=CARTESIAN_POINT('',(-36.181431913,42.007032187,15.821441755));
#1178=VERTEX_POINT('',#1177);
#1179=CARTESIAN_POINT('',(-37.335835397,42.007032187,16.975845238));
#1180=VERTEX_POINT('',#1179);
#1181=CARTESIAN_POINT('',(-37.335835397,42.007032187,15.821441755));
#1182=DIRECTION('',(0.,1.,0.));
#1183=DIRECTION('',(0.,-0.,1.));
#1184=AXIS2_PLACEMENT_3D('',#1181,#1182,#1183);
#1185=CIRCLE('',#1184,1.154403484);
#1186=EDGE_CURVE('',#1178,#1180,#1185,.T.);
#1187=ORIENTED_EDGE('',*,*,#1186,.F.);
#1188=CARTESIAN_POINT('',(-37.335835397,42.007032187,15.821441755));
#1189=DIRECTION('',(0.,1.,0.));
#1190=DIRECTION('',(0.,-0.,1.));
#1191=AXIS2_PLACEMENT_3D('',#1188,#1189,#1190);
#1192=CIRCLE('',#1191,1.154403484);
#1193=EDGE_CURVE('',#1180,#1178,#1192,.T.);
#1194=ORIENTED_EDGE('',*,*,#1193,.F.);
#1195=EDGE_LOOP('',(#1187,#1194));
#1196=FACE_BOUND('',#1195,.T.);
#1197=ADVANCED_FACE('',(#1176,#1196),#1141,.T.);
#1198=CARTESIAN_POINT('',(-37.335835397,38.421495596,15.821441755));
#1199=DIRECTION('',(0.,1.,0.));
#1200=DIRECTION('',(1.,-0.,0.));
#1201=AXIS2_PLACEMENT_3D('',#1198,#1199,#1200);
#1202=CYLINDRICAL_SURFACE('',#1201,3.6);
#1203=CARTESIAN_POINT('',(-33.735835397,39.840774734,15.821441755));
#1204=VERTEX_POINT('',#1203);
#1205=CARTESIAN_POINT('',(-33.735835397,42.007032187,15.821441755));
#1206=DIRECTION('',(-0.,-1.,-0.));
#1207=VECTOR('',#1206,2.166257453);
#1208=LINE('',#1205,#1207);
#1209=EDGE_CURVE('',#1145,#1204,#1208,.T.);
#1210=ORIENTED_EDGE('',*,*,#1209,.T.);
#1211=CARTESIAN_POINT('',(-36.823804997,39.840774734,12.25804101));
#1212=VERTEX_POINT('',#1211);
#1213=CARTESIAN_POINT('',(-37.335835397,39.840774734,15.821441755));
#1214=DIRECTION('',(-0.,-1.,-0.));
#1215=DIRECTION('',(0.,0.,-1.));
#1216=AXIS2_PLACEMENT_3D('',#1213,#1214,#1215);
#1217=CIRCLE('',#1216,3.6);
#1218=EDGE_CURVE('',#1212,#1204,#1217,.T.);
#1219=ORIENTED_EDGE('',*,*,#1218,.F.);
#1220=CARTESIAN_POINT('',(-37.335835397,39.770839298,12.221441755));
#1221=VERTEX_POINT('',#1220);
#1222=CARTESIAN_POINT('',(-36.823804997,39.840774734,12.25804101));
#1223=CARTESIAN_POINT('',(-36.996761438,39.840774734,12.233188639));
#1224=CARTESIAN_POINT('',(-37.167502548,39.817696769,12.221441755));
#1225=CARTESIAN_POINT('',(-37.335835397,39.770839298,12.221441755));
#1226=B_SPLINE_CURVE_WITH_KNOTS('',3,(#1222,#1223,#1224,#1225),.UNSPECIFIED.,.F.,.F.,(4,4),(0.,0.000518079),.UNSPECIFIED.);
#1227=EDGE_CURVE('',#1212,#1221,#1226,.T.);
#1228=ORIENTED_EDGE('',*,*,#1227,.T.);
#1229=CARTESIAN_POINT('',(-37.335835397,42.007032187,12.221441755));
#1230=DIRECTION('',(-0.,-1.,-0.));
#1231=VECTOR('',#1230,2.236192889);
#1232=LINE('',#1229,#1231);
#1233=EDGE_CURVE('',#1154,#1221,#1232,.T.);
#1234=ORIENTED_EDGE('',*,*,#1233,.F.);
#1235=ORIENTED_EDGE('',*,*,#1160,.F.);
#1236=EDGE_LOOP('',(#1210,#1219,#1228,#1234,#1235));
#1237=FACE_BOUND('',#1236,.T.);
#1238=ADVANCED_FACE('',(#1237),#1202,.T.);
#1239=CARTESIAN_POINT('',(-61.008185377,39.840774734,13.689963176));
#1240=DIRECTION('',(0.,1.,0.));
#1241=DIRECTION('',(-0.,-0.,1.));
#1242=AXIS2_PLACEMENT_3D('',#1239,#1240,#1241);
#1243=PLANE('',#1242);
#1244=ORIENTED_EDGE('',*,*,#1218,.T.);
#1245=CARTESIAN_POINT('',(-36.823804997,39.840774734,19.384842499));
#1246=VERTEX_POINT('',#1245);
#1247=CARTESIAN_POINT('',(-37.335835397,39.840774734,15.821441755));
#1248=DIRECTION('',(-0.,-1.,-0.));
#1249=DIRECTION('',(0.,0.,-1.));
#1250=AXIS2_PLACEMENT_3D('',#1247,#1248,#1249);
#1251=CIRCLE('',#1250,3.6);
#1252=EDGE_CURVE('',#1204,#1246,#1251,.T.);
#1253=ORIENTED_EDGE('',*,*,#1252,.T.);
#1254=CARTESIAN_POINT('',(-36.823804997,39.840774734,16.856078054));
#1255=VERTEX_POINT('',#1254);
#1256=CARTESIAN_POINT('',(-36.823804997,39.840774734,19.384842499));
#1257=DIRECTION('',(0.,0.,-1.));
#1258=VECTOR('',#1257,2.528764445);
#1259=LINE('',#1256,#1258);
#1260=EDGE_CURVE('',#1246,#1255,#1259,.T.);
#1261=ORIENTED_EDGE('',*,*,#1260,.T.);
#1262=CARTESIAN_POINT('',(-36.181431913,39.840774734,15.821441755));
#1263=VERTEX_POINT('',#1262);
#1264=CARTESIAN_POINT('',(-37.335835397,39.840774734,15.821441755));
#1265=DIRECTION('',(0.,1.,0.));
#1266=DIRECTION('',(0.,0.,-1.));
#1267=AXIS2_PLACEMENT_3D('',#1264,#1265,#1266);
#1268=CIRCLE('',#1267,1.154403484);
#1269=EDGE_CURVE('',#1255,#1263,#1268,.T.);
#1270=ORIENTED_EDGE('',*,*,#1269,.T.);
#1271=CARTESIAN_POINT('',(-36.823804997,39.840774734,14.786805455));
#1272=VERTEX_POINT('',#1271);
#1273=CARTESIAN_POINT('',(-37.335835397,39.840774734,15.821441755));
#1274=DIRECTION('',(0.,1.,0.));
#1275=DIRECTION('',(0.,0.,-1.));
#1276=AXIS2_PLACEMENT_3D('',#1273,#1274,#1275);
#1277=CIRCLE('',#1276,1.154403484);
#1278=EDGE_CURVE('',#1263,#1272,#1277,.T.);
#1279=ORIENTED_EDGE('',*,*,#1278,.T.);
#1280=CARTESIAN_POINT('',(-36.823804997,39.840774734,14.786805455));
#1281=DIRECTION('',(0.,0.,-1.));
#1282=VECTOR('',#1281,2.528764445);
#1283=LINE('',#1280,#1282);
#1284=EDGE_CURVE('',#1272,#1212,#1283,.T.);
#1285=ORIENTED_EDGE('',*,*,#1284,.T.);
#1286=EDGE_LOOP('',(#1244,#1253,#1261,#1270,#1279,#1285));
#1287=FACE_BOUND('',#1286,.T.);
#1288=ADVANCED_FACE('',(#1287),#1243,.F.);
#1289=CARTESIAN_POINT('',(-64.496515785,42.007032187,99.019056359));
#1290=DIRECTION('',(0.,1.,0.));
#1291=DIRECTION('',(-0.,-0.,1.));
#1292=AXIS2_PLACEMENT_3D('',#1289,#1290,#1291);
#1293=PLANE('',#1292);
#1294=CARTESIAN_POINT('',(-37.335835397,42.007032187,34.458500248));
#1295=VERTEX_POINT('',#1294);
#1296=CARTESIAN_POINT('',(-33.735835397,42.007032187,30.858500248));
#1297=VERTEX_POINT('',#1296);
#1298=CARTESIAN_POINT('',(-37.335835397,42.007032187,30.858500248));
#1299=DIRECTION('',(0.,1.,0.));
#1300=DIRECTION('',(0.,-0.,1.));
#1301=AXIS2_PLACEMENT_3D('',#1298,#1299,#1300);
#1302=CIRCLE('',#1301,3.6);
#1303=EDGE_CURVE('',#1295,#1297,#1302,.T.);
#1304=ORIENTED_EDGE('',*,*,#1303,.T.);
#1305=CARTESIAN_POINT('',(-37.335835397,42.007032187,27.258500248));
#1306=VERTEX_POINT('',#1305);
#1307=CARTESIAN_POINT('',(-37.335835397,42.007032187,30.858500248));
#1308=DIRECTION('',(0.,1.,0.));
#1309=DIRECTION('',(0.,-0.,1.));
#1310=AXIS2_PLACEMENT_3D('',#1307,#1308,#1309);
#1311=CIRCLE('',#1310,3.6);
#1312=EDGE_CURVE('',#1297,#1306,#1311,.T.);
#1313=ORIENTED_EDGE('',*,*,#1312,.T.);
#1314=CARTESIAN_POINT('',(-37.335835397,42.007032187,27.258500248));
#1315=DIRECTION('',(-1.,0.,-0.));
#1316=VECTOR('',#1315,6.955343095);
#1317=LINE('',#1314,#1316);
#1318=EDGE_CURVE('',#1306,#85,#1317,.T.);
#1319=ORIENTED_EDGE('',*,*,#1318,.T.);
#1320=ORIENTED_EDGE('',*,*,#90,.F.);
#1321=CARTESIAN_POINT('',(-44.291178492,42.007032187,34.458500248));
#1322=DIRECTION('',(1.,-0.,0.));
#1323=VECTOR('',#1322,6.955343095);
#1324=LINE('',#1321,#1323);
#1325=EDGE_CURVE('',#77,#1295,#1324,.T.);
#1326=ORIENTED_EDGE('',*,*,#1325,.T.);
#1327=EDGE_LOOP('',(#1304,#1313,#1319,#1320,#1326));
#1328=FACE_BOUND('',#1327,.T.);
#1329=CARTESIAN_POINT('',(-36.181431913,42.007032187,30.858500248));
#1330=VERTEX_POINT('',#1329);
#1331=CARTESIAN_POINT('',(-37.335835397,42.007032187,32.012903731));
#1332=VERTEX_POINT('',#1331);
#1333=CARTESIAN_POINT('',(-37.335835397,42.007032187,30.858500248));
#1334=DIRECTION('',(0.,1.,0.));
#1335=DIRECTION('',(0.,-0.,1.));
#1336=AXIS2_PLACEMENT_3D('',#1333,#1334,#1335);
#1337=CIRCLE('',#1336,1.154403484);
#1338=EDGE_CURVE('',#1330,#1332,#1337,.T.);
#1339=ORIENTED_EDGE('',*,*,#1338,.F.);
#1340=CARTESIAN_POINT('',(-37.335835397,42.007032187,30.858500248));
#1341=DIRECTION('',(0.,1.,0.));
#1342=DIRECTION('',(0.,-0.,1.));
#1343=AXIS2_PLACEMENT_3D('',#1340,#1341,#1342);
#1344=CIRCLE('',#1343,1.154403484);
#1345=EDGE_CURVE('',#1332,#1330,#1344,.T.);
#1346=ORIENTED_EDGE('',*,*,#1345,.F.);
#1347=EDGE_LOOP('',(#1339,#1346));
#1348=FACE_BOUND('',#1347,.T.);
#1349=ADVANCED_FACE('',(#1328,#1348),#1293,.T.);
#1350=CARTESIAN_POINT('',(-37.335835397,38.421495596,30.858500248));
#1351=DIRECTION('',(0.,1.,0.));
#1352=DIRECTION('',(1.,-0.,0.));
#1353=AXIS2_PLACEMENT_3D('',#1350,#1351,#1352);
#1354=CYLINDRICAL_SURFACE('',#1353,3.6);
#1355=CARTESIAN_POINT('',(-33.735835397,39.840774734,30.858500248));
#1356=VERTEX_POINT('',#1355);
#1357=CARTESIAN_POINT('',(-33.735835397,42.007032187,30.858500248));
#1358=DIRECTION('',(-0.,-1.,-0.));
#1359=VECTOR('',#1358,2.166257453);
#1360=LINE('',#1357,#1359);
#1361=EDGE_CURVE('',#1297,#1356,#1360,.T.);
#1362=ORIENTED_EDGE('',*,*,#1361,.T.);
#1363=CARTESIAN_POINT('',(-36.823804997,39.840774734,27.295099503));
#1364=VERTEX_POINT('',#1363);
#1365=CARTESIAN_POINT('',(-37.335835397,39.840774734,30.858500248));
#1366=DIRECTION('',(-0.,-1.,-0.));
#1367=DIRECTION('',(0.,0.,-1.));
#1368=AXIS2_PLACEMENT_3D('',#1365,#1366,#1367);
#1369=CIRCLE('',#1368,3.6);
#1370=EDGE_CURVE('',#1364,#1356,#1369,.T.);
#1371=ORIENTED_EDGE('',*,*,#1370,.F.);
#1372=CARTESIAN_POINT('',(-37.335835397,39.770839298,27.258500248));
#1373=VERTEX_POINT('',#1372);
#1374=CARTESIAN_POINT('',(-36.823804997,39.840774734,27.295099503));
#1375=CARTESIAN_POINT('',(-36.996761438,39.840774734,27.270247132));
#1376=CARTESIAN_POINT('',(-37.167502548,39.817696769,27.258500248));
#1377=CARTESIAN_POINT('',(-37.335835397,39.770839298,27.258500248));
#1378=B_SPLINE_CURVE_WITH_KNOTS('',3,(#1374,#1375,#1376,#1377),.UNSPECIFIED.,.F.,.F.,(4,4),(0.,0.000518079),.UNSPECIFIED.);
#1379=EDGE_CURVE('',#1364,#1373,#1378,.T.);
#1380=ORIENTED_EDGE('',*,*,#1379,.T.);
#1381=CARTESIAN_POINT('',(-37.335835397,42.007032187,27.258500248));
#1382=DIRECTION('',(-0.,-1.,-0.));
#1383=VECTOR('',#1382,2.236192889);
#1384=LINE('',#1381,#1383);
#1385=EDGE_CURVE('',#1306,#1373,#1384,.T.);
#1386=ORIENTED_EDGE('',*,*,#1385,.F.);
#1387=ORIENTED_EDGE('',*,*,#1312,.F.);
#1388=EDGE_LOOP('',(#1362,#1371,#1380,#1386,#1387));
#1389=FACE_BOUND('',#1388,.T.);
#1390=ADVANCED_FACE('',(#1389),#1354,.T.);
#1391=CARTESIAN_POINT('',(-61.008185377,39.840774734,28.727021669));
#1392=DIRECTION('',(0.,1.,0.));
#1393=DIRECTION('',(-0.,-0.,1.));
#1394=AXIS2_PLACEMENT_3D('',#1391,#1392,#1393);
#1395=PLANE('',#1394);
#1396=ORIENTED_EDGE('',*,*,#1370,.T.);
#1397=CARTESIAN_POINT('',(-36.823804997,39.840774734,34.421900992));
#1398=VERTEX_POINT('',#1397);
#1399=CARTESIAN_POINT('',(-37.335835397,39.840774734,30.858500248));
#1400=DIRECTION('',(-0.,-1.,-0.));
#1401=DIRECTION('',(0.,0.,-1.));
#1402=AXIS2_PLACEMENT_3D('',#1399,#1400,#1401);
#1403=CIRCLE('',#1402,3.6);
#1404=EDGE_CURVE('',#1356,#1398,#1403,.T.);
#1405=ORIENTED_EDGE('',*,*,#1404,.T.);
#1406=CARTESIAN_POINT('',(-36.823804997,39.840774734,31.893136547));
#1407=VERTEX_POINT('',#1406);
#1408=CARTESIAN_POINT('',(-36.823804997,39.840774734,34.421900992));
#1409=DIRECTION('',(0.,0.,-1.));
#1410=VECTOR('',#1409,2.528764445);
#1411=LINE('',#1408,#1410);
#1412=EDGE_CURVE('',#1398,#1407,#1411,.T.);
#1413=ORIENTED_EDGE('',*,*,#1412,.T.);
#1414=CARTESIAN_POINT('',(-36.181431913,39.840774734,30.858500248));
#1415=VERTEX_POINT('',#1414);
#1416=CARTESIAN_POINT('',(-37.335835397,39.840774734,30.858500248));
#1417=DIRECTION('',(0.,1.,0.));
#1418=DIRECTION('',(0.,0.,-1.));
#1419=AXIS2_PLACEMENT_3D('',#1416,#1417,#1418);
#1420=CIRCLE('',#1419,1.154403484);
#1421=EDGE_CURVE('',#1407,#1415,#1420,.T.);
#1422=ORIENTED_EDGE('',*,*,#1421,.T.);
#1423=CARTESIAN_POINT('',(-36.823804997,39.840774734,29.823863948));
#1424=VERTEX_POINT('',#1423);
#1425=CARTESIAN_POINT('',(-37.335835397,39.840774734,30.858500248));
#1426=DIRECTION('',(0.,1.,0.));
#1427=DIRECTION('',(0.,0.,-1.));
#1428=AXIS2_PLACEMENT_3D('',#1425,#1426,#1427);
#1429=CIRCLE('',#1428,1.154403484);
#1430=EDGE_CURVE('',#1415,#1424,#1429,.T.);
#1431=ORIENTED_EDGE('',*,*,#1430,.T.);
#1432=CARTESIAN_POINT('',(-36.823804997,39.840774734,29.823863948));
#1433=DIRECTION('',(0.,0.,-1.));
#1434=VECTOR('',#1433,2.528764445);
#1435=LINE('',#1432,#1434);
#1436=EDGE_CURVE('',#1424,#1364,#1435,.T.);
#1437=ORIENTED_EDGE('',*,*,#1436,.T.);
#1438=EDGE_LOOP('',(#1396,#1405,#1413,#1422,#1431,#1437));
#1439=FACE_BOUND('',#1438,.T.);
#1440=ADVANCED_FACE('',(#1439),#1395,.F.);
#1441=CARTESIAN_POINT('',(37.335835397,7.974490022,15.821441755));
#1442=DIRECTION('',(-0.,-1.,0.));
#1443=DIRECTION('',(-1.,0.,0.));
#1444=AXIS2_PLACEMENT_3D('',#1441,#1442,#1443);
#1445=CYLINDRICAL_SURFACE('',#1444,3.6);
#1446=CARTESIAN_POINT('',(33.735835397,6.165755163,15.821441755));
#1447=VERTEX_POINT('',#1446);
#1448=CARTESIAN_POINT('',(33.735835397,8.5299986,15.821441755));
#1449=VERTEX_POINT('',#1448);
#1450=CARTESIAN_POINT('',(33.735835397,6.165755163,15.821441755));
#1451=DIRECTION('',(0.,1.,-0.));
#1452=VECTOR('',#1451,2.364243437);
#1453=LINE('',#1450,#1452);
#1454=EDGE_CURVE('',#1447,#1449,#1453,.T.);
#1455=ORIENTED_EDGE('',*,*,#1454,.T.);
#1456=CARTESIAN_POINT('',(36.823804997,8.5299986,12.25804101));
#1457=VERTEX_POINT('',#1456);
#1458=CARTESIAN_POINT('',(37.335835397,8.5299986,15.821441755));
#1459=DIRECTION('',(0.,1.,0.));
#1460=DIRECTION('',(-0.,0.,-1.));
#1461=AXIS2_PLACEMENT_3D('',#1458,#1459,#1460);
#1462=CIRCLE('',#1461,3.6);
#1463=EDGE_CURVE('',#1457,#1449,#1462,.T.);
#1464=ORIENTED_EDGE('',*,*,#1463,.F.);
#1465=CARTESIAN_POINT('',(37.335835397,8.599934036,12.221441755));
#1466=VERTEX_POINT('',#1465);
#1467=CARTESIAN_POINT('',(36.823804997,8.5299986,12.25804101));
#1468=CARTESIAN_POINT('',(36.996761438,8.5299986,12.233188639));
#1469=CARTESIAN_POINT('',(37.167502548,8.553076565,12.221441755));
#1470=CARTESIAN_POINT('',(37.335835397,8.599934036,12.221441755));
#1471=B_SPLINE_CURVE_WITH_KNOTS('',3,(#1467,#1468,#1469,#1470),.UNSPECIFIED.,.F.,.F.,(4,4),(0.,0.000518079),.UNSPECIFIED.);
#1472=EDGE_CURVE('',#1457,#1466,#1471,.T.);
#1473=ORIENTED_EDGE('',*,*,#1472,.T.);
#1474=CARTESIAN_POINT('',(37.335835397,6.165755163,12.221441755));
#1475=VERTEX_POINT('',#1474);
#1476=CARTESIAN_POINT('',(37.335835397,6.165755163,12.221441755));
#1477=DIRECTION('',(0.,1.,-0.));
#1478=VECTOR('',#1477,2.434178873);
#1479=LINE('',#1476,#1478);
#1480=EDGE_CURVE('',#1475,#1466,#1479,.T.);
#1481=ORIENTED_EDGE('',*,*,#1480,.F.);
#1482=CARTESIAN_POINT('',(37.335835397,6.165755163,15.821441755));
#1483=DIRECTION('',(-0.,-1.,-0.));
#1484=DIRECTION('',(-0.,0.,-1.));
#1485=AXIS2_PLACEMENT_3D('',#1482,#1483,#1484);
#1486=CIRCLE('',#1485,3.6);
#1487=EDGE_CURVE('',#1447,#1475,#1486,.T.);
#1488=ORIENTED_EDGE('',*,*,#1487,.F.);
#1489=EDGE_LOOP('',(#1455,#1464,#1473,#1481,#1488));
#1490=FACE_BOUND('',#1489,.T.);
#1491=ADVANCED_FACE('',(#1490),#1445,.T.);
#1492=CARTESIAN_POINT('',(37.335835397,7.974490022,30.858500248));
#1493=DIRECTION('',(-0.,-1.,0.));
#1494=DIRECTION('',(-1.,0.,0.));
#1495=AXIS2_PLACEMENT_3D('',#1492,#1493,#1494);
#1496=CYLINDRICAL_SURFACE('',#1495,3.6);
#1497=CARTESIAN_POINT('',(33.735835397,6.165755163,30.858500248));
#1498=VERTEX_POINT('',#1497);
#1499=CARTESIAN_POINT('',(33.735835397,8.5299986,30.858500248));
#1500=VERTEX_POINT('',#1499);
#1501=CARTESIAN_POINT('',(33.735835397,6.165755163,30.858500248));
#1502=DIRECTION('',(0.,1.,-0.));
#1503=VECTOR('',#1502,2.364243437);
#1504=LINE('',#1501,#1503);
#1505=EDGE_CURVE('',#1498,#1500,#1504,.T.);
#1506=ORIENTED_EDGE('',*,*,#1505,.T.);
#1507=CARTESIAN_POINT('',(36.823804997,8.5299986,27.295099503));
#1508=VERTEX_POINT('',#1507);
#1509=CARTESIAN_POINT('',(37.335835397,8.5299986,30.858500248));
#1510=DIRECTION('',(0.,1.,0.));
#1511=DIRECTION('',(-0.,0.,-1.));
#1512=AXIS2_PLACEMENT_3D('',#1509,#1510,#1511);
#1513=CIRCLE('',#1512,3.6);
#1514=EDGE_CURVE('',#1508,#1500,#1513,.T.);
#1515=ORIENTED_EDGE('',*,*,#1514,.F.);
#1516=CARTESIAN_POINT('',(37.335835397,8.599934036,27.258500248));
#1517=VERTEX_POINT('',#1516);
#1518=CARTESIAN_POINT('',(36.823804997,8.5299986,27.295099503));
#1519=CARTESIAN_POINT('',(36.996761438,8.5299986,27.270247132));
#1520=CARTESIAN_POINT('',(37.167502548,8.553076565,27.258500248));
#1521=CARTESIAN_POINT('',(37.335835397,8.599934036,27.258500248));
#1522=B_SPLINE_CURVE_WITH_KNOTS('',3,(#1518,#1519,#1520,#1521),.UNSPECIFIED.,.F.,.F.,(4,4),(0.,0.000518079),.UNSPECIFIED.);
#1523=EDGE_CURVE('',#1508,#1517,#1522,.T.);
#1524=ORIENTED_EDGE('',*,*,#1523,.T.);
#1525=CARTESIAN_POINT('',(37.335835397,6.165755163,27.258500248));
#1526=VERTEX_POINT('',#1525);
#1527=CARTESIAN_POINT('',(37.335835397,6.165755163,27.258500248));
#1528=DIRECTION('',(0.,1.,-0.));
#1529=VECTOR('',#1528,2.434178873);
#1530=LINE('',#1527,#1529);
#1531=EDGE_CURVE('',#1526,#1517,#1530,.T.);
#1532=ORIENTED_EDGE('',*,*,#1531,.F.);
#1533=CARTESIAN_POINT('',(37.335835397,6.165755163,30.858500248));
#1534=DIRECTION('',(-0.,-1.,-0.));
#1535=DIRECTION('',(-0.,0.,-1.));
#1536=AXIS2_PLACEMENT_3D('',#1533,#1534,#1535);
#1537=CIRCLE('',#1536,3.6);
#1538=EDGE_CURVE('',#1498,#1526,#1537,.T.);
#1539=ORIENTED_EDGE('',*,*,#1538,.F.);
#1540=EDGE_LOOP('',(#1506,#1515,#1524,#1532,#1539));
#1541=FACE_BOUND('',#1540,.T.);
#1542=ADVANCED_FACE('',(#1541),#1496,.T.);
#1543=CARTESIAN_POINT('',(37.335835397,38.421495596,30.858500248));
#1544=DIRECTION('',(-0.,1.,0.));
#1545=DIRECTION('',(-1.,-0.,0.));
#1546=AXIS2_PLACEMENT_3D('',#1543,#1544,#1545);
#1547=CYLINDRICAL_SURFACE('',#1546,3.6);
#1548=CARTESIAN_POINT('',(33.735835397,41.259487252,30.858500248));
#1549=VERTEX_POINT('',#1548);
#1550=CARTESIAN_POINT('',(33.735835397,39.093229799,30.858500248));
#1551=VERTEX_POINT('',#1550);
#1552=CARTESIAN_POINT('',(33.735835397,41.259487252,30.858500248));
#1553=DIRECTION('',(0.,-1.,-0.));
#1554=VECTOR('',#1553,2.166257453);
#1555=LINE('',#1552,#1554);
#1556=EDGE_CURVE('',#1549,#1551,#1555,.T.);
#1557=ORIENTED_EDGE('',*,*,#1556,.T.);
#1558=CARTESIAN_POINT('',(36.823804997,39.093229799,34.421900992));
#1559=VERTEX_POINT('',#1558);
#1560=CARTESIAN_POINT('',(37.335835397,39.093229799,30.858500248));
#1561=DIRECTION('',(-0.,1.,0.));
#1562=DIRECTION('',(-0.,0.,-1.));
#1563=AXIS2_PLACEMENT_3D('',#1560,#1561,#1562);
#1564=CIRCLE('',#1563,3.6);
#1565=EDGE_CURVE('',#1551,#1559,#1564,.T.);
#1566=ORIENTED_EDGE('',*,*,#1565,.T.);
#1567=CARTESIAN_POINT('',(37.335835397,39.023294362,34.458500248));
#1568=VERTEX_POINT('',#1567);
#1569=CARTESIAN_POINT('',(37.335835397,39.023294362,34.458500248));
#1570=CARTESIAN_POINT('',(37.251668973,39.046723098,34.458500248));
#1571=CARTESIAN_POINT('',(37.166890453,39.064127258,34.455551558));
#1572=CARTESIAN_POINT('',(37.081544084,39.075754239,34.449507896));
#1573=CARTESIAN_POINT('',(37.038870899,39.081567729,34.446486064));
#1574=CARTESIAN_POINT('',(36.996055081,39.085931715,34.442689934));
#1575=CARTESIAN_POINT('',(36.953098382,39.088847219,34.438096926));
#1576=CARTESIAN_POINT('',(36.931620032,39.090304971,34.435800421));
#1577=CARTESIAN_POINT('',(36.910106426,39.091400302,34.433304645));
#1578=CARTESIAN_POINT('',(36.888557555,39.092131508,34.430606423));
#1579=CARTESIAN_POINT('',(36.867008685,39.092862714,34.427908202));
#1580=CARTESIAN_POINT('',(36.846257673,39.093229799,34.425127251));
#1581=CARTESIAN_POINT('',(36.823804997,39.093229799,34.421900992));
#1582=B_SPLINE_CURVE_WITH_KNOTS('',3,(#1569,#1570,#1571,#1572,#1573,#1574,#1575,#1576,#1577,#1578,#1579,#1580,#1581),.UNSPECIFIED.,.F.,.F.,(4,3,3,3,4),(0.,0.000259039,0.000388559,0.000453319,0.000518079),.UNSPECIFIED.);
#1583=EDGE_CURVE('',#1568,#1559,#1582,.T.);
#1584=ORIENTED_EDGE('',*,*,#1583,.F.);
#1585=CARTESIAN_POINT('',(37.335835397,41.259487252,34.458500248));
#1586=VERTEX_POINT('',#1585);
#1587=CARTESIAN_POINT('',(37.335835397,39.023294362,34.458500248));
#1588=DIRECTION('',(-0.,1.,0.));
#1589=VECTOR('',#1588,2.236192889);
#1590=LINE('',#1587,#1589);
#1591=EDGE_CURVE('',#1568,#1586,#1590,.T.);
#1592=ORIENTED_EDGE('',*,*,#1591,.T.);
#1593=CARTESIAN_POINT('',(37.335835397,41.259487252,30.858500248));
#1594=DIRECTION('',(0.,-1.,-0.));
#1595=DIRECTION('',(0.,-0.,1.));
#1596=AXIS2_PLACEMENT_3D('',#1593,#1594,#1595);
#1597=CIRCLE('',#1596,3.6);
#1598=EDGE_CURVE('',#1586,#1549,#1597,.T.);
#1599=ORIENTED_EDGE('',*,*,#1598,.T.);
#1600=EDGE_LOOP('',(#1557,#1566,#1584,#1592,#1599));
#1601=FACE_BOUND('',#1600,.T.);
#1602=ADVANCED_FACE('',(#1601),#1547,.T.);
#1603=CARTESIAN_POINT('',(37.335835397,38.421495596,15.821441755));
#1604=DIRECTION('',(-0.,1.,0.));
#1605=DIRECTION('',(-1.,-0.,0.));
#1606=AXIS2_PLACEMENT_3D('',#1603,#1604,#1605);
#1607=CYLINDRICAL_SURFACE('',#1606,3.6);
#1608=CARTESIAN_POINT('',(33.735835397,41.259487252,15.821441755));
#1609=VERTEX_POINT('',#1608);
#1610=CARTESIAN_POINT('',(33.735835397,39.093229799,15.821441755));
#1611=VERTEX_POINT('',#1610);
#1612=CARTESIAN_POINT('',(33.735835397,41.259487252,15.821441755));
#1613=DIRECTION('',(0.,-1.,-0.));
#1614=VECTOR('',#1613,2.166257453);
#1615=LINE('',#1612,#1614);
#1616=EDGE_CURVE('',#1609,#1611,#1615,.T.);
#1617=ORIENTED_EDGE('',*,*,#1616,.T.);
#1618=CARTESIAN_POINT('',(36.823804997,39.093229799,19.384842499));
#1619=VERTEX_POINT('',#1618);
#1620=CARTESIAN_POINT('',(37.335835397,39.093229799,15.821441755));
#1621=DIRECTION('',(-0.,1.,0.));
#1622=DIRECTION('',(-0.,0.,-1.));
#1623=AXIS2_PLACEMENT_3D('',#1620,#1621,#1622);
#1624=CIRCLE('',#1623,3.6);
#1625=EDGE_CURVE('',#1611,#1619,#1624,.T.);
#1626=ORIENTED_EDGE('',*,*,#1625,.T.);
#1627=CARTESIAN_POINT('',(37.335835397,39.023294362,19.421441755));
#1628=VERTEX_POINT('',#1627);
#1629=CARTESIAN_POINT('',(37.335835397,39.023294362,19.421441755));
#1630=CARTESIAN_POINT('',(37.251668973,39.046723098,19.421441755));
#1631=CARTESIAN_POINT('',(37.166890453,39.064127258,19.418493065));
#1632=CARTESIAN_POINT('',(37.081544084,39.075754239,19.412449402));
#1633=CARTESIAN_POINT('',(37.038870899,39.081567729,19.409427571));
#1634=CARTESIAN_POINT('',(36.996055081,39.085931715,19.405631441));
#1635=CARTESIAN_POINT('',(36.953098382,39.088847219,19.401038432));
#1636=CARTESIAN_POINT('',(36.931620032,39.090304971,19.398741928));
#1637=CARTESIAN_POINT('',(36.910106426,39.091400302,19.396246151));
#1638=CARTESIAN_POINT('',(36.888557555,39.092131508,19.39354793));
#1639=CARTESIAN_POINT('',(36.867008685,39.092862714,19.390849709));
#1640=CARTESIAN_POINT('',(36.846257673,39.093229799,19.388068758));
#1641=CARTESIAN_POINT('',(36.823804997,39.093229799,19.384842499));
#1642=B_SPLINE_CURVE_WITH_KNOTS('',3,(#1629,#1630,#1631,#1632,#1633,#1634,#1635,#1636,#1637,#1638,#1639,#1640,#1641),.UNSPECIFIED.,.F.,.F.,(4,3,3,3,4),(0.,0.000259039,0.000388559,0.000453319,0.000518079),.UNSPECIFIED.);
#1643=EDGE_CURVE('',#1628,#1619,#1642,.T.);
#1644=ORIENTED_EDGE('',*,*,#1643,.F.);
#1645=CARTESIAN_POINT('',(37.335835397,41.259487252,19.421441755));
#1646=VERTEX_POINT('',#1645);
#1647=CARTESIAN_POINT('',(37.335835397,39.023294362,19.421441755));
#1648=DIRECTION('',(-0.,1.,0.));
#1649=VECTOR('',#1648,2.236192889);
#1650=LINE('',#1647,#1649);
#1651=EDGE_CURVE('',#1628,#1646,#1650,.T.);
#1652=ORIENTED_EDGE('',*,*,#1651,.T.);
#1653=CARTESIAN_POINT('',(37.335835397,41.259487252,15.821441755));
#1654=DIRECTION('',(0.,-1.,-0.));
#1655=DIRECTION('',(0.,-0.,1.));
#1656=AXIS2_PLACEMENT_3D('',#1653,#1654,#1655);
#1657=CIRCLE('',#1656,3.6);
#1658=EDGE_CURVE('',#1646,#1609,#1657,.T.);
#1659=ORIENTED_EDGE('',*,*,#1658,.T.);
#1660=EDGE_LOOP('',(#1617,#1626,#1644,#1652,#1659));
#1661=FACE_BOUND('',#1660,.T.);
#1662=ADVANCED_FACE('',(#1661),#1607,.T.);
#1663=CARTESIAN_POINT('',(-36.823804997,10.439374667,13.689963176));
#1664=DIRECTION('',(-0.,-0.,1.));
#1665=DIRECTION('',(-0.,1.,0.));
#1666=AXIS2_PLACEMENT_3D('',#1663,#1664,#1665);
#1667=CYLINDRICAL_SURFACE('',#1666,1.909376067);
#1668=CARTESIAN_POINT('',(-38.173937762,9.089241902,19.421441755));
#1669=VERTEX_POINT('',#1668);
#1670=CARTESIAN_POINT('',(-36.823804997,10.439374667,19.421441755));
#1671=DIRECTION('',(-0.,0.,1.));
#1672=DIRECTION('',(1.,0.,0.));
#1673=AXIS2_PLACEMENT_3D('',#1670,#1671,#1672);
#1674=CIRCLE('',#1673,1.909376067);
#1675=EDGE_CURVE('',#1669,#917,#1674,.T.);
#1676=ORIENTED_EDGE('',*,*,#1675,.T.);
#1677=ORIENTED_EDGE('',*,*,#923,.T.);
#1678=ORIENTED_EDGE('',*,*,#980,.T.);
#1679=CARTESIAN_POINT('',(-38.173937762,9.089241902,16.615313174));
#1680=VERTEX_POINT('',#1679);
#1681=CARTESIAN_POINT('',(-36.823804997,8.5299986,16.856078054));
#1682=CARTESIAN_POINT('',(-36.884138988,8.5299986,16.885936699));
#1683=CARTESIAN_POINT('',(-36.94607203,8.532852865,16.910064926));
#1684=CARTESIAN_POINT('',(-37.009469906,8.53904693,16.928750641));
#1685=CARTESIAN_POINT('',(-37.072867782,8.545240995,16.947436356));
#1686=CARTESIAN_POINT('',(-37.138467283,8.554935184,16.960732243));
#1687=CARTESIAN_POINT('',(-37.203530572,8.568138323,16.968238527));
#1688=CARTESIAN_POINT('',(-37.26859386,8.581341462,16.975744811));
#1689=CARTESIAN_POINT('',(-37.332869093,8.597908537,16.977589872));
#1690=CARTESIAN_POINT('',(-37.396341699,8.617859174,16.974258475));
#1691=CARTESIAN_POINT('',(-37.459814305,8.637809812,16.970927078));
#1692=CARTESIAN_POINT('',(-37.522745448,8.661323849,16.962264189));
#1693=CARTESIAN_POINT('',(-37.582675747,8.687281019,16.949146169));
#1694=CARTESIAN_POINT('',(-37.702536344,8.739195359,16.922910129));
#1695=CARTESIAN_POINT('',(-37.814142893,8.802515337,16.878222378));
#1696=CARTESIAN_POINT('',(-37.912585263,8.870848448,16.821445253));
#1697=CARTESIAN_POINT('',(-38.011027633,8.93918156,16.764668128));
#1698=CARTESIAN_POINT('',(-38.097957354,9.013261495,16.695526868));
#1699=CARTESIAN_POINT('',(-38.173937762,9.089241902,16.615313174));
#1700=B_SPLINE_CURVE_WITH_KNOTS('',3,(#1681,#1682,#1683,#1684,#1685,#1686,#1687,#1688,#1689,#1690,#1691,#1692,#1693,#1694,#1695,#1696,#1697,#1698,#1699),.UNSPECIFIED.,.F.,.F.,(4,3,3,3,3,3,4),(0.,0.000199077,0.000398154,0.000597231,0.000796308,0.001194462,0.001592616),.UNSPECIFIED.);
#1701=EDGE_CURVE('',#968,#1680,#1700,.T.);
#1702=ORIENTED_EDGE('',*,*,#1701,.T.);
#1703=CARTESIAN_POINT('',(-38.173937762,9.089241902,16.615313174));
#1704=DIRECTION('',(-0.,-0.,1.));
#1705=VECTOR('',#1704,2.806128581);
#1706=LINE('',#1703,#1705);
#1707=EDGE_CURVE('',#1680,#1669,#1706,.T.);
#1708=ORIENTED_EDGE('',*,*,#1707,.T.);
#1709=EDGE_LOOP('',(#1676,#1677,#1678,#1702,#1708));
#1710=FACE_BOUND('',#1709,.T.);
#1711=ADVANCED_FACE('',(#1710),#1667,.F.);
#1712=CARTESIAN_POINT('',(-37.335835397,23.519872066,15.821441755));
#1713=DIRECTION('',(0.,-1.,0.));
#1714=DIRECTION('',(1.,0.,0.));
#1715=AXIS2_PLACEMENT_3D('',#1712,#1713,#1714);
#1716=CYLINDRICAL_SURFACE('',#1715,1.154403484);
#1717=CARTESIAN_POINT('',(-36.181431913,6.165755163,15.821441755));
#1718=DIRECTION('',(-0.,1.,-0.));
#1719=VECTOR('',#1718,2.364243437);
#1720=LINE('',#1717,#1719);
#1721=EDGE_CURVE('',#876,#959,#1720,.T.);
#1722=ORIENTED_EDGE('',*,*,#1721,.F.);
#1723=ORIENTED_EDGE('',*,*,#882,.F.);
#1724=ORIENTED_EDGE('',*,*,#889,.F.);
#1725=ORIENTED_EDGE('',*,*,#1721,.T.);
#1726=ORIENTED_EDGE('',*,*,#965,.T.);
#1727=CARTESIAN_POINT('',(-38.173937762,9.089241902,15.027570335));
#1728=VERTEX_POINT('',#1727);
#1729=CARTESIAN_POINT('',(-38.173937762,9.089241902,15.027570335));
#1730=CARTESIAN_POINT('',(-38.097898344,9.013202484,14.947294343));
#1731=CARTESIAN_POINT('',(-38.011818237,8.939844201,14.878832592));
#1732=CARTESIAN_POINT('',(-37.913805123,8.871695908,14.8221428));
#1733=CARTESIAN_POINT('',(-37.815792008,8.803547615,14.765453008));
#1734=CARTESIAN_POINT('',(-37.703802826,8.73987075,14.720424459));
#1735=CARTESIAN_POINT('',(-37.58422961,8.687954851,14.694078584));
#1736=CARTESIAN_POINT('',(-37.464656394,8.636038951,14.667732709));
#1737=CARTESIAN_POINT('',(-37.334285876,8.594790237,14.659747278));
#1738=CARTESIAN_POINT('',(-37.205163085,8.568470347,14.674457818));
#1739=CARTESIAN_POINT('',(-37.076040294,8.542150456,14.689168358));
#1740=CARTESIAN_POINT('',(-36.944800399,8.5299986,14.726926129));
#1741=CARTESIAN_POINT('',(-36.823804997,8.5299986,14.786805455));
#1742=B_SPLINE_CURVE_WITH_KNOTS('',3,(#1729,#1730,#1731,#1732,#1733,#1734,#1735,#1736,#1737,#1738,#1739,#1740,#1741),.UNSPECIFIED.,.F.,.F.,(4,3,3,3,4),(0.,0.000395658,0.000791315,0.001186973,0.001582631),.UNSPECIFIED.);
#1743=EDGE_CURVE('',#1728,#951,#1742,.T.);
#1744=ORIENTED_EDGE('',*,*,#1743,.F.);
#1745=CARTESIAN_POINT('',(-37.335835397,8.251139537,15.821441755));
#1746=DIRECTION('',(-0.707106781,-0.707106781,-0.));
#1747=DIRECTION('',(0.707106781,-0.707106781,0.));
#1748=AXIS2_PLACEMENT_3D('',#1745,#1746,#1747);
#1749=ELLIPSE('',#1748,1.632573063,1.154403484);
#1750=EDGE_CURVE('',#1680,#1728,#1749,.T.);
#1751=ORIENTED_EDGE('',*,*,#1750,.F.);
#1752=ORIENTED_EDGE('',*,*,#1701,.F.);
#1753=ORIENTED_EDGE('',*,*,#974,.T.);
#1754=EDGE_LOOP('',(#1722,#1723,#1724,#1725,#1726,#1744,#1751,#1752,#1753));
#1755=FACE_BOUND('',#1754,.T.);
#1756=ADVANCED_FACE('',(#1755),#1716,.F.);
#1757=CARTESIAN_POINT('',(-36.823804997,10.439374667,13.689963176));
#1758=DIRECTION('',(-0.,-0.,1.));
#1759=DIRECTION('',(-0.,1.,0.));
#1760=AXIS2_PLACEMENT_3D('',#1757,#1758,#1759);
#1761=CYLINDRICAL_SURFACE('',#1760,1.909376067);
#1762=ORIENTED_EDGE('',*,*,#1743,.T.);
#1763=ORIENTED_EDGE('',*,*,#956,.T.);
#1764=CARTESIAN_POINT('',(-37.335835397,8.599934036,12.221441755));
#1765=VERTEX_POINT('',#1764);
#1766=CARTESIAN_POINT('',(-36.823804997,8.5299986,12.25804101));
#1767=CARTESIAN_POINT('',(-36.996761438,8.5299986,12.233188639));
#1768=CARTESIAN_POINT('',(-37.167502548,8.553076565,12.221441755));
#1769=CARTESIAN_POINT('',(-37.335835397,8.599934036,12.221441755));
#1770=B_SPLINE_CURVE_WITH_KNOTS('',3,(#1766,#1767,#1768,#1769),.UNSPECIFIED.,.F.,.F.,(4,4),(0.,0.000518079),.UNSPECIFIED.);
#1771=EDGE_CURVE('',#942,#1765,#1770,.T.);
#1772=ORIENTED_EDGE('',*,*,#1771,.T.);
#1773=CARTESIAN_POINT('',(-38.173937762,9.089241902,12.221441755));
#1774=VERTEX_POINT('',#1773);
#1775=CARTESIAN_POINT('',(-36.823804997,10.439374667,12.221441755));
#1776=DIRECTION('',(0.,0.,-1.));
#1777=DIRECTION('',(-1.,0.,-0.));
#1778=AXIS2_PLACEMENT_3D('',#1775,#1776,#1777);
#1779=CIRCLE('',#1778,1.909376067);
#1780=EDGE_CURVE('',#1765,#1774,#1779,.T.);
#1781=ORIENTED_EDGE('',*,*,#1780,.T.);
#1782=CARTESIAN_POINT('',(-38.173937762,9.089241902,12.221441755));
#1783=DIRECTION('',(-0.,-0.,1.));
#1784=VECTOR('',#1783,2.806128581);
#1785=LINE('',#1782,#1784);
#1786=EDGE_CURVE('',#1774,#1728,#1785,.T.);
#1787=ORIENTED_EDGE('',*,*,#1786,.T.);
#1788=EDGE_LOOP('',(#1762,#1763,#1772,#1781,#1787));
#1789=FACE_BOUND('',#1788,.T.);
#1790=ADVANCED_FACE('',(#1789),#1761,.F.);
#1791=CARTESIAN_POINT('',(-37.809866345,8.725170485,13.689963176));
#1792=DIRECTION('',(-0.707106781,-0.707106781,-0.));
#1793=DIRECTION('',(0.,0.,-1.));
#1794=AXIS2_PLACEMENT_3D('',#1791,#1792,#1793);
#1795=PLANE('',#1794);
#1796=ORIENTED_EDGE('',*,*,#1750,.T.);
#1797=ORIENTED_EDGE('',*,*,#1786,.F.);
#1798=CARTESIAN_POINT('',(-40.7553514,11.67065554,12.221441755));
#1799=VERTEX_POINT('',#1798);
#1800=CARTESIAN_POINT('',(-38.173937762,9.089241902,12.221441755));
#1801=DIRECTION('',(-0.707106781,0.707106781,-0.));
#1802=VECTOR('',#1801,3.650670178);
#1803=LINE('',#1800,#1802);
#1804=EDGE_CURVE('',#1774,#1799,#1803,.T.);
#1805=ORIENTED_EDGE('',*,*,#1804,.T.);
#1806=CARTESIAN_POINT('',(-40.7553514,11.67065554,19.421441755));
#1807=VERTEX_POINT('',#1806);
#1808=CARTESIAN_POINT('',(-40.7553514,11.67065554,19.421441755));
#1809=DIRECTION('',(0.,0.,-1.));
#1810=VECTOR('',#1809,7.2);
#1811=LINE('',#1808,#1810);
#1812=EDGE_CURVE('',#1807,#1799,#1811,.T.);
#1813=ORIENTED_EDGE('',*,*,#1812,.F.);
#1814=CARTESIAN_POINT('',(-40.7553514,11.67065554,19.421441755));
#1815=DIRECTION('',(0.707106781,-0.707106781,0.));
#1816=VECTOR('',#1815,3.650670178);
#1817=LINE('',#1814,#1816);
#1818=EDGE_CURVE('',#1807,#1669,#1817,.T.);
#1819=ORIENTED_EDGE('',*,*,#1818,.T.);
#1820=ORIENTED_EDGE('',*,*,#1707,.F.);
#1821=EDGE_LOOP('',(#1796,#1797,#1805,#1813,#1819,#1820));
#1822=FACE_BOUND('',#1821,.T.);
#1823=ADVANCED_FACE('',(#1822),#1795,.F.);
#1824=CARTESIAN_POINT('',(-39.405218635,13.020788305,18.421441755));
#1825=DIRECTION('',(-0.,-0.,1.));
#1826=DIRECTION('',(-0.,1.,0.));
#1827=AXIS2_PLACEMENT_3D('',#1824,#1825,#1826);
#1828=CYLINDRICAL_SURFACE('',#1827,1.909376067);
#1829=CARTESIAN_POINT('',(-41.314594702,13.020788305,12.221441755));
#1830=VERTEX_POINT('',#1829);
#1831=CARTESIAN_POINT('',(-39.405218635,13.020788305,12.221441755));
#1832=DIRECTION('',(0.,0.,-1.));
#1833=DIRECTION('',(-1.,0.,-0.));
#1834=AXIS2_PLACEMENT_3D('',#1831,#1832,#1833);
#1835=CIRCLE('',#1834,1.909376067);
#1836=EDGE_CURVE('',#1799,#1830,#1835,.T.);
#1837=ORIENTED_EDGE('',*,*,#1836,.T.);
#1838=CARTESIAN_POINT('',(-41.314594702,13.020788305,19.421441755));
#1839=VERTEX_POINT('',#1838);
#1840=CARTESIAN_POINT('',(-41.314594702,13.020788305,19.421441755));
#1841=DIRECTION('',(0.,0.,-1.));
#1842=VECTOR('',#1841,7.2);
#1843=LINE('',#1840,#1842);
#1844=EDGE_CURVE('',#1839,#1830,#1843,.T.);
#1845=ORIENTED_EDGE('',*,*,#1844,.F.);
#1846=CARTESIAN_POINT('',(-39.405218635,13.020788305,19.421441755));
#1847=DIRECTION('',(-0.,0.,1.));
#1848=DIRECTION('',(1.,0.,0.));
#1849=AXIS2_PLACEMENT_3D('',#1846,#1847,#1848);
#1850=CIRCLE('',#1849,1.909376067);
#1851=EDGE_CURVE('',#1839,#1807,#1850,.T.);
#1852=ORIENTED_EDGE('',*,*,#1851,.T.);
#1853=ORIENTED_EDGE('',*,*,#1812,.T.);
#1854=EDGE_LOOP('',(#1837,#1845,#1852,#1853));
#1855=FACE_BOUND('',#1854,.T.);
#1856=ADVANCED_FACE('',(#1855),#1828,.F.);
#1857=CARTESIAN_POINT('',(-36.823804997,10.439374667,28.727021669));
#1858=DIRECTION('',(-0.,-0.,1.));
#1859=DIRECTION('',(-0.,1.,0.));
#1860=AXIS2_PLACEMENT_3D('',#1857,#1858,#1859);
#1861=CYLINDRICAL_SURFACE('',#1860,1.909376067);
#1862=CARTESIAN_POINT('',(-38.173937762,9.089241902,34.458500248));
#1863=VERTEX_POINT('',#1862);
#1864=CARTESIAN_POINT('',(-36.823804997,10.439374667,34.458500248));
#1865=DIRECTION('',(-0.,0.,1.));
#1866=DIRECTION('',(1.,0.,0.));
#1867=AXIS2_PLACEMENT_3D('',#1864,#1865,#1866);
#1868=CIRCLE('',#1867,1.909376067);
#1869=EDGE_CURVE('',#1863,#1069,#1868,.T.);
#1870=ORIENTED_EDGE('',*,*,#1869,.T.);
#1871=ORIENTED_EDGE('',*,*,#1075,.T.);
#1872=ORIENTED_EDGE('',*,*,#1132,.T.);
#1873=CARTESIAN_POINT('',(-38.173937762,9.089241902,31.652371667));
#1874=VERTEX_POINT('',#1873);
#1875=CARTESIAN_POINT('',(-36.823804997,8.5299986,31.893136547));
#1876=CARTESIAN_POINT('',(-36.884138988,8.5299986,31.922995192));
#1877=CARTESIAN_POINT('',(-36.94607203,8.532852865,31.947123419));
#1878=CARTESIAN_POINT('',(-37.009469906,8.53904693,31.965809134));
#1879=CARTESIAN_POINT('',(-37.072867782,8.545240995,31.984494849));
#1880=CARTESIAN_POINT('',(-37.138467283,8.554935184,31.997790736));
#1881=CARTESIAN_POINT('',(-37.203530572,8.568138323,32.00529702));
#1882=CARTESIAN_POINT('',(-37.26859386,8.581341462,32.012803304));
#1883=CARTESIAN_POINT('',(-37.332869093,8.597908537,32.014648365));
#1884=CARTESIAN_POINT('',(-37.396341699,8.617859174,32.011316968));
#1885=CARTESIAN_POINT('',(-37.459814305,8.637809812,32.007985572));
#1886=CARTESIAN_POINT('',(-37.522745448,8.661323849,31.999322682));
#1887=CARTESIAN_POINT('',(-37.582675747,8.687281019,31.986204662));
#1888=CARTESIAN_POINT('',(-37.702536344,8.739195359,31.959968622));
#1889=CARTESIAN_POINT('',(-37.814142893,8.802515337,31.915280871));
#1890=CARTESIAN_POINT('',(-37.912585263,8.870848448,31.858503746));
#1891=CARTESIAN_POINT('',(-38.011027633,8.93918156,31.801726621));
#1892=CARTESIAN_POINT('',(-38.097957354,9.013261495,31.732585361));
#1893=CARTESIAN_POINT('',(-38.173937762,9.089241902,31.652371667));
#1894=B_SPLINE_CURVE_WITH_KNOTS('',3,(#1875,#1876,#1877,#1878,#1879,#1880,#1881,#1882,#1883,#1884,#1885,#1886,#1887,#1888,#1889,#1890,#1891,#1892,#1893),.UNSPECIFIED.,.F.,.F.,(4,3,3,3,3,3,4),(0.,0.000199077,0.000398154,0.000597231,0.000796308,0.001194462,0.001592616),.UNSPECIFIED.);
#1895=EDGE_CURVE('',#1120,#1874,#1894,.T.);
#1896=ORIENTED_EDGE('',*,*,#1895,.T.);
#1897=CARTESIAN_POINT('',(-38.173937762,9.089241902,31.652371667));
#1898=DIRECTION('',(-0.,-0.,1.));
#1899=VECTOR('',#1898,2.806128581);
#1900=LINE('',#1897,#1899);
#1901=EDGE_CURVE('',#1874,#1863,#1900,.T.);
#1902=ORIENTED_EDGE('',*,*,#1901,.T.);
#1903=EDGE_LOOP('',(#1870,#1871,#1872,#1896,#1902));
#1904=FACE_BOUND('',#1903,.T.);
#1905=ADVANCED_FACE('',(#1904),#1861,.F.);
#1906=CARTESIAN_POINT('',(-37.335835397,23.519872066,30.858500248));
#1907=DIRECTION('',(0.,-1.,0.));
#1908=DIRECTION('',(1.,0.,0.));
#1909=AXIS2_PLACEMENT_3D('',#1906,#1907,#1908);
#1910=CYLINDRICAL_SURFACE('',#1909,1.154403484);
#1911=CARTESIAN_POINT('',(-36.181431913,6.165755163,30.858500248));
#1912=DIRECTION('',(-0.,1.,-0.));
#1913=VECTOR('',#1912,2.364243437);
#1914=LINE('',#1911,#1913);
#1915=EDGE_CURVE('',#1028,#1111,#1914,.T.);
#1916=ORIENTED_EDGE('',*,*,#1915,.F.);
#1917=ORIENTED_EDGE('',*,*,#1034,.F.);
#1918=ORIENTED_EDGE('',*,*,#1041,.F.);
#1919=ORIENTED_EDGE('',*,*,#1915,.T.);
#1920=ORIENTED_EDGE('',*,*,#1117,.T.);
#1921=CARTESIAN_POINT('',(-38.173937762,9.089241902,30.064628828));
#1922=VERTEX_POINT('',#1921);
#1923=CARTESIAN_POINT('',(-38.173937762,9.089241902,30.064628828));
#1924=CARTESIAN_POINT('',(-38.097898344,9.013202484,29.984352836));
#1925=CARTESIAN_POINT('',(-38.011818237,8.939844201,29.915891085));
#1926=CARTESIAN_POINT('',(-37.913805123,8.871695908,29.859201293));
#1927=CARTESIAN_POINT('',(-37.815792008,8.803547615,29.802511501));
#1928=CARTESIAN_POINT('',(-37.703802826,8.73987075,29.757482952));
#1929=CARTESIAN_POINT('',(-37.58422961,8.687954851,29.731137077));
#1930=CARTESIAN_POINT('',(-37.464656394,8.636038951,29.704791202));
#1931=CARTESIAN_POINT('',(-37.334285876,8.594790237,29.696805771));
#1932=CARTESIAN_POINT('',(-37.205163085,8.568470347,29.711516311));
#1933=CARTESIAN_POINT('',(-37.076040294,8.542150456,29.726226851));
#1934=CARTESIAN_POINT('',(-36.944800399,8.5299986,29.763984622));
#1935=CARTESIAN_POINT('',(-36.823804997,8.5299986,29.823863948));
#1936=B_SPLINE_CURVE_WITH_KNOTS('',3,(#1923,#1924,#1925,#1926,#1927,#1928,#1929,#1930,#1931,#1932,#1933,#1934,#1935),.UNSPECIFIED.,.F.,.F.,(4,3,3,3,4),(0.,0.000395658,0.000791315,0.001186973,0.001582631),.UNSPECIFIED.);
#1937=EDGE_CURVE('',#1922,#1103,#1936,.T.);
#1938=ORIENTED_EDGE('',*,*,#1937,.F.);
#1939=CARTESIAN_POINT('',(-37.335835397,8.251139537,30.858500248));
#1940=DIRECTION('',(-0.707106781,-0.707106781,-0.));
#1941=DIRECTION('',(0.707106781,-0.707106781,0.));
#1942=AXIS2_PLACEMENT_3D('',#1939,#1940,#1941);
#1943=ELLIPSE('',#1942,1.632573063,1.154403484);
#1944=EDGE_CURVE('',#1874,#1922,#1943,.T.);
#1945=ORIENTED_EDGE('',*,*,#1944,.F.);
#1946=ORIENTED_EDGE('',*,*,#1895,.F.);
#1947=ORIENTED_EDGE('',*,*,#1126,.T.);
#1948=EDGE_LOOP('',(#1916,#1917,#1918,#1919,#1920,#1938,#1945,#1946,#1947));
#1949=FACE_BOUND('',#1948,.T.);
#1950=ADVANCED_FACE('',(#1949),#1910,.F.);
#1951=CARTESIAN_POINT('',(-36.823804997,10.439374667,28.727021669));
#1952=DIRECTION('',(-0.,-0.,1.));
#1953=DIRECTION('',(-0.,1.,0.));
#1954=AXIS2_PLACEMENT_3D('',#1951,#1952,#1953);
#1955=CYLINDRICAL_SURFACE('',#1954,1.909376067);
#1956=ORIENTED_EDGE('',*,*,#1937,.T.);
#1957=ORIENTED_EDGE('',*,*,#1108,.T.);
#1958=CARTESIAN_POINT('',(-37.335835397,8.599934036,27.258500248));
#1959=VERTEX_POINT('',#1958);
#1960=CARTESIAN_POINT('',(-36.823804997,8.5299986,27.295099503));
#1961=CARTESIAN_POINT('',(-36.996761438,8.5299986,27.270247132));
#1962=CARTESIAN_POINT('',(-37.167502548,8.553076565,27.258500248));
#1963=CARTESIAN_POINT('',(-37.335835397,8.599934036,27.258500248));
#1964=B_SPLINE_CURVE_WITH_KNOTS('',3,(#1960,#1961,#1962,#1963),.UNSPECIFIED.,.F.,.F.,(4,4),(0.,0.000518079),.UNSPECIFIED.);
#1965=EDGE_CURVE('',#1094,#1959,#1964,.T.);
#1966=ORIENTED_EDGE('',*,*,#1965,.T.);
#1967=CARTESIAN_POINT('',(-38.173937762,9.089241902,27.258500248));
#1968=VERTEX_POINT('',#1967);
#1969=CARTESIAN_POINT('',(-36.823804997,10.439374667,27.258500248));
#1970=DIRECTION('',(0.,0.,-1.));
#1971=DIRECTION('',(-1.,0.,-0.));
#1972=AXIS2_PLACEMENT_3D('',#1969,#1970,#1971);
#1973=CIRCLE('',#1972,1.909376067);
#1974=EDGE_CURVE('',#1959,#1968,#1973,.T.);
#1975=ORIENTED_EDGE('',*,*,#1974,.T.);
#1976=CARTESIAN_POINT('',(-38.173937762,9.089241902,27.258500248));
#1977=DIRECTION('',(-0.,-0.,1.));
#1978=VECTOR('',#1977,2.806128581);
#1979=LINE('',#1976,#1978);
#1980=EDGE_CURVE('',#1968,#1922,#1979,.T.);
#1981=ORIENTED_EDGE('',*,*,#1980,.T.);
#1982=EDGE_LOOP('',(#1956,#1957,#1966,#1975,#1981));
#1983=FACE_BOUND('',#1982,.T.);
#1984=ADVANCED_FACE('',(#1983),#1955,.F.);
#1985=CARTESIAN_POINT('',(-37.809866345,8.725170485,28.727021669));
#1986=DIRECTION('',(-0.707106781,-0.707106781,-0.));
#1987=DIRECTION('',(0.,0.,-1.));
#1988=AXIS2_PLACEMENT_3D('',#1985,#1986,#1987);
#1989=PLANE('',#1988);
#1990=ORIENTED_EDGE('',*,*,#1944,.T.);
#1991=ORIENTED_EDGE('',*,*,#1980,.F.);
#1992=CARTESIAN_POINT('',(-40.7553514,11.67065554,27.258500248));
#1993=VERTEX_POINT('',#1992);
#1994=CARTESIAN_POINT('',(-38.173937762,9.089241902,27.258500248));
#1995=DIRECTION('',(-0.707106781,0.707106781,-0.));
#1996=VECTOR('',#1995,3.650670178);
#1997=LINE('',#1994,#1996);
#1998=EDGE_CURVE('',#1968,#1993,#1997,.T.);
#1999=ORIENTED_EDGE('',*,*,#1998,.T.);
#2000=CARTESIAN_POINT('',(-40.7553514,11.67065554,34.458500248));
#2001=VERTEX_POINT('',#2000);
#2002=CARTESIAN_POINT('',(-40.7553514,11.67065554,34.458500248));
#2003=DIRECTION('',(0.,0.,-1.));
#2004=VECTOR('',#2003,7.2);
#2005=LINE('',#2002,#2004);
#2006=EDGE_CURVE('',#2001,#1993,#2005,.T.);
#2007=ORIENTED_EDGE('',*,*,#2006,.F.);
#2008=CARTESIAN_POINT('',(-40.7553514,11.67065554,34.458500248));
#2009=DIRECTION('',(0.707106781,-0.707106781,0.));
#2010=VECTOR('',#2009,3.650670178);
#2011=LINE('',#2008,#2010);
#2012=EDGE_CURVE('',#2001,#1863,#2011,.T.);
#2013=ORIENTED_EDGE('',*,*,#2012,.T.);
#2014=ORIENTED_EDGE('',*,*,#1901,.F.);
#2015=EDGE_LOOP('',(#1990,#1991,#1999,#2007,#2013,#2014));
#2016=FACE_BOUND('',#2015,.T.);
#2017=ADVANCED_FACE('',(#2016),#1989,.F.);
#2018=CARTESIAN_POINT('',(-39.405218635,13.020788305,33.458500248));
#2019=DIRECTION('',(-0.,-0.,1.));
#2020=DIRECTION('',(-0.,1.,0.));
#2021=AXIS2_PLACEMENT_3D('',#2018,#2019,#2020);
#2022=CYLINDRICAL_SURFACE('',#2021,1.909376067);
#2023=CARTESIAN_POINT('',(-41.314594702,13.020788305,27.258500248));
#2024=VERTEX_POINT('',#2023);
#2025=CARTESIAN_POINT('',(-39.405218635,13.020788305,27.258500248));
#2026=DIRECTION('',(0.,0.,-1.));
#2027=DIRECTION('',(-1.,0.,-0.));
#2028=AXIS2_PLACEMENT_3D('',#2025,#2026,#2027);
#2029=CIRCLE('',#2028,1.909376067);
#2030=EDGE_CURVE('',#1993,#2024,#2029,.T.);
#2031=ORIENTED_EDGE('',*,*,#2030,.T.);
#2032=CARTESIAN_POINT('',(-41.314594702,13.020788305,34.458500248));
#2033=VERTEX_POINT('',#2032);
#2034=CARTESIAN_POINT('',(-41.314594702,13.020788305,34.458500248));
#2035=DIRECTION('',(0.,0.,-1.));
#2036=VECTOR('',#2035,7.2);
#2037=LINE('',#2034,#2036);
#2038=EDGE_CURVE('',#2033,#2024,#2037,.T.);
#2039=ORIENTED_EDGE('',*,*,#2038,.F.);
#2040=CARTESIAN_POINT('',(-39.405218635,13.020788305,34.458500248));
#2041=DIRECTION('',(-0.,0.,1.));
#2042=DIRECTION('',(1.,0.,0.));
#2043=AXIS2_PLACEMENT_3D('',#2040,#2041,#2042);
#2044=CIRCLE('',#2043,1.909376067);
#2045=EDGE_CURVE('',#2033,#2001,#2044,.T.);
#2046=ORIENTED_EDGE('',*,*,#2045,.T.);
#2047=ORIENTED_EDGE('',*,*,#2006,.T.);
#2048=EDGE_LOOP('',(#2031,#2039,#2046,#2047));
#2049=FACE_BOUND('',#2048,.T.);
#2050=ADVANCED_FACE('',(#2049),#2022,.F.);
#2051=CARTESIAN_POINT('',(-36.823804997,37.931398667,28.727021669));
#2052=DIRECTION('',(-0.,-0.,1.));
#2053=DIRECTION('',(-0.,-1.,-0.));
#2054=AXIS2_PLACEMENT_3D('',#2051,#2052,#2053);
#2055=CYLINDRICAL_SURFACE('',#2054,1.909376067);
#2056=CARTESIAN_POINT('',(-38.173937762,39.281531432,30.064628828));
#2057=VERTEX_POINT('',#2056);
#2058=CARTESIAN_POINT('',(-38.173937762,39.281531432,30.064628828));
#2059=CARTESIAN_POINT('',(-38.097898344,39.357570849,29.984352836));
#2060=CARTESIAN_POINT('',(-38.011818237,39.430929133,29.915891085));
#2061=CARTESIAN_POINT('',(-37.913805123,39.499077426,29.859201293));
#2062=CARTESIAN_POINT('',(-37.815792008,39.567225719,29.802511501));
#2063=CARTESIAN_POINT('',(-37.703802826,39.630902584,29.757482952));
#2064=CARTESIAN_POINT('',(-37.58422961,39.682818483,29.731137077));
#2065=CARTESIAN_POINT('',(-37.464656394,39.734734382,29.704791202));
#2066=CARTESIAN_POINT('',(-37.334285876,39.775983096,29.696805771));
#2067=CARTESIAN_POINT('',(-37.205163085,39.802302987,29.711516311));
#2068=CARTESIAN_POINT('',(-37.076040294,39.828622877,29.726226851));
#2069=CARTESIAN_POINT('',(-36.944800399,39.840774734,29.763984622));
#2070=CARTESIAN_POINT('',(-36.823804997,39.840774734,29.823863948));
#2071=B_SPLINE_CURVE_WITH_KNOTS('',3,(#2058,#2059,#2060,#2061,#2062,#2063,#2064,#2065,#2066,#2067,#2068,#2069,#2070),.UNSPECIFIED.,.F.,.F.,(4,3,3,3,4),(0.,0.000395658,0.000791315,0.001186973,0.001582631),.UNSPECIFIED.);
#2072=EDGE_CURVE('',#2057,#1424,#2071,.T.);
#2073=ORIENTED_EDGE('',*,*,#2072,.F.);
#2074=CARTESIAN_POINT('',(-38.173937762,39.281531432,27.258500248));
#2075=VERTEX_POINT('',#2074);
#2076=CARTESIAN_POINT('',(-38.173937762,39.281531432,27.258500248));
#2077=DIRECTION('',(-0.,-0.,1.));
#2078=VECTOR('',#2077,2.806128581);
#2079=LINE('',#2076,#2078);
#2080=EDGE_CURVE('',#2075,#2057,#2079,.T.);
#2081=ORIENTED_EDGE('',*,*,#2080,.F.);
#2082=CARTESIAN_POINT('',(-36.823804997,37.931398667,27.258500248));
#2083=DIRECTION('',(-0.,-0.,1.));
#2084=DIRECTION('',(-1.,0.,-0.));
#2085=AXIS2_PLACEMENT_3D('',#2082,#2083,#2084);
#2086=CIRCLE('',#2085,1.909376067);
#2087=EDGE_CURVE('',#1373,#2075,#2086,.T.);
#2088=ORIENTED_EDGE('',*,*,#2087,.F.);
#2089=ORIENTED_EDGE('',*,*,#1379,.F.);
#2090=ORIENTED_EDGE('',*,*,#1436,.F.);
#2091=EDGE_LOOP('',(#2073,#2081,#2088,#2089,#2090));
#2092=FACE_BOUND('',#2091,.T.);
#2093=ADVANCED_FACE('',(#2092),#2055,.F.);
#2094=CARTESIAN_POINT('',(-37.335835397,22.876113553,30.858500248));
#2095=DIRECTION('',(0.,1.,0.));
#2096=DIRECTION('',(1.,-0.,0.));
#2097=AXIS2_PLACEMENT_3D('',#2094,#2095,#2096);
#2098=CYLINDRICAL_SURFACE('',#2097,1.154403484);
#2099=CARTESIAN_POINT('',(-36.181431913,42.007032187,30.858500248));
#2100=DIRECTION('',(-0.,-1.,-0.));
#2101=VECTOR('',#2100,2.166257453);
#2102=LINE('',#2099,#2101);
#2103=EDGE_CURVE('',#1330,#1415,#2102,.T.);
#2104=ORIENTED_EDGE('',*,*,#2103,.F.);
#2105=ORIENTED_EDGE('',*,*,#1338,.T.);
#2106=ORIENTED_EDGE('',*,*,#1345,.T.);
#2107=ORIENTED_EDGE('',*,*,#2103,.T.);
#2108=ORIENTED_EDGE('',*,*,#1421,.F.);
#2109=CARTESIAN_POINT('',(-38.173937762,39.281531432,31.652371667));
#2110=VERTEX_POINT('',#2109);
#2111=CARTESIAN_POINT('',(-36.823804997,39.840774734,31.893136547));
#2112=CARTESIAN_POINT('',(-36.884138988,39.840774734,31.922995192));
#2113=CARTESIAN_POINT('',(-36.94607203,39.837920469,31.947123419));
#2114=CARTESIAN_POINT('',(-37.009469906,39.831726404,31.965809134));
#2115=CARTESIAN_POINT('',(-37.072867782,39.825532338,31.984494849));
#2116=CARTESIAN_POINT('',(-37.138467283,39.815838149,31.997790736));
#2117=CARTESIAN_POINT('',(-37.203530572,39.80263501,32.00529702));
#2118=CARTESIAN_POINT('',(-37.26859386,39.789431871,32.012803304));
#2119=CARTESIAN_POINT('',(-37.332869093,39.772864797,32.014648365));
#2120=CARTESIAN_POINT('',(-37.396341699,39.75291416,32.011316968));
#2121=CARTESIAN_POINT('',(-37.459814305,39.732963522,32.007985572));
#2122=CARTESIAN_POINT('',(-37.522745448,39.709449485,31.999322682));
#2123=CARTESIAN_POINT('',(-37.582675747,39.683492315,31.986204662));
#2124=CARTESIAN_POINT('',(-37.702536344,39.631577975,31.959968622));
#2125=CARTESIAN_POINT('',(-37.814142893,39.568257997,31.915280871));
#2126=CARTESIAN_POINT('',(-37.912585263,39.499924885,31.858503746));
#2127=CARTESIAN_POINT('',(-38.011027633,39.431591773,31.801726621));
#2128=CARTESIAN_POINT('',(-38.097957354,39.357511839,31.732585361));
#2129=CARTESIAN_POINT('',(-38.173937762,39.281531432,31.652371667));
#2130=B_SPLINE_CURVE_WITH_KNOTS('',3,(#2111,#2112,#2113,#2114,#2115,#2116,#2117,#2118,#2119,#2120,#2121,#2122,#2123,#2124,#2125,#2126,#2127,#2128,#2129),.UNSPECIFIED.,.F.,.F.,(4,3,3,3,3,3,4),(0.,0.000199077,0.000398154,0.000597231,0.000796308,0.001194462,0.001592616),.UNSPECIFIED.);
#2131=EDGE_CURVE('',#1407,#2110,#2130,.T.);
#2132=ORIENTED_EDGE('',*,*,#2131,.T.);
#2133=CARTESIAN_POINT('',(-37.335835397,40.119633796,30.858500248));
#2134=DIRECTION('',(0.707106781,-0.707106781,0.));
#2135=DIRECTION('',(0.707106781,0.707106781,0.));
#2136=AXIS2_PLACEMENT_3D('',#2133,#2134,#2135);
#2137=ELLIPSE('',#2136,1.632573063,1.154403484);
#2138=EDGE_CURVE('',#2110,#2057,#2137,.T.);
#2139=ORIENTED_EDGE('',*,*,#2138,.T.);
#2140=ORIENTED_EDGE('',*,*,#2072,.T.);
#2141=ORIENTED_EDGE('',*,*,#1430,.F.);
#2142=EDGE_LOOP('',(#2104,#2105,#2106,#2107,#2108,#2132,#2139,#2140,#2141));
#2143=FACE_BOUND('',#2142,.T.);
#2144=ADVANCED_FACE('',(#2143),#2098,.F.);
#2145=CARTESIAN_POINT('',(-36.823804997,37.931398667,28.727021669));
#2146=DIRECTION('',(-0.,-0.,1.));
#2147=DIRECTION('',(-0.,-1.,-0.));
#2148=AXIS2_PLACEMENT_3D('',#2145,#2146,#2147);
#2149=CYLINDRICAL_SURFACE('',#2148,1.909376067);
#2150=CARTESIAN_POINT('',(-38.173937762,39.281531432,34.458500248));
#2151=VERTEX_POINT('',#2150);
#2152=CARTESIAN_POINT('',(-37.335835397,39.770839298,34.458500248));
#2153=VERTEX_POINT('',#2152);
#2154=CARTESIAN_POINT('',(-36.823804997,37.931398667,34.458500248));
#2155=DIRECTION('',(0.,0.,-1.));
#2156=DIRECTION('',(1.,-0.,0.));
#2157=AXIS2_PLACEMENT_3D('',#2154,#2155,#2156);
#2158=CIRCLE('',#2157,1.909376067);
#2159=EDGE_CURVE('',#2151,#2153,#2158,.T.);
#2160=ORIENTED_EDGE('',*,*,#2159,.F.);
#2161=CARTESIAN_POINT('',(-38.173937762,39.281531432,31.652371667));
#2162=DIRECTION('',(-0.,-0.,1.));
#2163=VECTOR('',#2162,2.806128581);
#2164=LINE('',#2161,#2163);
#2165=EDGE_CURVE('',#2110,#2151,#2164,.T.);
#2166=ORIENTED_EDGE('',*,*,#2165,.F.);
#2167=ORIENTED_EDGE('',*,*,#2131,.F.);
#2168=ORIENTED_EDGE('',*,*,#1412,.F.);
#2169=CARTESIAN_POINT('',(-37.335835397,39.770839298,34.458500248));
#2170=CARTESIAN_POINT('',(-37.251668973,39.794268033,34.458500248));
#2171=CARTESIAN_POINT('',(-37.166890453,39.811672193,34.455551558));
#2172=CARTESIAN_POINT('',(-37.081544084,39.823299174,34.449507896));
#2173=CARTESIAN_POINT('',(-37.038870899,39.829112664,34.446486064));
#2174=CARTESIAN_POINT('',(-36.996055081,39.83347665,34.442689934));
#2175=CARTESIAN_POINT('',(-36.953098382,39.836392154,34.438096926));
#2176=CARTESIAN_POINT('',(-36.931620032,39.837849906,34.435800421));
#2177=CARTESIAN_POINT('',(-36.910106426,39.838945237,34.433304645));
#2178=CARTESIAN_POINT('',(-36.888557555,39.839676443,34.430606423));
#2179=CARTESIAN_POINT('',(-36.867008685,39.840407649,34.427908202));
#2180=CARTESIAN_POINT('',(-36.846257673,39.840774734,34.425127251));
#2181=CARTESIAN_POINT('',(-36.823804997,39.840774734,34.421900992));
#2182=B_SPLINE_CURVE_WITH_KNOTS('',3,(#2169,#2170,#2171,#2172,#2173,#2174,#2175,#2176,#2177,#2178,#2179,#2180,#2181),.UNSPECIFIED.,.F.,.F.,(4,3,3,3,4),(0.,0.000259039,0.000388559,0.000453319,0.000518079),.UNSPECIFIED.);
#2183=EDGE_CURVE('',#2153,#1398,#2182,.T.);
#2184=ORIENTED_EDGE('',*,*,#2183,.F.);
#2185=EDGE_LOOP('',(#2160,#2166,#2167,#2168,#2184));
#2186=FACE_BOUND('',#2185,.T.);
#2187=ADVANCED_FACE('',(#2186),#2149,.F.);
#2188=CARTESIAN_POINT('',(-37.809866345,39.645602848,28.727021669));
#2189=DIRECTION('',(-0.707106781,0.707106781,-0.));
#2190=DIRECTION('',(0.,0.,-1.));
#2191=AXIS2_PLACEMENT_3D('',#2188,#2189,#2190);
#2192=PLANE('',#2191);
#2193=ORIENTED_EDGE('',*,*,#2138,.F.);
#2194=ORIENTED_EDGE('',*,*,#2165,.T.);
#2195=CARTESIAN_POINT('',(-40.7553514,36.700117793,34.458500248));
#2196=VERTEX_POINT('',#2195);
#2197=CARTESIAN_POINT('',(-40.7553514,36.700117793,34.458500248));
#2198=DIRECTION('',(0.707106781,0.707106781,0.));
#2199=VECTOR('',#2198,3.650670178);
#2200=LINE('',#2197,#2199);
#2201=EDGE_CURVE('',#2196,#2151,#2200,.T.);
#2202=ORIENTED_EDGE('',*,*,#2201,.F.);
#2203=CARTESIAN_POINT('',(-40.7553514,36.700117793,27.258500248));
#2204=VERTEX_POINT('',#2203);
#2205=CARTESIAN_POINT('',(-40.7553514,36.700117793,34.458500248));
#2206=DIRECTION('',(0.,0.,-1.));
#2207=VECTOR('',#2206,7.2);
#2208=LINE('',#2205,#2207);
#2209=EDGE_CURVE('',#2196,#2204,#2208,.T.);
#2210=ORIENTED_EDGE('',*,*,#2209,.T.);
#2211=CARTESIAN_POINT('',(-38.173937762,39.281531432,27.258500248));
#2212=DIRECTION('',(-0.707106781,-0.707106781,-0.));
#2213=VECTOR('',#2212,3.650670178);
#2214=LINE('',#2211,#2213);
#2215=EDGE_CURVE('',#2075,#2204,#2214,.T.);
#2216=ORIENTED_EDGE('',*,*,#2215,.F.);
#2217=ORIENTED_EDGE('',*,*,#2080,.T.);
#2218=EDGE_LOOP('',(#2193,#2194,#2202,#2210,#2216,#2217));
#2219=FACE_BOUND('',#2218,.T.);
#2220=ADVANCED_FACE('',(#2219),#2192,.F.);
#2221=CARTESIAN_POINT('',(-39.405218635,35.349985028,33.458500248));
#2222=DIRECTION('',(-0.,-0.,1.));
#2223=DIRECTION('',(-0.,-1.,-0.));
#2224=AXIS2_PLACEMENT_3D('',#2221,#2222,#2223);
#2225=CYLINDRICAL_SURFACE('',#2224,1.909376067);
#2226=CARTESIAN_POINT('',(-41.314594702,35.349985028,27.258500248));
#2227=VERTEX_POINT('',#2226);
#2228=CARTESIAN_POINT('',(-39.405218635,35.349985028,27.258500248));
#2229=DIRECTION('',(-0.,-0.,1.));
#2230=DIRECTION('',(-1.,0.,-0.));
#2231=AXIS2_PLACEMENT_3D('',#2228,#2229,#2230);
#2232=CIRCLE('',#2231,1.909376067);
#2233=EDGE_CURVE('',#2204,#2227,#2232,.T.);
#2234=ORIENTED_EDGE('',*,*,#2233,.F.);
#2235=ORIENTED_EDGE('',*,*,#2209,.F.);
#2236=CARTESIAN_POINT('',(-41.314594702,35.349985028,34.458500248));
#2237=VERTEX_POINT('',#2236);
#2238=CARTESIAN_POINT('',(-39.405218635,35.349985028,34.458500248));
#2239=DIRECTION('',(0.,0.,-1.));
#2240=DIRECTION('',(1.,-0.,0.));
#2241=AXIS2_PLACEMENT_3D('',#2238,#2239,#2240);
#2242=CIRCLE('',#2241,1.909376067);
#2243=EDGE_CURVE('',#2237,#2196,#2242,.T.);
#2244=ORIENTED_EDGE('',*,*,#2243,.F.);
#2245=CARTESIAN_POINT('',(-41.314594702,35.349985028,34.458500248));
#2246=DIRECTION('',(0.,0.,-1.));
#2247=VECTOR('',#2246,7.2);
#2248=LINE('',#2245,#2247);
#2249=EDGE_CURVE('',#2237,#2227,#2248,.T.);
#2250=ORIENTED_EDGE('',*,*,#2249,.T.);
#2251=EDGE_LOOP('',(#2234,#2235,#2244,#2250));
#2252=FACE_BOUND('',#2251,.T.);
#2253=ADVANCED_FACE('',(#2252),#2225,.F.);
#2254=CARTESIAN_POINT('',(-36.823804997,37.931398667,13.689963176));
#2255=DIRECTION('',(-0.,-0.,1.));
#2256=DIRECTION('',(-0.,-1.,-0.));
#2257=AXIS2_PLACEMENT_3D('',#2254,#2255,#2256);
#2258=CYLINDRICAL_SURFACE('',#2257,1.909376067);
#2259=CARTESIAN_POINT('',(-38.173937762,39.281531432,15.027570335));
#2260=VERTEX_POINT('',#2259);
#2261=CARTESIAN_POINT('',(-38.173937762,39.281531432,15.027570335));
#2262=CARTESIAN_POINT('',(-38.097898344,39.357570849,14.947294343));
#2263=CARTESIAN_POINT('',(-38.011818237,39.430929133,14.878832592));
#2264=CARTESIAN_POINT('',(-37.913805123,39.499077426,14.8221428));
#2265=CARTESIAN_POINT('',(-37.815792008,39.567225719,14.765453008));
#2266=CARTESIAN_POINT('',(-37.703802826,39.630902584,14.720424459));
#2267=CARTESIAN_POINT('',(-37.58422961,39.682818483,14.694078584));
#2268=CARTESIAN_POINT('',(-37.464656394,39.734734382,14.667732709));
#2269=CARTESIAN_POINT('',(-37.334285876,39.775983096,14.659747278));
#2270=CARTESIAN_POINT('',(-37.205163085,39.802302987,14.674457818));
#2271=CARTESIAN_POINT('',(-37.076040294,39.828622877,14.689168358));
#2272=CARTESIAN_POINT('',(-36.944800399,39.840774734,14.726926129));
#2273=CARTESIAN_POINT('',(-36.823804997,39.840774734,14.786805455));
#2274=B_SPLINE_CURVE_WITH_KNOTS('',3,(#2261,#2262,#2263,#2264,#2265,#2266,#2267,#2268,#2269,#2270,#2271,#2272,#2273),.UNSPECIFIED.,.F.,.F.,(4,3,3,3,4),(0.,0.000395658,0.000791315,0.001186973,0.001582631),.UNSPECIFIED.);
#2275=EDGE_CURVE('',#2260,#1272,#2274,.T.);
#2276=ORIENTED_EDGE('',*,*,#2275,.F.);
#2277=CARTESIAN_POINT('',(-38.173937762,39.281531432,12.221441755));
#2278=VERTEX_POINT('',#2277);
#2279=CARTESIAN_POINT('',(-38.173937762,39.281531432,12.221441755));
#2280=DIRECTION('',(-0.,-0.,1.));
#2281=VECTOR('',#2280,2.806128581);
#2282=LINE('',#2279,#2281);
#2283=EDGE_CURVE('',#2278,#2260,#2282,.T.);
#2284=ORIENTED_EDGE('',*,*,#2283,.F.);
#2285=CARTESIAN_POINT('',(-36.823804997,37.931398667,12.221441755));
#2286=DIRECTION('',(-0.,-0.,1.));
#2287=DIRECTION('',(-1.,0.,-0.));
#2288=AXIS2_PLACEMENT_3D('',#2285,#2286,#2287);
#2289=CIRCLE('',#2288,1.909376067);
#2290=EDGE_CURVE('',#1221,#2278,#2289,.T.);
#2291=ORIENTED_EDGE('',*,*,#2290,.F.);
#2292=ORIENTED_EDGE('',*,*,#1227,.F.);
#2293=ORIENTED_EDGE('',*,*,#1284,.F.);
#2294=EDGE_LOOP('',(#2276,#2284,#2291,#2292,#2293));
#2295=FACE_BOUND('',#2294,.T.);
#2296=ADVANCED_FACE('',(#2295),#2258,.F.);
#2297=CARTESIAN_POINT('',(-37.335835397,22.876113553,15.821441755));
#2298=DIRECTION('',(0.,1.,0.));
#2299=DIRECTION('',(1.,-0.,0.));
#2300=AXIS2_PLACEMENT_3D('',#2297,#2298,#2299);
#2301=CYLINDRICAL_SURFACE('',#2300,1.154403484);
#2302=CARTESIAN_POINT('',(-36.181431913,42.007032187,15.821441755));
#2303=DIRECTION('',(-0.,-1.,-0.));
#2304=VECTOR('',#2303,2.166257453);
#2305=LINE('',#2302,#2304);
#2306=EDGE_CURVE('',#1178,#1263,#2305,.T.);
#2307=ORIENTED_EDGE('',*,*,#2306,.F.);
#2308=ORIENTED_EDGE('',*,*,#1186,.T.);
#2309=ORIENTED_EDGE('',*,*,#1193,.T.);
#2310=ORIENTED_EDGE('',*,*,#2306,.T.);
#2311=ORIENTED_EDGE('',*,*,#1269,.F.);
#2312=CARTESIAN_POINT('',(-38.173937762,39.281531432,16.615313174));
#2313=VERTEX_POINT('',#2312);
#2314=CARTESIAN_POINT('',(-36.823804997,39.840774734,16.856078054));
#2315=CARTESIAN_POINT('',(-36.884138988,39.840774734,16.885936699));
#2316=CARTESIAN_POINT('',(-36.94607203,39.837920469,16.910064926));
#2317=CARTESIAN_POINT('',(-37.009469906,39.831726404,16.928750641));
#2318=CARTESIAN_POINT('',(-37.072867782,39.825532338,16.947436356));
#2319=CARTESIAN_POINT('',(-37.138467283,39.815838149,16.960732243));
#2320=CARTESIAN_POINT('',(-37.203530572,39.80263501,16.968238527));
#2321=CARTESIAN_POINT('',(-37.26859386,39.789431871,16.975744811));
#2322=CARTESIAN_POINT('',(-37.332869093,39.772864797,16.977589872));
#2323=CARTESIAN_POINT('',(-37.396341699,39.75291416,16.974258475));
#2324=CARTESIAN_POINT('',(-37.459814305,39.732963522,16.970927078));
#2325=CARTESIAN_POINT('',(-37.522745448,39.709449485,16.962264189));
#2326=CARTESIAN_POINT('',(-37.582675747,39.683492315,16.949146169));
#2327=CARTESIAN_POINT('',(-37.702536344,39.631577975,16.922910129));
#2328=CARTESIAN_POINT('',(-37.814142893,39.568257997,16.878222378));
#2329=CARTESIAN_POINT('',(-37.912585263,39.499924885,16.821445253));
#2330=CARTESIAN_POINT('',(-38.011027633,39.431591773,16.764668128));
#2331=CARTESIAN_POINT('',(-38.097957354,39.357511839,16.695526868));
#2332=CARTESIAN_POINT('',(-38.173937762,39.281531432,16.615313174));
#2333=B_SPLINE_CURVE_WITH_KNOTS('',3,(#2314,#2315,#2316,#2317,#2318,#2319,#2320,#2321,#2322,#2323,#2324,#2325,#2326,#2327,#2328,#2329,#2330,#2331,#2332),.UNSPECIFIED.,.F.,.F.,(4,3,3,3,3,3,4),(0.,0.000199077,0.000398154,0.000597231,0.000796308,0.001194462,0.001592616),.UNSPECIFIED.);
#2334=EDGE_CURVE('',#1255,#2313,#2333,.T.);
#2335=ORIENTED_EDGE('',*,*,#2334,.T.);
#2336=CARTESIAN_POINT('',(-37.335835397,40.119633796,15.821441755));
#2337=DIRECTION('',(0.707106781,-0.707106781,0.));
#2338=DIRECTION('',(0.707106781,0.707106781,0.));
#2339=AXIS2_PLACEMENT_3D('',#2336,#2337,#2338);
#2340=ELLIPSE('',#2339,1.632573063,1.154403484);
#2341=EDGE_CURVE('',#2313,#2260,#2340,.T.);
#2342=ORIENTED_EDGE('',*,*,#2341,.T.);
#2343=ORIENTED_EDGE('',*,*,#2275,.T.);
#2344=ORIENTED_EDGE('',*,*,#1278,.F.);
#2345=EDGE_LOOP('',(#2307,#2308,#2309,#2310,#2311,#2335,#2342,#2343,#2344));
#2346=FACE_BOUND('',#2345,.T.);
#2347=ADVANCED_FACE('',(#2346),#2301,.F.);
#2348=CARTESIAN_POINT('',(-36.823804997,37.931398667,13.689963176));
#2349=DIRECTION('',(-0.,-0.,1.));
#2350=DIRECTION('',(-0.,-1.,-0.));
#2351=AXIS2_PLACEMENT_3D('',#2348,#2349,#2350);
#2352=CYLINDRICAL_SURFACE('',#2351,1.909376067);
#2353=CARTESIAN_POINT('',(-38.173937762,39.281531432,19.421441755));
#2354=VERTEX_POINT('',#2353);
#2355=CARTESIAN_POINT('',(-37.335835397,39.770839298,19.421441755));
#2356=VERTEX_POINT('',#2355);
#2357=CARTESIAN_POINT('',(-36.823804997,37.931398667,19.421441755));
#2358=DIRECTION('',(0.,0.,-1.));
#2359=DIRECTION('',(1.,-0.,0.));
#2360=AXIS2_PLACEMENT_3D('',#2357,#2358,#2359);
#2361=CIRCLE('',#2360,1.909376067);
#2362=EDGE_CURVE('',#2354,#2356,#2361,.T.);
#2363=ORIENTED_EDGE('',*,*,#2362,.F.);
#2364=CARTESIAN_POINT('',(-38.173937762,39.281531432,16.615313174));
#2365=DIRECTION('',(-0.,-0.,1.));
#2366=VECTOR('',#2365,2.806128581);
#2367=LINE('',#2364,#2366);
#2368=EDGE_CURVE('',#2313,#2354,#2367,.T.);
#2369=ORIENTED_EDGE('',*,*,#2368,.F.);
#2370=ORIENTED_EDGE('',*,*,#2334,.F.);
#2371=ORIENTED_EDGE('',*,*,#1260,.F.);
#2372=CARTESIAN_POINT('',(-37.335835397,39.770839298,19.421441755));
#2373=CARTESIAN_POINT('',(-37.251668973,39.794268033,19.421441755));
#2374=CARTESIAN_POINT('',(-37.166890453,39.811672193,19.418493065));
#2375=CARTESIAN_POINT('',(-37.081544084,39.823299174,19.412449402));
#2376=CARTESIAN_POINT('',(-37.038870899,39.829112664,19.409427571));
#2377=CARTESIAN_POINT('',(-36.996055081,39.83347665,19.405631441));
#2378=CARTESIAN_POINT('',(-36.953098382,39.836392154,19.401038432));
#2379=CARTESIAN_POINT('',(-36.931620032,39.837849906,19.398741928));
#2380=CARTESIAN_POINT('',(-36.910106426,39.838945237,19.396246151));
#2381=CARTESIAN_POINT('',(-36.888557555,39.839676443,19.39354793));
#2382=CARTESIAN_POINT('',(-36.867008685,39.840407649,19.390849709));
#2383=CARTESIAN_POINT('',(-36.846257673,39.840774734,19.388068758));
#2384=CARTESIAN_POINT('',(-36.823804997,39.840774734,19.384842499));
#2385=B_SPLINE_CURVE_WITH_KNOTS('',3,(#2372,#2373,#2374,#2375,#2376,#2377,#2378,#2379,#2380,#2381,#2382,#2383,#2384),.UNSPECIFIED.,.F.,.F.,(4,3,3,3,4),(0.,0.000259039,0.000388559,0.000453319,0.000518079),.UNSPECIFIED.);
#2386=EDGE_CURVE('',#2356,#1246,#2385,.T.);
#2387=ORIENTED_EDGE('',*,*,#2386,.F.);
#2388=EDGE_LOOP('',(#2363,#2369,#2370,#2371,#2387));
#2389=FACE_BOUND('',#2388,.T.);
#2390=ADVANCED_FACE('',(#2389),#2352,.F.);
#2391=CARTESIAN_POINT('',(-37.809866345,39.645602848,13.689963176));
#2392=DIRECTION('',(-0.707106781,0.707106781,-0.));
#2393=DIRECTION('',(0.,0.,-1.));
#2394=AXIS2_PLACEMENT_3D('',#2391,#2392,#2393);
#2395=PLANE('',#2394);
#2396=ORIENTED_EDGE('',*,*,#2341,.F.);
#2397=ORIENTED_EDGE('',*,*,#2368,.T.);
#2398=CARTESIAN_POINT('',(-40.7553514,36.700117793,19.421441755));
#2399=VERTEX_POINT('',#2398);
#2400=CARTESIAN_POINT('',(-40.7553514,36.700117793,19.421441755));
#2401=DIRECTION('',(0.707106781,0.707106781,0.));
#2402=VECTOR('',#2401,3.650670178);
#2403=LINE('',#2400,#2402);
#2404=EDGE_CURVE('',#2399,#2354,#2403,.T.);
#2405=ORIENTED_EDGE('',*,*,#2404,.F.);
#2406=CARTESIAN_POINT('',(-40.7553514,36.700117793,12.221441755));
#2407=VERTEX_POINT('',#2406);
#2408=CARTESIAN_POINT('',(-40.7553514,36.700117793,19.421441755));
#2409=DIRECTION('',(0.,0.,-1.));
#2410=VECTOR('',#2409,7.2);
#2411=LINE('',#2408,#2410);
#2412=EDGE_CURVE('',#2399,#2407,#2411,.T.);
#2413=ORIENTED_EDGE('',*,*,#2412,.T.);
#2414=CARTESIAN_POINT('',(-38.173937762,39.281531432,12.221441755));
#2415=DIRECTION('',(-0.707106781,-0.707106781,-0.));
#2416=VECTOR('',#2415,3.650670178);
#2417=LINE('',#2414,#2416);
#2418=EDGE_CURVE('',#2278,#2407,#2417,.T.);
#2419=ORIENTED_EDGE('',*,*,#2418,.F.);
#2420=ORIENTED_EDGE('',*,*,#2283,.T.);
#2421=EDGE_LOOP('',(#2396,#2397,#2405,#2413,#2419,#2420));
#2422=FACE_BOUND('',#2421,.T.);
#2423=ADVANCED_FACE('',(#2422),#2395,.F.);
#2424=CARTESIAN_POINT('',(-39.405218635,35.349985028,18.421441755));
#2425=DIRECTION('',(-0.,-0.,1.));
#2426=DIRECTION('',(-0.,-1.,-0.));
#2427=AXIS2_PLACEMENT_3D('',#2424,#2425,#2426);
#2428=CYLINDRICAL_SURFACE('',#2427,1.909376067);
#2429=CARTESIAN_POINT('',(-41.314594702,35.349985028,12.221441755));
#2430=VERTEX_POINT('',#2429);
#2431=CARTESIAN_POINT('',(-39.405218635,35.349985028,12.221441755));
#2432=DIRECTION('',(-0.,-0.,1.));
#2433=DIRECTION('',(-1.,0.,-0.));
#2434=AXIS2_PLACEMENT_3D('',#2431,#2432,#2433);
#2435=CIRCLE('',#2434,1.909376067);
#2436=EDGE_CURVE('',#2407,#2430,#2435,.T.);
#2437=ORIENTED_EDGE('',*,*,#2436,.F.);
#2438=ORIENTED_EDGE('',*,*,#2412,.F.);
#2439=CARTESIAN_POINT('',(-41.314594702,35.349985028,19.421441755));
#2440=VERTEX_POINT('',#2439);
#2441=CARTESIAN_POINT('',(-39.405218635,35.349985028,19.421441755));
#2442=DIRECTION('',(0.,0.,-1.));
#2443=DIRECTION('',(1.,-0.,0.));
#2444=AXIS2_PLACEMENT_3D('',#2441,#2442,#2443);
#2445=CIRCLE('',#2444,1.909376067);
#2446=EDGE_CURVE('',#2440,#2399,#2445,.T.);
#2447=ORIENTED_EDGE('',*,*,#2446,.F.);
#2448=CARTESIAN_POINT('',(-41.314594702,35.349985028,19.421441755));
#2449=DIRECTION('',(0.,0.,-1.));
#2450=VECTOR('',#2449,7.2);
#2451=LINE('',#2448,#2450);
#2452=EDGE_CURVE('',#2440,#2430,#2451,.T.);
#2453=ORIENTED_EDGE('',*,*,#2452,.T.);
#2454=EDGE_LOOP('',(#2437,#2438,#2447,#2453));
#2455=FACE_BOUND('',#2454,.T.);
#2456=ADVANCED_FACE('',(#2455),#2428,.F.);
#2457=CARTESIAN_POINT('',(-51.828210791,17.279770264,19.421441755));
#2458=DIRECTION('',(0.,0.,-1.));
#2459=DIRECTION('',(1.,0.,0.));
#2460=AXIS2_PLACEMENT_3D('',#2457,#2458,#2459);
#2461=PLANE('',#2460);
#2462=ORIENTED_EDGE('',*,*,#164,.F.);
#2463=ORIENTED_EDGE('',*,*,#862,.T.);
#2464=ORIENTED_EDGE('',*,*,#929,.F.);
#2465=ORIENTED_EDGE('',*,*,#1675,.F.);
#2466=ORIENTED_EDGE('',*,*,#1818,.F.);
#2467=ORIENTED_EDGE('',*,*,#1851,.F.);
#2468=CARTESIAN_POINT('',(-44.291178492,13.020788305,19.421441755));
#2469=DIRECTION('',(1.,-0.,0.));
#2470=VECTOR('',#2469,2.976583789);
#2471=LINE('',#2468,#2470);
#2472=EDGE_CURVE('',#137,#1839,#2471,.T.);
#2473=ORIENTED_EDGE('',*,*,#2472,.F.);
#2474=EDGE_LOOP('',(#2462,#2463,#2464,#2465,#2466,#2467,#2473));
#2475=FACE_BOUND('',#2474,.T.);
#2476=ADVANCED_FACE('',(#2475),#2461,.F.);
#2477=CARTESIAN_POINT('',(-51.828236204,17.279770264,12.221441755));
#2478=DIRECTION('',(-0.,0.,1.));
#2479=DIRECTION('',(-1.,0.,-0.));
#2480=AXIS2_PLACEMENT_3D('',#2477,#2478,#2479);
#2481=PLANE('',#2480);
#2482=ORIENTED_EDGE('',*,*,#150,.F.);
#2483=CARTESIAN_POINT('',(-44.291178492,13.020788305,12.221441755));
#2484=DIRECTION('',(1.,-0.,0.));
#2485=VECTOR('',#2484,2.976583789);
#2486=LINE('',#2483,#2485);
#2487=EDGE_CURVE('',#135,#1830,#2486,.T.);
#2488=ORIENTED_EDGE('',*,*,#2487,.T.);
#2489=ORIENTED_EDGE('',*,*,#1836,.F.);
#2490=ORIENTED_EDGE('',*,*,#1804,.F.);
#2491=ORIENTED_EDGE('',*,*,#1780,.F.);
#2492=CARTESIAN_POINT('',(-37.335835397,6.165755163,12.221441755));
#2493=DIRECTION('',(-0.,1.,-0.));
#2494=VECTOR('',#2493,2.434178873);
#2495=LINE('',#2492,#2494);
#2496=EDGE_CURVE('',#841,#1765,#2495,.T.);
#2497=ORIENTED_EDGE('',*,*,#2496,.F.);
#2498=ORIENTED_EDGE('',*,*,#869,.T.);
#2499=EDGE_LOOP('',(#2482,#2488,#2489,#2490,#2491,#2497,#2498));
#2500=FACE_BOUND('',#2499,.T.);
#2501=ADVANCED_FACE('',(#2500),#2481,.F.);
#2502=CARTESIAN_POINT('',(-40.648236204,13.020788305,15.821441755));
#2503=DIRECTION('',(-0.,1.,0.));
#2504=DIRECTION('',(-0.,-0.,1.));
#2505=AXIS2_PLACEMENT_3D('',#2502,#2503,#2504);
#2506=PLANE('',#2505);
#2507=ORIENTED_EDGE('',*,*,#2487,.F.);
#2508=ORIENTED_EDGE('',*,*,#142,.T.);
#2509=ORIENTED_EDGE('',*,*,#2472,.T.);
#2510=ORIENTED_EDGE('',*,*,#1844,.T.);
#2511=EDGE_LOOP('',(#2507,#2508,#2509,#2510));
#2512=FACE_BOUND('',#2511,.T.);
#2513=ADVANCED_FACE('',(#2512),#2506,.T.);
#2514=CARTESIAN_POINT('',(-51.828210791,17.279770264,34.458500248));
#2515=DIRECTION('',(0.,0.,-1.));
#2516=DIRECTION('',(1.,0.,0.));
#2517=AXIS2_PLACEMENT_3D('',#2514,#2515,#2516);
#2518=PLANE('',#2517);
#2519=ORIENTED_EDGE('',*,*,#130,.F.);
#2520=ORIENTED_EDGE('',*,*,#1014,.T.);
#2521=ORIENTED_EDGE('',*,*,#1081,.F.);
#2522=ORIENTED_EDGE('',*,*,#1869,.F.);
#2523=ORIENTED_EDGE('',*,*,#2012,.F.);
#2524=ORIENTED_EDGE('',*,*,#2045,.F.);
#2525=CARTESIAN_POINT('',(-44.291178492,13.020788305,34.458500248));
#2526=DIRECTION('',(1.,-0.,0.));
#2527=VECTOR('',#2526,2.976583789);
#2528=LINE('',#2525,#2527);
#2529=EDGE_CURVE('',#103,#2033,#2528,.T.);
#2530=ORIENTED_EDGE('',*,*,#2529,.F.);
#2531=EDGE_LOOP('',(#2519,#2520,#2521,#2522,#2523,#2524,#2530));
#2532=FACE_BOUND('',#2531,.T.);
#2533=ADVANCED_FACE('',(#2532),#2518,.F.);
#2534=CARTESIAN_POINT('',(-51.828236204,17.279770264,27.258500248));
#2535=DIRECTION('',(-0.,0.,1.));
#2536=DIRECTION('',(-1.,0.,-0.));
#2537=AXIS2_PLACEMENT_3D('',#2534,#2535,#2536);
#2538=PLANE('',#2537);
#2539=ORIENTED_EDGE('',*,*,#116,.F.);
#2540=CARTESIAN_POINT('',(-44.291178492,13.020788305,27.258500248));
#2541=DIRECTION('',(1.,-0.,0.));
#2542=VECTOR('',#2541,2.976583789);
#2543=LINE('',#2540,#2542);
#2544=EDGE_CURVE('',#101,#2024,#2543,.T.);
#2545=ORIENTED_EDGE('',*,*,#2544,.T.);
#2546=ORIENTED_EDGE('',*,*,#2030,.F.);
#2547=ORIENTED_EDGE('',*,*,#1998,.F.);
#2548=ORIENTED_EDGE('',*,*,#1974,.F.);
#2549=CARTESIAN_POINT('',(-37.335835397,6.165755163,27.258500248));
#2550=DIRECTION('',(-0.,1.,-0.));
#2551=VECTOR('',#2550,2.434178873);
#2552=LINE('',#2549,#2551);
#2553=EDGE_CURVE('',#993,#1959,#2552,.T.);
#2554=ORIENTED_EDGE('',*,*,#2553,.F.);
#2555=ORIENTED_EDGE('',*,*,#1021,.T.);
#2556=EDGE_LOOP('',(#2539,#2545,#2546,#2547,#2548,#2554,#2555));
#2557=FACE_BOUND('',#2556,.T.);
#2558=ADVANCED_FACE('',(#2557),#2538,.F.);
#2559=CARTESIAN_POINT('',(-40.648236204,13.020788305,30.858500248));
#2560=DIRECTION('',(-0.,1.,0.));
#2561=DIRECTION('',(-0.,-0.,1.));
#2562=AXIS2_PLACEMENT_3D('',#2559,#2560,#2561);
#2563=PLANE('',#2562);
#2564=ORIENTED_EDGE('',*,*,#2544,.F.);
#2565=ORIENTED_EDGE('',*,*,#108,.T.);
#2566=ORIENTED_EDGE('',*,*,#2529,.T.);
#2567=ORIENTED_EDGE('',*,*,#2038,.T.);
#2568=EDGE_LOOP('',(#2564,#2565,#2566,#2567));
#2569=FACE_BOUND('',#2568,.T.);
#2570=ADVANCED_FACE('',(#2569),#2563,.T.);
#2571=CARTESIAN_POINT('',(-51.828236204,29.116215355,27.258500248));
#2572=DIRECTION('',(-0.,-0.,1.));
#2573=DIRECTION('',(-1.,0.,-0.));
#2574=AXIS2_PLACEMENT_3D('',#2571,#2572,#2573);
#2575=PLANE('',#2574);
#2576=ORIENTED_EDGE('',*,*,#96,.T.);
#2577=ORIENTED_EDGE('',*,*,#1318,.F.);
#2578=ORIENTED_EDGE('',*,*,#1385,.T.);
#2579=ORIENTED_EDGE('',*,*,#2087,.T.);
#2580=ORIENTED_EDGE('',*,*,#2215,.T.);
#2581=ORIENTED_EDGE('',*,*,#2233,.T.);
#2582=CARTESIAN_POINT('',(-44.291178492,35.349985028,27.258500248));
#2583=DIRECTION('',(1.,-0.,0.));
#2584=VECTOR('',#2583,2.976583789);
#2585=LINE('',#2582,#2584);
#2586=EDGE_CURVE('',#67,#2227,#2585,.T.);
#2587=ORIENTED_EDGE('',*,*,#2586,.F.);
#2588=EDGE_LOOP('',(#2576,#2577,#2578,#2579,#2580,#2581,#2587));
#2589=FACE_BOUND('',#2588,.T.);
#2590=ADVANCED_FACE('',(#2589),#2575,.F.);
#2591=CARTESIAN_POINT('',(-51.828210791,29.116215355,34.458500248));
#2592=DIRECTION('',(0.,0.,-1.));
#2593=DIRECTION('',(1.,-0.,0.));
#2594=AXIS2_PLACEMENT_3D('',#2591,#2592,#2593);
#2595=PLANE('',#2594);
#2596=ORIENTED_EDGE('',*,*,#82,.T.);
#2597=CARTESIAN_POINT('',(-44.291178492,35.349985028,34.458500248));
#2598=DIRECTION('',(1.,-0.,0.));
#2599=VECTOR('',#2598,2.976583789);
#2600=LINE('',#2597,#2599);
#2601=EDGE_CURVE('',#69,#2237,#2600,.T.);
#2602=ORIENTED_EDGE('',*,*,#2601,.T.);
#2603=ORIENTED_EDGE('',*,*,#2243,.T.);
#2604=ORIENTED_EDGE('',*,*,#2201,.T.);
#2605=ORIENTED_EDGE('',*,*,#2159,.T.);
#2606=CARTESIAN_POINT('',(-37.335835397,39.770839298,34.458500248));
#2607=DIRECTION('',(0.,1.,0.));
#2608=VECTOR('',#2607,2.236192889);
#2609=LINE('',#2606,#2608);
#2610=EDGE_CURVE('',#2153,#1295,#2609,.T.);
#2611=ORIENTED_EDGE('',*,*,#2610,.T.);
#2612=ORIENTED_EDGE('',*,*,#1325,.F.);
#2613=EDGE_LOOP('',(#2596,#2602,#2603,#2604,#2605,#2611,#2612));
#2614=FACE_BOUND('',#2613,.T.);
#2615=ADVANCED_FACE('',(#2614),#2595,.F.);
#2616=CARTESIAN_POINT('',(-40.648236204,35.349985028,30.858500248));
#2617=DIRECTION('',(-0.,-1.,-0.));
#2618=DIRECTION('',(-0.,-0.,1.));
#2619=AXIS2_PLACEMENT_3D('',#2616,#2617,#2618);
#2620=PLANE('',#2619);
#2621=ORIENTED_EDGE('',*,*,#2586,.T.);
#2622=ORIENTED_EDGE('',*,*,#2249,.F.);
#2623=ORIENTED_EDGE('',*,*,#2601,.F.);
#2624=ORIENTED_EDGE('',*,*,#74,.F.);
#2625=EDGE_LOOP('',(#2621,#2622,#2623,#2624));
#2626=FACE_BOUND('',#2625,.T.);
#2627=ADVANCED_FACE('',(#2626),#2620,.T.);
#2628=CARTESIAN_POINT('',(-51.828236204,29.116215355,12.221441755));
#2629=DIRECTION('',(-0.,-0.,1.));
#2630=DIRECTION('',(-1.,0.,-0.));
#2631=AXIS2_PLACEMENT_3D('',#2628,#2629,#2630);
#2632=PLANE('',#2631);
#2633=ORIENTED_EDGE('',*,*,#62,.T.);
#2634=ORIENTED_EDGE('',*,*,#1166,.F.);
#2635=ORIENTED_EDGE('',*,*,#1233,.T.);
#2636=ORIENTED_EDGE('',*,*,#2290,.T.);
#2637=ORIENTED_EDGE('',*,*,#2418,.T.);
#2638=ORIENTED_EDGE('',*,*,#2436,.T.);
#2639=CARTESIAN_POINT('',(-44.291178492,35.349985028,12.221441755));
#2640=DIRECTION('',(1.,-0.,0.));
#2641=VECTOR('',#2640,2.976583789);
#2642=LINE('',#2639,#2641);
#2643=EDGE_CURVE('',#33,#2430,#2642,.T.);
#2644=ORIENTED_EDGE('',*,*,#2643,.F.);
#2645=EDGE_LOOP('',(#2633,#2634,#2635,#2636,#2637,#2638,#2644));
#2646=FACE_BOUND('',#2645,.T.);
#2647=ADVANCED_FACE('',(#2646),#2632,.F.);
#2648=CARTESIAN_POINT('',(-51.828210791,29.116215355,19.421441755));
#2649=DIRECTION('',(0.,0.,-1.));
#2650=DIRECTION('',(1.,-0.,0.));
#2651=AXIS2_PLACEMENT_3D('',#2648,#2649,#2650);
#2652=PLANE('',#2651);
#2653=ORIENTED_EDGE('',*,*,#48,.T.);
#2654=CARTESIAN_POINT('',(-44.291178492,35.349985028,19.421441755));
#2655=DIRECTION('',(1.,-0.,0.));
#2656=VECTOR('',#2655,2.976583789);
#2657=LINE('',#2654,#2656);
#2658=EDGE_CURVE('',#35,#2440,#2657,.T.);
#2659=ORIENTED_EDGE('',*,*,#2658,.T.);
#2660=ORIENTED_EDGE('',*,*,#2446,.T.);
#2661=ORIENTED_EDGE('',*,*,#2404,.T.);
#2662=ORIENTED_EDGE('',*,*,#2362,.T.);
#2663=CARTESIAN_POINT('',(-37.335835397,39.770839298,19.421441755));
#2664=DIRECTION('',(0.,1.,0.));
#2665=VECTOR('',#2664,2.236192889);
#2666=LINE('',#2663,#2665);
#2667=EDGE_CURVE('',#2356,#1143,#2666,.T.);
#2668=ORIENTED_EDGE('',*,*,#2667,.T.);
#2669=ORIENTED_EDGE('',*,*,#1173,.F.);
#2670=EDGE_LOOP('',(#2653,#2659,#2660,#2661,#2662,#2668,#2669));
#2671=FACE_BOUND('',#2670,.T.);
#2672=ADVANCED_FACE('',(#2671),#2652,.F.);
#2673=CARTESIAN_POINT('',(-40.648236204,35.349985028,15.821441755));
#2674=DIRECTION('',(-0.,-1.,-0.));
#2675=DIRECTION('',(-0.,-0.,1.));
#2676=AXIS2_PLACEMENT_3D('',#2673,#2674,#2675);
#2677=PLANE('',#2676);
#2678=ORIENTED_EDGE('',*,*,#2643,.T.);
#2679=ORIENTED_EDGE('',*,*,#2452,.F.);
#2680=ORIENTED_EDGE('',*,*,#2658,.F.);
#2681=ORIENTED_EDGE('',*,*,#40,.F.);
#2682=EDGE_LOOP('',(#2678,#2679,#2680,#2681));
#2683=FACE_BOUND('',#2682,.T.);
#2684=ADVANCED_FACE('',(#2683),#2677,.T.);
#2685=CARTESIAN_POINT('',(-37.931178492,43.34248006,40.210015182));
#2686=DIRECTION('',(-0.,-1.,-0.));
#2687=DIRECTION('',(-0.,-0.,1.));
#2688=AXIS2_PLACEMENT_3D('',#2685,#2686,#2687);
#2689=CYLINDRICAL_SURFACE('',#2688,8.36);
#2690=CARTESIAN_POINT('',(-46.291178492,46.045871089,40.210015182));
#2691=VERTEX_POINT('',#2690);
#2692=CARTESIAN_POINT('',(-46.291178492,0.300114529,40.210015182));
#2693=VERTEX_POINT('',#2692);
#2694=CARTESIAN_POINT('',(-46.291178492,46.045871089,40.210015182));
#2695=DIRECTION('',(-0.,-1.,-0.));
#2696=VECTOR('',#2695,45.74575656);
#2697=LINE('',#2694,#2696);
#2698=EDGE_CURVE('',#2691,#2693,#2697,.T.);
#2699=ORIENTED_EDGE('',*,*,#2698,.T.);
#2700=CARTESIAN_POINT('',(-37.931178492,0.300114529,48.570015182));
#2701=VERTEX_POINT('',#2700);
#2702=CARTESIAN_POINT('',(-37.931178492,0.300114529,40.210015182));
#2703=DIRECTION('',(-0.,-1.,-0.));
#2704=DIRECTION('',(0.,-0.,1.));
#2705=AXIS2_PLACEMENT_3D('',#2702,#2703,#2704);
#2706=CIRCLE('',#2705,8.36);
#2707=EDGE_CURVE('',#2701,#2693,#2706,.T.);
#2708=ORIENTED_EDGE('',*,*,#2707,.F.);
#2709=CARTESIAN_POINT('',(-37.931178492,46.045871089,48.570015182));
#2710=VERTEX_POINT('',#2709);
#2711=CARTESIAN_POINT('',(-37.931178492,46.045871089,48.570015182));
#2712=DIRECTION('',(-0.,-1.,-0.));
#2713=VECTOR('',#2712,45.74575656);
#2714=LINE('',#2711,#2713);
#2715=EDGE_CURVE('',#2710,#2701,#2714,.T.);
#2716=ORIENTED_EDGE('',*,*,#2715,.F.);
#2717=CARTESIAN_POINT('',(-37.931178492,46.045871089,40.210015182));
#2718=DIRECTION('',(-0.,-1.,-0.));
#2719=DIRECTION('',(1.,-0.,0.));
#2720=AXIS2_PLACEMENT_3D('',#2717,#2718,#2719);
#2721=CIRCLE('',#2720,8.36);
#2722=EDGE_CURVE('',#2710,#2691,#2721,.T.);
#2723=ORIENTED_EDGE('',*,*,#2722,.T.);
#2724=EDGE_LOOP('',(#2699,#2708,#2716,#2723));
#2725=FACE_BOUND('',#2724,.T.);
#2726=ADVANCED_FACE('',(#2725),#2689,.T.);
#2727=CARTESIAN_POINT('',(-46.291178492,43.34248006,6.340146241));
#2728=DIRECTION('',(1.,-0.,-0.));
#2729=DIRECTION('',(0.,0.,-1.));
#2730=AXIS2_PLACEMENT_3D('',#2727,#2728,#2729);
#2731=PLANE('',#2730);
#2732=CARTESIAN_POINT('',(-46.291178492,46.045871089,6.340146241));
#2733=VERTEX_POINT('',#2732);
#2734=CARTESIAN_POINT('',(-46.291178492,0.300114529,6.340146241));
#2735=VERTEX_POINT('',#2734);
#2736=CARTESIAN_POINT('',(-46.291178492,46.045871089,6.340146241));
#2737=DIRECTION('',(-0.,-1.,-0.));
#2738=VECTOR('',#2737,45.74575656);
#2739=LINE('',#2736,#2738);
#2740=EDGE_CURVE('',#2733,#2735,#2739,.T.);
#2741=ORIENTED_EDGE('',*,*,#2740,.T.);
#2742=CARTESIAN_POINT('',(-46.291178492,0.300114529,40.210015182));
#2743=DIRECTION('',(0.,0.,-1.));
#2744=VECTOR('',#2743,33.869868941);
#2745=LINE('',#2742,#2744);
#2746=EDGE_CURVE('',#2693,#2735,#2745,.T.);
#2747=ORIENTED_EDGE('',*,*,#2746,.F.);
#2748=ORIENTED_EDGE('',*,*,#2698,.F.);
#2749=CARTESIAN_POINT('',(-46.291178492,46.045871089,40.210015182));
#2750=DIRECTION('',(0.,0.,-1.));
#2751=VECTOR('',#2750,33.869868941);
#2752=LINE('',#2749,#2751);
#2753=EDGE_CURVE('',#2691,#2733,#2752,.T.);
#2754=ORIENTED_EDGE('',*,*,#2753,.T.);
#2755=EDGE_LOOP('',(#2741,#2747,#2748,#2754));
#2756=FACE_BOUND('',#2755,.T.);
#2757=ADVANCED_FACE('',(#2756),#2731,.F.);
#2758=CARTESIAN_POINT('',(-37.931178492,43.34248006,6.340146241));
#2759=DIRECTION('',(-0.,-1.,-0.));
#2760=DIRECTION('',(-0.,-0.,1.));
#2761=AXIS2_PLACEMENT_3D('',#2758,#2759,#2760);
#2762=CYLINDRICAL_SURFACE('',#2761,8.36);
#2763=CARTESIAN_POINT('',(-37.931178492,46.045871089,-2.019853759));
#2764=VERTEX_POINT('',#2763);
#2765=CARTESIAN_POINT('',(-37.931178492,0.300114529,-2.019853759));
#2766=VERTEX_POINT('',#2765);
#2767=CARTESIAN_POINT('',(-37.931178492,46.045871089,-2.019853759));
#2768=DIRECTION('',(-0.,-1.,-0.));
#2769=VECTOR('',#2768,45.74575656);
#2770=LINE('',#2767,#2769);
#2771=EDGE_CURVE('',#2764,#2766,#2770,.T.);
#2772=ORIENTED_EDGE('',*,*,#2771,.T.);
#2773=CARTESIAN_POINT('',(-37.931178492,0.300114529,6.340146241));
#2774=DIRECTION('',(-0.,-1.,-0.));
#2775=DIRECTION('',(0.,-0.,1.));
#2776=AXIS2_PLACEMENT_3D('',#2773,#2774,#2775);
#2777=CIRCLE('',#2776,8.36);
#2778=EDGE_CURVE('',#2735,#2766,#2777,.T.);
#2779=ORIENTED_EDGE('',*,*,#2778,.F.);
#2780=ORIENTED_EDGE('',*,*,#2740,.F.);
#2781=CARTESIAN_POINT('',(-37.931178492,46.045871089,6.340146241));
#2782=DIRECTION('',(-0.,-1.,-0.));
#2783=DIRECTION('',(1.,-0.,0.));
#2784=AXIS2_PLACEMENT_3D('',#2781,#2782,#2783);
#2785=CIRCLE('',#2784,8.36);
#2786=EDGE_CURVE('',#2733,#2764,#2785,.T.);
#2787=ORIENTED_EDGE('',*,*,#2786,.T.);
#2788=EDGE_LOOP('',(#2772,#2779,#2780,#2787));
#2789=FACE_BOUND('',#2788,.T.);
#2790=ADVANCED_FACE('',(#2789),#2762,.T.);
#2791=CARTESIAN_POINT('',(-37.931178492,43.34248006,6.340146241));
#2792=DIRECTION('',(-0.,-1.,-0.));
#2793=DIRECTION('',(-0.,-0.,1.));
#2794=AXIS2_PLACEMENT_3D('',#2791,#2792,#2793);
#2795=CYLINDRICAL_SURFACE('',#2794,6.36);
#2796=ORIENTED_EDGE('',*,*,#256,.T.);
#2797=CARTESIAN_POINT('',(-37.931178492,0.300114529,-0.019853759));
#2798=VERTEX_POINT('',#2797);
#2799=CARTESIAN_POINT('',(-37.931178492,0.300114529,6.340146241));
#2800=DIRECTION('',(-0.,-1.,-0.));
#2801=DIRECTION('',(0.,-0.,1.));
#2802=AXIS2_PLACEMENT_3D('',#2799,#2800,#2801);
#2803=CIRCLE('',#2802,6.36);
#2804=EDGE_CURVE('',#243,#2798,#2803,.T.);
#2805=ORIENTED_EDGE('',*,*,#2804,.T.);
#2806=CARTESIAN_POINT('',(-37.931178492,46.045871089,-0.019853759));
#2807=VERTEX_POINT('',#2806);
#2808=CARTESIAN_POINT('',(-37.931178492,46.045871089,-0.019853759));
#2809=DIRECTION('',(-0.,-1.,-0.));
#2810=VECTOR('',#2809,45.74575656);
#2811=LINE('',#2808,#2810);
#2812=EDGE_CURVE('',#2807,#2798,#2811,.T.);
#2813=ORIENTED_EDGE('',*,*,#2812,.F.);
#2814=CARTESIAN_POINT('',(-37.931178492,46.045871089,6.340146241));
#2815=DIRECTION('',(-0.,-1.,-0.));
#2816=DIRECTION('',(1.,-0.,0.));
#2817=AXIS2_PLACEMENT_3D('',#2814,#2815,#2816);
#2818=CIRCLE('',#2817,6.36);
#2819=EDGE_CURVE('',#251,#2807,#2818,.T.);
#2820=ORIENTED_EDGE('',*,*,#2819,.F.);
#2821=EDGE_LOOP('',(#2796,#2805,#2813,#2820));
#2822=FACE_BOUND('',#2821,.T.);
#2823=ADVANCED_FACE('',(#2822),#2795,.F.);
#2824=CARTESIAN_POINT('',(0.,46.045871089,23.275080711));
#2825=DIRECTION('',(-0.,-1.,-0.));
#2826=DIRECTION('',(0.,-0.,1.));
#2827=AXIS2_PLACEMENT_3D('',#2824,#2825,#2826);
#2828=PLANE('',#2827);
#2829=ORIENTED_EDGE('',*,*,#779,.F.);
#2830=ORIENTED_EDGE('',*,*,#515,.T.);
#2831=ORIENTED_EDGE('',*,*,#297,.T.);
#2832=ORIENTED_EDGE('',*,*,#262,.T.);
#2833=ORIENTED_EDGE('',*,*,#2819,.T.);
#2834=CARTESIAN_POINT('',(37.931178492,46.045871089,-0.019853759));
#2835=VERTEX_POINT('',#2834);
#2836=CARTESIAN_POINT('',(-37.931178492,46.045871089,-0.019853759));
#2837=DIRECTION('',(1.,-0.,-0.));
#2838=VECTOR('',#2837,75.862356984);
#2839=LINE('',#2836,#2838);
#2840=EDGE_CURVE('',#2807,#2835,#2839,.T.);
#2841=ORIENTED_EDGE('',*,*,#2840,.T.);
#2842=CARTESIAN_POINT('',(37.931178492,46.045871089,6.340146241));
#2843=DIRECTION('',(0.,1.,0.));
#2844=DIRECTION('',(1.,-0.,0.));
#2845=AXIS2_PLACEMENT_3D('',#2842,#2843,#2844);
#2846=CIRCLE('',#2845,6.36);
#2847=EDGE_CURVE('',#720,#2835,#2846,.T.);
#2848=ORIENTED_EDGE('',*,*,#2847,.F.);
#2849=ORIENTED_EDGE('',*,*,#725,.F.);
#2850=EDGE_LOOP('',(#2829,#2830,#2831,#2832,#2833,#2841,#2848,#2849));
#2851=FACE_BOUND('',#2850,.T.);
#2852=CARTESIAN_POINT('',(37.931178492,46.045871089,48.570015182));
#2853=VERTEX_POINT('',#2852);
#2854=CARTESIAN_POINT('',(37.931178492,46.045871089,48.570015182));
#2855=DIRECTION('',(-1.,0.,-0.));
#2856=VECTOR('',#2855,75.862356984);
#2857=LINE('',#2854,#2856);
#2858=EDGE_CURVE('',#2853,#2710,#2857,.T.);
#2859=ORIENTED_EDGE('',*,*,#2858,.F.);
#2860=CARTESIAN_POINT('',(46.291178492,46.045871089,40.210015182));
#2861=VERTEX_POINT('',#2860);
#2862=CARTESIAN_POINT('',(37.931178492,46.045871089,40.210015182));
#2863=DIRECTION('',(0.,1.,0.));
#2864=DIRECTION('',(1.,-0.,0.));
#2865=AXIS2_PLACEMENT_3D('',#2862,#2863,#2864);
#2866=CIRCLE('',#2865,8.36);
#2867=EDGE_CURVE('',#2853,#2861,#2866,.T.);
#2868=ORIENTED_EDGE('',*,*,#2867,.T.);
#2869=CARTESIAN_POINT('',(46.291178492,46.045871089,6.340146241));
#2870=VERTEX_POINT('',#2869);
#2871=CARTESIAN_POINT('',(46.291178492,46.045871089,40.210015182));
#2872=DIRECTION('',(-0.,0.,-1.));
#2873=VECTOR('',#2872,33.869868941);
#2874=LINE('',#2871,#2873);
#2875=EDGE_CURVE('',#2861,#2870,#2874,.T.);
#2876=ORIENTED_EDGE('',*,*,#2875,.T.);
#2877=CARTESIAN_POINT('',(37.931178492,46.045871089,-2.019853759));
#2878=VERTEX_POINT('',#2877);
#2879=CARTESIAN_POINT('',(37.931178492,46.045871089,6.340146241));
#2880=DIRECTION('',(0.,1.,0.));
#2881=DIRECTION('',(1.,-0.,0.));
#2882=AXIS2_PLACEMENT_3D('',#2879,#2880,#2881);
#2883=CIRCLE('',#2882,8.36);
#2884=EDGE_CURVE('',#2870,#2878,#2883,.T.);
#2885=ORIENTED_EDGE('',*,*,#2884,.T.);
#2886=CARTESIAN_POINT('',(-37.931178492,46.045871089,-2.019853759));
#2887=DIRECTION('',(1.,-0.,-0.));
#2888=VECTOR('',#2887,75.862356984);
#2889=LINE('',#2886,#2888);
#2890=EDGE_CURVE('',#2764,#2878,#2889,.T.);
#2891=ORIENTED_EDGE('',*,*,#2890,.F.);
#2892=ORIENTED_EDGE('',*,*,#2786,.F.);
#2893=ORIENTED_EDGE('',*,*,#2753,.F.);
#2894=ORIENTED_EDGE('',*,*,#2722,.F.);
#2895=EDGE_LOOP('',(#2859,#2868,#2876,#2885,#2891,#2892,#2893,#2894));
#2896=FACE_BOUND('',#2895,.T.);
#2897=ADVANCED_FACE('',(#2851,#2896),#2828,.F.);
#2898=CARTESIAN_POINT('',(-0.,0.300114529,23.275080711));
#2899=DIRECTION('',(0.,1.,0.));
#2900=DIRECTION('',(0.,-0.,1.));
#2901=AXIS2_PLACEMENT_3D('',#2898,#2899,#2900);
#2902=PLANE('',#2901);
#2903=CARTESIAN_POINT('',(37.931178492,0.300114529,-0.019853759));
#2904=VERTEX_POINT('',#2903);
#2905=CARTESIAN_POINT('',(37.931178492,0.300114529,6.340146241));
#2906=DIRECTION('',(0.,1.,0.));
#2907=DIRECTION('',(0.,-0.,1.));
#2908=AXIS2_PLACEMENT_3D('',#2905,#2906,#2907);
#2909=CIRCLE('',#2908,6.36);
#2910=EDGE_CURVE('',#728,#2904,#2909,.T.);
#2911=ORIENTED_EDGE('',*,*,#2910,.T.);
#2912=CARTESIAN_POINT('',(-37.931178492,0.300114529,-0.019853759));
#2913=DIRECTION('',(1.,-0.,0.));
#2914=VECTOR('',#2913,75.862356984);
#2915=LINE('',#2912,#2914);
#2916=EDGE_CURVE('',#2798,#2904,#2915,.T.);
#2917=ORIENTED_EDGE('',*,*,#2916,.F.);
#2918=ORIENTED_EDGE('',*,*,#2804,.F.);
#2919=ORIENTED_EDGE('',*,*,#248,.F.);
#2920=ORIENTED_EDGE('',*,*,#353,.F.);
#2921=ORIENTED_EDGE('',*,*,#393,.F.);
#2922=ORIENTED_EDGE('',*,*,#828,.T.);
#2923=ORIENTED_EDGE('',*,*,#741,.T.);
#2924=EDGE_LOOP('',(#2911,#2917,#2918,#2919,#2920,#2921,#2922,#2923));
#2925=FACE_BOUND('',#2924,.T.);
#2926=CARTESIAN_POINT('',(37.931178492,0.300114529,-2.019853759));
#2927=VERTEX_POINT('',#2926);
#2928=CARTESIAN_POINT('',(-37.931178492,0.300114529,-2.019853759));
#2929=DIRECTION('',(1.,-0.,0.));
#2930=VECTOR('',#2929,75.862356984);
#2931=LINE('',#2928,#2930);
#2932=EDGE_CURVE('',#2766,#2927,#2931,.T.);
#2933=ORIENTED_EDGE('',*,*,#2932,.T.);
#2934=CARTESIAN_POINT('',(46.291178492,0.300114529,6.340146241));
#2935=VERTEX_POINT('',#2934);
#2936=CARTESIAN_POINT('',(37.931178492,0.300114529,6.340146241));
#2937=DIRECTION('',(0.,1.,0.));
#2938=DIRECTION('',(0.,-0.,1.));
#2939=AXIS2_PLACEMENT_3D('',#2936,#2937,#2938);
#2940=CIRCLE('',#2939,8.36);
#2941=EDGE_CURVE('',#2935,#2927,#2940,.T.);
#2942=ORIENTED_EDGE('',*,*,#2941,.F.);
#2943=CARTESIAN_POINT('',(46.291178492,0.300114529,40.210015182));
#2944=VERTEX_POINT('',#2943);
#2945=CARTESIAN_POINT('',(46.291178492,0.300114529,40.210015182));
#2946=DIRECTION('',(-0.,0.,-1.));
#2947=VECTOR('',#2946,33.869868941);
#2948=LINE('',#2945,#2947);
#2949=EDGE_CURVE('',#2944,#2935,#2948,.T.);
#2950=ORIENTED_EDGE('',*,*,#2949,.F.);
#2951=CARTESIAN_POINT('',(37.931178492,0.300114529,48.570015182));
#2952=VERTEX_POINT('',#2951);
#2953=CARTESIAN_POINT('',(37.931178492,0.300114529,40.210015182));
#2954=DIRECTION('',(0.,1.,0.));
#2955=DIRECTION('',(0.,-0.,1.));
#2956=AXIS2_PLACEMENT_3D('',#2953,#2954,#2955);
#2957=CIRCLE('',#2956,8.36);
#2958=EDGE_CURVE('',#2952,#2944,#2957,.T.);
#2959=ORIENTED_EDGE('',*,*,#2958,.F.);
#2960=CARTESIAN_POINT('',(37.931178492,0.300114529,48.570015182));
#2961=DIRECTION('',(-1.,0.,-0.));
#2962=VECTOR('',#2961,75.862356984);
#2963=LINE('',#2960,#2962);
#2964=EDGE_CURVE('',#2952,#2701,#2963,.T.);
#2965=ORIENTED_EDGE('',*,*,#2964,.T.);
#2966=ORIENTED_EDGE('',*,*,#2707,.T.);
#2967=ORIENTED_EDGE('',*,*,#2746,.T.);
#2968=ORIENTED_EDGE('',*,*,#2778,.T.);
#2969=EDGE_LOOP('',(#2933,#2942,#2950,#2959,#2965,#2966,#2967,#2968));
#2970=FACE_BOUND('',#2969,.T.);
#2971=ADVANCED_FACE('',(#2925,#2970),#2902,.F.);
#2972=CARTESIAN_POINT('',(21.55452272,23.234834914,48.570015182));
#2973=DIRECTION('',(0.,-0.,-1.));
#2974=DIRECTION('',(-1.,0.,-0.));
#2975=AXIS2_PLACEMENT_3D('',#2972,#2973,#2974);
#2976=PLANE('',#2975);
#2977=CARTESIAN_POINT('',(36.111178492,4.950114529,48.570015182));
#2978=VERTEX_POINT('',#2977);
#2979=CARTESIAN_POINT('',(33.931178492,2.770114529,48.570015182));
#2980=VERTEX_POINT('',#2979);
#2981=CARTESIAN_POINT('',(33.931178492,4.950114529,48.570015182));
#2982=DIRECTION('',(0.,-0.,-1.));
#2983=DIRECTION('',(-1.,0.,-0.));
#2984=AXIS2_PLACEMENT_3D('',#2981,#2982,#2983);
#2985=CIRCLE('',#2984,2.18);
#2986=EDGE_CURVE('',#2978,#2980,#2985,.T.);
#2987=ORIENTED_EDGE('',*,*,#2986,.T.);
#2988=CARTESIAN_POINT('',(-33.931178492,2.770114529,48.570015182));
#2989=VERTEX_POINT('',#2988);
#2990=CARTESIAN_POINT('',(33.931178492,2.770114529,48.570015182));
#2991=DIRECTION('',(-1.,0.,-0.));
#2992=VECTOR('',#2991,67.862356984);
#2993=LINE('',#2990,#2992);
#2994=EDGE_CURVE('',#2980,#2989,#2993,.T.);
#2995=ORIENTED_EDGE('',*,*,#2994,.T.);
#2996=CARTESIAN_POINT('',(-36.111178492,4.950114529,48.570015182));
#2997=VERTEX_POINT('',#2996);
#2998=CARTESIAN_POINT('',(-33.931178492,4.950114529,48.570015182));
#2999=DIRECTION('',(0.,-0.,-1.));
#3000=DIRECTION('',(-1.,0.,-0.));
#3001=AXIS2_PLACEMENT_3D('',#2998,#2999,#3000);
#3002=CIRCLE('',#3001,2.18);
#3003=EDGE_CURVE('',#2989,#2997,#3002,.T.);
#3004=ORIENTED_EDGE('',*,*,#3003,.T.);
#3005=CARTESIAN_POINT('',(-36.111178492,41.445871089,48.570015182));
#3006=VERTEX_POINT('',#3005);
#3007=CARTESIAN_POINT('',(-36.111178492,4.950114529,48.570015182));
#3008=DIRECTION('',(0.,1.,-0.));
#3009=VECTOR('',#3008,36.49575656);
#3010=LINE('',#3007,#3009);
#3011=EDGE_CURVE('',#2997,#3006,#3010,.T.);
#3012=ORIENTED_EDGE('',*,*,#3011,.T.);
#3013=CARTESIAN_POINT('',(-33.931178492,43.625871089,48.570015182));
#3014=VERTEX_POINT('',#3013);
#3015=CARTESIAN_POINT('',(-33.931178492,41.445871089,48.570015182));
#3016=DIRECTION('',(0.,-0.,-1.));
#3017=DIRECTION('',(-1.,0.,-0.));
#3018=AXIS2_PLACEMENT_3D('',#3015,#3016,#3017);
#3019=CIRCLE('',#3018,2.18);
#3020=EDGE_CURVE('',#3006,#3014,#3019,.T.);
#3021=ORIENTED_EDGE('',*,*,#3020,.T.);
#3022=CARTESIAN_POINT('',(33.931178492,43.625871089,48.570015182));
#3023=VERTEX_POINT('',#3022);
#3024=CARTESIAN_POINT('',(-33.931178492,43.625871089,48.570015182));
#3025=DIRECTION('',(1.,-0.,0.));
#3026=VECTOR('',#3025,67.862356984);
#3027=LINE('',#3024,#3026);
#3028=EDGE_CURVE('',#3014,#3023,#3027,.T.);
#3029=ORIENTED_EDGE('',*,*,#3028,.T.);
#3030=CARTESIAN_POINT('',(36.111178492,41.445871089,48.570015182));
#3031=VERTEX_POINT('',#3030);
#3032=CARTESIAN_POINT('',(33.931178492,41.445871089,48.570015182));
#3033=DIRECTION('',(0.,-0.,-1.));
#3034=DIRECTION('',(-1.,0.,-0.));
#3035=AXIS2_PLACEMENT_3D('',#3032,#3033,#3034);
#3036=CIRCLE('',#3035,2.18);
#3037=EDGE_CURVE('',#3023,#3031,#3036,.T.);
#3038=ORIENTED_EDGE('',*,*,#3037,.T.);
#3039=CARTESIAN_POINT('',(36.111178492,41.445871089,48.570015182));
#3040=DIRECTION('',(0.,-1.,0.));
#3041=VECTOR('',#3040,36.49575656);
#3042=LINE('',#3039,#3041);
#3043=EDGE_CURVE('',#3031,#2978,#3042,.T.);
#3044=ORIENTED_EDGE('',*,*,#3043,.T.);
#3045=EDGE_LOOP('',(#2987,#2995,#3004,#3012,#3021,#3029,#3038,#3044));
#3046=FACE_BOUND('',#3045,.T.);
#3047=ORIENTED_EDGE('',*,*,#2964,.F.);
#3048=CARTESIAN_POINT('',(37.931178492,46.045871089,48.570015182));
#3049=DIRECTION('',(0.,-1.,-0.));
#3050=VECTOR('',#3049,45.74575656);
#3051=LINE('',#3048,#3050);
#3052=EDGE_CURVE('',#2853,#2952,#3051,.T.);
#3053=ORIENTED_EDGE('',*,*,#3052,.F.);
#3054=ORIENTED_EDGE('',*,*,#2858,.T.);
#3055=ORIENTED_EDGE('',*,*,#2715,.T.);
#3056=EDGE_LOOP('',(#3047,#3053,#3054,#3055));
#3057=FACE_BOUND('',#3056,.T.);
#3058=ADVANCED_FACE('',(#3046,#3057),#2976,.F.);
#3059=CARTESIAN_POINT('',(61.008185377,8.5299986,13.689963176));
#3060=DIRECTION('',(-0.,-1.,-0.));
#3061=DIRECTION('',(0.,-0.,1.));
#3062=AXIS2_PLACEMENT_3D('',#3059,#3060,#3061);
#3063=PLANE('',#3062);
#3064=ORIENTED_EDGE('',*,*,#1463,.T.);
#3065=CARTESIAN_POINT('',(36.823804997,8.5299986,19.384842499));
#3066=VERTEX_POINT('',#3065);
#3067=CARTESIAN_POINT('',(37.335835397,8.5299986,15.821441755));
#3068=DIRECTION('',(0.,1.,0.));
#3069=DIRECTION('',(-0.,0.,-1.));
#3070=AXIS2_PLACEMENT_3D('',#3067,#3068,#3069);
#3071=CIRCLE('',#3070,3.6);
#3072=EDGE_CURVE('',#1449,#3066,#3071,.T.);
#3073=ORIENTED_EDGE('',*,*,#3072,.T.);
#3074=CARTESIAN_POINT('',(36.823804997,8.5299986,16.856078054));
#3075=VERTEX_POINT('',#3074);
#3076=CARTESIAN_POINT('',(36.823804997,8.5299986,19.384842499));
#3077=DIRECTION('',(-0.,0.,-1.));
#3078=VECTOR('',#3077,2.528764445);
#3079=LINE('',#3076,#3078);
#3080=EDGE_CURVE('',#3066,#3075,#3079,.T.);
#3081=ORIENTED_EDGE('',*,*,#3080,.T.);
#3082=CARTESIAN_POINT('',(36.181431913,8.5299986,15.821441755));
#3083=VERTEX_POINT('',#3082);
#3084=CARTESIAN_POINT('',(37.335835397,8.5299986,15.821441755));
#3085=DIRECTION('',(-0.,-1.,-0.));
#3086=DIRECTION('',(-0.,0.,-1.));
#3087=AXIS2_PLACEMENT_3D('',#3084,#3085,#3086);
#3088=CIRCLE('',#3087,1.154403484);
#3089=EDGE_CURVE('',#3075,#3083,#3088,.T.);
#3090=ORIENTED_EDGE('',*,*,#3089,.T.);
#3091=CARTESIAN_POINT('',(36.823804997,8.5299986,14.786805455));
#3092=VERTEX_POINT('',#3091);
#3093=CARTESIAN_POINT('',(37.335835397,8.5299986,15.821441755));
#3094=DIRECTION('',(-0.,-1.,-0.));
#3095=DIRECTION('',(-0.,0.,-1.));
#3096=AXIS2_PLACEMENT_3D('',#3093,#3094,#3095);
#3097=CIRCLE('',#3096,1.154403484);
#3098=EDGE_CURVE('',#3083,#3092,#3097,.T.);
#3099=ORIENTED_EDGE('',*,*,#3098,.T.);
#3100=CARTESIAN_POINT('',(36.823804997,8.5299986,14.786805455));
#3101=DIRECTION('',(-0.,0.,-1.));
#3102=VECTOR('',#3101,2.528764445);
#3103=LINE('',#3100,#3102);
#3104=EDGE_CURVE('',#3092,#1457,#3103,.T.);
#3105=ORIENTED_EDGE('',*,*,#3104,.T.);
#3106=EDGE_LOOP('',(#3064,#3073,#3081,#3090,#3099,#3105));
#3107=FACE_BOUND('',#3106,.T.);
#3108=ADVANCED_FACE('',(#3107),#3063,.F.);
#3109=CARTESIAN_POINT('',(61.008185377,8.5299986,28.727021669));
#3110=DIRECTION('',(-0.,-1.,-0.));
#3111=DIRECTION('',(0.,-0.,1.));
#3112=AXIS2_PLACEMENT_3D('',#3109,#3110,#3111);
#3113=PLANE('',#3112);
#3114=ORIENTED_EDGE('',*,*,#1514,.T.);
#3115=CARTESIAN_POINT('',(36.823804997,8.5299986,34.421900992));
#3116=VERTEX_POINT('',#3115);
#3117=CARTESIAN_POINT('',(37.335835397,8.5299986,30.858500248));
#3118=DIRECTION('',(0.,1.,0.));
#3119=DIRECTION('',(-0.,0.,-1.));
#3120=AXIS2_PLACEMENT_3D('',#3117,#3118,#3119);
#3121=CIRCLE('',#3120,3.6);
#3122=EDGE_CURVE('',#1500,#3116,#3121,.T.);
#3123=ORIENTED_EDGE('',*,*,#3122,.T.);
#3124=CARTESIAN_POINT('',(36.823804997,8.5299986,31.893136547));
#3125=VERTEX_POINT('',#3124);
#3126=CARTESIAN_POINT('',(36.823804997,8.5299986,34.421900992));
#3127=DIRECTION('',(-0.,0.,-1.));
#3128=VECTOR('',#3127,2.528764445);
#3129=LINE('',#3126,#3128);
#3130=EDGE_CURVE('',#3116,#3125,#3129,.T.);
#3131=ORIENTED_EDGE('',*,*,#3130,.T.);
#3132=CARTESIAN_POINT('',(36.181431913,8.5299986,30.858500248));
#3133=VERTEX_POINT('',#3132);
#3134=CARTESIAN_POINT('',(37.335835397,8.5299986,30.858500248));
#3135=DIRECTION('',(-0.,-1.,-0.));
#3136=DIRECTION('',(-0.,0.,-1.));
#3137=AXIS2_PLACEMENT_3D('',#3134,#3135,#3136);
#3138=CIRCLE('',#3137,1.154403484);
#3139=EDGE_CURVE('',#3125,#3133,#3138,.T.);
#3140=ORIENTED_EDGE('',*,*,#3139,.T.);
#3141=CARTESIAN_POINT('',(36.823804997,8.5299986,29.823863948));
#3142=VERTEX_POINT('',#3141);
#3143=CARTESIAN_POINT('',(37.335835397,8.5299986,30.858500248));
#3144=DIRECTION('',(-0.,-1.,-0.));
#3145=DIRECTION('',(-0.,0.,-1.));
#3146=AXIS2_PLACEMENT_3D('',#3143,#3144,#3145);
#3147=CIRCLE('',#3146,1.154403484);
#3148=EDGE_CURVE('',#3133,#3142,#3147,.T.);
#3149=ORIENTED_EDGE('',*,*,#3148,.T.);
#3150=CARTESIAN_POINT('',(36.823804997,8.5299986,29.823863948));
#3151=DIRECTION('',(-0.,0.,-1.));
#3152=VECTOR('',#3151,2.528764445);
#3153=LINE('',#3150,#3152);
#3154=EDGE_CURVE('',#3142,#1508,#3153,.T.);
#3155=ORIENTED_EDGE('',*,*,#3154,.T.);
#3156=EDGE_LOOP('',(#3114,#3123,#3131,#3140,#3149,#3155));
#3157=FACE_BOUND('',#3156,.T.);
#3158=ADVANCED_FACE('',(#3157),#3113,.F.);
#3159=CARTESIAN_POINT('',(61.008185377,39.093229799,28.727021669));
#3160=DIRECTION('',(-0.,1.,0.));
#3161=DIRECTION('',(0.,-0.,1.));
#3162=AXIS2_PLACEMENT_3D('',#3159,#3160,#3161);
#3163=PLANE('',#3162);
#3164=CARTESIAN_POINT('',(36.823804997,39.093229799,31.893136547));
#3165=VERTEX_POINT('',#3164);
#3166=CARTESIAN_POINT('',(36.823804997,39.093229799,34.421900992));
#3167=DIRECTION('',(-0.,0.,-1.));
#3168=VECTOR('',#3167,2.528764445);
#3169=LINE('',#3166,#3168);
#3170=EDGE_CURVE('',#1559,#3165,#3169,.T.);
#3171=ORIENTED_EDGE('',*,*,#3170,.F.);
#3172=ORIENTED_EDGE('',*,*,#1565,.F.);
#3173=CARTESIAN_POINT('',(36.823804997,39.093229799,27.295099503));
#3174=VERTEX_POINT('',#3173);
#3175=CARTESIAN_POINT('',(37.335835397,39.093229799,30.858500248));
#3176=DIRECTION('',(-0.,1.,0.));
#3177=DIRECTION('',(-0.,0.,-1.));
#3178=AXIS2_PLACEMENT_3D('',#3175,#3176,#3177);
#3179=CIRCLE('',#3178,3.6);
#3180=EDGE_CURVE('',#3174,#1551,#3179,.T.);
#3181=ORIENTED_EDGE('',*,*,#3180,.F.);
#3182=CARTESIAN_POINT('',(36.823804997,39.093229799,29.823863948));
#3183=VERTEX_POINT('',#3182);
#3184=CARTESIAN_POINT('',(36.823804997,39.093229799,29.823863948));
#3185=DIRECTION('',(-0.,0.,-1.));
#3186=VECTOR('',#3185,2.528764445);
#3187=LINE('',#3184,#3186);
#3188=EDGE_CURVE('',#3183,#3174,#3187,.T.);
#3189=ORIENTED_EDGE('',*,*,#3188,.F.);
#3190=CARTESIAN_POINT('',(36.181431913,39.093229799,30.858500248));
#3191=VERTEX_POINT('',#3190);
#3192=CARTESIAN_POINT('',(37.335835397,39.093229799,30.858500248));
#3193=DIRECTION('',(0.,-1.,-0.));
#3194=DIRECTION('',(-0.,0.,-1.));
#3195=AXIS2_PLACEMENT_3D('',#3192,#3193,#3194);
#3196=CIRCLE('',#3195,1.154403484);
#3197=EDGE_CURVE('',#3191,#3183,#3196,.T.);
#3198=ORIENTED_EDGE('',*,*,#3197,.F.);
#3199=CARTESIAN_POINT('',(37.335835397,39.093229799,30.858500248));
#3200=DIRECTION('',(0.,-1.,-0.));
#3201=DIRECTION('',(-0.,0.,-1.));
#3202=AXIS2_PLACEMENT_3D('',#3199,#3200,#3201);
#3203=CIRCLE('',#3202,1.154403484);
#3204=EDGE_CURVE('',#3165,#3191,#3203,.T.);
#3205=ORIENTED_EDGE('',*,*,#3204,.F.);
#3206=EDGE_LOOP('',(#3171,#3172,#3181,#3189,#3198,#3205));
#3207=FACE_BOUND('',#3206,.T.);
#3208=ADVANCED_FACE('',(#3207),#3163,.F.);
#3209=CARTESIAN_POINT('',(61.008185377,39.093229799,13.689963176));
#3210=DIRECTION('',(-0.,1.,0.));
#3211=DIRECTION('',(0.,-0.,1.));
#3212=AXIS2_PLACEMENT_3D('',#3209,#3210,#3211);
#3213=PLANE('',#3212);
#3214=CARTESIAN_POINT('',(36.823804997,39.093229799,16.856078054));
#3215=VERTEX_POINT('',#3214);
#3216=CARTESIAN_POINT('',(36.823804997,39.093229799,19.384842499));
#3217=DIRECTION('',(-0.,0.,-1.));
#3218=VECTOR('',#3217,2.528764445);
#3219=LINE('',#3216,#3218);
#3220=EDGE_CURVE('',#1619,#3215,#3219,.T.);
#3221=ORIENTED_EDGE('',*,*,#3220,.F.);
#3222=ORIENTED_EDGE('',*,*,#1625,.F.);
#3223=CARTESIAN_POINT('',(36.823804997,39.093229799,12.25804101));
#3224=VERTEX_POINT('',#3223);
#3225=CARTESIAN_POINT('',(37.335835397,39.093229799,15.821441755));
#3226=DIRECTION('',(-0.,1.,0.));
#3227=DIRECTION('',(-0.,0.,-1.));
#3228=AXIS2_PLACEMENT_3D('',#3225,#3226,#3227);
#3229=CIRCLE('',#3228,3.6);
#3230=EDGE_CURVE('',#3224,#1611,#3229,.T.);
#3231=ORIENTED_EDGE('',*,*,#3230,.F.);
#3232=CARTESIAN_POINT('',(36.823804997,39.093229799,14.786805455));
#3233=VERTEX_POINT('',#3232);
#3234=CARTESIAN_POINT('',(36.823804997,39.093229799,14.786805455));
#3235=DIRECTION('',(-0.,0.,-1.));
#3236=VECTOR('',#3235,2.528764445);
#3237=LINE('',#3234,#3236);
#3238=EDGE_CURVE('',#3233,#3224,#3237,.T.);
#3239=ORIENTED_EDGE('',*,*,#3238,.F.);
#3240=CARTESIAN_POINT('',(36.181431913,39.093229799,15.821441755));
#3241=VERTEX_POINT('',#3240);
#3242=CARTESIAN_POINT('',(37.335835397,39.093229799,15.821441755));
#3243=DIRECTION('',(0.,-1.,-0.));
#3244=DIRECTION('',(-0.,0.,-1.));
#3245=AXIS2_PLACEMENT_3D('',#3242,#3243,#3244);
#3246=CIRCLE('',#3245,1.154403484);
#3247=EDGE_CURVE('',#3241,#3233,#3246,.T.);
#3248=ORIENTED_EDGE('',*,*,#3247,.F.);
#3249=CARTESIAN_POINT('',(37.335835397,39.093229799,15.821441755));
#3250=DIRECTION('',(0.,-1.,-0.));
#3251=DIRECTION('',(-0.,0.,-1.));
#3252=AXIS2_PLACEMENT_3D('',#3249,#3250,#3251);
#3253=CIRCLE('',#3252,1.154403484);
#3254=EDGE_CURVE('',#3215,#3241,#3253,.T.);
#3255=ORIENTED_EDGE('',*,*,#3254,.F.);
#3256=EDGE_LOOP('',(#3221,#3222,#3231,#3239,#3248,#3255));
#3257=FACE_BOUND('',#3256,.T.);
#3258=ADVANCED_FACE('',(#3257),#3213,.F.);
#3259=CARTESIAN_POINT('',(36.823804997,10.439374667,13.689963176));
#3260=DIRECTION('',(0.,-0.,1.));
#3261=DIRECTION('',(0.,1.,0.));
#3262=AXIS2_PLACEMENT_3D('',#3259,#3260,#3261);
#3263=CYLINDRICAL_SURFACE('',#3262,1.909376067);
#3264=CARTESIAN_POINT('',(38.173937762,9.089241902,19.421441755));
#3265=VERTEX_POINT('',#3264);
#3266=CARTESIAN_POINT('',(37.335835397,8.599934036,19.421441755));
#3267=VERTEX_POINT('',#3266);
#3268=CARTESIAN_POINT('',(36.823804997,10.439374667,19.421441755));
#3269=DIRECTION('',(-0.,0.,-1.));
#3270=DIRECTION('',(-1.,0.,0.));
#3271=AXIS2_PLACEMENT_3D('',#3268,#3269,#3270);
#3272=CIRCLE('',#3271,1.909376067);
#3273=EDGE_CURVE('',#3265,#3267,#3272,.T.);
#3274=ORIENTED_EDGE('',*,*,#3273,.F.);
#3275=CARTESIAN_POINT('',(38.173937762,9.089241902,16.615313174));
#3276=VERTEX_POINT('',#3275);
#3277=CARTESIAN_POINT('',(38.173937762,9.089241902,16.615313174));
#3278=DIRECTION('',(0.,-0.,1.));
#3279=VECTOR('',#3278,2.806128581);
#3280=LINE('',#3277,#3279);
#3281=EDGE_CURVE('',#3276,#3265,#3280,.T.);
#3282=ORIENTED_EDGE('',*,*,#3281,.F.);
#3283=CARTESIAN_POINT('',(36.823804997,8.5299986,16.856078054));
#3284=CARTESIAN_POINT('',(36.884138988,8.5299986,16.885936699));
#3285=CARTESIAN_POINT('',(36.94607203,8.532852865,16.910064926));
#3286=CARTESIAN_POINT('',(37.009469906,8.53904693,16.928750641));
#3287=CARTESIAN_POINT('',(37.072867782,8.545240995,16.947436356));
#3288=CARTESIAN_POINT('',(37.138467283,8.554935184,16.960732243));
#3289=CARTESIAN_POINT('',(37.203530572,8.568138323,16.968238527));
#3290=CARTESIAN_POINT('',(37.26859386,8.581341462,16.975744811));
#3291=CARTESIAN_POINT('',(37.332869093,8.597908537,16.977589872));
#3292=CARTESIAN_POINT('',(37.396341699,8.617859174,16.974258475));
#3293=CARTESIAN_POINT('',(37.459814305,8.637809812,16.970927078));
#3294=CARTESIAN_POINT('',(37.522745448,8.661323849,16.962264189));
#3295=CARTESIAN_POINT('',(37.582675747,8.687281019,16.949146169));
#3296=CARTESIAN_POINT('',(37.702536344,8.739195359,16.922910129));
#3297=CARTESIAN_POINT('',(37.814142893,8.802515337,16.878222378));
#3298=CARTESIAN_POINT('',(37.912585263,8.870848448,16.821445253));
#3299=CARTESIAN_POINT('',(38.011027633,8.93918156,16.764668128));
#3300=CARTESIAN_POINT('',(38.097957354,9.013261495,16.695526868));
#3301=CARTESIAN_POINT('',(38.173937762,9.089241902,16.615313174));
#3302=B_SPLINE_CURVE_WITH_KNOTS('',3,(#3283,#3284,#3285,#3286,#3287,#3288,#3289,#3290,#3291,#3292,#3293,#3294,#3295,#3296,#3297,#3298,#3299,#3300,#3301),.UNSPECIFIED.,.F.,.F.,(4,3,3,3,3,3,4),(0.,0.000199077,0.000398154,0.000597231,0.000796308,0.001194462,0.001592616),.UNSPECIFIED.);
#3303=EDGE_CURVE('',#3075,#3276,#3302,.T.);
#3304=ORIENTED_EDGE('',*,*,#3303,.F.);
#3305=ORIENTED_EDGE('',*,*,#3080,.F.);
#3306=CARTESIAN_POINT('',(37.335835397,8.599934036,19.421441755));
#3307=CARTESIAN_POINT('',(37.167502548,8.553076565,19.421441755));
#3308=CARTESIAN_POINT('',(36.996761438,8.5299986,19.40969487));
#3309=CARTESIAN_POINT('',(36.823804997,8.5299986,19.384842499));
#3310=B_SPLINE_CURVE_WITH_KNOTS('',3,(#3306,#3307,#3308,#3309),.UNSPECIFIED.,.F.,.F.,(4,4),(0.,0.000518079),.UNSPECIFIED.);
#3311=EDGE_CURVE('',#3267,#3066,#3310,.T.);
#3312=ORIENTED_EDGE('',*,*,#3311,.F.);
#3313=EDGE_LOOP('',(#3274,#3282,#3304,#3305,#3312));
#3314=FACE_BOUND('',#3313,.T.);
#3315=ADVANCED_FACE('',(#3314),#3263,.F.);
#3316=CARTESIAN_POINT('',(37.335835397,23.519872066,15.821441755));
#3317=DIRECTION('',(-0.,-1.,0.));
#3318=DIRECTION('',(-1.,0.,0.));
#3319=AXIS2_PLACEMENT_3D('',#3316,#3317,#3318);
#3320=CYLINDRICAL_SURFACE('',#3319,1.154403484);
#3321=CARTESIAN_POINT('',(36.181431913,6.165755163,15.821441755));
#3322=VERTEX_POINT('',#3321);
#3323=CARTESIAN_POINT('',(36.181431913,6.165755163,15.821441755));
#3324=DIRECTION('',(0.,1.,-0.));
#3325=VECTOR('',#3324,2.364243437);
#3326=LINE('',#3323,#3325);
#3327=EDGE_CURVE('',#3322,#3083,#3326,.T.);
#3328=ORIENTED_EDGE('',*,*,#3327,.F.);
#3329=CARTESIAN_POINT('',(37.335835397,6.165755163,14.667038271));
#3330=VERTEX_POINT('',#3329);
#3331=CARTESIAN_POINT('',(37.335835397,6.165755163,15.821441755));
#3332=DIRECTION('',(-0.,-1.,-0.));
#3333=DIRECTION('',(-0.,0.,-1.));
#3334=AXIS2_PLACEMENT_3D('',#3331,#3332,#3333);
#3335=CIRCLE('',#3334,1.154403484);
#3336=EDGE_CURVE('',#3322,#3330,#3335,.T.);
#3337=ORIENTED_EDGE('',*,*,#3336,.T.);
#3338=CARTESIAN_POINT('',(37.335835397,6.165755163,15.821441755));
#3339=DIRECTION('',(-0.,-1.,-0.));
#3340=DIRECTION('',(-0.,0.,-1.));
#3341=AXIS2_PLACEMENT_3D('',#3338,#3339,#3340);
#3342=CIRCLE('',#3341,1.154403484);
#3343=EDGE_CURVE('',#3330,#3322,#3342,.T.);
#3344=ORIENTED_EDGE('',*,*,#3343,.T.);
#3345=ORIENTED_EDGE('',*,*,#3327,.T.);
#3346=ORIENTED_EDGE('',*,*,#3089,.F.);
#3347=ORIENTED_EDGE('',*,*,#3303,.T.);
#3348=CARTESIAN_POINT('',(38.173937762,9.089241902,15.027570335));
#3349=VERTEX_POINT('',#3348);
#3350=CARTESIAN_POINT('',(37.335835397,8.251139537,15.821441755));
#3351=DIRECTION('',(-0.707106781,0.707106781,0.));
#3352=DIRECTION('',(-0.707106781,-0.707106781,0.));
#3353=AXIS2_PLACEMENT_3D('',#3350,#3351,#3352);
#3354=ELLIPSE('',#3353,1.632573063,1.154403484);
#3355=EDGE_CURVE('',#3276,#3349,#3354,.T.);
#3356=ORIENTED_EDGE('',*,*,#3355,.T.);
#3357=CARTESIAN_POINT('',(38.173937762,9.089241902,15.027570335));
#3358=CARTESIAN_POINT('',(38.097898344,9.013202484,14.947294343));
#3359=CARTESIAN_POINT('',(38.011818237,8.939844201,14.878832592));
#3360=CARTESIAN_POINT('',(37.913805123,8.871695908,14.8221428));
#3361=CARTESIAN_POINT('',(37.815792008,8.803547615,14.765453008));
#3362=CARTESIAN_POINT('',(37.703802826,8.73987075,14.720424459));
#3363=CARTESIAN_POINT('',(37.58422961,8.687954851,14.694078584));
#3364=CARTESIAN_POINT('',(37.464656394,8.636038951,14.667732709));
#3365=CARTESIAN_POINT('',(37.334285876,8.594790237,14.659747278));
#3366=CARTESIAN_POINT('',(37.205163085,8.568470347,14.674457818));
#3367=CARTESIAN_POINT('',(37.076040294,8.542150456,14.689168358));
#3368=CARTESIAN_POINT('',(36.944800399,8.5299986,14.726926129));
#3369=CARTESIAN_POINT('',(36.823804997,8.5299986,14.786805455));
#3370=B_SPLINE_CURVE_WITH_KNOTS('',3,(#3357,#3358,#3359,#3360,#3361,#3362,#3363,#3364,#3365,#3366,#3367,#3368,#3369),.UNSPECIFIED.,.F.,.F.,(4,3,3,3,4),(0.,0.000395658,0.000791315,0.001186973,0.001582631),.UNSPECIFIED.);
#3371=EDGE_CURVE('',#3349,#3092,#3370,.T.);
#3372=ORIENTED_EDGE('',*,*,#3371,.T.);
#3373=ORIENTED_EDGE('',*,*,#3098,.F.);
#3374=EDGE_LOOP('',(#3328,#3337,#3344,#3345,#3346,#3347,#3356,#3372,#3373));
#3375=FACE_BOUND('',#3374,.T.);
#3376=ADVANCED_FACE('',(#3375),#3320,.F.);
#3377=CARTESIAN_POINT('',(36.823804997,10.439374667,13.689963176));
#3378=DIRECTION('',(0.,-0.,1.));
#3379=DIRECTION('',(0.,1.,0.));
#3380=AXIS2_PLACEMENT_3D('',#3377,#3378,#3379);
#3381=CYLINDRICAL_SURFACE('',#3380,1.909376067);
#3382=ORIENTED_EDGE('',*,*,#3371,.F.);
#3383=CARTESIAN_POINT('',(38.173937762,9.089241902,12.221441755));
#3384=VERTEX_POINT('',#3383);
#3385=CARTESIAN_POINT('',(38.173937762,9.089241902,12.221441755));
#3386=DIRECTION('',(0.,-0.,1.));
#3387=VECTOR('',#3386,2.806128581);
#3388=LINE('',#3385,#3387);
#3389=EDGE_CURVE('',#3384,#3349,#3388,.T.);
#3390=ORIENTED_EDGE('',*,*,#3389,.F.);
#3391=CARTESIAN_POINT('',(36.823804997,10.439374667,12.221441755));
#3392=DIRECTION('',(0.,0.,1.));
#3393=DIRECTION('',(1.,0.,-0.));
#3394=AXIS2_PLACEMENT_3D('',#3391,#3392,#3393);
#3395=CIRCLE('',#3394,1.909376067);
#3396=EDGE_CURVE('',#1466,#3384,#3395,.T.);
#3397=ORIENTED_EDGE('',*,*,#3396,.F.);
#3398=ORIENTED_EDGE('',*,*,#1472,.F.);
#3399=ORIENTED_EDGE('',*,*,#3104,.F.);
#3400=EDGE_LOOP('',(#3382,#3390,#3397,#3398,#3399));
#3401=FACE_BOUND('',#3400,.T.);
#3402=ADVANCED_FACE('',(#3401),#3381,.F.);
#3403=CARTESIAN_POINT('',(37.809866345,8.725170485,13.689963176));
#3404=DIRECTION('',(0.707106781,-0.707106781,-0.));
#3405=DIRECTION('',(-0.,0.,-1.));
#3406=AXIS2_PLACEMENT_3D('',#3403,#3404,#3405);
#3407=PLANE('',#3406);
#3408=ORIENTED_EDGE('',*,*,#3355,.F.);
#3409=ORIENTED_EDGE('',*,*,#3281,.T.);
#3410=CARTESIAN_POINT('',(40.7553514,11.67065554,19.421441755));
#3411=VERTEX_POINT('',#3410);
#3412=CARTESIAN_POINT('',(40.7553514,11.67065554,19.421441755));
#3413=DIRECTION('',(-0.707106781,-0.707106781,0.));
#3414=VECTOR('',#3413,3.650670178);
#3415=LINE('',#3412,#3414);
#3416=EDGE_CURVE('',#3411,#3265,#3415,.T.);
#3417=ORIENTED_EDGE('',*,*,#3416,.F.);
#3418=CARTESIAN_POINT('',(40.7553514,11.67065554,12.221441755));
#3419=VERTEX_POINT('',#3418);
#3420=CARTESIAN_POINT('',(40.7553514,11.67065554,19.421441755));
#3421=DIRECTION('',(-0.,0.,-1.));
#3422=VECTOR('',#3421,7.2);
#3423=LINE('',#3420,#3422);
#3424=EDGE_CURVE('',#3411,#3419,#3423,.T.);
#3425=ORIENTED_EDGE('',*,*,#3424,.T.);
#3426=CARTESIAN_POINT('',(38.173937762,9.089241902,12.221441755));
#3427=DIRECTION('',(0.707106781,0.707106781,-0.));
#3428=VECTOR('',#3427,3.650670178);
#3429=LINE('',#3426,#3428);
#3430=EDGE_CURVE('',#3384,#3419,#3429,.T.);
#3431=ORIENTED_EDGE('',*,*,#3430,.F.);
#3432=ORIENTED_EDGE('',*,*,#3389,.T.);
#3433=EDGE_LOOP('',(#3408,#3409,#3417,#3425,#3431,#3432));
#3434=FACE_BOUND('',#3433,.T.);
#3435=ADVANCED_FACE('',(#3434),#3407,.F.);
#3436=CARTESIAN_POINT('',(39.405218635,13.020788305,18.421441755));
#3437=DIRECTION('',(0.,-0.,1.));
#3438=DIRECTION('',(0.,1.,0.));
#3439=AXIS2_PLACEMENT_3D('',#3436,#3437,#3438);
#3440=CYLINDRICAL_SURFACE('',#3439,1.909376067);
#3441=CARTESIAN_POINT('',(41.314594702,13.020788305,12.221441755));
#3442=VERTEX_POINT('',#3441);
#3443=CARTESIAN_POINT('',(39.405218635,13.020788305,12.221441755));
#3444=DIRECTION('',(0.,0.,1.));
#3445=DIRECTION('',(1.,0.,-0.));
#3446=AXIS2_PLACEMENT_3D('',#3443,#3444,#3445);
#3447=CIRCLE('',#3446,1.909376067);
#3448=EDGE_CURVE('',#3419,#3442,#3447,.T.);
#3449=ORIENTED_EDGE('',*,*,#3448,.F.);
#3450=ORIENTED_EDGE('',*,*,#3424,.F.);
#3451=CARTESIAN_POINT('',(41.314594702,13.020788305,19.421441755));
#3452=VERTEX_POINT('',#3451);
#3453=CARTESIAN_POINT('',(39.405218635,13.020788305,19.421441755));
#3454=DIRECTION('',(-0.,0.,-1.));
#3455=DIRECTION('',(-1.,0.,0.));
#3456=AXIS2_PLACEMENT_3D('',#3453,#3454,#3455);
#3457=CIRCLE('',#3456,1.909376067);
#3458=EDGE_CURVE('',#3452,#3411,#3457,.T.);
#3459=ORIENTED_EDGE('',*,*,#3458,.F.);
#3460=CARTESIAN_POINT('',(41.314594702,13.020788305,19.421441755));
#3461=DIRECTION('',(-0.,0.,-1.));
#3462=VECTOR('',#3461,7.2);
#3463=LINE('',#3460,#3462);
#3464=EDGE_CURVE('',#3452,#3442,#3463,.T.);
#3465=ORIENTED_EDGE('',*,*,#3464,.T.);
#3466=EDGE_LOOP('',(#3449,#3450,#3459,#3465));
#3467=FACE_BOUND('',#3466,.T.);
#3468=ADVANCED_FACE('',(#3467),#3440,.F.);
#3469=CARTESIAN_POINT('',(36.823804997,10.439374667,28.727021669));
#3470=DIRECTION('',(0.,-0.,1.));
#3471=DIRECTION('',(0.,1.,0.));
#3472=AXIS2_PLACEMENT_3D('',#3469,#3470,#3471);
#3473=CYLINDRICAL_SURFACE('',#3472,1.909376067);
#3474=CARTESIAN_POINT('',(38.173937762,9.089241902,34.458500248));
#3475=VERTEX_POINT('',#3474);
#3476=CARTESIAN_POINT('',(37.335835397,8.599934036,34.458500248));
#3477=VERTEX_POINT('',#3476);
#3478=CARTESIAN_POINT('',(36.823804997,10.439374667,34.458500248));
#3479=DIRECTION('',(-0.,0.,-1.));
#3480=DIRECTION('',(-1.,0.,0.));
#3481=AXIS2_PLACEMENT_3D('',#3478,#3479,#3480);
#3482=CIRCLE('',#3481,1.909376067);
#3483=EDGE_CURVE('',#3475,#3477,#3482,.T.);
#3484=ORIENTED_EDGE('',*,*,#3483,.F.);
#3485=CARTESIAN_POINT('',(38.173937762,9.089241902,31.652371667));
#3486=VERTEX_POINT('',#3485);
#3487=CARTESIAN_POINT('',(38.173937762,9.089241902,31.652371667));
#3488=DIRECTION('',(0.,-0.,1.));
#3489=VECTOR('',#3488,2.806128581);
#3490=LINE('',#3487,#3489);
#3491=EDGE_CURVE('',#3486,#3475,#3490,.T.);
#3492=ORIENTED_EDGE('',*,*,#3491,.F.);
#3493=CARTESIAN_POINT('',(36.823804997,8.5299986,31.893136547));
#3494=CARTESIAN_POINT('',(36.884138988,8.5299986,31.922995192));
#3495=CARTESIAN_POINT('',(36.94607203,8.532852865,31.947123419));
#3496=CARTESIAN_POINT('',(37.009469906,8.53904693,31.965809134));
#3497=CARTESIAN_POINT('',(37.072867782,8.545240995,31.984494849));
#3498=CARTESIAN_POINT('',(37.138467283,8.554935184,31.997790736));
#3499=CARTESIAN_POINT('',(37.203530572,8.568138323,32.00529702));
#3500=CARTESIAN_POINT('',(37.26859386,8.581341462,32.012803304));
#3501=CARTESIAN_POINT('',(37.332869093,8.597908537,32.014648365));
#3502=CARTESIAN_POINT('',(37.396341699,8.617859174,32.011316968));
#3503=CARTESIAN_POINT('',(37.459814305,8.637809812,32.007985572));
#3504=CARTESIAN_POINT('',(37.522745448,8.661323849,31.999322682));
#3505=CARTESIAN_POINT('',(37.582675747,8.687281019,31.986204662));
#3506=CARTESIAN_POINT('',(37.702536344,8.739195359,31.959968622));
#3507=CARTESIAN_POINT('',(37.814142893,8.802515337,31.915280871));
#3508=CARTESIAN_POINT('',(37.912585263,8.870848448,31.858503746));
#3509=CARTESIAN_POINT('',(38.011027633,8.93918156,31.801726621));
#3510=CARTESIAN_POINT('',(38.097957354,9.013261495,31.732585361));
#3511=CARTESIAN_POINT('',(38.173937762,9.089241902,31.652371667));
#3512=B_SPLINE_CURVE_WITH_KNOTS('',3,(#3493,#3494,#3495,#3496,#3497,#3498,#3499,#3500,#3501,#3502,#3503,#3504,#3505,#3506,#3507,#3508,#3509,#3510,#3511),.UNSPECIFIED.,.F.,.F.,(4,3,3,3,3,3,4),(0.,0.000199077,0.000398154,0.000597231,0.000796308,0.001194462,0.001592616),.UNSPECIFIED.);
#3513=EDGE_CURVE('',#3125,#3486,#3512,.T.);
#3514=ORIENTED_EDGE('',*,*,#3513,.F.);
#3515=ORIENTED_EDGE('',*,*,#3130,.F.);
#3516=CARTESIAN_POINT('',(37.335835397,8.599934036,34.458500248));
#3517=CARTESIAN_POINT('',(37.167502548,8.553076565,34.458500248));
#3518=CARTESIAN_POINT('',(36.996761438,8.5299986,34.446753363));
#3519=CARTESIAN_POINT('',(36.823804997,8.5299986,34.421900992));
#3520=B_SPLINE_CURVE_WITH_KNOTS('',3,(#3516,#3517,#3518,#3519),.UNSPECIFIED.,.F.,.F.,(4,4),(0.,0.000518079),.UNSPECIFIED.);
#3521=EDGE_CURVE('',#3477,#3116,#3520,.T.);
#3522=ORIENTED_EDGE('',*,*,#3521,.F.);
#3523=EDGE_LOOP('',(#3484,#3492,#3514,#3515,#3522));
#3524=FACE_BOUND('',#3523,.T.);
#3525=ADVANCED_FACE('',(#3524),#3473,.F.);
#3526=CARTESIAN_POINT('',(37.335835397,23.519872066,30.858500248));
#3527=DIRECTION('',(-0.,-1.,0.));
#3528=DIRECTION('',(-1.,0.,0.));
#3529=AXIS2_PLACEMENT_3D('',#3526,#3527,#3528);
#3530=CYLINDRICAL_SURFACE('',#3529,1.154403484);
#3531=CARTESIAN_POINT('',(36.181431913,6.165755163,30.858500248));
#3532=VERTEX_POINT('',#3531);
#3533=CARTESIAN_POINT('',(36.181431913,6.165755163,30.858500248));
#3534=DIRECTION('',(0.,1.,-0.));
#3535=VECTOR('',#3534,2.364243437);
#3536=LINE('',#3533,#3535);
#3537=EDGE_CURVE('',#3532,#3133,#3536,.T.);
#3538=ORIENTED_EDGE('',*,*,#3537,.F.);
#3539=CARTESIAN_POINT('',(37.335835397,6.165755163,29.704096764));
#3540=VERTEX_POINT('',#3539);
#3541=CARTESIAN_POINT('',(37.335835397,6.165755163,30.858500248));
#3542=DIRECTION('',(-0.,-1.,-0.));
#3543=DIRECTION('',(-0.,0.,-1.));
#3544=AXIS2_PLACEMENT_3D('',#3541,#3542,#3543);
#3545=CIRCLE('',#3544,1.154403484);
#3546=EDGE_CURVE('',#3532,#3540,#3545,.T.);
#3547=ORIENTED_EDGE('',*,*,#3546,.T.);
#3548=CARTESIAN_POINT('',(37.335835397,6.165755163,30.858500248));
#3549=DIRECTION('',(-0.,-1.,-0.));
#3550=DIRECTION('',(-0.,0.,-1.));
#3551=AXIS2_PLACEMENT_3D('',#3548,#3549,#3550);
#3552=CIRCLE('',#3551,1.154403484);
#3553=EDGE_CURVE('',#3540,#3532,#3552,.T.);
#3554=ORIENTED_EDGE('',*,*,#3553,.T.);
#3555=ORIENTED_EDGE('',*,*,#3537,.T.);
#3556=ORIENTED_EDGE('',*,*,#3139,.F.);
#3557=ORIENTED_EDGE('',*,*,#3513,.T.);
#3558=CARTESIAN_POINT('',(38.173937762,9.089241902,30.064628828));
#3559=VERTEX_POINT('',#3558);
#3560=CARTESIAN_POINT('',(37.335835397,8.251139537,30.858500248));
#3561=DIRECTION('',(-0.707106781,0.707106781,0.));
#3562=DIRECTION('',(-0.707106781,-0.707106781,0.));
#3563=AXIS2_PLACEMENT_3D('',#3560,#3561,#3562);
#3564=ELLIPSE('',#3563,1.632573063,1.154403484);
#3565=EDGE_CURVE('',#3486,#3559,#3564,.T.);
#3566=ORIENTED_EDGE('',*,*,#3565,.T.);
#3567=CARTESIAN_POINT('',(38.173937762,9.089241902,30.064628828));
#3568=CARTESIAN_POINT('',(38.097898344,9.013202484,29.984352836));
#3569=CARTESIAN_POINT('',(38.011818237,8.939844201,29.915891085));
#3570=CARTESIAN_POINT('',(37.913805123,8.871695908,29.859201293));
#3571=CARTESIAN_POINT('',(37.815792008,8.803547615,29.802511501));
#3572=CARTESIAN_POINT('',(37.703802826,8.73987075,29.757482952));
#3573=CARTESIAN_POINT('',(37.58422961,8.687954851,29.731137077));
#3574=CARTESIAN_POINT('',(37.464656394,8.636038951,29.704791202));
#3575=CARTESIAN_POINT('',(37.334285876,8.594790237,29.696805771));
#3576=CARTESIAN_POINT('',(37.205163085,8.568470347,29.711516311));
#3577=CARTESIAN_POINT('',(37.076040294,8.542150456,29.726226851));
#3578=CARTESIAN_POINT('',(36.944800399,8.5299986,29.763984622));
#3579=CARTESIAN_POINT('',(36.823804997,8.5299986,29.823863948));
#3580=B_SPLINE_CURVE_WITH_KNOTS('',3,(#3567,#3568,#3569,#3570,#3571,#3572,#3573,#3574,#3575,#3576,#3577,#3578,#3579),.UNSPECIFIED.,.F.,.F.,(4,3,3,3,4),(0.,0.000395658,0.000791315,0.001186973,0.001582631),.UNSPECIFIED.);
#3581=EDGE_CURVE('',#3559,#3142,#3580,.T.);
#3582=ORIENTED_EDGE('',*,*,#3581,.T.);
#3583=ORIENTED_EDGE('',*,*,#3148,.F.);
#3584=EDGE_LOOP('',(#3538,#3547,#3554,#3555,#3556,#3557,#3566,#3582,#3583));
#3585=FACE_BOUND('',#3584,.T.);
#3586=ADVANCED_FACE('',(#3585),#3530,.F.);
#3587=CARTESIAN_POINT('',(36.823804997,10.439374667,28.727021669));
#3588=DIRECTION('',(0.,-0.,1.));
#3589=DIRECTION('',(0.,1.,0.));
#3590=AXIS2_PLACEMENT_3D('',#3587,#3588,#3589);
#3591=CYLINDRICAL_SURFACE('',#3590,1.909376067);
#3592=ORIENTED_EDGE('',*,*,#3581,.F.);
#3593=CARTESIAN_POINT('',(38.173937762,9.089241902,27.258500248));
#3594=VERTEX_POINT('',#3593);
#3595=CARTESIAN_POINT('',(38.173937762,9.089241902,27.258500248));
#3596=DIRECTION('',(0.,-0.,1.));
#3597=VECTOR('',#3596,2.806128581);
#3598=LINE('',#3595,#3597);
#3599=EDGE_CURVE('',#3594,#3559,#3598,.T.);
#3600=ORIENTED_EDGE('',*,*,#3599,.F.);
#3601=CARTESIAN_POINT('',(36.823804997,10.439374667,27.258500248));
#3602=DIRECTION('',(0.,0.,1.));
#3603=DIRECTION('',(1.,0.,-0.));
#3604=AXIS2_PLACEMENT_3D('',#3601,#3602,#3603);
#3605=CIRCLE('',#3604,1.909376067);
#3606=EDGE_CURVE('',#1517,#3594,#3605,.T.);
#3607=ORIENTED_EDGE('',*,*,#3606,.F.);
#3608=ORIENTED_EDGE('',*,*,#1523,.F.);
#3609=ORIENTED_EDGE('',*,*,#3154,.F.);
#3610=EDGE_LOOP('',(#3592,#3600,#3607,#3608,#3609));
#3611=FACE_BOUND('',#3610,.T.);
#3612=ADVANCED_FACE('',(#3611),#3591,.F.);
#3613=CARTESIAN_POINT('',(37.809866345,8.725170485,28.727021669));
#3614=DIRECTION('',(0.707106781,-0.707106781,-0.));
#3615=DIRECTION('',(-0.,0.,-1.));
#3616=AXIS2_PLACEMENT_3D('',#3613,#3614,#3615);
#3617=PLANE('',#3616);
#3618=ORIENTED_EDGE('',*,*,#3565,.F.);
#3619=ORIENTED_EDGE('',*,*,#3491,.T.);
#3620=CARTESIAN_POINT('',(40.7553514,11.67065554,34.458500248));
#3621=VERTEX_POINT('',#3620);
#3622=CARTESIAN_POINT('',(40.7553514,11.67065554,34.458500248));
#3623=DIRECTION('',(-0.707106781,-0.707106781,0.));
#3624=VECTOR('',#3623,3.650670178);
#3625=LINE('',#3622,#3624);
#3626=EDGE_CURVE('',#3621,#3475,#3625,.T.);
#3627=ORIENTED_EDGE('',*,*,#3626,.F.);
#3628=CARTESIAN_POINT('',(40.7553514,11.67065554,27.258500248));
#3629=VERTEX_POINT('',#3628);
#3630=CARTESIAN_POINT('',(40.7553514,11.67065554,34.458500248));
#3631=DIRECTION('',(-0.,0.,-1.));
#3632=VECTOR('',#3631,7.2);
#3633=LINE('',#3630,#3632);
#3634=EDGE_CURVE('',#3621,#3629,#3633,.T.);
#3635=ORIENTED_EDGE('',*,*,#3634,.T.);
#3636=CARTESIAN_POINT('',(38.173937762,9.089241902,27.258500248));
#3637=DIRECTION('',(0.707106781,0.707106781,-0.));
#3638=VECTOR('',#3637,3.650670178);
#3639=LINE('',#3636,#3638);
#3640=EDGE_CURVE('',#3594,#3629,#3639,.T.);
#3641=ORIENTED_EDGE('',*,*,#3640,.F.);
#3642=ORIENTED_EDGE('',*,*,#3599,.T.);
#3643=EDGE_LOOP('',(#3618,#3619,#3627,#3635,#3641,#3642));
#3644=FACE_BOUND('',#3643,.T.);
#3645=ADVANCED_FACE('',(#3644),#3617,.F.);
#3646=CARTESIAN_POINT('',(39.405218635,13.020788305,33.458500248));
#3647=DIRECTION('',(0.,-0.,1.));
#3648=DIRECTION('',(0.,1.,0.));
#3649=AXIS2_PLACEMENT_3D('',#3646,#3647,#3648);
#3650=CYLINDRICAL_SURFACE('',#3649,1.909376067);
#3651=CARTESIAN_POINT('',(41.314594702,13.020788305,27.258500248));
#3652=VERTEX_POINT('',#3651);
#3653=CARTESIAN_POINT('',(39.405218635,13.020788305,27.258500248));
#3654=DIRECTION('',(0.,0.,1.));
#3655=DIRECTION('',(1.,0.,-0.));
#3656=AXIS2_PLACEMENT_3D('',#3653,#3654,#3655);
#3657=CIRCLE('',#3656,1.909376067);
#3658=EDGE_CURVE('',#3629,#3652,#3657,.T.);
#3659=ORIENTED_EDGE('',*,*,#3658,.F.);
#3660=ORIENTED_EDGE('',*,*,#3634,.F.);
#3661=CARTESIAN_POINT('',(41.314594702,13.020788305,34.458500248));
#3662=VERTEX_POINT('',#3661);
#3663=CARTESIAN_POINT('',(39.405218635,13.020788305,34.458500248));
#3664=DIRECTION('',(-0.,0.,-1.));
#3665=DIRECTION('',(-1.,0.,0.));
#3666=AXIS2_PLACEMENT_3D('',#3663,#3664,#3665);
#3667=CIRCLE('',#3666,1.909376067);
#3668=EDGE_CURVE('',#3662,#3621,#3667,.T.);
#3669=ORIENTED_EDGE('',*,*,#3668,.F.);
#3670=CARTESIAN_POINT('',(41.314594702,13.020788305,34.458500248));
#3671=DIRECTION('',(-0.,0.,-1.));
#3672=VECTOR('',#3671,7.2);
#3673=LINE('',#3670,#3672);
#3674=EDGE_CURVE('',#3662,#3652,#3673,.T.);
#3675=ORIENTED_EDGE('',*,*,#3674,.T.);
#3676=EDGE_LOOP('',(#3659,#3660,#3669,#3675));
#3677=FACE_BOUND('',#3676,.T.);
#3678=ADVANCED_FACE('',(#3677),#3650,.F.);
#3679=CARTESIAN_POINT('',(36.823804997,37.183853731,28.727021669));
#3680=DIRECTION('',(0.,-0.,1.));
#3681=DIRECTION('',(0.,-1.,-0.));
#3682=AXIS2_PLACEMENT_3D('',#3679,#3680,#3681);
#3683=CYLINDRICAL_SURFACE('',#3682,1.909376067);
#3684=CARTESIAN_POINT('',(38.173937762,38.533986496,30.064628828));
#3685=VERTEX_POINT('',#3684);
#3686=CARTESIAN_POINT('',(38.173937762,38.533986496,30.064628828));
#3687=CARTESIAN_POINT('',(38.097898344,38.610025914,29.984352836));
#3688=CARTESIAN_POINT('',(38.011818237,38.683384198,29.915891085));
#3689=CARTESIAN_POINT('',(37.913805123,38.751532491,29.859201293));
#3690=CARTESIAN_POINT('',(37.815792008,38.819680783,29.802511501));
#3691=CARTESIAN_POINT('',(37.703802826,38.883357649,29.757482952));
#3692=CARTESIAN_POINT('',(37.58422961,38.935273548,29.731137077));
#3693=CARTESIAN_POINT('',(37.464656394,38.987189447,29.704791202));
#3694=CARTESIAN_POINT('',(37.334285876,39.028438161,29.696805771));
#3695=CARTESIAN_POINT('',(37.205163085,39.054758051,29.711516311));
#3696=CARTESIAN_POINT('',(37.076040294,39.081077942,29.726226851));
#3697=CARTESIAN_POINT('',(36.944800399,39.093229799,29.763984622));
#3698=CARTESIAN_POINT('',(36.823804997,39.093229799,29.823863948));
#3699=B_SPLINE_CURVE_WITH_KNOTS('',3,(#3686,#3687,#3688,#3689,#3690,#3691,#3692,#3693,#3694,#3695,#3696,#3697,#3698),.UNSPECIFIED.,.F.,.F.,(4,3,3,3,4),(0.,0.000395658,0.000791315,0.001186973,0.001582631),.UNSPECIFIED.);
#3700=EDGE_CURVE('',#3685,#3183,#3699,.T.);
#3701=ORIENTED_EDGE('',*,*,#3700,.T.);
#3702=ORIENTED_EDGE('',*,*,#3188,.T.);
#3703=CARTESIAN_POINT('',(37.335835397,39.023294362,27.258500248));
#3704=VERTEX_POINT('',#3703);
#3705=CARTESIAN_POINT('',(36.823804997,39.093229799,27.295099503));
#3706=CARTESIAN_POINT('',(36.909950075,39.093229799,27.282721187));
#3707=CARTESIAN_POINT('',(36.995801457,39.087425941,27.273569138));
#3708=CARTESIAN_POINT('',(37.081343174,39.075781598,27.267506832));
#3709=CARTESIAN_POINT('',(37.166884891,39.064137256,27.261444526));
#3710=CARTESIAN_POINT('',(37.252682161,39.046441074,27.258500242));
#3711=CARTESIAN_POINT('',(37.335835397,39.023294362,27.258500248));
#3712=B_SPLINE_CURVE_WITH_KNOTS('',3,(#3705,#3706,#3707,#3708,#3709,#3710,#3711),.UNSPECIFIED.,.F.,.F.,(4,3,4),(0.001396259,0.001653661,0.001911063),.UNSPECIFIED.);
#3713=EDGE_CURVE('',#3174,#3704,#3712,.T.);
#3714=ORIENTED_EDGE('',*,*,#3713,.T.);
#3715=CARTESIAN_POINT('',(38.173937762,38.533986496,27.258500248));
#3716=VERTEX_POINT('',#3715);
#3717=CARTESIAN_POINT('',(36.823804997,37.183853731,27.258500248));
#3718=DIRECTION('',(-0.,0.,-1.));
#3719=DIRECTION('',(1.,0.,-0.));
#3720=AXIS2_PLACEMENT_3D('',#3717,#3718,#3719);
#3721=CIRCLE('',#3720,1.909376067);
#3722=EDGE_CURVE('',#3704,#3716,#3721,.T.);
#3723=ORIENTED_EDGE('',*,*,#3722,.T.);
#3724=CARTESIAN_POINT('',(38.173937762,38.533986496,27.258500248));
#3725=DIRECTION('',(0.,-0.,1.));
#3726=VECTOR('',#3725,2.806128581);
#3727=LINE('',#3724,#3726);
#3728=EDGE_CURVE('',#3716,#3685,#3727,.T.);
#3729=ORIENTED_EDGE('',*,*,#3728,.T.);
#3730=EDGE_LOOP('',(#3701,#3702,#3714,#3723,#3729));
#3731=FACE_BOUND('',#3730,.T.);
#3732=ADVANCED_FACE('',(#3731),#3683,.F.);
#3733=CARTESIAN_POINT('',(37.335835397,22.876113553,30.858500248));
#3734=DIRECTION('',(-0.,1.,0.));
#3735=DIRECTION('',(-1.,-0.,0.));
#3736=AXIS2_PLACEMENT_3D('',#3733,#3734,#3735);
#3737=CYLINDRICAL_SURFACE('',#3736,1.154403484);
#3738=CARTESIAN_POINT('',(36.181431913,41.259487252,30.858500248));
#3739=VERTEX_POINT('',#3738);
#3740=CARTESIAN_POINT('',(36.181431913,41.259487252,30.858500248));
#3741=DIRECTION('',(0.,-1.,-0.));
#3742=VECTOR('',#3741,2.166257453);
#3743=LINE('',#3740,#3742);
#3744=EDGE_CURVE('',#3739,#3191,#3743,.T.);
#3745=ORIENTED_EDGE('',*,*,#3744,.F.);
#3746=CARTESIAN_POINT('',(37.335835397,41.259487252,32.012903731));
#3747=VERTEX_POINT('',#3746);
#3748=CARTESIAN_POINT('',(37.335835397,41.259487252,30.858500248));
#3749=DIRECTION('',(0.,-1.,-0.));
#3750=DIRECTION('',(0.,-0.,1.));
#3751=AXIS2_PLACEMENT_3D('',#3748,#3749,#3750);
#3752=CIRCLE('',#3751,1.154403484);
#3753=EDGE_CURVE('',#3747,#3739,#3752,.T.);
#3754=ORIENTED_EDGE('',*,*,#3753,.F.);
#3755=CARTESIAN_POINT('',(37.335835397,41.259487252,30.858500248));
#3756=DIRECTION('',(0.,-1.,-0.));
#3757=DIRECTION('',(0.,-0.,1.));
#3758=AXIS2_PLACEMENT_3D('',#3755,#3756,#3757);
#3759=CIRCLE('',#3758,1.154403484);
#3760=EDGE_CURVE('',#3739,#3747,#3759,.T.);
#3761=ORIENTED_EDGE('',*,*,#3760,.F.);
#3762=ORIENTED_EDGE('',*,*,#3744,.T.);
#3763=ORIENTED_EDGE('',*,*,#3197,.T.);
#3764=ORIENTED_EDGE('',*,*,#3700,.F.);
#3765=CARTESIAN_POINT('',(38.173937762,38.533986496,31.652371667));
#3766=VERTEX_POINT('',#3765);
#3767=CARTESIAN_POINT('',(37.335835397,39.372088861,30.858500248));
#3768=DIRECTION('',(0.707106781,0.707106781,-0.));
#3769=DIRECTION('',(-0.707106781,0.707106781,0.));
#3770=AXIS2_PLACEMENT_3D('',#3767,#3768,#3769);
#3771=ELLIPSE('',#3770,1.632573063,1.154403484);
#3772=EDGE_CURVE('',#3766,#3685,#3771,.T.);
#3773=ORIENTED_EDGE('',*,*,#3772,.F.);
#3774=CARTESIAN_POINT('',(36.823804997,39.093229799,31.893136547));
#3775=CARTESIAN_POINT('',(36.884138988,39.093229799,31.922995192));
#3776=CARTESIAN_POINT('',(36.94607203,39.090375534,31.947123419));
#3777=CARTESIAN_POINT('',(37.009469906,39.084181468,31.965809134));
#3778=CARTESIAN_POINT('',(37.072867782,39.077987403,31.984494849));
#3779=CARTESIAN_POINT('',(37.138467283,39.068293214,31.997790736));
#3780=CARTESIAN_POINT('',(37.203530572,39.055090075,32.00529702));
#3781=CARTESIAN_POINT('',(37.26859386,39.041886936,32.012803304));
#3782=CARTESIAN_POINT('',(37.332869093,39.025319862,32.014648365));
#3783=CARTESIAN_POINT('',(37.396341699,39.005369224,32.011316968));
#3784=CARTESIAN_POINT('',(37.459814305,38.985418587,32.007985572));
#3785=CARTESIAN_POINT('',(37.522745448,38.961904549,31.999322682));
#3786=CARTESIAN_POINT('',(37.582675747,38.935947379,31.986204662));
#3787=CARTESIAN_POINT('',(37.702536344,38.884033039,31.959968622));
#3788=CARTESIAN_POINT('',(37.814142893,38.820713062,31.915280871));
#3789=CARTESIAN_POINT('',(37.912585263,38.75237995,31.858503746));
#3790=CARTESIAN_POINT('',(38.011027633,38.684046838,31.801726621));
#3791=CARTESIAN_POINT('',(38.097957354,38.609966904,31.732585361));
#3792=CARTESIAN_POINT('',(38.173937762,38.533986496,31.652371667));
#3793=B_SPLINE_CURVE_WITH_KNOTS('',3,(#3774,#3775,#3776,#3777,#3778,#3779,#3780,#3781,#3782,#3783,#3784,#3785,#3786,#3787,#3788,#3789,#3790,#3791,#3792),.UNSPECIFIED.,.F.,.F.,(4,3,3,3,3,3,4),(0.,0.000199077,0.000398154,0.000597231,0.000796308,0.001194462,0.001592616),.UNSPECIFIED.);
#3794=EDGE_CURVE('',#3165,#3766,#3793,.T.);
#3795=ORIENTED_EDGE('',*,*,#3794,.F.);
#3796=ORIENTED_EDGE('',*,*,#3204,.T.);
#3797=EDGE_LOOP('',(#3745,#3754,#3761,#3762,#3763,#3764,#3773,#3795,#3796));
#3798=FACE_BOUND('',#3797,.T.);
#3799=ADVANCED_FACE('',(#3798),#3737,.F.);
#3800=CARTESIAN_POINT('',(36.823804997,37.183853731,28.727021669));
#3801=DIRECTION('',(0.,-0.,1.));
#3802=DIRECTION('',(0.,-1.,-0.));
#3803=AXIS2_PLACEMENT_3D('',#3800,#3801,#3802);
#3804=CYLINDRICAL_SURFACE('',#3803,1.909376067);
#3805=CARTESIAN_POINT('',(38.173937762,38.533986496,34.458500248));
#3806=VERTEX_POINT('',#3805);
#3807=CARTESIAN_POINT('',(36.823804997,37.183853731,34.458500248));
#3808=DIRECTION('',(0.,-0.,1.));
#3809=DIRECTION('',(-1.,-0.,0.));
#3810=AXIS2_PLACEMENT_3D('',#3807,#3808,#3809);
#3811=CIRCLE('',#3810,1.909376067);
#3812=EDGE_CURVE('',#3806,#1568,#3811,.T.);
#3813=ORIENTED_EDGE('',*,*,#3812,.T.);
#3814=ORIENTED_EDGE('',*,*,#1583,.T.);
#3815=ORIENTED_EDGE('',*,*,#3170,.T.);
#3816=ORIENTED_EDGE('',*,*,#3794,.T.);
#3817=CARTESIAN_POINT('',(38.173937762,38.533986496,31.652371667));
#3818=DIRECTION('',(0.,-0.,1.));
#3819=VECTOR('',#3818,2.806128581);
#3820=LINE('',#3817,#3819);
#3821=EDGE_CURVE('',#3766,#3806,#3820,.T.);
#3822=ORIENTED_EDGE('',*,*,#3821,.T.);
#3823=EDGE_LOOP('',(#3813,#3814,#3815,#3816,#3822));
#3824=FACE_BOUND('',#3823,.T.);
#3825=ADVANCED_FACE('',(#3824),#3804,.F.);
#3826=CARTESIAN_POINT('',(37.809866345,38.898057913,28.727021669));
#3827=DIRECTION('',(0.707106781,0.707106781,-0.));
#3828=DIRECTION('',(-0.,0.,-1.));
#3829=AXIS2_PLACEMENT_3D('',#3826,#3827,#3828);
#3830=PLANE('',#3829);
#3831=ORIENTED_EDGE('',*,*,#3772,.T.);
#3832=ORIENTED_EDGE('',*,*,#3728,.F.);
#3833=CARTESIAN_POINT('',(40.7553514,35.952572858,27.258500248));
#3834=VERTEX_POINT('',#3833);
#3835=CARTESIAN_POINT('',(38.173937762,38.533986496,27.258500248));
#3836=DIRECTION('',(0.707106781,-0.707106781,-0.));
#3837=VECTOR('',#3836,3.650670178);
#3838=LINE('',#3835,#3837);
#3839=EDGE_CURVE('',#3716,#3834,#3838,.T.);
#3840=ORIENTED_EDGE('',*,*,#3839,.T.);
#3841=CARTESIAN_POINT('',(40.7553514,35.952572858,34.458500248));
#3842=VERTEX_POINT('',#3841);
#3843=CARTESIAN_POINT('',(40.7553514,35.952572858,34.458500248));
#3844=DIRECTION('',(-0.,0.,-1.));
#3845=VECTOR('',#3844,7.2);
#3846=LINE('',#3843,#3845);
#3847=EDGE_CURVE('',#3842,#3834,#3846,.T.);
#3848=ORIENTED_EDGE('',*,*,#3847,.F.);
#3849=CARTESIAN_POINT('',(40.7553514,35.952572858,34.458500248));
#3850=DIRECTION('',(-0.707106781,0.707106781,0.));
#3851=VECTOR('',#3850,3.650670178);
#3852=LINE('',#3849,#3851);
#3853=EDGE_CURVE('',#3842,#3806,#3852,.T.);
#3854=ORIENTED_EDGE('',*,*,#3853,.T.);
#3855=ORIENTED_EDGE('',*,*,#3821,.F.);
#3856=EDGE_LOOP('',(#3831,#3832,#3840,#3848,#3854,#3855));
#3857=FACE_BOUND('',#3856,.T.);
#3858=ADVANCED_FACE('',(#3857),#3830,.F.);
#3859=CARTESIAN_POINT('',(39.405218635,34.602440093,33.458500248));
#3860=DIRECTION('',(0.,-0.,1.));
#3861=DIRECTION('',(0.,-1.,-0.));
#3862=AXIS2_PLACEMENT_3D('',#3859,#3860,#3861);
#3863=CYLINDRICAL_SURFACE('',#3862,1.909376067);
#3864=CARTESIAN_POINT('',(41.314594702,34.602440093,27.258500248));
#3865=VERTEX_POINT('',#3864);
#3866=CARTESIAN_POINT('',(39.405218635,34.602440093,27.258500248));
#3867=DIRECTION('',(-0.,0.,-1.));
#3868=DIRECTION('',(1.,0.,-0.));
#3869=AXIS2_PLACEMENT_3D('',#3866,#3867,#3868);
#3870=CIRCLE('',#3869,1.909376067);
#3871=EDGE_CURVE('',#3834,#3865,#3870,.T.);
#3872=ORIENTED_EDGE('',*,*,#3871,.T.);
#3873=CARTESIAN_POINT('',(41.314594702,34.602440093,34.458500248));
#3874=VERTEX_POINT('',#3873);
#3875=CARTESIAN_POINT('',(41.314594702,34.602440093,34.458500248));
#3876=DIRECTION('',(-0.,0.,-1.));
#3877=VECTOR('',#3876,7.2);
#3878=LINE('',#3875,#3877);
#3879=EDGE_CURVE('',#3874,#3865,#3878,.T.);
#3880=ORIENTED_EDGE('',*,*,#3879,.F.);
#3881=CARTESIAN_POINT('',(39.405218635,34.602440093,34.458500248));
#3882=DIRECTION('',(0.,-0.,1.));
#3883=DIRECTION('',(-1.,-0.,0.));
#3884=AXIS2_PLACEMENT_3D('',#3881,#3882,#3883);
#3885=CIRCLE('',#3884,1.909376067);
#3886=EDGE_CURVE('',#3874,#3842,#3885,.T.);
#3887=ORIENTED_EDGE('',*,*,#3886,.T.);
#3888=ORIENTED_EDGE('',*,*,#3847,.T.);
#3889=EDGE_LOOP('',(#3872,#3880,#3887,#3888));
#3890=FACE_BOUND('',#3889,.T.);
#3891=ADVANCED_FACE('',(#3890),#3863,.F.);
#3892=CARTESIAN_POINT('',(36.823804997,37.183853731,13.689963176));
#3893=DIRECTION('',(0.,-0.,1.));
#3894=DIRECTION('',(0.,-1.,-0.));
#3895=AXIS2_PLACEMENT_3D('',#3892,#3893,#3894);
#3896=CYLINDRICAL_SURFACE('',#3895,1.909376067);
#3897=CARTESIAN_POINT('',(38.173937762,38.533986496,15.027570335));
#3898=VERTEX_POINT('',#3897);
#3899=CARTESIAN_POINT('',(38.173937762,38.533986496,15.027570335));
#3900=CARTESIAN_POINT('',(38.097898344,38.610025914,14.947294343));
#3901=CARTESIAN_POINT('',(38.011818237,38.683384198,14.878832592));
#3902=CARTESIAN_POINT('',(37.913805123,38.751532491,14.8221428));
#3903=CARTESIAN_POINT('',(37.815792008,38.819680783,14.765453008));
#3904=CARTESIAN_POINT('',(37.703802826,38.883357649,14.720424459));
#3905=CARTESIAN_POINT('',(37.58422961,38.935273548,14.694078584));
#3906=CARTESIAN_POINT('',(37.464656394,38.987189447,14.667732709));
#3907=CARTESIAN_POINT('',(37.334285876,39.028438161,14.659747278));
#3908=CARTESIAN_POINT('',(37.205163085,39.054758051,14.674457818));
#3909=CARTESIAN_POINT('',(37.076040294,39.081077942,14.689168358));
#3910=CARTESIAN_POINT('',(36.944800399,39.093229799,14.726926129));
#3911=CARTESIAN_POINT('',(36.823804997,39.093229799,14.786805455));
#3912=B_SPLINE_CURVE_WITH_KNOTS('',3,(#3899,#3900,#3901,#3902,#3903,#3904,#3905,#3906,#3907,#3908,#3909,#3910,#3911),.UNSPECIFIED.,.F.,.F.,(4,3,3,3,4),(0.,0.000395658,0.000791315,0.001186973,0.001582631),.UNSPECIFIED.);
#3913=EDGE_CURVE('',#3898,#3233,#3912,.T.);
#3914=ORIENTED_EDGE('',*,*,#3913,.T.);
#3915=ORIENTED_EDGE('',*,*,#3238,.T.);
#3916=CARTESIAN_POINT('',(37.335835397,39.023294362,12.221441755));
#3917=VERTEX_POINT('',#3916);
#3918=CARTESIAN_POINT('',(36.823804997,39.093229799,12.25804101));
#3919=CARTESIAN_POINT('',(36.909950075,39.093229799,12.245662694));
#3920=CARTESIAN_POINT('',(36.995801457,39.087425941,12.236510645));
#3921=CARTESIAN_POINT('',(37.081343174,39.075781598,12.230448339));
#3922=CARTESIAN_POINT('',(37.166884891,39.064137256,12.224386033));
#3923=CARTESIAN_POINT('',(37.252682161,39.046441074,12.221441749));
#3924=CARTESIAN_POINT('',(37.335835397,39.023294362,12.221441755));
#3925=B_SPLINE_CURVE_WITH_KNOTS('',3,(#3918,#3919,#3920,#3921,#3922,#3923,#3924),.UNSPECIFIED.,.F.,.F.,(4,3,4),(0.001396259,0.001653661,0.001911063),.UNSPECIFIED.);
#3926=EDGE_CURVE('',#3224,#3917,#3925,.T.);
#3927=ORIENTED_EDGE('',*,*,#3926,.T.);
#3928=CARTESIAN_POINT('',(38.173937762,38.533986496,12.221441755));
#3929=VERTEX_POINT('',#3928);
#3930=CARTESIAN_POINT('',(36.823804997,37.183853731,12.221441755));
#3931=DIRECTION('',(-0.,0.,-1.));
#3932=DIRECTION('',(1.,0.,-0.));
#3933=AXIS2_PLACEMENT_3D('',#3930,#3931,#3932);
#3934=CIRCLE('',#3933,1.909376067);
#3935=EDGE_CURVE('',#3917,#3929,#3934,.T.);
#3936=ORIENTED_EDGE('',*,*,#3935,.T.);
#3937=CARTESIAN_POINT('',(38.173937762,38.533986496,12.221441755));
#3938=DIRECTION('',(0.,-0.,1.));
#3939=VECTOR('',#3938,2.806128581);
#3940=LINE('',#3937,#3939);
#3941=EDGE_CURVE('',#3929,#3898,#3940,.T.);
#3942=ORIENTED_EDGE('',*,*,#3941,.T.);
#3943=EDGE_LOOP('',(#3914,#3915,#3927,#3936,#3942));
#3944=FACE_BOUND('',#3943,.T.);
#3945=ADVANCED_FACE('',(#3944),#3896,.F.);
#3946=CARTESIAN_POINT('',(37.335835397,22.876113553,15.821441755));
#3947=DIRECTION('',(-0.,1.,0.));
#3948=DIRECTION('',(-1.,-0.,0.));
#3949=AXIS2_PLACEMENT_3D('',#3946,#3947,#3948);
#3950=CYLINDRICAL_SURFACE('',#3949,1.154403484);
#3951=CARTESIAN_POINT('',(36.181431913,41.259487252,15.821441755));
#3952=VERTEX_POINT('',#3951);
#3953=CARTESIAN_POINT('',(36.181431913,41.259487252,15.821441755));
#3954=DIRECTION('',(0.,-1.,-0.));
#3955=VECTOR('',#3954,2.166257453);
#3956=LINE('',#3953,#3955);
#3957=EDGE_CURVE('',#3952,#3241,#3956,.T.);
#3958=ORIENTED_EDGE('',*,*,#3957,.F.);
#3959=CARTESIAN_POINT('',(37.335835397,41.259487252,16.975845238));
#3960=VERTEX_POINT('',#3959);
#3961=CARTESIAN_POINT('',(37.335835397,41.259487252,15.821441755));
#3962=DIRECTION('',(0.,-1.,-0.));
#3963=DIRECTION('',(0.,-0.,1.));
#3964=AXIS2_PLACEMENT_3D('',#3961,#3962,#3963);
#3965=CIRCLE('',#3964,1.154403484);
#3966=EDGE_CURVE('',#3960,#3952,#3965,.T.);
#3967=ORIENTED_EDGE('',*,*,#3966,.F.);
#3968=CARTESIAN_POINT('',(37.335835397,41.259487252,15.821441755));
#3969=DIRECTION('',(0.,-1.,-0.));
#3970=DIRECTION('',(0.,-0.,1.));
#3971=AXIS2_PLACEMENT_3D('',#3968,#3969,#3970);
#3972=CIRCLE('',#3971,1.154403484);
#3973=EDGE_CURVE('',#3952,#3960,#3972,.T.);
#3974=ORIENTED_EDGE('',*,*,#3973,.F.);
#3975=ORIENTED_EDGE('',*,*,#3957,.T.);
#3976=ORIENTED_EDGE('',*,*,#3247,.T.);
#3977=ORIENTED_EDGE('',*,*,#3913,.F.);
#3978=CARTESIAN_POINT('',(38.173937762,38.533986496,16.615313174));
#3979=VERTEX_POINT('',#3978);
#3980=CARTESIAN_POINT('',(37.335835397,39.372088861,15.821441755));
#3981=DIRECTION('',(0.707106781,0.707106781,-0.));
#3982=DIRECTION('',(-0.707106781,0.707106781,0.));
#3983=AXIS2_PLACEMENT_3D('',#3980,#3981,#3982);
#3984=ELLIPSE('',#3983,1.632573063,1.154403484);
#3985=EDGE_CURVE('',#3979,#3898,#3984,.T.);
#3986=ORIENTED_EDGE('',*,*,#3985,.F.);
#3987=CARTESIAN_POINT('',(36.823804997,39.093229799,16.856078054));
#3988=CARTESIAN_POINT('',(36.884138988,39.093229799,16.885936699));
#3989=CARTESIAN_POINT('',(36.94607203,39.090375534,16.910064926));
#3990=CARTESIAN_POINT('',(37.009469906,39.084181468,16.928750641));
#3991=CARTESIAN_POINT('',(37.072867782,39.077987403,16.947436356));
#3992=CARTESIAN_POINT('',(37.138467283,39.068293214,16.960732243));
#3993=CARTESIAN_POINT('',(37.203530572,39.055090075,16.968238527));
#3994=CARTESIAN_POINT('',(37.26859386,39.041886936,16.975744811));
#3995=CARTESIAN_POINT('',(37.332869093,39.025319862,16.977589872));
#3996=CARTESIAN_POINT('',(37.396341699,39.005369224,16.974258475));
#3997=CARTESIAN_POINT('',(37.459814305,38.985418587,16.970927078));
#3998=CARTESIAN_POINT('',(37.522745448,38.961904549,16.962264189));
#3999=CARTESIAN_POINT('',(37.582675747,38.935947379,16.949146169));
#4000=CARTESIAN_POINT('',(37.702536344,38.884033039,16.922910129));
#4001=CARTESIAN_POINT('',(37.814142893,38.820713062,16.878222378));
#4002=CARTESIAN_POINT('',(37.912585263,38.75237995,16.821445253));
#4003=CARTESIAN_POINT('',(38.011027633,38.684046838,16.764668128));
#4004=CARTESIAN_POINT('',(38.097957354,38.609966904,16.695526868));
#4005=CARTESIAN_POINT('',(38.173937762,38.533986496,16.615313174));
#4006=B_SPLINE_CURVE_WITH_KNOTS('',3,(#3987,#3988,#3989,#3990,#3991,#3992,#3993,#3994,#3995,#3996,#3997,#3998,#3999,#4000,#4001,#4002,#4003,#4004,#4005),.UNSPECIFIED.,.F.,.F.,(4,3,3,3,3,3,4),(0.,0.000199077,0.000398154,0.000597231,0.000796308,0.001194462,0.001592616),.UNSPECIFIED.);
#4007=EDGE_CURVE('',#3215,#3979,#4006,.T.);
#4008=ORIENTED_EDGE('',*,*,#4007,.F.);
#4009=ORIENTED_EDGE('',*,*,#3254,.T.);
#4010=EDGE_LOOP('',(#3958,#3967,#3974,#3975,#3976,#3977,#3986,#4008,#4009));
#4011=FACE_BOUND('',#4010,.T.);
#4012=ADVANCED_FACE('',(#4011),#3950,.F.);
#4013=CARTESIAN_POINT('',(36.823804997,37.183853731,13.689963176));
#4014=DIRECTION('',(0.,-0.,1.));
#4015=DIRECTION('',(0.,-1.,-0.));
#4016=AXIS2_PLACEMENT_3D('',#4013,#4014,#4015);
#4017=CYLINDRICAL_SURFACE('',#4016,1.909376067);
#4018=CARTESIAN_POINT('',(38.173937762,38.533986496,19.421441755));
#4019=VERTEX_POINT('',#4018);
#4020=CARTESIAN_POINT('',(36.823804997,37.183853731,19.421441755));
#4021=DIRECTION('',(0.,-0.,1.));
#4022=DIRECTION('',(-1.,-0.,0.));
#4023=AXIS2_PLACEMENT_3D('',#4020,#4021,#4022);
#4024=CIRCLE('',#4023,1.909376067);
#4025=EDGE_CURVE('',#4019,#1628,#4024,.T.);
#4026=ORIENTED_EDGE('',*,*,#4025,.T.);
#4027=ORIENTED_EDGE('',*,*,#1643,.T.);
#4028=ORIENTED_EDGE('',*,*,#3220,.T.);
#4029=ORIENTED_EDGE('',*,*,#4007,.T.);
#4030=CARTESIAN_POINT('',(38.173937762,38.533986496,16.615313174));
#4031=DIRECTION('',(0.,-0.,1.));
#4032=VECTOR('',#4031,2.806128581);
#4033=LINE('',#4030,#4032);
#4034=EDGE_CURVE('',#3979,#4019,#4033,.T.);
#4035=ORIENTED_EDGE('',*,*,#4034,.T.);
#4036=EDGE_LOOP('',(#4026,#4027,#4028,#4029,#4035));
#4037=FACE_BOUND('',#4036,.T.);
#4038=ADVANCED_FACE('',(#4037),#4017,.F.);
#4039=CARTESIAN_POINT('',(37.809866345,38.898057913,13.689963176));
#4040=DIRECTION('',(0.707106781,0.707106781,-0.));
#4041=DIRECTION('',(-0.,0.,-1.));
#4042=AXIS2_PLACEMENT_3D('',#4039,#4040,#4041);
#4043=PLANE('',#4042);
#4044=ORIENTED_EDGE('',*,*,#3985,.T.);
#4045=ORIENTED_EDGE('',*,*,#3941,.F.);
#4046=CARTESIAN_POINT('',(40.7553514,35.952572858,12.221441755));
#4047=VERTEX_POINT('',#4046);
#4048=CARTESIAN_POINT('',(38.173937762,38.533986496,12.221441755));
#4049=DIRECTION('',(0.707106781,-0.707106781,-0.));
#4050=VECTOR('',#4049,3.650670178);
#4051=LINE('',#4048,#4050);
#4052=EDGE_CURVE('',#3929,#4047,#4051,.T.);
#4053=ORIENTED_EDGE('',*,*,#4052,.T.);
#4054=CARTESIAN_POINT('',(40.7553514,35.952572858,19.421441755));
#4055=VERTEX_POINT('',#4054);
#4056=CARTESIAN_POINT('',(40.7553514,35.952572858,19.421441755));
#4057=DIRECTION('',(-0.,0.,-1.));
#4058=VECTOR('',#4057,7.2);
#4059=LINE('',#4056,#4058);
#4060=EDGE_CURVE('',#4055,#4047,#4059,.T.);
#4061=ORIENTED_EDGE('',*,*,#4060,.F.);
#4062=CARTESIAN_POINT('',(40.7553514,35.952572858,19.421441755));
#4063=DIRECTION('',(-0.707106781,0.707106781,0.));
#4064=VECTOR('',#4063,3.650670178);
#4065=LINE('',#4062,#4064);
#4066=EDGE_CURVE('',#4055,#4019,#4065,.T.);
#4067=ORIENTED_EDGE('',*,*,#4066,.T.);
#4068=ORIENTED_EDGE('',*,*,#4034,.F.);
#4069=EDGE_LOOP('',(#4044,#4045,#4053,#4061,#4067,#4068));
#4070=FACE_BOUND('',#4069,.T.);
#4071=ADVANCED_FACE('',(#4070),#4043,.F.);
#4072=CARTESIAN_POINT('',(39.405218635,34.602440093,18.421441755));
#4073=DIRECTION('',(0.,-0.,1.));
#4074=DIRECTION('',(0.,-1.,-0.));
#4075=AXIS2_PLACEMENT_3D('',#4072,#4073,#4074);
#4076=CYLINDRICAL_SURFACE('',#4075,1.909376067);
#4077=CARTESIAN_POINT('',(41.314594702,34.602440093,12.221441755));
#4078=VERTEX_POINT('',#4077);
#4079=CARTESIAN_POINT('',(39.405218635,34.602440093,12.221441755));
#4080=DIRECTION('',(-0.,0.,-1.));
#4081=DIRECTION('',(1.,0.,-0.));
#4082=AXIS2_PLACEMENT_3D('',#4079,#4080,#4081);
#4083=CIRCLE('',#4082,1.909376067);
#4084=EDGE_CURVE('',#4047,#4078,#4083,.T.);
#4085=ORIENTED_EDGE('',*,*,#4084,.T.);
#4086=CARTESIAN_POINT('',(41.314594702,34.602440093,19.421441755));
#4087=VERTEX_POINT('',#4086);
#4088=CARTESIAN_POINT('',(41.314594702,34.602440093,19.421441755));
#4089=DIRECTION('',(-0.,0.,-1.));
#4090=VECTOR('',#4089,7.2);
#4091=LINE('',#4088,#4090);
#4092=EDGE_CURVE('',#4087,#4078,#4091,.T.);
#4093=ORIENTED_EDGE('',*,*,#4092,.F.);
#4094=CARTESIAN_POINT('',(39.405218635,34.602440093,19.421441755));
#4095=DIRECTION('',(0.,-0.,1.));
#4096=DIRECTION('',(-1.,-0.,0.));
#4097=AXIS2_PLACEMENT_3D('',#4094,#4095,#4096);
#4098=CIRCLE('',#4097,1.909376067);
#4099=EDGE_CURVE('',#4087,#4055,#4098,.T.);
#4100=ORIENTED_EDGE('',*,*,#4099,.T.);
#4101=ORIENTED_EDGE('',*,*,#4060,.T.);
#4102=EDGE_LOOP('',(#4085,#4093,#4100,#4101));
#4103=FACE_BOUND('',#4102,.T.);
#4104=ADVANCED_FACE('',(#4103),#4076,.F.);
#4105=CARTESIAN_POINT('',(51.828210791,17.279770264,19.421441755));
#4106=DIRECTION('',(-0.,0.,-1.));
#4107=DIRECTION('',(-1.,0.,0.));
#4108=AXIS2_PLACEMENT_3D('',#4105,#4106,#4107);
#4109=PLANE('',#4108);
#4110=ORIENTED_EDGE('',*,*,#643,.T.);
#4111=CARTESIAN_POINT('',(44.291178492,13.020788305,19.421441755));
#4112=DIRECTION('',(-1.,-0.,0.));
#4113=VECTOR('',#4112,2.976583789);
#4114=LINE('',#4111,#4113);
#4115=EDGE_CURVE('',#630,#3452,#4114,.T.);
#4116=ORIENTED_EDGE('',*,*,#4115,.T.);
#4117=ORIENTED_EDGE('',*,*,#3458,.T.);
#4118=ORIENTED_EDGE('',*,*,#3416,.T.);
#4119=ORIENTED_EDGE('',*,*,#3273,.T.);
#4120=CARTESIAN_POINT('',(37.335835397,6.165755163,19.421441755));
#4121=VERTEX_POINT('',#4120);
#4122=CARTESIAN_POINT('',(37.335835397,8.599934036,19.421441755));
#4123=DIRECTION('',(-0.,-1.,-0.));
#4124=VECTOR('',#4123,2.434178873);
#4125=LINE('',#4122,#4124);
#4126=EDGE_CURVE('',#3267,#4121,#4125,.T.);
#4127=ORIENTED_EDGE('',*,*,#4126,.T.);
#4128=CARTESIAN_POINT('',(44.291178492,6.165755163,19.421441755));
#4129=DIRECTION('',(-1.,0.,0.));
#4130=VECTOR('',#4129,6.955343095);
#4131=LINE('',#4128,#4130);
#4132=EDGE_CURVE('',#638,#4121,#4131,.T.);
#4133=ORIENTED_EDGE('',*,*,#4132,.F.);
#4134=EDGE_LOOP('',(#4110,#4116,#4117,#4118,#4119,#4127,#4133));
#4135=FACE_BOUND('',#4134,.T.);
#4136=ADVANCED_FACE('',(#4135),#4109,.F.);
#4137=CARTESIAN_POINT('',(64.496515785,6.165755163,83.981997866));
#4138=DIRECTION('',(0.,-1.,0.));
#4139=DIRECTION('',(0.,0.,1.));
#4140=AXIS2_PLACEMENT_3D('',#4137,#4138,#4139);
#4141=PLANE('',#4140);
#4142=ORIENTED_EDGE('',*,*,#4132,.T.);
#4143=CARTESIAN_POINT('',(37.335835397,6.165755163,15.821441755));
#4144=DIRECTION('',(-0.,-1.,-0.));
#4145=DIRECTION('',(-0.,0.,-1.));
#4146=AXIS2_PLACEMENT_3D('',#4143,#4144,#4145);
#4147=CIRCLE('',#4146,3.6);
#4148=EDGE_CURVE('',#4121,#1447,#4147,.T.);
#4149=ORIENTED_EDGE('',*,*,#4148,.T.);
#4150=ORIENTED_EDGE('',*,*,#1487,.T.);
#4151=CARTESIAN_POINT('',(37.335835397,6.165755163,12.221441755));
#4152=DIRECTION('',(1.,0.,-0.));
#4153=VECTOR('',#4152,6.955343095);
#4154=LINE('',#4151,#4153);
#4155=EDGE_CURVE('',#1475,#646,#4154,.T.);
#4156=ORIENTED_EDGE('',*,*,#4155,.T.);
#4157=ORIENTED_EDGE('',*,*,#651,.F.);
#4158=EDGE_LOOP('',(#4142,#4149,#4150,#4156,#4157));
#4159=FACE_BOUND('',#4158,.T.);
#4160=ORIENTED_EDGE('',*,*,#3336,.F.);
#4161=ORIENTED_EDGE('',*,*,#3343,.F.);
#4162=EDGE_LOOP('',(#4160,#4161));
#4163=FACE_BOUND('',#4162,.T.);
#4164=ADVANCED_FACE('',(#4159,#4163),#4141,.T.);
#4165=CARTESIAN_POINT('',(51.828236204,17.279770264,12.221441755));
#4166=DIRECTION('',(0.,0.,1.));
#4167=DIRECTION('',(1.,0.,-0.));
#4168=AXIS2_PLACEMENT_3D('',#4165,#4166,#4167);
#4169=PLANE('',#4168);
#4170=ORIENTED_EDGE('',*,*,#657,.T.);
#4171=ORIENTED_EDGE('',*,*,#4155,.F.);
#4172=ORIENTED_EDGE('',*,*,#1480,.T.);
#4173=ORIENTED_EDGE('',*,*,#3396,.T.);
#4174=ORIENTED_EDGE('',*,*,#3430,.T.);
#4175=ORIENTED_EDGE('',*,*,#3448,.T.);
#4176=CARTESIAN_POINT('',(44.291178492,13.020788305,12.221441755));
#4177=DIRECTION('',(-1.,-0.,0.));
#4178=VECTOR('',#4177,2.976583789);
#4179=LINE('',#4176,#4178);
#4180=EDGE_CURVE('',#628,#3442,#4179,.T.);
#4181=ORIENTED_EDGE('',*,*,#4180,.F.);
#4182=EDGE_LOOP('',(#4170,#4171,#4172,#4173,#4174,#4175,#4181));
#4183=FACE_BOUND('',#4182,.T.);
#4184=ADVANCED_FACE('',(#4183),#4169,.F.);
#4185=CARTESIAN_POINT('',(40.648236204,13.020788305,15.821441755));
#4186=DIRECTION('',(0.,1.,0.));
#4187=DIRECTION('',(0.,-0.,1.));
#4188=AXIS2_PLACEMENT_3D('',#4185,#4186,#4187);
#4189=PLANE('',#4188);
#4190=ORIENTED_EDGE('',*,*,#4180,.T.);
#4191=ORIENTED_EDGE('',*,*,#3464,.F.);
#4192=ORIENTED_EDGE('',*,*,#4115,.F.);
#4193=ORIENTED_EDGE('',*,*,#635,.F.);
#4194=EDGE_LOOP('',(#4190,#4191,#4192,#4193));
#4195=FACE_BOUND('',#4194,.T.);
#4196=ADVANCED_FACE('',(#4195),#4189,.T.);
#4197=CARTESIAN_POINT('',(51.828210791,17.279770264,34.458500248));
#4198=DIRECTION('',(-0.,0.,-1.));
#4199=DIRECTION('',(-1.,0.,0.));
#4200=AXIS2_PLACEMENT_3D('',#4197,#4198,#4199);
#4201=PLANE('',#4200);
#4202=ORIENTED_EDGE('',*,*,#609,.T.);
#4203=CARTESIAN_POINT('',(44.291178492,13.020788305,34.458500248));
#4204=DIRECTION('',(-1.,-0.,0.));
#4205=VECTOR('',#4204,2.976583789);
#4206=LINE('',#4203,#4205);
#4207=EDGE_CURVE('',#596,#3662,#4206,.T.);
#4208=ORIENTED_EDGE('',*,*,#4207,.T.);
#4209=ORIENTED_EDGE('',*,*,#3668,.T.);
#4210=ORIENTED_EDGE('',*,*,#3626,.T.);
#4211=ORIENTED_EDGE('',*,*,#3483,.T.);
#4212=CARTESIAN_POINT('',(37.335835397,6.165755163,34.458500248));
#4213=VERTEX_POINT('',#4212);
#4214=CARTESIAN_POINT('',(37.335835397,8.599934036,34.458500248));
#4215=DIRECTION('',(-0.,-1.,-0.));
#4216=VECTOR('',#4215,2.434178873);
#4217=LINE('',#4214,#4216);
#4218=EDGE_CURVE('',#3477,#4213,#4217,.T.);
#4219=ORIENTED_EDGE('',*,*,#4218,.T.);
#4220=CARTESIAN_POINT('',(44.291178492,6.165755163,34.458500248));
#4221=DIRECTION('',(-1.,0.,0.));
#4222=VECTOR('',#4221,6.955343095);
#4223=LINE('',#4220,#4222);
#4224=EDGE_CURVE('',#604,#4213,#4223,.T.);
#4225=ORIENTED_EDGE('',*,*,#4224,.F.);
#4226=EDGE_LOOP('',(#4202,#4208,#4209,#4210,#4211,#4219,#4225));
#4227=FACE_BOUND('',#4226,.T.);
#4228=ADVANCED_FACE('',(#4227),#4201,.F.);
#4229=CARTESIAN_POINT('',(64.496515785,6.165755163,99.019056359));
#4230=DIRECTION('',(0.,-1.,0.));
#4231=DIRECTION('',(0.,0.,1.));
#4232=AXIS2_PLACEMENT_3D('',#4229,#4230,#4231);
#4233=PLANE('',#4232);
#4234=ORIENTED_EDGE('',*,*,#4224,.T.);
#4235=CARTESIAN_POINT('',(37.335835397,6.165755163,30.858500248));
#4236=DIRECTION('',(-0.,-1.,-0.));
#4237=DIRECTION('',(-0.,0.,-1.));
#4238=AXIS2_PLACEMENT_3D('',#4235,#4236,#4237);
#4239=CIRCLE('',#4238,3.6);
#4240=EDGE_CURVE('',#4213,#1498,#4239,.T.);
#4241=ORIENTED_EDGE('',*,*,#4240,.T.);
#4242=ORIENTED_EDGE('',*,*,#1538,.T.);
#4243=CARTESIAN_POINT('',(37.335835397,6.165755163,27.258500248));
#4244=DIRECTION('',(1.,0.,-0.));
#4245=VECTOR('',#4244,6.955343095);
#4246=LINE('',#4243,#4245);
#4247=EDGE_CURVE('',#1526,#612,#4246,.T.);
#4248=ORIENTED_EDGE('',*,*,#4247,.T.);
#4249=ORIENTED_EDGE('',*,*,#617,.F.);
#4250=EDGE_LOOP('',(#4234,#4241,#4242,#4248,#4249));
#4251=FACE_BOUND('',#4250,.T.);
#4252=ORIENTED_EDGE('',*,*,#3546,.F.);
#4253=ORIENTED_EDGE('',*,*,#3553,.F.);
#4254=EDGE_LOOP('',(#4252,#4253));
#4255=FACE_BOUND('',#4254,.T.);
#4256=ADVANCED_FACE('',(#4251,#4255),#4233,.T.);
#4257=CARTESIAN_POINT('',(51.828236204,17.279770264,27.258500248));
#4258=DIRECTION('',(0.,0.,1.));
#4259=DIRECTION('',(1.,0.,-0.));
#4260=AXIS2_PLACEMENT_3D('',#4257,#4258,#4259);
#4261=PLANE('',#4260);
#4262=ORIENTED_EDGE('',*,*,#623,.T.);
#4263=ORIENTED_EDGE('',*,*,#4247,.F.);
#4264=ORIENTED_EDGE('',*,*,#1531,.T.);
#4265=ORIENTED_EDGE('',*,*,#3606,.T.);
#4266=ORIENTED_EDGE('',*,*,#3640,.T.);
#4267=ORIENTED_EDGE('',*,*,#3658,.T.);
#4268=CARTESIAN_POINT('',(44.291178492,13.020788305,27.258500248));
#4269=DIRECTION('',(-1.,-0.,0.));
#4270=VECTOR('',#4269,2.976583789);
#4271=LINE('',#4268,#4270);
#4272=EDGE_CURVE('',#594,#3652,#4271,.T.);
#4273=ORIENTED_EDGE('',*,*,#4272,.F.);
#4274=EDGE_LOOP('',(#4262,#4263,#4264,#4265,#4266,#4267,#4273));
#4275=FACE_BOUND('',#4274,.T.);
#4276=ADVANCED_FACE('',(#4275),#4261,.F.);
#4277=CARTESIAN_POINT('',(40.648236204,13.020788305,30.858500248));
#4278=DIRECTION('',(0.,1.,0.));
#4279=DIRECTION('',(0.,-0.,1.));
#4280=AXIS2_PLACEMENT_3D('',#4277,#4278,#4279);
#4281=PLANE('',#4280);
#4282=ORIENTED_EDGE('',*,*,#4272,.T.);
#4283=ORIENTED_EDGE('',*,*,#3674,.F.);
#4284=ORIENTED_EDGE('',*,*,#4207,.F.);
#4285=ORIENTED_EDGE('',*,*,#601,.F.);
#4286=EDGE_LOOP('',(#4282,#4283,#4284,#4285));
#4287=FACE_BOUND('',#4286,.T.);
#4288=ADVANCED_FACE('',(#4287),#4281,.T.);
#4289=CARTESIAN_POINT('',(51.828236204,29.116215355,27.258500248));
#4290=DIRECTION('',(0.,-0.,1.));
#4291=DIRECTION('',(1.,0.,-0.));
#4292=AXIS2_PLACEMENT_3D('',#4289,#4290,#4291);
#4293=PLANE('',#4292);
#4294=ORIENTED_EDGE('',*,*,#575,.F.);
#4295=CARTESIAN_POINT('',(44.291178492,34.602440093,27.258500248));
#4296=DIRECTION('',(-1.,-0.,0.));
#4297=VECTOR('',#4296,2.976583789);
#4298=LINE('',#4295,#4297);
#4299=EDGE_CURVE('',#560,#3865,#4298,.T.);
#4300=ORIENTED_EDGE('',*,*,#4299,.T.);
#4301=ORIENTED_EDGE('',*,*,#3871,.F.);
#4302=ORIENTED_EDGE('',*,*,#3839,.F.);
#4303=ORIENTED_EDGE('',*,*,#3722,.F.);
#4304=CARTESIAN_POINT('',(37.335835397,41.259487252,27.258500248));
#4305=VERTEX_POINT('',#4304);
#4306=CARTESIAN_POINT('',(37.335835397,41.259487252,27.258500248));
#4307=DIRECTION('',(0.,-1.,-0.));
#4308=VECTOR('',#4307,2.236192889);
#4309=LINE('',#4306,#4308);
#4310=EDGE_CURVE('',#4305,#3704,#4309,.T.);
#4311=ORIENTED_EDGE('',*,*,#4310,.F.);
#4312=CARTESIAN_POINT('',(37.335835397,41.259487252,27.258500248));
#4313=DIRECTION('',(1.,0.,-0.));
#4314=VECTOR('',#4313,6.955343095);
#4315=LINE('',#4312,#4314);
#4316=EDGE_CURVE('',#4305,#570,#4315,.T.);
#4317=ORIENTED_EDGE('',*,*,#4316,.T.);
#4318=EDGE_LOOP('',(#4294,#4300,#4301,#4302,#4303,#4311,#4317));
#4319=FACE_BOUND('',#4318,.T.);
#4320=ADVANCED_FACE('',(#4319),#4293,.F.);
#4321=CARTESIAN_POINT('',(64.496515785,41.259487252,99.019056359));
#4322=DIRECTION('',(-0.,1.,0.));
#4323=DIRECTION('',(0.,-0.,1.));
#4324=AXIS2_PLACEMENT_3D('',#4321,#4322,#4323);
#4325=PLANE('',#4324);
#4326=CARTESIAN_POINT('',(37.335835397,41.259487252,30.858500248));
#4327=DIRECTION('',(0.,-1.,-0.));
#4328=DIRECTION('',(0.,-0.,1.));
#4329=AXIS2_PLACEMENT_3D('',#4326,#4327,#4328);
#4330=CIRCLE('',#4329,3.6);
#4331=EDGE_CURVE('',#1549,#4305,#4330,.T.);
#4332=ORIENTED_EDGE('',*,*,#4331,.F.);
#4333=ORIENTED_EDGE('',*,*,#1598,.F.);
#4334=CARTESIAN_POINT('',(44.291178492,41.259487252,34.458500248));
#4335=DIRECTION('',(-1.,-0.,0.));
#4336=VECTOR('',#4335,6.955343095);
#4337=LINE('',#4334,#4336);
#4338=EDGE_CURVE('',#578,#1586,#4337,.T.);
#4339=ORIENTED_EDGE('',*,*,#4338,.F.);
#4340=ORIENTED_EDGE('',*,*,#583,.T.);
#4341=ORIENTED_EDGE('',*,*,#4316,.F.);
#4342=EDGE_LOOP('',(#4332,#4333,#4339,#4340,#4341));
#4343=FACE_BOUND('',#4342,.T.);
#4344=ORIENTED_EDGE('',*,*,#3753,.T.);
#4345=ORIENTED_EDGE('',*,*,#3760,.T.);
#4346=EDGE_LOOP('',(#4344,#4345));
#4347=FACE_BOUND('',#4346,.T.);
#4348=ADVANCED_FACE('',(#4343,#4347),#4325,.T.);
#4349=CARTESIAN_POINT('',(51.828210791,29.116215355,34.458500248));
#4350=DIRECTION('',(-0.,0.,-1.));
#4351=DIRECTION('',(-1.,-0.,0.));
#4352=AXIS2_PLACEMENT_3D('',#4349,#4350,#4351);
#4353=PLANE('',#4352);
#4354=ORIENTED_EDGE('',*,*,#589,.F.);
#4355=ORIENTED_EDGE('',*,*,#4338,.T.);
#4356=ORIENTED_EDGE('',*,*,#1591,.F.);
#4357=ORIENTED_EDGE('',*,*,#3812,.F.);
#4358=ORIENTED_EDGE('',*,*,#3853,.F.);
#4359=ORIENTED_EDGE('',*,*,#3886,.F.);
#4360=CARTESIAN_POINT('',(44.291178492,34.602440093,34.458500248));
#4361=DIRECTION('',(-1.,-0.,0.));
#4362=VECTOR('',#4361,2.976583789);
#4363=LINE('',#4360,#4362);
#4364=EDGE_CURVE('',#562,#3874,#4363,.T.);
#4365=ORIENTED_EDGE('',*,*,#4364,.F.);
#4366=EDGE_LOOP('',(#4354,#4355,#4356,#4357,#4358,#4359,#4365));
#4367=FACE_BOUND('',#4366,.T.);
#4368=ADVANCED_FACE('',(#4367),#4353,.F.);
#4369=CARTESIAN_POINT('',(40.648236204,34.602440093,30.858500248));
#4370=DIRECTION('',(0.,-1.,-0.));
#4371=DIRECTION('',(0.,-0.,1.));
#4372=AXIS2_PLACEMENT_3D('',#4369,#4370,#4371);
#4373=PLANE('',#4372);
#4374=ORIENTED_EDGE('',*,*,#4299,.F.);
#4375=ORIENTED_EDGE('',*,*,#567,.T.);
#4376=ORIENTED_EDGE('',*,*,#4364,.T.);
#4377=ORIENTED_EDGE('',*,*,#3879,.T.);
#4378=EDGE_LOOP('',(#4374,#4375,#4376,#4377));
#4379=FACE_BOUND('',#4378,.T.);
#4380=ADVANCED_FACE('',(#4379),#4373,.T.);
#4381=CARTESIAN_POINT('',(51.828236204,29.116215355,12.221441755));
#4382=DIRECTION('',(0.,-0.,1.));
#4383=DIRECTION('',(1.,0.,-0.));
#4384=AXIS2_PLACEMENT_3D('',#4381,#4382,#4383);
#4385=PLANE('',#4384);
#4386=ORIENTED_EDGE('',*,*,#541,.F.);
#4387=CARTESIAN_POINT('',(44.291178492,34.602440093,12.221441755));
#4388=DIRECTION('',(-1.,-0.,0.));
#4389=VECTOR('',#4388,2.976583789);
#4390=LINE('',#4387,#4389);
#4391=EDGE_CURVE('',#526,#4078,#4390,.T.);
#4392=ORIENTED_EDGE('',*,*,#4391,.T.);
#4393=ORIENTED_EDGE('',*,*,#4084,.F.);
#4394=ORIENTED_EDGE('',*,*,#4052,.F.);
#4395=ORIENTED_EDGE('',*,*,#3935,.F.);
#4396=CARTESIAN_POINT('',(37.335835397,41.259487252,12.221441755));
#4397=VERTEX_POINT('',#4396);
#4398=CARTESIAN_POINT('',(37.335835397,41.259487252,12.221441755));
#4399=DIRECTION('',(0.,-1.,-0.));
#4400=VECTOR('',#4399,2.236192889);
#4401=LINE('',#4398,#4400);
#4402=EDGE_CURVE('',#4397,#3917,#4401,.T.);
#4403=ORIENTED_EDGE('',*,*,#4402,.F.);
#4404=CARTESIAN_POINT('',(37.335835397,41.259487252,12.221441755));
#4405=DIRECTION('',(1.,0.,-0.));
#4406=VECTOR('',#4405,6.955343095);
#4407=LINE('',#4404,#4406);
#4408=EDGE_CURVE('',#4397,#536,#4407,.T.);
#4409=ORIENTED_EDGE('',*,*,#4408,.T.);
#4410=EDGE_LOOP('',(#4386,#4392,#4393,#4394,#4395,#4403,#4409));
#4411=FACE_BOUND('',#4410,.T.);
#4412=ADVANCED_FACE('',(#4411),#4385,.F.);
#4413=CARTESIAN_POINT('',(64.496515785,41.259487252,83.981997866));
#4414=DIRECTION('',(-0.,1.,0.));
#4415=DIRECTION('',(0.,-0.,1.));
#4416=AXIS2_PLACEMENT_3D('',#4413,#4414,#4415);
#4417=PLANE('',#4416);
#4418=CARTESIAN_POINT('',(37.335835397,41.259487252,15.821441755));
#4419=DIRECTION('',(0.,-1.,-0.));
#4420=DIRECTION('',(0.,-0.,1.));
#4421=AXIS2_PLACEMENT_3D('',#4418,#4419,#4420);
#4422=CIRCLE('',#4421,3.6);
#4423=EDGE_CURVE('',#1609,#4397,#4422,.T.);
#4424=ORIENTED_EDGE('',*,*,#4423,.F.);
#4425=ORIENTED_EDGE('',*,*,#1658,.F.);
#4426=CARTESIAN_POINT('',(44.291178492,41.259487252,19.421441755));
#4427=DIRECTION('',(-1.,-0.,0.));
#4428=VECTOR('',#4427,6.955343095);
#4429=LINE('',#4426,#4428);
#4430=EDGE_CURVE('',#544,#1646,#4429,.T.);
#4431=ORIENTED_EDGE('',*,*,#4430,.F.);
#4432=ORIENTED_EDGE('',*,*,#549,.T.);
#4433=ORIENTED_EDGE('',*,*,#4408,.F.);
#4434=EDGE_LOOP('',(#4424,#4425,#4431,#4432,#4433));
#4435=FACE_BOUND('',#4434,.T.);
#4436=ORIENTED_EDGE('',*,*,#3966,.T.);
#4437=ORIENTED_EDGE('',*,*,#3973,.T.);
#4438=EDGE_LOOP('',(#4436,#4437));
#4439=FACE_BOUND('',#4438,.T.);
#4440=ADVANCED_FACE('',(#4435,#4439),#4417,.T.);
#4441=CARTESIAN_POINT('',(51.828210791,29.116215355,19.421441755));
#4442=DIRECTION('',(-0.,0.,-1.));
#4443=DIRECTION('',(-1.,-0.,0.));
#4444=AXIS2_PLACEMENT_3D('',#4441,#4442,#4443);
#4445=PLANE('',#4444);
#4446=ORIENTED_EDGE('',*,*,#555,.F.);
#4447=ORIENTED_EDGE('',*,*,#4430,.T.);
#4448=ORIENTED_EDGE('',*,*,#1651,.F.);
#4449=ORIENTED_EDGE('',*,*,#4025,.F.);
#4450=ORIENTED_EDGE('',*,*,#4066,.F.);
#4451=ORIENTED_EDGE('',*,*,#4099,.F.);
#4452=CARTESIAN_POINT('',(44.291178492,34.602440093,19.421441755));
#4453=DIRECTION('',(-1.,-0.,0.));
#4454=VECTOR('',#4453,2.976583789);
#4455=LINE('',#4452,#4454);
#4456=EDGE_CURVE('',#528,#4087,#4455,.T.);
#4457=ORIENTED_EDGE('',*,*,#4456,.F.);
#4458=EDGE_LOOP('',(#4446,#4447,#4448,#4449,#4450,#4451,#4457));
#4459=FACE_BOUND('',#4458,.T.);
#4460=ADVANCED_FACE('',(#4459),#4445,.F.);
#4461=CARTESIAN_POINT('',(40.648236204,34.602440093,15.821441755));
#4462=DIRECTION('',(0.,-1.,-0.));
#4463=DIRECTION('',(0.,-0.,1.));
#4464=AXIS2_PLACEMENT_3D('',#4461,#4462,#4463);
#4465=PLANE('',#4464);
#4466=ORIENTED_EDGE('',*,*,#4391,.F.);
#4467=ORIENTED_EDGE('',*,*,#533,.T.);
#4468=ORIENTED_EDGE('',*,*,#4456,.T.);
#4469=ORIENTED_EDGE('',*,*,#4092,.T.);
#4470=EDGE_LOOP('',(#4466,#4467,#4468,#4469));
#4471=FACE_BOUND('',#4470,.T.);
#4472=ADVANCED_FACE('',(#4471),#4465,.T.);
#4473=CARTESIAN_POINT('',(37.931178492,43.34248006,40.210015182));
#4474=DIRECTION('',(0.,-1.,-0.));
#4475=DIRECTION('',(0.,-0.,1.));
#4476=AXIS2_PLACEMENT_3D('',#4473,#4474,#4475);
#4477=CYLINDRICAL_SURFACE('',#4476,8.36);
#4478=CARTESIAN_POINT('',(46.291178492,46.045871089,40.210015182));
#4479=DIRECTION('',(0.,-1.,-0.));
#4480=VECTOR('',#4479,45.74575656);
#4481=LINE('',#4478,#4480);
#4482=EDGE_CURVE('',#2861,#2944,#4481,.T.);
#4483=ORIENTED_EDGE('',*,*,#4482,.F.);
#4484=ORIENTED_EDGE('',*,*,#2867,.F.);
#4485=ORIENTED_EDGE('',*,*,#3052,.T.);
#4486=ORIENTED_EDGE('',*,*,#2958,.T.);
#4487=EDGE_LOOP('',(#4483,#4484,#4485,#4486));
#4488=FACE_BOUND('',#4487,.T.);
#4489=ADVANCED_FACE('',(#4488),#4477,.T.);
#4490=CARTESIAN_POINT('',(46.291178492,43.34248006,6.340146241));
#4491=DIRECTION('',(-1.,-0.,0.));
#4492=DIRECTION('',(-0.,0.,-1.));
#4493=AXIS2_PLACEMENT_3D('',#4490,#4491,#4492);
#4494=PLANE('',#4493);
#4495=CARTESIAN_POINT('',(46.291178492,46.045871089,6.340146241));
#4496=DIRECTION('',(0.,-1.,-0.));
#4497=VECTOR('',#4496,45.74575656);
#4498=LINE('',#4495,#4497);
#4499=EDGE_CURVE('',#2870,#2935,#4498,.T.);
#4500=ORIENTED_EDGE('',*,*,#4499,.F.);
#4501=ORIENTED_EDGE('',*,*,#2875,.F.);
#4502=ORIENTED_EDGE('',*,*,#4482,.T.);
#4503=ORIENTED_EDGE('',*,*,#2949,.T.);
#4504=EDGE_LOOP('',(#4500,#4501,#4502,#4503));
#4505=FACE_BOUND('',#4504,.T.);
#4506=ADVANCED_FACE('',(#4505),#4494,.F.);
#4507=CARTESIAN_POINT('',(37.931178492,43.34248006,6.340146241));
#4508=DIRECTION('',(0.,-1.,-0.));
#4509=DIRECTION('',(0.,-0.,1.));
#4510=AXIS2_PLACEMENT_3D('',#4507,#4508,#4509);
#4511=CYLINDRICAL_SURFACE('',#4510,8.36);
#4512=CARTESIAN_POINT('',(37.931178492,46.045871089,-2.019853759));
#4513=DIRECTION('',(0.,-1.,-0.));
#4514=VECTOR('',#4513,45.74575656);
#4515=LINE('',#4512,#4514);
#4516=EDGE_CURVE('',#2878,#2927,#4515,.T.);
#4517=ORIENTED_EDGE('',*,*,#4516,.F.);
#4518=ORIENTED_EDGE('',*,*,#2884,.F.);
#4519=ORIENTED_EDGE('',*,*,#4499,.T.);
#4520=ORIENTED_EDGE('',*,*,#2941,.T.);
#4521=EDGE_LOOP('',(#4517,#4518,#4519,#4520));
#4522=FACE_BOUND('',#4521,.T.);
#4523=ADVANCED_FACE('',(#4522),#4511,.T.);
#4524=CARTESIAN_POINT('',(37.931178492,43.34248006,6.340146241));
#4525=DIRECTION('',(0.,-1.,-0.));
#4526=DIRECTION('',(0.,-0.,1.));
#4527=AXIS2_PLACEMENT_3D('',#4524,#4525,#4526);
#4528=CYLINDRICAL_SURFACE('',#4527,6.36);
#4529=ORIENTED_EDGE('',*,*,#733,.F.);
#4530=ORIENTED_EDGE('',*,*,#2847,.T.);
#4531=CARTESIAN_POINT('',(37.931178492,46.045871089,-0.019853759));
#4532=DIRECTION('',(0.,-1.,-0.));
#4533=VECTOR('',#4532,45.74575656);
#4534=LINE('',#4531,#4533);
#4535=EDGE_CURVE('',#2835,#2904,#4534,.T.);
#4536=ORIENTED_EDGE('',*,*,#4535,.T.);
#4537=ORIENTED_EDGE('',*,*,#2910,.F.);
#4538=EDGE_LOOP('',(#4529,#4530,#4536,#4537));
#4539=FACE_BOUND('',#4538,.T.);
#4540=ADVANCED_FACE('',(#4539),#4528,.F.);
#4541=CARTESIAN_POINT('',(36.111178492,43.34248006,233.157607447));
#4542=DIRECTION('',(1.,0.,0.));
#4543=DIRECTION('',(-0.,1.,0.));
#4544=AXIS2_PLACEMENT_3D('',#4541,#4542,#4543);
#4545=PLANE('',#4544);
#4546=ORIENTED_EDGE('',*,*,#468,.T.);
#4547=CARTESIAN_POINT('',(36.111178492,10.757815988,46.570015182));
#4548=DIRECTION('',(0.,-1.,-0.));
#4549=VECTOR('',#4548,4.592060826);
#4550=LINE('',#4547,#4549);
#4551=EDGE_CURVE('',#455,#364,#4550,.T.);
#4552=ORIENTED_EDGE('',*,*,#4551,.T.);
#4553=ORIENTED_EDGE('',*,*,#371,.T.);
#4554=CARTESIAN_POINT('',(36.111178492,4.950114529,48.570015182));
#4555=DIRECTION('',(0.,0.,-1.));
#4556=VECTOR('',#4555,2.);
#4557=LINE('',#4554,#4556);
#4558=EDGE_CURVE('',#2978,#366,#4557,.T.);
#4559=ORIENTED_EDGE('',*,*,#4558,.F.);
#4560=ORIENTED_EDGE('',*,*,#3043,.F.);
#4561=CARTESIAN_POINT('',(36.111178492,41.445871089,48.570015182));
#4562=DIRECTION('',(0.,0.,-1.));
#4563=VECTOR('',#4562,2.);
#4564=LINE('',#4561,#4563);
#4565=EDGE_CURVE('',#3031,#463,#4564,.T.);
#4566=ORIENTED_EDGE('',*,*,#4565,.T.);
#4567=EDGE_LOOP('',(#4546,#4552,#4553,#4559,#4560,#4566));
#4568=FACE_BOUND('',#4567,.T.);
#4569=ADVANCED_FACE('',(#4568),#4545,.F.);
#4570=CARTESIAN_POINT('',(33.931178492,41.445871089,233.157607447));
#4571=DIRECTION('',(0.,0.,-1.));
#4572=DIRECTION('',(0.,1.,0.));
#4573=AXIS2_PLACEMENT_3D('',#4570,#4571,#4572);
#4574=CYLINDRICAL_SURFACE('',#4573,2.18);
#4575=ORIENTED_EDGE('',*,*,#477,.T.);
#4576=ORIENTED_EDGE('',*,*,#4565,.F.);
#4577=ORIENTED_EDGE('',*,*,#3037,.F.);
#4578=CARTESIAN_POINT('',(33.931178492,43.625871089,48.570015182));
#4579=DIRECTION('',(0.,0.,-1.));
#4580=VECTOR('',#4579,2.);
#4581=LINE('',#4578,#4580);
#4582=EDGE_CURVE('',#3023,#471,#4581,.T.);
#4583=ORIENTED_EDGE('',*,*,#4582,.T.);
#4584=EDGE_LOOP('',(#4575,#4576,#4577,#4583));
#4585=FACE_BOUND('',#4584,.T.);
#4586=ADVANCED_FACE('',(#4585),#4574,.F.);
#4587=CARTESIAN_POINT('',(33.931178492,4.950114529,233.157607447));
#4588=DIRECTION('',(0.,0.,-1.));
#4589=DIRECTION('',(0.,1.,0.));
#4590=AXIS2_PLACEMENT_3D('',#4587,#4588,#4589);
#4591=CYLINDRICAL_SURFACE('',#4590,2.18);
#4592=ORIENTED_EDGE('',*,*,#434,.T.);
#4593=CARTESIAN_POINT('',(33.931178492,2.770114529,48.570015182));
#4594=DIRECTION('',(0.,0.,-1.));
#4595=VECTOR('',#4594,2.);
#4596=LINE('',#4593,#4595);
#4597=EDGE_CURVE('',#2980,#422,#4596,.T.);
#4598=ORIENTED_EDGE('',*,*,#4597,.F.);
#4599=ORIENTED_EDGE('',*,*,#2986,.F.);
#4600=ORIENTED_EDGE('',*,*,#4558,.T.);
#4601=EDGE_LOOP('',(#4592,#4598,#4599,#4600));
#4602=FACE_BOUND('',#4601,.T.);
#4603=ADVANCED_FACE('',(#4602),#4591,.F.);
#4604=CARTESIAN_POINT('',(37.931178492,43.625871089,233.157607447));
#4605=DIRECTION('',(0.,1.,0.));
#4606=DIRECTION('',(0.,-0.,1.));
#4607=AXIS2_PLACEMENT_3D('',#4604,#4605,#4606);
#4608=PLANE('',#4607);
#4609=ORIENTED_EDGE('',*,*,#485,.T.);
#4610=ORIENTED_EDGE('',*,*,#4582,.F.);
#4611=ORIENTED_EDGE('',*,*,#3028,.F.);
#4612=CARTESIAN_POINT('',(-33.931178492,43.625871089,48.570015182));
#4613=DIRECTION('',(-0.,0.,-1.));
#4614=VECTOR('',#4613,2.);
#4615=LINE('',#4612,#4614);
#4616=EDGE_CURVE('',#3014,#480,#4615,.T.);
#4617=ORIENTED_EDGE('',*,*,#4616,.T.);
#4618=EDGE_LOOP('',(#4609,#4610,#4611,#4617));
#4619=FACE_BOUND('',#4618,.T.);
#4620=ADVANCED_FACE('',(#4619),#4608,.F.);
#4621=CARTESIAN_POINT('',(-33.931178492,41.445871089,233.157607447));
#4622=DIRECTION('',(0.,0.,-1.));
#4623=DIRECTION('',(0.,1.,0.));
#4624=AXIS2_PLACEMENT_3D('',#4621,#4622,#4623);
#4625=CYLINDRICAL_SURFACE('',#4624,2.18);
#4626=ORIENTED_EDGE('',*,*,#494,.T.);
#4627=ORIENTED_EDGE('',*,*,#4616,.F.);
#4628=ORIENTED_EDGE('',*,*,#3020,.F.);
#4629=CARTESIAN_POINT('',(-36.111178492,41.445871089,48.570015182));
#4630=DIRECTION('',(0.,0.,-1.));
#4631=VECTOR('',#4630,2.);
#4632=LINE('',#4629,#4631);
#4633=EDGE_CURVE('',#3006,#488,#4632,.T.);
#4634=ORIENTED_EDGE('',*,*,#4633,.T.);
#4635=EDGE_LOOP('',(#4626,#4627,#4628,#4634));
#4636=FACE_BOUND('',#4635,.T.);
#4637=ADVANCED_FACE('',(#4636),#4625,.F.);
#4638=CARTESIAN_POINT('',(-36.111178492,43.34248006,233.157607447));
#4639=DIRECTION('',(-1.,0.,0.));
#4640=DIRECTION('',(-0.,-1.,0.));
#4641=AXIS2_PLACEMENT_3D('',#4638,#4639,#4640);
#4642=PLANE('',#4641);
#4643=ORIENTED_EDGE('',*,*,#410,.T.);
#4644=CARTESIAN_POINT('',(-36.111178492,6.165755163,46.570015182));
#4645=DIRECTION('',(0.,1.,0.));
#4646=VECTOR('',#4645,4.592060826);
#4647=LINE('',#4644,#4646);
#4648=EDGE_CURVE('',#397,#497,#4647,.T.);
#4649=ORIENTED_EDGE('',*,*,#4648,.T.);
#4650=ORIENTED_EDGE('',*,*,#502,.T.);
#4651=ORIENTED_EDGE('',*,*,#4633,.F.);
#4652=ORIENTED_EDGE('',*,*,#3011,.F.);
#4653=CARTESIAN_POINT('',(-36.111178492,4.950114529,48.570015182));
#4654=DIRECTION('',(-0.,0.,-1.));
#4655=VECTOR('',#4654,2.);
#4656=LINE('',#4653,#4655);
#4657=EDGE_CURVE('',#2997,#405,#4656,.T.);
#4658=ORIENTED_EDGE('',*,*,#4657,.T.);
#4659=EDGE_LOOP('',(#4643,#4649,#4650,#4651,#4652,#4658));
#4660=FACE_BOUND('',#4659,.T.);
#4661=ADVANCED_FACE('',(#4660),#4642,.F.);
#4662=CARTESIAN_POINT('',(-33.931178492,4.950114529,233.157607447));
#4663=DIRECTION('',(0.,0.,-1.));
#4664=DIRECTION('',(0.,1.,0.));
#4665=AXIS2_PLACEMENT_3D('',#4662,#4663,#4664);
#4666=CYLINDRICAL_SURFACE('',#4665,2.18);
#4667=ORIENTED_EDGE('',*,*,#419,.T.);
#4668=ORIENTED_EDGE('',*,*,#4657,.F.);
#4669=ORIENTED_EDGE('',*,*,#3003,.F.);
#4670=CARTESIAN_POINT('',(-33.931178492,2.770114529,48.570015182));
#4671=DIRECTION('',(0.,0.,-1.));
#4672=VECTOR('',#4671,2.);
#4673=LINE('',#4670,#4672);
#4674=EDGE_CURVE('',#2989,#413,#4673,.T.);
#4675=ORIENTED_EDGE('',*,*,#4674,.T.);
#4676=EDGE_LOOP('',(#4667,#4668,#4669,#4675));
#4677=FACE_BOUND('',#4676,.T.);
#4678=ADVANCED_FACE('',(#4677),#4666,.F.);
#4679=CARTESIAN_POINT('',(37.931178492,2.770114529,233.157607447));
#4680=DIRECTION('',(-0.,-1.,-0.));
#4681=DIRECTION('',(0.,0.,-1.));
#4682=AXIS2_PLACEMENT_3D('',#4679,#4680,#4681);
#4683=PLANE('',#4682);
#4684=ORIENTED_EDGE('',*,*,#427,.T.);
#4685=ORIENTED_EDGE('',*,*,#4674,.F.);
#4686=ORIENTED_EDGE('',*,*,#2994,.F.);
#4687=ORIENTED_EDGE('',*,*,#4597,.T.);
#4688=EDGE_LOOP('',(#4684,#4685,#4686,#4687));
#4689=FACE_BOUND('',#4688,.T.);
#4690=ADVANCED_FACE('',(#4689),#4683,.F.);
#4691=CARTESIAN_POINT('',(37.931178492,43.34248006,-2.019853759));
#4692=DIRECTION('',(-0.,-0.,1.));
#4693=DIRECTION('',(1.,-0.,-0.));
#4694=AXIS2_PLACEMENT_3D('',#4691,#4692,#4693);
#4695=PLANE('',#4694);
#4696=ORIENTED_EDGE('',*,*,#2890,.T.);
#4697=ORIENTED_EDGE('',*,*,#4516,.T.);
#4698=ORIENTED_EDGE('',*,*,#2932,.F.);
#4699=ORIENTED_EDGE('',*,*,#2771,.F.);
#4700=EDGE_LOOP('',(#4696,#4697,#4698,#4699));
#4701=FACE_BOUND('',#4700,.T.);
#4702=ADVANCED_FACE('',(#4701),#4695,.F.);
#4703=CARTESIAN_POINT('',(37.931178492,43.34248006,-0.019853759));
#4704=DIRECTION('',(-0.,-0.,1.));
#4705=DIRECTION('',(1.,-0.,-0.));
#4706=AXIS2_PLACEMENT_3D('',#4703,#4704,#4705);
#4707=PLANE('',#4706);
#4708=ORIENTED_EDGE('',*,*,#2916,.T.);
#4709=ORIENTED_EDGE('',*,*,#4535,.F.);
#4710=ORIENTED_EDGE('',*,*,#2840,.F.);
#4711=ORIENTED_EDGE('',*,*,#2812,.T.);
#4712=EDGE_LOOP('',(#4708,#4709,#4710,#4711));
#4713=FACE_BOUND('',#4712,.T.);
#4714=ADVANCED_FACE('',(#4713),#4707,.T.);
#4715=CARTESIAN_POINT('',(45.551618545,39.907663433,26.393723456));
#4716=DIRECTION('',(-0.,-1.,0.));
#4717=DIRECTION('',(-1.,0.,0.));
#4718=AXIS2_PLACEMENT_3D('',#4715,#4716,#4717);
#4719=PLANE('',#4718);
#4720=ORIENTED_EDGE('',*,*,#709,.F.);
#4721=CARTESIAN_POINT('',(31.059243152,39.907663433,36.3707379));
#4722=VERTEX_POINT('',#4721);
#4723=CARTESIAN_POINT('',(44.291178492,39.907663433,36.3707379));
#4724=DIRECTION('',(-1.,0.,0.));
#4725=VECTOR('',#4724,13.23193534);
#4726=LINE('',#4723,#4725);
#4727=EDGE_CURVE('',#696,#4722,#4726,.T.);
#4728=ORIENTED_EDGE('',*,*,#4727,.T.);
#4729=CARTESIAN_POINT('',(31.059243152,39.907663433,38.536995353));
#4730=VERTEX_POINT('',#4729);
#4731=CARTESIAN_POINT('',(31.059243152,39.907663433,36.3707379));
#4732=DIRECTION('',(0.,0.,1.));
#4733=VECTOR('',#4732,2.166257453);
#4734=LINE('',#4731,#4733);
#4735=EDGE_CURVE('',#4722,#4730,#4734,.T.);
#4736=ORIENTED_EDGE('',*,*,#4735,.T.);
#4737=CARTESIAN_POINT('',(39.748228968,39.907663433,38.536995353));
#4738=VERTEX_POINT('',#4737);
#4739=CARTESIAN_POINT('',(39.748228968,39.907663433,38.536995353));
#4740=DIRECTION('',(-1.,0.,0.));
#4741=VECTOR('',#4740,8.688985817);
#4742=LINE('',#4739,#4741);
#4743=EDGE_CURVE('',#4738,#4730,#4742,.T.);
#4744=ORIENTED_EDGE('',*,*,#4743,.F.);
#4745=CARTESIAN_POINT('',(42.436213747,39.907663433,41.224980132));
#4746=VERTEX_POINT('',#4745);
#4747=CARTESIAN_POINT('',(42.436213747,39.907663433,41.224980132));
#4748=DIRECTION('',(-0.707106781,0.,-0.707106781));
#4749=VECTOR('',#4748,3.801384529);
#4750=LINE('',#4747,#4749);
#4751=EDGE_CURVE('',#4746,#4738,#4750,.T.);
#4752=ORIENTED_EDGE('',*,*,#4751,.F.);
#4753=CARTESIAN_POINT('',(42.436213747,39.907663433,44.699364505));
#4754=DIRECTION('',(-0.,-0.,-1.));
#4755=VECTOR('',#4754,3.474384374);
#4756=LINE('',#4753,#4755);
#4757=EDGE_CURVE('',#783,#4746,#4756,.T.);
#4758=ORIENTED_EDGE('',*,*,#4757,.F.);
#4759=ORIENTED_EDGE('',*,*,#789,.F.);
#4760=EDGE_LOOP('',(#4720,#4728,#4736,#4744,#4752,#4758,#4759));
#4761=FACE_BOUND('',#4760,.T.);
#4762=ADVANCED_FACE('',(#4761),#4719,.F.);
#4763=CARTESIAN_POINT('',(45.551643958,33.715602607,26.393723456));
#4764=DIRECTION('',(0.,1.,-0.));
#4765=DIRECTION('',(1.,-0.,-0.));
#4766=AXIS2_PLACEMENT_3D('',#4763,#4764,#4765);
#4767=PLANE('',#4766);
#4768=ORIENTED_EDGE('',*,*,#693,.F.);
#4769=ORIENTED_EDGE('',*,*,#804,.F.);
#4770=CARTESIAN_POINT('',(42.436213747,33.715602607,41.224980132));
#4771=VERTEX_POINT('',#4770);
#4772=CARTESIAN_POINT('',(42.436213747,33.715602607,44.699364505));
#4773=DIRECTION('',(-0.,-0.,-1.));
#4774=VECTOR('',#4773,3.474384374);
#4775=LINE('',#4772,#4774);
#4776=EDGE_CURVE('',#792,#4771,#4775,.T.);
#4777=ORIENTED_EDGE('',*,*,#4776,.T.);
#4778=CARTESIAN_POINT('',(39.748228968,33.715602607,38.536995353));
#4779=VERTEX_POINT('',#4778);
#4780=CARTESIAN_POINT('',(39.748228968,33.715602607,38.536995353));
#4781=DIRECTION('',(0.707106781,-0.,0.707106781));
#4782=VECTOR('',#4781,3.801384529);
#4783=LINE('',#4780,#4782);
#4784=EDGE_CURVE('',#4779,#4771,#4783,.T.);
#4785=ORIENTED_EDGE('',*,*,#4784,.F.);
#4786=CARTESIAN_POINT('',(31.059243152,33.715602607,38.536995353));
#4787=VERTEX_POINT('',#4786);
#4788=CARTESIAN_POINT('',(31.059243152,33.715602607,38.536995353));
#4789=DIRECTION('',(1.,-0.,-0.));
#4790=VECTOR('',#4789,8.688985817);
#4791=LINE('',#4788,#4790);
#4792=EDGE_CURVE('',#4787,#4779,#4791,.T.);
#4793=ORIENTED_EDGE('',*,*,#4792,.F.);
#4794=CARTESIAN_POINT('',(31.059243152,33.715602607,36.3707379));
#4795=VERTEX_POINT('',#4794);
#4796=CARTESIAN_POINT('',(31.059243152,33.715602607,38.536995353));
#4797=DIRECTION('',(-0.,-0.,-1.));
#4798=VECTOR('',#4797,2.166257453);
#4799=LINE('',#4796,#4798);
#4800=EDGE_CURVE('',#4787,#4795,#4799,.T.);
#4801=ORIENTED_EDGE('',*,*,#4800,.T.);
#4802=CARTESIAN_POINT('',(44.291178492,33.715602607,36.3707379));
#4803=DIRECTION('',(-1.,0.,0.));
#4804=VECTOR('',#4803,13.23193534);
#4805=LINE('',#4802,#4804);
#4806=EDGE_CURVE('',#688,#4795,#4805,.T.);
#4807=ORIENTED_EDGE('',*,*,#4806,.F.);
#4808=EDGE_LOOP('',(#4768,#4769,#4777,#4785,#4793,#4801,#4807));
#4809=FACE_BOUND('',#4808,.T.);
#4810=ADVANCED_FACE('',(#4809),#4767,.F.);
#4811=CARTESIAN_POINT('',(42.436213747,39.107663433,38.536995353));
#4812=DIRECTION('',(1.,-0.,-0.));
#4813=DIRECTION('',(-0.,-1.,0.));
#4814=AXIS2_PLACEMENT_3D('',#4811,#4812,#4813);
#4815=PLANE('',#4814);
#4816=ORIENTED_EDGE('',*,*,#797,.F.);
#4817=ORIENTED_EDGE('',*,*,#4757,.T.);
#4818=CARTESIAN_POINT('',(42.436213747,33.715602607,41.224980132));
#4819=DIRECTION('',(0.,1.,-0.));
#4820=VECTOR('',#4819,6.192060826);
#4821=LINE('',#4818,#4820);
#4822=EDGE_CURVE('',#4771,#4746,#4821,.T.);
#4823=ORIENTED_EDGE('',*,*,#4822,.F.);
#4824=ORIENTED_EDGE('',*,*,#4776,.F.);
#4825=EDGE_LOOP('',(#4816,#4817,#4823,#4824));
#4826=FACE_BOUND('',#4825,.T.);
#4827=ADVANCED_FACE('',(#4826),#4815,.F.);
#4828=CARTESIAN_POINT('',(54.731593132,34.680154441,36.3707379));
#4829=DIRECTION('',(0.,0.,1.));
#4830=DIRECTION('',(0.,1.,-0.));
#4831=AXIS2_PLACEMENT_3D('',#4828,#4829,#4830);
#4832=PLANE('',#4831);
#4833=ORIENTED_EDGE('',*,*,#701,.F.);
#4834=ORIENTED_EDGE('',*,*,#4806,.T.);
#4835=CARTESIAN_POINT('',(27.963212739,36.81163302,36.3707379));
#4836=VERTEX_POINT('',#4835);
#4837=CARTESIAN_POINT('',(31.059243152,36.81163302,36.3707379));
#4838=DIRECTION('',(-0.,-0.,-1.));
#4839=DIRECTION('',(0.,-1.,0.));
#4840=AXIS2_PLACEMENT_3D('',#4837,#4838,#4839);
#4841=CIRCLE('',#4840,3.096030413);
#4842=EDGE_CURVE('',#4795,#4836,#4841,.T.);
#4843=ORIENTED_EDGE('',*,*,#4842,.T.);
#4844=CARTESIAN_POINT('',(31.059243152,36.81163302,36.3707379));
#4845=DIRECTION('',(-0.,-0.,-1.));
#4846=DIRECTION('',(0.,-1.,0.));
#4847=AXIS2_PLACEMENT_3D('',#4844,#4845,#4846);
#4848=CIRCLE('',#4847,3.096030413);
#4849=EDGE_CURVE('',#4836,#4722,#4848,.T.);
#4850=ORIENTED_EDGE('',*,*,#4849,.T.);
#4851=ORIENTED_EDGE('',*,*,#4727,.F.);
#4852=EDGE_LOOP('',(#4833,#4834,#4843,#4850,#4851));
#4853=FACE_BOUND('',#4852,.T.);
#4854=CARTESIAN_POINT('',(31.059243152,35.657229536,36.3707379));
#4855=VERTEX_POINT('',#4854);
#4856=CARTESIAN_POINT('',(29.904839668,36.81163302,36.3707379));
#4857=VERTEX_POINT('',#4856);
#4858=CARTESIAN_POINT('',(31.059243152,36.81163302,36.3707379));
#4859=DIRECTION('',(0.,0.,1.));
#4860=DIRECTION('',(-0.,-1.,0.));
#4861=AXIS2_PLACEMENT_3D('',#4858,#4859,#4860);
#4862=CIRCLE('',#4861,1.154403484);
#4863=EDGE_CURVE('',#4855,#4857,#4862,.T.);
#4864=ORIENTED_EDGE('',*,*,#4863,.T.);
#4865=CARTESIAN_POINT('',(31.059243152,36.81163302,36.3707379));
#4866=DIRECTION('',(0.,0.,1.));
#4867=DIRECTION('',(-0.,-1.,0.));
#4868=AXIS2_PLACEMENT_3D('',#4865,#4866,#4867);
#4869=CIRCLE('',#4868,1.154403484);
#4870=EDGE_CURVE('',#4857,#4855,#4869,.T.);
#4871=ORIENTED_EDGE('',*,*,#4870,.T.);
#4872=EDGE_LOOP('',(#4864,#4871));
#4873=FACE_BOUND('',#4872,.T.);
#4874=ADVANCED_FACE('',(#4853,#4873),#4832,.F.);
#4875=CARTESIAN_POINT('',(31.059243152,36.81163302,20.153621654));
#4876=DIRECTION('',(-0.,0.,1.));
#4877=DIRECTION('',(-1.,0.,-0.));
#4878=AXIS2_PLACEMENT_3D('',#4875,#4876,#4877);
#4879=CYLINDRICAL_SURFACE('',#4878,1.154403484);
#4880=CARTESIAN_POINT('',(29.904839668,36.81163302,38.536995353));
#4881=VERTEX_POINT('',#4880);
#4882=CARTESIAN_POINT('',(29.904839668,36.81163302,38.536995353));
#4883=DIRECTION('',(0.,-0.,-1.));
#4884=VECTOR('',#4883,2.166257453);
#4885=LINE('',#4882,#4884);
#4886=EDGE_CURVE('',#4881,#4857,#4885,.T.);
#4887=ORIENTED_EDGE('',*,*,#4886,.F.);
#4888=CARTESIAN_POINT('',(31.059243152,37.966036504,38.536995353));
#4889=VERTEX_POINT('',#4888);
#4890=CARTESIAN_POINT('',(31.059243152,36.81163302,38.536995353));
#4891=DIRECTION('',(0.,0.,1.));
#4892=DIRECTION('',(0.,1.,-0.));
#4893=AXIS2_PLACEMENT_3D('',#4890,#4891,#4892);
#4894=CIRCLE('',#4893,1.154403484);
#4895=EDGE_CURVE('',#4881,#4889,#4894,.T.);
#4896=ORIENTED_EDGE('',*,*,#4895,.T.);
#4897=CARTESIAN_POINT('',(31.059243152,36.81163302,38.536995353));
#4898=DIRECTION('',(0.,0.,1.));
#4899=DIRECTION('',(0.,1.,-0.));
#4900=AXIS2_PLACEMENT_3D('',#4897,#4898,#4899);
#4901=CIRCLE('',#4900,1.154403484);
#4902=EDGE_CURVE('',#4889,#4881,#4901,.T.);
#4903=ORIENTED_EDGE('',*,*,#4902,.T.);
#4904=ORIENTED_EDGE('',*,*,#4886,.T.);
#4905=ORIENTED_EDGE('',*,*,#4863,.F.);
#4906=ORIENTED_EDGE('',*,*,#4870,.F.);
#4907=EDGE_LOOP('',(#4887,#4896,#4903,#4904,#4905,#4906));
#4908=FACE_BOUND('',#4907,.T.);
#4909=ADVANCED_FACE('',(#4908),#4879,.F.);
#4910=CARTESIAN_POINT('',(31.059243152,36.81163302,35.699003697));
#4911=DIRECTION('',(0.,0.,1.));
#4912=DIRECTION('',(-1.,0.,0.));
#4913=AXIS2_PLACEMENT_3D('',#4910,#4911,#4912);
#4914=CYLINDRICAL_SURFACE('',#4913,3.096030413);
#4915=CARTESIAN_POINT('',(27.963212739,36.81163302,38.536995353));
#4916=VERTEX_POINT('',#4915);
#4917=CARTESIAN_POINT('',(27.963212739,36.81163302,38.536995353));
#4918=DIRECTION('',(-0.,-0.,-1.));
#4919=VECTOR('',#4918,2.166257453);
#4920=LINE('',#4917,#4919);
#4921=EDGE_CURVE('',#4916,#4836,#4920,.T.);
#4922=ORIENTED_EDGE('',*,*,#4921,.T.);
#4923=ORIENTED_EDGE('',*,*,#4842,.F.);
#4924=ORIENTED_EDGE('',*,*,#4800,.F.);
#4925=CARTESIAN_POINT('',(31.059243152,36.81163302,38.536995353));
#4926=DIRECTION('',(0.,0.,1.));
#4927=DIRECTION('',(0.,-1.,0.));
#4928=AXIS2_PLACEMENT_3D('',#4925,#4926,#4927);
#4929=CIRCLE('',#4928,3.096030413);
#4930=EDGE_CURVE('',#4916,#4787,#4929,.T.);
#4931=ORIENTED_EDGE('',*,*,#4930,.F.);
#4932=EDGE_LOOP('',(#4922,#4923,#4924,#4931));
#4933=FACE_BOUND('',#4932,.T.);
#4934=ADVANCED_FACE('',(#4933),#4914,.T.);
#4935=CARTESIAN_POINT('',(58.21992354,104.972189132,38.536995353));
#4936=DIRECTION('',(0.,0.,1.));
#4937=DIRECTION('',(0.,1.,-0.));
#4938=AXIS2_PLACEMENT_3D('',#4935,#4936,#4937);
#4939=PLANE('',#4938);
#4940=ORIENTED_EDGE('',*,*,#4743,.T.);
#4941=CARTESIAN_POINT('',(31.059243152,36.81163302,38.536995353));
#4942=DIRECTION('',(0.,0.,1.));
#4943=DIRECTION('',(0.,-1.,0.));
#4944=AXIS2_PLACEMENT_3D('',#4941,#4942,#4943);
#4945=CIRCLE('',#4944,3.096030413);
#4946=EDGE_CURVE('',#4730,#4916,#4945,.T.);
#4947=ORIENTED_EDGE('',*,*,#4946,.T.);
#4948=ORIENTED_EDGE('',*,*,#4930,.T.);
#4949=ORIENTED_EDGE('',*,*,#4792,.T.);
#4950=CARTESIAN_POINT('',(39.748228968,39.907663433,38.536995353));
#4951=DIRECTION('',(-0.,-1.,0.));
#4952=VECTOR('',#4951,6.192060826);
#4953=LINE('',#4950,#4952);
#4954=EDGE_CURVE('',#4738,#4779,#4953,.T.);
#4955=ORIENTED_EDGE('',*,*,#4954,.F.);
#4956=EDGE_LOOP('',(#4940,#4947,#4948,#4949,#4955));
#4957=FACE_BOUND('',#4956,.T.);
#4958=ORIENTED_EDGE('',*,*,#4895,.F.);
#4959=ORIENTED_EDGE('',*,*,#4902,.F.);
#4960=EDGE_LOOP('',(#4958,#4959));
#4961=FACE_BOUND('',#4960,.T.);
#4962=ADVANCED_FACE('',(#4957,#4961),#4939,.T.);
#4963=CARTESIAN_POINT('',(42.436213747,39.107663433,41.224980132));
#4964=DIRECTION('',(0.707106781,-0.,-0.707106781));
#4965=DIRECTION('',(0.,1.,-0.));
#4966=AXIS2_PLACEMENT_3D('',#4963,#4964,#4965);
#4967=PLANE('',#4966);
#4968=ORIENTED_EDGE('',*,*,#4784,.T.);
#4969=ORIENTED_EDGE('',*,*,#4822,.T.);
#4970=ORIENTED_EDGE('',*,*,#4751,.T.);
#4971=ORIENTED_EDGE('',*,*,#4954,.T.);
#4972=EDGE_LOOP('',(#4968,#4969,#4970,#4971));
#4973=FACE_BOUND('',#4972,.T.);
#4974=ADVANCED_FACE('',(#4973),#4967,.F.);
#4975=CARTESIAN_POINT('',(44.087153083,10.757815988,34.426743284));
#4976=DIRECTION('',(-0.,-1.,0.));
#4977=DIRECTION('',(-1.,0.,-0.));
#4978=AXIS2_PLACEMENT_3D('',#4975,#4976,#4977);
#4979=PLANE('',#4978);
#4980=ORIENTED_EDGE('',*,*,#677,.F.);
#4981=CARTESIAN_POINT('',(35.51454083,10.757815988,39.912968023));
#4982=VERTEX_POINT('',#4981);
#4983=CARTESIAN_POINT('',(44.291178492,10.757815988,39.912968023));
#4984=DIRECTION('',(-1.,0.,-0.));
#4985=VECTOR('',#4984,8.776637661);
#4986=LINE('',#4983,#4985);
#4987=EDGE_CURVE('',#662,#4982,#4986,.T.);
#4988=ORIENTED_EDGE('',*,*,#4987,.T.);
#4989=CARTESIAN_POINT('',(33.551172786,10.757815988,40.726221694));
#4990=VERTEX_POINT('',#4989);
#4991=CARTESIAN_POINT('',(35.51454083,10.757815988,42.689589739));
#4992=DIRECTION('',(0.,1.,-0.));
#4993=DIRECTION('',(1.,-0.,0.));
#4994=AXIS2_PLACEMENT_3D('',#4991,#4992,#4993);
#4995=CIRCLE('',#4994,2.776621716);
#4996=EDGE_CURVE('',#4982,#4990,#4995,.T.);
#4997=ORIENTED_EDGE('',*,*,#4996,.T.);
#4998=CARTESIAN_POINT('',(30.432880054,10.757815988,43.844514426));
#4999=VERTEX_POINT('',#4998);
#5000=CARTESIAN_POINT('',(33.551172786,10.757815988,40.726221694));
#5001=DIRECTION('',(-0.707106781,0.,0.707106781));
#5002=VECTOR('',#5001,4.409931872);
#5003=LINE('',#5000,#5002);
#5004=EDGE_CURVE('',#4990,#4999,#5003,.T.);
#5005=ORIENTED_EDGE('',*,*,#5004,.T.);
#5006=CARTESIAN_POINT('',(29.59477769,10.757815988,44.333822292));
#5007=VERTEX_POINT('',#5006);
#5008=CARTESIAN_POINT('',(29.082747289,10.757815988,42.494381661));
#5009=DIRECTION('',(-0.,-1.,0.));
#5010=DIRECTION('',(1.,-0.,0.));
#5011=AXIS2_PLACEMENT_3D('',#5008,#5009,#5010);
#5012=CIRCLE('',#5011,1.909376067);
#5013=EDGE_CURVE('',#4999,#5007,#5012,.T.);
#5014=ORIENTED_EDGE('',*,*,#5013,.T.);
#5015=CARTESIAN_POINT('',(29.59477769,10.757815988,46.570015182));
#5016=VERTEX_POINT('',#5015);
#5017=CARTESIAN_POINT('',(29.59477769,10.757815988,44.333822292));
#5018=DIRECTION('',(-0.,0.,1.));
#5019=VECTOR('',#5018,2.236192889);
#5020=LINE('',#5017,#5019);
#5021=EDGE_CURVE('',#5007,#5016,#5020,.T.);
#5022=ORIENTED_EDGE('',*,*,#5021,.T.);
#5023=CARTESIAN_POINT('',(36.111178492,10.757815988,46.570015182));
#5024=DIRECTION('',(-1.,0.,-0.));
#5025=VECTOR('',#5024,6.516400802);
#5026=LINE('',#5023,#5025);
#5027=EDGE_CURVE('',#455,#5016,#5026,.T.);
#5028=ORIENTED_EDGE('',*,*,#5027,.F.);
#5029=ORIENTED_EDGE('',*,*,#460,.F.);
#5030=ORIENTED_EDGE('',*,*,#771,.F.);
#5031=EDGE_LOOP('',(#4980,#4988,#4997,#5005,#5014,#5022,#5028,#5029,#5030));
#5032=FACE_BOUND('',#5031,.T.);
#5033=ADVANCED_FACE('',(#5032),#4979,.F.);
#5034=CARTESIAN_POINT('',(56.755458078,76.622341687,46.570015182));
#5035=DIRECTION('',(-0.,0.,1.));
#5036=DIRECTION('',(0.,1.,-0.));
#5037=AXIS2_PLACEMENT_3D('',#5034,#5035,#5036);
#5038=PLANE('',#5037);
#5039=CARTESIAN_POINT('',(28.440374206,8.461785575,46.570015182));
#5040=VERTEX_POINT('',#5039);
#5041=CARTESIAN_POINT('',(29.59477769,9.616189059,46.570015182));
#5042=VERTEX_POINT('',#5041);
#5043=CARTESIAN_POINT('',(29.59477769,8.461785575,46.570015182));
#5044=DIRECTION('',(-0.,0.,1.));
#5045=DIRECTION('',(0.,1.,-0.));
#5046=AXIS2_PLACEMENT_3D('',#5043,#5044,#5045);
#5047=CIRCLE('',#5046,1.154403484);
#5048=EDGE_CURVE('',#5040,#5042,#5047,.T.);
#5049=ORIENTED_EDGE('',*,*,#5048,.F.);
#5050=CARTESIAN_POINT('',(29.59477769,8.461785575,46.570015182));
#5051=DIRECTION('',(-0.,0.,1.));
#5052=DIRECTION('',(0.,1.,-0.));
#5053=AXIS2_PLACEMENT_3D('',#5050,#5051,#5052);
#5054=CIRCLE('',#5053,1.154403484);
#5055=EDGE_CURVE('',#5042,#5040,#5054,.T.);
#5056=ORIENTED_EDGE('',*,*,#5055,.F.);
#5057=EDGE_LOOP('',(#5049,#5056));
#5058=FACE_BOUND('',#5057,.T.);
#5059=ORIENTED_EDGE('',*,*,#4551,.F.);
#5060=ORIENTED_EDGE('',*,*,#5027,.T.);
#5061=CARTESIAN_POINT('',(27.298747277,8.461785575,46.570015182));
#5062=VERTEX_POINT('',#5061);
#5063=CARTESIAN_POINT('',(29.59477769,8.461785575,46.570015182));
#5064=DIRECTION('',(-0.,0.,1.));
#5065=DIRECTION('',(0.,-1.,0.));
#5066=AXIS2_PLACEMENT_3D('',#5063,#5064,#5065);
#5067=CIRCLE('',#5066,2.296030413);
#5068=EDGE_CURVE('',#5016,#5062,#5067,.T.);
#5069=ORIENTED_EDGE('',*,*,#5068,.T.);
#5070=CARTESIAN_POINT('',(29.59477769,6.165755163,46.570015182));
#5071=VERTEX_POINT('',#5070);
#5072=CARTESIAN_POINT('',(29.59477769,8.461785575,46.570015182));
#5073=DIRECTION('',(-0.,0.,1.));
#5074=DIRECTION('',(0.,-1.,0.));
#5075=AXIS2_PLACEMENT_3D('',#5072,#5073,#5074);
#5076=CIRCLE('',#5075,2.296030413);
#5077=EDGE_CURVE('',#5062,#5071,#5076,.T.);
#5078=ORIENTED_EDGE('',*,*,#5077,.T.);
#5079=CARTESIAN_POINT('',(29.59477769,6.165755163,46.570015182));
#5080=DIRECTION('',(1.,-0.,0.));
#5081=VECTOR('',#5080,6.516400802);
#5082=LINE('',#5079,#5081);
#5083=EDGE_CURVE('',#5071,#364,#5082,.T.);
#5084=ORIENTED_EDGE('',*,*,#5083,.T.);
#5085=EDGE_LOOP('',(#5059,#5060,#5069,#5078,#5084));
#5086=FACE_BOUND('',#5085,.T.);
#5087=ADVANCED_FACE('',(#5058,#5086),#5038,.T.);
#5088=CARTESIAN_POINT('',(44.087178496,6.165755163,34.426743284));
#5089=DIRECTION('',(0.,1.,-0.));
#5090=DIRECTION('',(1.,-0.,0.));
#5091=AXIS2_PLACEMENT_3D('',#5088,#5089,#5090);
#5092=PLANE('',#5091);
#5093=ORIENTED_EDGE('',*,*,#755,.F.);
#5094=ORIENTED_EDGE('',*,*,#820,.F.);
#5095=ORIENTED_EDGE('',*,*,#379,.F.);
#5096=ORIENTED_EDGE('',*,*,#5083,.F.);
#5097=CARTESIAN_POINT('',(29.59477769,6.165755163,44.333822292));
#5098=VERTEX_POINT('',#5097);
#5099=CARTESIAN_POINT('',(29.59477769,6.165755163,46.570015182));
#5100=DIRECTION('',(0.,-0.,-1.));
#5101=VECTOR('',#5100,2.236192889);
#5102=LINE('',#5099,#5101);
#5103=EDGE_CURVE('',#5071,#5098,#5102,.T.);
#5104=ORIENTED_EDGE('',*,*,#5103,.T.);
#5105=CARTESIAN_POINT('',(30.432880054,6.165755163,43.844514426));
#5106=VERTEX_POINT('',#5105);
#5107=CARTESIAN_POINT('',(29.082747289,6.165755163,42.494381661));
#5108=DIRECTION('',(0.,1.,-0.));
#5109=DIRECTION('',(-1.,0.,0.));
#5110=AXIS2_PLACEMENT_3D('',#5107,#5108,#5109);
#5111=CIRCLE('',#5110,1.909376067);
#5112=EDGE_CURVE('',#5098,#5106,#5111,.T.);
#5113=ORIENTED_EDGE('',*,*,#5112,.T.);
#5114=CARTESIAN_POINT('',(33.551172786,6.165755163,40.726221694));
#5115=VERTEX_POINT('',#5114);
#5116=CARTESIAN_POINT('',(30.432880054,6.165755163,43.844514426));
#5117=DIRECTION('',(0.707106781,-0.,-0.707106781));
#5118=VECTOR('',#5117,4.409931872);
#5119=LINE('',#5116,#5118);
#5120=EDGE_CURVE('',#5106,#5115,#5119,.T.);
#5121=ORIENTED_EDGE('',*,*,#5120,.T.);
#5122=CARTESIAN_POINT('',(35.51454083,6.165755163,39.912968023));
#5123=VERTEX_POINT('',#5122);
#5124=CARTESIAN_POINT('',(35.51454083,6.165755163,42.689589739));
#5125=DIRECTION('',(-0.,-1.,0.));
#5126=DIRECTION('',(-1.,0.,0.));
#5127=AXIS2_PLACEMENT_3D('',#5124,#5125,#5126);
#5128=CIRCLE('',#5127,2.776621716);
#5129=EDGE_CURVE('',#5115,#5123,#5128,.T.);
#5130=ORIENTED_EDGE('',*,*,#5129,.T.);
#5131=CARTESIAN_POINT('',(44.291178492,6.165755163,39.912968023));
#5132=DIRECTION('',(-1.,0.,-0.));
#5133=VECTOR('',#5132,8.776637661);
#5134=LINE('',#5131,#5133);
#5135=EDGE_CURVE('',#664,#5123,#5134,.T.);
#5136=ORIENTED_EDGE('',*,*,#5135,.F.);
#5137=EDGE_LOOP('',(#5093,#5094,#5095,#5096,#5104,#5113,#5121,#5130,#5136));
#5138=FACE_BOUND('',#5137,.T.);
#5139=ADVANCED_FACE('',(#5138),#5092,.F.);
#5140=CARTESIAN_POINT('',(53.26712767,6.330306997,44.403757728));
#5141=DIRECTION('',(-0.,0.,1.));
#5142=DIRECTION('',(0.,1.,-0.));
#5143=AXIS2_PLACEMENT_3D('',#5140,#5141,#5142);
#5144=PLANE('',#5143);
#5145=CARTESIAN_POINT('',(29.082747289,10.699994798,44.403757728));
#5146=VERTEX_POINT('',#5145);
#5147=CARTESIAN_POINT('',(29.082747289,9.496421875,44.403757728));
#5148=VERTEX_POINT('',#5147);
#5149=CARTESIAN_POINT('',(29.082747289,10.699994798,44.403757728));
#5150=DIRECTION('',(-0.,-1.,0.));
#5151=VECTOR('',#5150,1.203572923);
#5152=LINE('',#5149,#5151);
#5153=EDGE_CURVE('',#5146,#5148,#5152,.T.);
#5154=ORIENTED_EDGE('',*,*,#5153,.T.);
#5155=CARTESIAN_POINT('',(28.440374206,8.461785575,44.403757728));
#5156=VERTEX_POINT('',#5155);
#5157=CARTESIAN_POINT('',(29.59477769,8.461785575,44.403757728));
#5158=DIRECTION('',(-0.,0.,1.));
#5159=DIRECTION('',(-0.,-1.,0.));
#5160=AXIS2_PLACEMENT_3D('',#5157,#5158,#5159);
#5161=CIRCLE('',#5160,1.154403484);
#5162=EDGE_CURVE('',#5148,#5156,#5161,.T.);
#5163=ORIENTED_EDGE('',*,*,#5162,.T.);
#5164=CARTESIAN_POINT('',(29.082747289,7.427149276,44.403757728));
#5165=VERTEX_POINT('',#5164);
#5166=CARTESIAN_POINT('',(29.59477769,8.461785575,44.403757728));
#5167=DIRECTION('',(-0.,0.,1.));
#5168=DIRECTION('',(-0.,-1.,0.));
#5169=AXIS2_PLACEMENT_3D('',#5166,#5167,#5168);
#5170=CIRCLE('',#5169,1.154403484);
#5171=EDGE_CURVE('',#5156,#5165,#5170,.T.);
#5172=ORIENTED_EDGE('',*,*,#5171,.T.);
#5173=CARTESIAN_POINT('',(29.082747289,6.223576353,44.403757728));
#5174=VERTEX_POINT('',#5173);
#5175=CARTESIAN_POINT('',(29.082747289,7.427149276,44.403757728));
#5176=DIRECTION('',(-0.,-1.,0.));
#5177=VECTOR('',#5176,1.203572923);
#5178=LINE('',#5175,#5177);
#5179=EDGE_CURVE('',#5165,#5174,#5178,.T.);
#5180=ORIENTED_EDGE('',*,*,#5179,.T.);
#5181=CARTESIAN_POINT('',(27.298747277,8.461785575,44.403757728));
#5182=VERTEX_POINT('',#5181);
#5183=CARTESIAN_POINT('',(29.59477769,8.461785575,44.403757728));
#5184=DIRECTION('',(0.,-0.,-1.));
#5185=DIRECTION('',(0.,-1.,0.));
#5186=AXIS2_PLACEMENT_3D('',#5183,#5184,#5185);
#5187=CIRCLE('',#5186,2.296030413);
#5188=EDGE_CURVE('',#5174,#5182,#5187,.T.);
#5189=ORIENTED_EDGE('',*,*,#5188,.T.);
#5190=CARTESIAN_POINT('',(29.59477769,8.461785575,44.403757728));
#5191=DIRECTION('',(0.,-0.,-1.));
#5192=DIRECTION('',(0.,-1.,0.));
#5193=AXIS2_PLACEMENT_3D('',#5190,#5191,#5192);
#5194=CIRCLE('',#5193,2.296030413);
#5195=EDGE_CURVE('',#5182,#5146,#5194,.T.);
#5196=ORIENTED_EDGE('',*,*,#5195,.T.);
#5197=EDGE_LOOP('',(#5154,#5163,#5172,#5180,#5189,#5196));
#5198=FACE_BOUND('',#5197,.T.);
#5199=ADVANCED_FACE('',(#5198),#5144,.F.);
#5200=CARTESIAN_POINT('',(29.082747289,6.330306997,42.494381661));
#5201=DIRECTION('',(0.,1.,-0.));
#5202=DIRECTION('',(0.,-0.,-1.));
#5203=AXIS2_PLACEMENT_3D('',#5200,#5201,#5202);
#5204=CYLINDRICAL_SURFACE('',#5203,1.909376067);
#5205=CARTESIAN_POINT('',(30.432880054,7.667914156,43.844514426));
#5206=VERTEX_POINT('',#5205);
#5207=CARTESIAN_POINT('',(30.432880054,7.667914156,43.844514426));
#5208=CARTESIAN_POINT('',(30.356840637,7.587638164,43.920553843));
#5209=CARTESIAN_POINT('',(30.27076053,7.519176413,43.993912127));
#5210=CARTESIAN_POINT('',(30.172747415,7.462486621,44.06206042));
#5211=CARTESIAN_POINT('',(30.074734301,7.405796829,44.130208713));
#5212=CARTESIAN_POINT('',(29.962745119,7.36076828,44.193885578));
#5213=CARTESIAN_POINT('',(29.843171903,7.334422405,44.245801477));
#5214=CARTESIAN_POINT('',(29.723598687,7.30807653,44.297717377));
#5215=CARTESIAN_POINT('',(29.593228169,7.300091099,44.338966091));
#5216=CARTESIAN_POINT('',(29.464105377,7.314801639,44.365285981));
#5217=CARTESIAN_POINT('',(29.334982586,7.329512179,44.391605872));
#5218=CARTESIAN_POINT('',(29.203742692,7.36726995,44.403757728));
#5219=CARTESIAN_POINT('',(29.082747289,7.427149276,44.403757728));
#5220=B_SPLINE_CURVE_WITH_KNOTS('',3,(#5207,#5208,#5209,#5210,#5211,#5212,#5213,#5214,#5215,#5216,#5217,#5218,#5219),.UNSPECIFIED.,.F.,.F.,(4,3,3,3,4),(0.,0.000395658,0.000791315,0.001186973,0.001582631),.UNSPECIFIED.);
#5221=EDGE_CURVE('',#5206,#5165,#5220,.T.);
#5222=ORIENTED_EDGE('',*,*,#5221,.F.);
#5223=CARTESIAN_POINT('',(30.432880054,6.165755163,43.844514426));
#5224=DIRECTION('',(0.,1.,-0.));
#5225=VECTOR('',#5224,1.502158993);
#5226=LINE('',#5223,#5225);
#5227=EDGE_CURVE('',#5106,#5206,#5226,.T.);
#5228=ORIENTED_EDGE('',*,*,#5227,.F.);
#5229=ORIENTED_EDGE('',*,*,#5112,.F.);
#5230=CARTESIAN_POINT('',(29.082747289,6.223576353,44.403757728));
#5231=CARTESIAN_POINT('',(29.254351447,6.184318832,44.403757728));
#5232=CARTESIAN_POINT('',(29.42518815,6.165755163,44.381029578));
#5233=CARTESIAN_POINT('',(29.59477769,6.165755163,44.333822292));
#5234=B_SPLINE_CURVE_WITH_KNOTS('',3,(#5230,#5231,#5232,#5233),.UNSPECIFIED.,.F.,.F.,(4,4),(0.,0.000520009),.UNSPECIFIED.);
#5235=EDGE_CURVE('',#5174,#5098,#5234,.T.);
#5236=ORIENTED_EDGE('',*,*,#5235,.F.);
#5237=ORIENTED_EDGE('',*,*,#5179,.F.);
#5238=EDGE_LOOP('',(#5222,#5228,#5229,#5236,#5237));
#5239=FACE_BOUND('',#5238,.T.);
#5240=ADVANCED_FACE('',(#5239),#5204,.F.);
#5241=CARTESIAN_POINT('',(29.59477769,8.461785575,28.186641482));
#5242=DIRECTION('',(-0.,0.,1.));
#5243=DIRECTION('',(-1.,0.,-0.));
#5244=AXIS2_PLACEMENT_3D('',#5241,#5242,#5243);
#5245=CYLINDRICAL_SURFACE('',#5244,1.154403484);
#5246=CARTESIAN_POINT('',(28.440374206,8.461785575,46.570015182));
#5247=DIRECTION('',(0.,-0.,-1.));
#5248=VECTOR('',#5247,2.166257453);
#5249=LINE('',#5246,#5248);
#5250=EDGE_CURVE('',#5040,#5156,#5249,.T.);
#5251=ORIENTED_EDGE('',*,*,#5250,.F.);
#5252=ORIENTED_EDGE('',*,*,#5048,.T.);
#5253=ORIENTED_EDGE('',*,*,#5055,.T.);
#5254=ORIENTED_EDGE('',*,*,#5250,.T.);
#5255=ORIENTED_EDGE('',*,*,#5162,.F.);
#5256=CARTESIAN_POINT('',(30.432880054,9.255656995,43.844514426));
#5257=VERTEX_POINT('',#5256);
#5258=CARTESIAN_POINT('',(29.082747289,9.496421875,44.403757728));
#5259=CARTESIAN_POINT('',(29.143081281,9.52628052,44.403757728));
#5260=CARTESIAN_POINT('',(29.205014322,9.550408747,44.400903463));
#5261=CARTESIAN_POINT('',(29.268412198,9.569094462,44.394709398));
#5262=CARTESIAN_POINT('',(29.331810075,9.587780177,44.388515333));
#5263=CARTESIAN_POINT('',(29.397409576,9.601076064,44.378821144));
#5264=CARTESIAN_POINT('',(29.462472864,9.608582348,44.365618005));
#5265=CARTESIAN_POINT('',(29.527536153,9.616088632,44.352414866));
#5266=CARTESIAN_POINT('',(29.591811386,9.617933693,44.335847791));
#5267=CARTESIAN_POINT('',(29.655283992,9.614602296,44.315897154));
#5268=CARTESIAN_POINT('',(29.718756598,9.611270899,44.295946516));
#5269=CARTESIAN_POINT('',(29.78168774,9.60260801,44.272432479));
#5270=CARTESIAN_POINT('',(29.841618039,9.58948999,44.246475309));
#5271=CARTESIAN_POINT('',(29.961478637,9.56325395,44.194560969));
#5272=CARTESIAN_POINT('',(30.073085185,9.518566199,44.131240991));
#5273=CARTESIAN_POINT('',(30.171527556,9.461789074,44.06290788));
#5274=CARTESIAN_POINT('',(30.269969926,9.405011949,43.994574768));
#5275=CARTESIAN_POINT('',(30.356899647,9.335870689,43.920494833));
#5276=CARTESIAN_POINT('',(30.432880054,9.255656995,43.844514426));
#5277=B_SPLINE_CURVE_WITH_KNOTS('',3,(#5258,#5259,#5260,#5261,#5262,#5263,#5264,#5265,#5266,#5267,#5268,#5269,#5270,#5271,#5272,#5273,#5274,#5275,#5276),.UNSPECIFIED.,.F.,.F.,(4,3,3,3,3,3,4),(0.,0.000199077,0.000398154,0.000597231,0.000796308,0.001194462,0.001592616),.UNSPECIFIED.);
#5278=EDGE_CURVE('',#5148,#5257,#5277,.T.);
#5279=ORIENTED_EDGE('',*,*,#5278,.T.);
#5280=CARTESIAN_POINT('',(29.59477769,8.461785575,44.682616791));
#5281=DIRECTION('',(-0.707106781,0.,-0.707106781));
#5282=DIRECTION('',(-0.707106781,0.,0.707106781));
#5283=AXIS2_PLACEMENT_3D('',#5280,#5281,#5282);
#5284=ELLIPSE('',#5283,1.632573063,1.154403484);
#5285=EDGE_CURVE('',#5257,#5206,#5284,.T.);
#5286=ORIENTED_EDGE('',*,*,#5285,.T.);
#5287=ORIENTED_EDGE('',*,*,#5221,.T.);
#5288=ORIENTED_EDGE('',*,*,#5171,.F.);
#5289=EDGE_LOOP('',(#5251,#5252,#5253,#5254,#5255,#5279,#5286,#5287,#5288));
#5290=FACE_BOUND('',#5289,.T.);
#5291=ADVANCED_FACE('',(#5290),#5245,.F.);
#5292=CARTESIAN_POINT('',(30.068808638,6.330306997,44.208585843));
#5293=DIRECTION('',(0.707106781,-0.,0.707106781));
#5294=DIRECTION('',(-0.,-1.,0.));
#5295=AXIS2_PLACEMENT_3D('',#5292,#5293,#5294);
#5296=PLANE('',#5295);
#5297=ORIENTED_EDGE('',*,*,#5004,.F.);
#5298=CARTESIAN_POINT('',(33.551172786,10.757815988,40.726221694));
#5299=DIRECTION('',(-0.,-1.,0.));
#5300=VECTOR('',#5299,4.592060826);
#5301=LINE('',#5298,#5300);
#5302=EDGE_CURVE('',#4990,#5115,#5301,.T.);
#5303=ORIENTED_EDGE('',*,*,#5302,.T.);
#5304=ORIENTED_EDGE('',*,*,#5120,.F.);
#5305=ORIENTED_EDGE('',*,*,#5227,.T.);
#5306=ORIENTED_EDGE('',*,*,#5285,.F.);
#5307=CARTESIAN_POINT('',(30.432880054,9.255656995,43.844514426));
#5308=DIRECTION('',(0.,1.,-0.));
#5309=VECTOR('',#5308,1.502158993);
#5310=LINE('',#5307,#5309);
#5311=EDGE_CURVE('',#5257,#4999,#5310,.T.);
#5312=ORIENTED_EDGE('',*,*,#5311,.T.);
#5313=EDGE_LOOP('',(#5297,#5303,#5304,#5305,#5306,#5312));
#5314=FACE_BOUND('',#5313,.T.);
#5315=ADVANCED_FACE('',(#5314),#5296,.F.);
#5316=CARTESIAN_POINT('',(29.082747289,6.330306997,42.494381661));
#5317=DIRECTION('',(0.,1.,-0.));
#5318=DIRECTION('',(0.,-0.,-1.));
#5319=AXIS2_PLACEMENT_3D('',#5316,#5317,#5318);
#5320=CYLINDRICAL_SURFACE('',#5319,1.909376067);
#5321=ORIENTED_EDGE('',*,*,#5013,.F.);
#5322=ORIENTED_EDGE('',*,*,#5311,.F.);
#5323=ORIENTED_EDGE('',*,*,#5278,.F.);
#5324=ORIENTED_EDGE('',*,*,#5153,.F.);
#5325=CARTESIAN_POINT('',(29.59477769,10.757815988,44.333822292));
#5326=CARTESIAN_POINT('',(29.42518815,10.757815988,44.381029578));
#5327=CARTESIAN_POINT('',(29.254351447,10.739252319,44.403757728));
#5328=CARTESIAN_POINT('',(29.082747289,10.699994798,44.403757728));
#5329=B_SPLINE_CURVE_WITH_KNOTS('',3,(#5325,#5326,#5327,#5328),.UNSPECIFIED.,.F.,.F.,(4,4),(0.,0.000520009),.UNSPECIFIED.);
#5330=EDGE_CURVE('',#5007,#5146,#5329,.T.);
#5331=ORIENTED_EDGE('',*,*,#5330,.F.);
#5332=EDGE_LOOP('',(#5321,#5322,#5323,#5324,#5331));
#5333=FACE_BOUND('',#5332,.T.);
#5334=ADVANCED_FACE('',(#5333),#5320,.F.);
#5335=CARTESIAN_POINT('',(29.59477769,8.461785575,43.732023525));
#5336=DIRECTION('',(-0.,0.,1.));
#5337=DIRECTION('',(-1.,0.,-0.));
#5338=AXIS2_PLACEMENT_3D('',#5335,#5336,#5337);
#5339=CYLINDRICAL_SURFACE('',#5338,2.296030413);
#5340=CARTESIAN_POINT('',(27.298747277,8.461785575,46.570015182));
#5341=DIRECTION('',(0.,-0.,-1.));
#5342=VECTOR('',#5341,2.166257453);
#5343=LINE('',#5340,#5342);
#5344=EDGE_CURVE('',#5062,#5182,#5343,.T.);
#5345=ORIENTED_EDGE('',*,*,#5344,.T.);
#5346=ORIENTED_EDGE('',*,*,#5188,.F.);
#5347=ORIENTED_EDGE('',*,*,#5235,.T.);
#5348=ORIENTED_EDGE('',*,*,#5103,.F.);
#5349=ORIENTED_EDGE('',*,*,#5077,.F.);
#5350=EDGE_LOOP('',(#5345,#5346,#5347,#5348,#5349));
#5351=FACE_BOUND('',#5350,.T.);
#5352=ADVANCED_FACE('',(#5351),#5339,.T.);
#5353=CARTESIAN_POINT('',(32.907178496,8.461785575,39.912968023));
#5354=DIRECTION('',(0.,-0.,-1.));
#5355=DIRECTION('',(0.,1.,-0.));
#5356=AXIS2_PLACEMENT_3D('',#5353,#5354,#5355);
#5357=PLANE('',#5356);
#5358=ORIENTED_EDGE('',*,*,#4987,.F.);
#5359=ORIENTED_EDGE('',*,*,#669,.T.);
#5360=ORIENTED_EDGE('',*,*,#5135,.T.);
#5361=CARTESIAN_POINT('',(35.51454083,6.165755163,39.912968023));
#5362=DIRECTION('',(0.,1.,-0.));
#5363=VECTOR('',#5362,4.592060826);
#5364=LINE('',#5361,#5363);
#5365=EDGE_CURVE('',#5123,#4982,#5364,.T.);
#5366=ORIENTED_EDGE('',*,*,#5365,.T.);
#5367=EDGE_LOOP('',(#5358,#5359,#5360,#5366));
#5368=FACE_BOUND('',#5367,.T.);
#5369=ADVANCED_FACE('',(#5368),#5357,.T.);
#5370=CARTESIAN_POINT('',(35.51454083,6.330306997,42.689589739));
#5371=DIRECTION('',(0.,1.,-0.));
#5372=DIRECTION('',(-1.,0.,0.));
#5373=AXIS2_PLACEMENT_3D('',#5370,#5371,#5372);
#5374=CYLINDRICAL_SURFACE('',#5373,2.776621716);
#5375=ORIENTED_EDGE('',*,*,#4996,.F.);
#5376=ORIENTED_EDGE('',*,*,#5365,.F.);
#5377=ORIENTED_EDGE('',*,*,#5129,.F.);
#5378=ORIENTED_EDGE('',*,*,#5302,.F.);
#5379=EDGE_LOOP('',(#5375,#5376,#5377,#5378));
#5380=FACE_BOUND('',#5379,.T.);
#5381=ADVANCED_FACE('',(#5380),#5374,.T.);
#5382=CARTESIAN_POINT('',(-56.755458078,76.622341687,46.570015182));
#5383=DIRECTION('',(-0.,0.,1.));
#5384=DIRECTION('',(-0.,1.,-0.));
#5385=AXIS2_PLACEMENT_3D('',#5382,#5383,#5384);
#5386=PLANE('',#5385);
#5387=CARTESIAN_POINT('',(-29.59477769,9.616189059,46.570015182));
#5388=VERTEX_POINT('',#5387);
#5389=CARTESIAN_POINT('',(-28.440374206,8.461785575,46.570015182));
#5390=VERTEX_POINT('',#5389);
#5391=CARTESIAN_POINT('',(-29.59477769,8.461785575,46.570015182));
#5392=DIRECTION('',(0.,-0.,-1.));
#5393=DIRECTION('',(-0.,1.,-0.));
#5394=AXIS2_PLACEMENT_3D('',#5391,#5392,#5393);
#5395=CIRCLE('',#5394,1.154403484);
#5396=EDGE_CURVE('',#5388,#5390,#5395,.T.);
#5397=ORIENTED_EDGE('',*,*,#5396,.T.);
#5398=CARTESIAN_POINT('',(-29.59477769,8.461785575,46.570015182));
#5399=DIRECTION('',(0.,-0.,-1.));
#5400=DIRECTION('',(-0.,1.,-0.));
#5401=AXIS2_PLACEMENT_3D('',#5398,#5399,#5400);
#5402=CIRCLE('',#5401,1.154403484);
#5403=EDGE_CURVE('',#5390,#5388,#5402,.T.);
#5404=ORIENTED_EDGE('',*,*,#5403,.T.);
#5405=EDGE_LOOP('',(#5397,#5404));
#5406=FACE_BOUND('',#5405,.T.);
#5407=ORIENTED_EDGE('',*,*,#4648,.F.);
#5408=CARTESIAN_POINT('',(-29.59477769,6.165755163,46.570015182));
#5409=VERTEX_POINT('',#5408);
#5410=CARTESIAN_POINT('',(-29.59477769,6.165755163,46.570015182));
#5411=DIRECTION('',(-1.,-0.,-0.));
#5412=VECTOR('',#5411,6.516400802);
#5413=LINE('',#5410,#5412);
#5414=EDGE_CURVE('',#5409,#397,#5413,.T.);
#5415=ORIENTED_EDGE('',*,*,#5414,.F.);
#5416=CARTESIAN_POINT('',(-27.298747277,8.461785575,46.570015182));
#5417=VERTEX_POINT('',#5416);
#5418=CARTESIAN_POINT('',(-29.59477769,8.461785575,46.570015182));
#5419=DIRECTION('',(0.,-0.,-1.));
#5420=DIRECTION('',(-0.,-1.,0.));
#5421=AXIS2_PLACEMENT_3D('',#5418,#5419,#5420);
#5422=CIRCLE('',#5421,2.296030413);
#5423=EDGE_CURVE('',#5417,#5409,#5422,.T.);
#5424=ORIENTED_EDGE('',*,*,#5423,.F.);
#5425=CARTESIAN_POINT('',(-29.59477769,10.757815988,46.570015182));
#5426=VERTEX_POINT('',#5425);
#5427=CARTESIAN_POINT('',(-29.59477769,8.461785575,46.570015182));
#5428=DIRECTION('',(0.,-0.,-1.));
#5429=DIRECTION('',(-0.,-1.,0.));
#5430=AXIS2_PLACEMENT_3D('',#5427,#5428,#5429);
#5431=CIRCLE('',#5430,2.296030413);
#5432=EDGE_CURVE('',#5426,#5417,#5431,.T.);
#5433=ORIENTED_EDGE('',*,*,#5432,.F.);
#5434=CARTESIAN_POINT('',(-36.111178492,10.757815988,46.570015182));
#5435=DIRECTION('',(1.,0.,0.));
#5436=VECTOR('',#5435,6.516400802);
#5437=LINE('',#5434,#5436);
#5438=EDGE_CURVE('',#497,#5426,#5437,.T.);
#5439=ORIENTED_EDGE('',*,*,#5438,.F.);
#5440=EDGE_LOOP('',(#5407,#5415,#5424,#5433,#5439));
#5441=FACE_BOUND('',#5440,.T.);
#5442=ADVANCED_FACE('',(#5406,#5441),#5386,.T.);
#5443=CARTESIAN_POINT('',(-53.26712767,6.330306997,44.403757728));
#5444=DIRECTION('',(-0.,0.,1.));
#5445=DIRECTION('',(-0.,1.,-0.));
#5446=AXIS2_PLACEMENT_3D('',#5443,#5444,#5445);
#5447=PLANE('',#5446);
#5448=CARTESIAN_POINT('',(-29.082747289,10.699994798,44.403757728));
#5449=VERTEX_POINT('',#5448);
#5450=CARTESIAN_POINT('',(-29.082747289,9.496421875,44.403757728));
#5451=VERTEX_POINT('',#5450);
#5452=CARTESIAN_POINT('',(-29.082747289,10.699994798,44.403757728));
#5453=DIRECTION('',(0.,-1.,0.));
#5454=VECTOR('',#5453,1.203572923);
#5455=LINE('',#5452,#5454);
#5456=EDGE_CURVE('',#5449,#5451,#5455,.T.);
#5457=ORIENTED_EDGE('',*,*,#5456,.F.);
#5458=CARTESIAN_POINT('',(-27.298747277,8.461785575,44.403757728));
#5459=VERTEX_POINT('',#5458);
#5460=CARTESIAN_POINT('',(-29.59477769,8.461785575,44.403757728));
#5461=DIRECTION('',(-0.,0.,1.));
#5462=DIRECTION('',(-0.,-1.,0.));
#5463=AXIS2_PLACEMENT_3D('',#5460,#5461,#5462);
#5464=CIRCLE('',#5463,2.296030413);
#5465=EDGE_CURVE('',#5459,#5449,#5464,.T.);
#5466=ORIENTED_EDGE('',*,*,#5465,.F.);
#5467=CARTESIAN_POINT('',(-29.082747289,6.223576353,44.403757728));
#5468=VERTEX_POINT('',#5467);
#5469=CARTESIAN_POINT('',(-29.59477769,8.461785575,44.403757728));
#5470=DIRECTION('',(-0.,0.,1.));
#5471=DIRECTION('',(-0.,-1.,0.));
#5472=AXIS2_PLACEMENT_3D('',#5469,#5470,#5471);
#5473=CIRCLE('',#5472,2.296030413);
#5474=EDGE_CURVE('',#5468,#5459,#5473,.T.);
#5475=ORIENTED_EDGE('',*,*,#5474,.F.);
#5476=CARTESIAN_POINT('',(-29.082747289,7.427149276,44.403757728));
#5477=VERTEX_POINT('',#5476);
#5478=CARTESIAN_POINT('',(-29.082747289,7.427149276,44.403757728));
#5479=DIRECTION('',(0.,-1.,0.));
#5480=VECTOR('',#5479,1.203572923);
#5481=LINE('',#5478,#5480);
#5482=EDGE_CURVE('',#5477,#5468,#5481,.T.);
#5483=ORIENTED_EDGE('',*,*,#5482,.F.);
#5484=CARTESIAN_POINT('',(-28.440374206,8.461785575,44.403757728));
#5485=VERTEX_POINT('',#5484);
#5486=CARTESIAN_POINT('',(-29.59477769,8.461785575,44.403757728));
#5487=DIRECTION('',(0.,-0.,-1.));
#5488=DIRECTION('',(0.,-1.,0.));
#5489=AXIS2_PLACEMENT_3D('',#5486,#5487,#5488);
#5490=CIRCLE('',#5489,1.154403484);
#5491=EDGE_CURVE('',#5485,#5477,#5490,.T.);
#5492=ORIENTED_EDGE('',*,*,#5491,.F.);
#5493=CARTESIAN_POINT('',(-29.59477769,8.461785575,44.403757728));
#5494=DIRECTION('',(0.,-0.,-1.));
#5495=DIRECTION('',(0.,-1.,0.));
#5496=AXIS2_PLACEMENT_3D('',#5493,#5494,#5495);
#5497=CIRCLE('',#5496,1.154403484);
#5498=EDGE_CURVE('',#5451,#5485,#5497,.T.);
#5499=ORIENTED_EDGE('',*,*,#5498,.F.);
#5500=EDGE_LOOP('',(#5457,#5466,#5475,#5483,#5492,#5499));
#5501=FACE_BOUND('',#5500,.T.);
#5502=ADVANCED_FACE('',(#5501),#5447,.F.);
#5503=CARTESIAN_POINT('',(-29.082747289,6.330306997,42.494381661));
#5504=DIRECTION('',(-0.,1.,-0.));
#5505=DIRECTION('',(0.,-0.,-1.));
#5506=AXIS2_PLACEMENT_3D('',#5503,#5504,#5505);
#5507=CYLINDRICAL_SURFACE('',#5506,1.909376067);
#5508=CARTESIAN_POINT('',(-30.432880054,7.667914156,43.844514426));
#5509=VERTEX_POINT('',#5508);
#5510=CARTESIAN_POINT('',(-30.432880054,7.667914156,43.844514426));
#5511=CARTESIAN_POINT('',(-30.356840637,7.587638164,43.920553843));
#5512=CARTESIAN_POINT('',(-30.27076053,7.519176413,43.993912127));
#5513=CARTESIAN_POINT('',(-30.172747415,7.462486621,44.06206042));
#5514=CARTESIAN_POINT('',(-30.074734301,7.405796829,44.130208713));
#5515=CARTESIAN_POINT('',(-29.962745119,7.36076828,44.193885578));
#5516=CARTESIAN_POINT('',(-29.843171903,7.334422405,44.245801477));
#5517=CARTESIAN_POINT('',(-29.723598687,7.30807653,44.297717377));
#5518=CARTESIAN_POINT('',(-29.593228169,7.300091099,44.338966091));
#5519=CARTESIAN_POINT('',(-29.464105377,7.314801639,44.365285981));
#5520=CARTESIAN_POINT('',(-29.334982586,7.329512179,44.391605872));
#5521=CARTESIAN_POINT('',(-29.203742692,7.36726995,44.403757728));
#5522=CARTESIAN_POINT('',(-29.082747289,7.427149276,44.403757728));
#5523=B_SPLINE_CURVE_WITH_KNOTS('',3,(#5510,#5511,#5512,#5513,#5514,#5515,#5516,#5517,#5518,#5519,#5520,#5521,#5522),.UNSPECIFIED.,.F.,.F.,(4,3,3,3,4),(0.,0.000395658,0.000791315,0.001186973,0.001582631),.UNSPECIFIED.);
#5524=EDGE_CURVE('',#5509,#5477,#5523,.T.);
#5525=ORIENTED_EDGE('',*,*,#5524,.T.);
#5526=ORIENTED_EDGE('',*,*,#5482,.T.);
#5527=CARTESIAN_POINT('',(-29.59477769,6.165755163,44.333822292));
#5528=VERTEX_POINT('',#5527);
#5529=CARTESIAN_POINT('',(-29.082747289,6.223576353,44.403757728));
#5530=CARTESIAN_POINT('',(-29.254351447,6.184318832,44.403757728));
#5531=CARTESIAN_POINT('',(-29.42518815,6.165755163,44.381029578));
#5532=CARTESIAN_POINT('',(-29.59477769,6.165755163,44.333822292));
#5533=B_SPLINE_CURVE_WITH_KNOTS('',3,(#5529,#5530,#5531,#5532),.UNSPECIFIED.,.F.,.F.,(4,4),(0.,0.000520009),.UNSPECIFIED.);
#5534=EDGE_CURVE('',#5468,#5528,#5533,.T.);
#5535=ORIENTED_EDGE('',*,*,#5534,.T.);
#5536=CARTESIAN_POINT('',(-30.432880054,6.165755163,43.844514426));
#5537=VERTEX_POINT('',#5536);
#5538=CARTESIAN_POINT('',(-29.082747289,6.165755163,42.494381661));
#5539=DIRECTION('',(0.,-1.,0.));
#5540=DIRECTION('',(1.,0.,0.));
#5541=AXIS2_PLACEMENT_3D('',#5538,#5539,#5540);
#5542=CIRCLE('',#5541,1.909376067);
#5543=EDGE_CURVE('',#5528,#5537,#5542,.T.);
#5544=ORIENTED_EDGE('',*,*,#5543,.T.);
#5545=CARTESIAN_POINT('',(-30.432880054,6.165755163,43.844514426));
#5546=DIRECTION('',(-0.,1.,-0.));
#5547=VECTOR('',#5546,1.502158993);
#5548=LINE('',#5545,#5547);
#5549=EDGE_CURVE('',#5537,#5509,#5548,.T.);
#5550=ORIENTED_EDGE('',*,*,#5549,.T.);
#5551=EDGE_LOOP('',(#5525,#5526,#5535,#5544,#5550));
#5552=FACE_BOUND('',#5551,.T.);
#5553=ADVANCED_FACE('',(#5552),#5507,.F.);
#5554=CARTESIAN_POINT('',(-29.59477769,8.461785575,28.186641482));
#5555=DIRECTION('',(0.,0.,1.));
#5556=DIRECTION('',(1.,0.,-0.));
#5557=AXIS2_PLACEMENT_3D('',#5554,#5555,#5556);
#5558=CYLINDRICAL_SURFACE('',#5557,1.154403484);
#5559=CARTESIAN_POINT('',(-28.440374206,8.461785575,46.570015182));
#5560=DIRECTION('',(-0.,-0.,-1.));
#5561=VECTOR('',#5560,2.166257453);
#5562=LINE('',#5559,#5561);
#5563=EDGE_CURVE('',#5390,#5485,#5562,.T.);
#5564=ORIENTED_EDGE('',*,*,#5563,.F.);
#5565=ORIENTED_EDGE('',*,*,#5396,.F.);
#5566=ORIENTED_EDGE('',*,*,#5403,.F.);
#5567=ORIENTED_EDGE('',*,*,#5563,.T.);
#5568=ORIENTED_EDGE('',*,*,#5491,.T.);
#5569=ORIENTED_EDGE('',*,*,#5524,.F.);
#5570=CARTESIAN_POINT('',(-30.432880054,9.255656995,43.844514426));
#5571=VERTEX_POINT('',#5570);
#5572=CARTESIAN_POINT('',(-29.59477769,8.461785575,44.682616791));
#5573=DIRECTION('',(-0.707106781,-0.,0.707106781));
#5574=DIRECTION('',(0.707106781,0.,0.707106781));
#5575=AXIS2_PLACEMENT_3D('',#5572,#5573,#5574);
#5576=ELLIPSE('',#5575,1.632573063,1.154403484);
#5577=EDGE_CURVE('',#5571,#5509,#5576,.T.);
#5578=ORIENTED_EDGE('',*,*,#5577,.F.);
#5579=CARTESIAN_POINT('',(-29.082747289,9.496421875,44.403757728));
#5580=CARTESIAN_POINT('',(-29.143081281,9.52628052,44.403757728));
#5581=CARTESIAN_POINT('',(-29.205014322,9.550408747,44.400903463));
#5582=CARTESIAN_POINT('',(-29.268412198,9.569094462,44.394709398));
#5583=CARTESIAN_POINT('',(-29.331810075,9.587780177,44.388515333));
#5584=CARTESIAN_POINT('',(-29.397409576,9.601076064,44.378821144));
#5585=CARTESIAN_POINT('',(-29.462472864,9.608582348,44.365618005));
#5586=CARTESIAN_POINT('',(-29.527536153,9.616088632,44.352414866));
#5587=CARTESIAN_POINT('',(-29.591811386,9.617933693,44.335847791));
#5588=CARTESIAN_POINT('',(-29.655283992,9.614602296,44.315897154));
#5589=CARTESIAN_POINT('',(-29.718756598,9.611270899,44.295946516));
#5590=CARTESIAN_POINT('',(-29.78168774,9.60260801,44.272432479));
#5591=CARTESIAN_POINT('',(-29.841618039,9.58948999,44.246475309));
#5592=CARTESIAN_POINT('',(-29.961478637,9.56325395,44.194560969));
#5593=CARTESIAN_POINT('',(-30.073085185,9.518566199,44.131240991));
#5594=CARTESIAN_POINT('',(-30.171527556,9.461789074,44.06290788));
#5595=CARTESIAN_POINT('',(-30.269969926,9.405011949,43.994574768));
#5596=CARTESIAN_POINT('',(-30.356899647,9.335870689,43.920494833));
#5597=CARTESIAN_POINT('',(-30.432880054,9.255656995,43.844514426));
#5598=B_SPLINE_CURVE_WITH_KNOTS('',3,(#5579,#5580,#5581,#5582,#5583,#5584,#5585,#5586,#5587,#5588,#5589,#5590,#5591,#5592,#5593,#5594,#5595,#5596,#5597),.UNSPECIFIED.,.F.,.F.,(4,3,3,3,3,3,4),(0.,0.000199077,0.000398154,0.000597231,0.000796308,0.001194462,0.001592616),.UNSPECIFIED.);
#5599=EDGE_CURVE('',#5451,#5571,#5598,.T.);
#5600=ORIENTED_EDGE('',*,*,#5599,.F.);
#5601=ORIENTED_EDGE('',*,*,#5498,.T.);
#5602=EDGE_LOOP('',(#5564,#5565,#5566,#5567,#5568,#5569,#5578,#5600,#5601));
#5603=FACE_BOUND('',#5602,.T.);
#5604=ADVANCED_FACE('',(#5603),#5558,.F.);
#5605=CARTESIAN_POINT('',(-30.068808638,6.330306997,44.208585843));
#5606=DIRECTION('',(-0.707106781,-0.,0.707106781));
#5607=DIRECTION('',(0.,-1.,0.));
#5608=AXIS2_PLACEMENT_3D('',#5605,#5606,#5607);
#5609=PLANE('',#5608);
#5610=CARTESIAN_POINT('',(-33.551172786,10.757815988,40.726221694));
#5611=VERTEX_POINT('',#5610);
#5612=CARTESIAN_POINT('',(-30.432880054,10.757815988,43.844514426));
#5613=VERTEX_POINT('',#5612);
#5614=CARTESIAN_POINT('',(-33.551172786,10.757815988,40.726221694));
#5615=DIRECTION('',(0.707106781,0.,0.707106781));
#5616=VECTOR('',#5615,4.409931872);
#5617=LINE('',#5614,#5616);
#5618=EDGE_CURVE('',#5611,#5613,#5617,.T.);
#5619=ORIENTED_EDGE('',*,*,#5618,.T.);
#5620=CARTESIAN_POINT('',(-30.432880054,9.255656995,43.844514426));
#5621=DIRECTION('',(-0.,1.,-0.));
#5622=VECTOR('',#5621,1.502158993);
#5623=LINE('',#5620,#5622);
#5624=EDGE_CURVE('',#5571,#5613,#5623,.T.);
#5625=ORIENTED_EDGE('',*,*,#5624,.F.);
#5626=ORIENTED_EDGE('',*,*,#5577,.T.);
#5627=ORIENTED_EDGE('',*,*,#5549,.F.);
#5628=CARTESIAN_POINT('',(-33.551172786,6.165755163,40.726221694));
#5629=VERTEX_POINT('',#5628);
#5630=CARTESIAN_POINT('',(-30.432880054,6.165755163,43.844514426));
#5631=DIRECTION('',(-0.707106781,-0.,-0.707106781));
#5632=VECTOR('',#5631,4.409931872);
#5633=LINE('',#5630,#5632);
#5634=EDGE_CURVE('',#5537,#5629,#5633,.T.);
#5635=ORIENTED_EDGE('',*,*,#5634,.T.);
#5636=CARTESIAN_POINT('',(-33.551172786,10.757815988,40.726221694));
#5637=DIRECTION('',(0.,-1.,0.));
#5638=VECTOR('',#5637,4.592060826);
#5639=LINE('',#5636,#5638);
#5640=EDGE_CURVE('',#5611,#5629,#5639,.T.);
#5641=ORIENTED_EDGE('',*,*,#5640,.F.);
#5642=EDGE_LOOP('',(#5619,#5625,#5626,#5627,#5635,#5641));
#5643=FACE_BOUND('',#5642,.T.);
#5644=ADVANCED_FACE('',(#5643),#5609,.F.);
#5645=CARTESIAN_POINT('',(-29.082747289,6.330306997,42.494381661));
#5646=DIRECTION('',(-0.,1.,-0.));
#5647=DIRECTION('',(0.,-0.,-1.));
#5648=AXIS2_PLACEMENT_3D('',#5645,#5646,#5647);
#5649=CYLINDRICAL_SURFACE('',#5648,1.909376067);
#5650=CARTESIAN_POINT('',(-29.59477769,10.757815988,44.333822292));
#5651=VERTEX_POINT('',#5650);
#5652=CARTESIAN_POINT('',(-29.082747289,10.757815988,42.494381661));
#5653=DIRECTION('',(-0.,1.,-0.));
#5654=DIRECTION('',(-1.,-0.,-0.));
#5655=AXIS2_PLACEMENT_3D('',#5652,#5653,#5654);
#5656=CIRCLE('',#5655,1.909376067);
#5657=EDGE_CURVE('',#5613,#5651,#5656,.T.);
#5658=ORIENTED_EDGE('',*,*,#5657,.T.);
#5659=CARTESIAN_POINT('',(-29.59477769,10.757815988,44.333822292));
#5660=CARTESIAN_POINT('',(-29.42518815,10.757815988,44.381029578));
#5661=CARTESIAN_POINT('',(-29.254351447,10.739252319,44.403757728));
#5662=CARTESIAN_POINT('',(-29.082747289,10.699994798,44.403757728));
#5663=B_SPLINE_CURVE_WITH_KNOTS('',3,(#5659,#5660,#5661,#5662),.UNSPECIFIED.,.F.,.F.,(4,4),(0.,0.000520009),.UNSPECIFIED.);
#5664=EDGE_CURVE('',#5651,#5449,#5663,.T.);
#5665=ORIENTED_EDGE('',*,*,#5664,.T.);
#5666=ORIENTED_EDGE('',*,*,#5456,.T.);
#5667=ORIENTED_EDGE('',*,*,#5599,.T.);
#5668=ORIENTED_EDGE('',*,*,#5624,.T.);
#5669=EDGE_LOOP('',(#5658,#5665,#5666,#5667,#5668));
#5670=FACE_BOUND('',#5669,.T.);
#5671=ADVANCED_FACE('',(#5670),#5649,.F.);
#5672=CARTESIAN_POINT('',(-29.59477769,8.461785575,43.732023525));
#5673=DIRECTION('',(0.,0.,1.));
#5674=DIRECTION('',(1.,0.,-0.));
#5675=AXIS2_PLACEMENT_3D('',#5672,#5673,#5674);
#5676=CYLINDRICAL_SURFACE('',#5675,2.296030413);
#5677=CARTESIAN_POINT('',(-27.298747277,8.461785575,46.570015182));
#5678=DIRECTION('',(-0.,-0.,-1.));
#5679=VECTOR('',#5678,2.166257453);
#5680=LINE('',#5677,#5679);
#5681=EDGE_CURVE('',#5417,#5459,#5680,.T.);
#5682=ORIENTED_EDGE('',*,*,#5681,.T.);
#5683=ORIENTED_EDGE('',*,*,#5465,.T.);
#5684=ORIENTED_EDGE('',*,*,#5664,.F.);
#5685=CARTESIAN_POINT('',(-29.59477769,10.757815988,44.333822292));
#5686=DIRECTION('',(0.,0.,1.));
#5687=VECTOR('',#5686,2.236192889);
#5688=LINE('',#5685,#5687);
#5689=EDGE_CURVE('',#5651,#5426,#5688,.T.);
#5690=ORIENTED_EDGE('',*,*,#5689,.T.);
#5691=ORIENTED_EDGE('',*,*,#5432,.T.);
#5692=EDGE_LOOP('',(#5682,#5683,#5684,#5690,#5691));
#5693=FACE_BOUND('',#5692,.T.);
#5694=ADVANCED_FACE('',(#5693),#5676,.T.);
#5695=CARTESIAN_POINT('',(-44.087153083,10.757815988,34.426743284));
#5696=DIRECTION('',(0.,-1.,0.));
#5697=DIRECTION('',(1.,0.,0.));
#5698=AXIS2_PLACEMENT_3D('',#5695,#5696,#5697);
#5699=PLANE('',#5698);
#5700=ORIENTED_EDGE('',*,*,#216,.F.);
#5701=ORIENTED_EDGE('',*,*,#312,.F.);
#5702=ORIENTED_EDGE('',*,*,#508,.T.);
#5703=ORIENTED_EDGE('',*,*,#5438,.T.);
#5704=ORIENTED_EDGE('',*,*,#5689,.F.);
#5705=ORIENTED_EDGE('',*,*,#5657,.F.);
#5706=ORIENTED_EDGE('',*,*,#5618,.F.);
#5707=CARTESIAN_POINT('',(-35.51454083,10.757815988,39.912968023));
#5708=VERTEX_POINT('',#5707);
#5709=CARTESIAN_POINT('',(-35.51454083,10.757815988,42.689589739));
#5710=DIRECTION('',(0.,-1.,0.));
#5711=DIRECTION('',(-1.,-0.,-0.));
#5712=AXIS2_PLACEMENT_3D('',#5709,#5710,#5711);
#5713=CIRCLE('',#5712,2.776621716);
#5714=EDGE_CURVE('',#5708,#5611,#5713,.T.);
#5715=ORIENTED_EDGE('',*,*,#5714,.F.);
#5716=CARTESIAN_POINT('',(-44.291178492,10.757815988,39.912968023));
#5717=DIRECTION('',(1.,0.,0.));
#5718=VECTOR('',#5717,8.776637661);
#5719=LINE('',#5716,#5718);
#5720=EDGE_CURVE('',#211,#5708,#5719,.T.);
#5721=ORIENTED_EDGE('',*,*,#5720,.F.);
#5722=EDGE_LOOP('',(#5700,#5701,#5702,#5703,#5704,#5705,#5706,#5715,#5721));
#5723=FACE_BOUND('',#5722,.T.);
#5724=ADVANCED_FACE('',(#5723),#5699,.F.);
#5725=CARTESIAN_POINT('',(-44.087178496,6.165755163,34.426743284));
#5726=DIRECTION('',(-0.,1.,-0.));
#5727=DIRECTION('',(-1.,-0.,-0.));
#5728=AXIS2_PLACEMENT_3D('',#5725,#5726,#5727);
#5729=PLANE('',#5728);
#5730=ORIENTED_EDGE('',*,*,#232,.F.);
#5731=CARTESIAN_POINT('',(-35.51454083,6.165755163,39.912968023));
#5732=VERTEX_POINT('',#5731);
#5733=CARTESIAN_POINT('',(-44.291178492,6.165755163,39.912968023));
#5734=DIRECTION('',(1.,0.,0.));
#5735=VECTOR('',#5734,8.776637661);
#5736=LINE('',#5733,#5735);
#5737=EDGE_CURVE('',#219,#5732,#5736,.T.);
#5738=ORIENTED_EDGE('',*,*,#5737,.T.);
#5739=CARTESIAN_POINT('',(-35.51454083,6.165755163,42.689589739));
#5740=DIRECTION('',(-0.,1.,-0.));
#5741=DIRECTION('',(1.,0.,0.));
#5742=AXIS2_PLACEMENT_3D('',#5739,#5740,#5741);
#5743=CIRCLE('',#5742,2.776621716);
#5744=EDGE_CURVE('',#5629,#5732,#5743,.T.);
#5745=ORIENTED_EDGE('',*,*,#5744,.F.);
#5746=ORIENTED_EDGE('',*,*,#5634,.F.);
#5747=ORIENTED_EDGE('',*,*,#5543,.F.);
#5748=CARTESIAN_POINT('',(-29.59477769,6.165755163,46.570015182));
#5749=DIRECTION('',(0.,-0.,-1.));
#5750=VECTOR('',#5749,2.236192889);
#5751=LINE('',#5748,#5750);
#5752=EDGE_CURVE('',#5409,#5528,#5751,.T.);
#5753=ORIENTED_EDGE('',*,*,#5752,.F.);
#5754=ORIENTED_EDGE('',*,*,#5414,.T.);
#5755=ORIENTED_EDGE('',*,*,#402,.T.);
#5756=ORIENTED_EDGE('',*,*,#338,.F.);
#5757=EDGE_LOOP('',(#5730,#5738,#5745,#5746,#5747,#5753,#5754,#5755,#5756));
#5758=FACE_BOUND('',#5757,.T.);
#5759=ADVANCED_FACE('',(#5758),#5729,.F.);
#5760=CARTESIAN_POINT('',(-32.907178496,8.461785575,39.912968023));
#5761=DIRECTION('',(0.,-0.,-1.));
#5762=DIRECTION('',(-0.,1.,-0.));
#5763=AXIS2_PLACEMENT_3D('',#5760,#5761,#5762);
#5764=PLANE('',#5763);
#5765=ORIENTED_EDGE('',*,*,#5737,.F.);
#5766=ORIENTED_EDGE('',*,*,#224,.T.);
#5767=ORIENTED_EDGE('',*,*,#5720,.T.);
#5768=CARTESIAN_POINT('',(-35.51454083,6.165755163,39.912968023));
#5769=DIRECTION('',(-0.,1.,-0.));
#5770=VECTOR('',#5769,4.592060826);
#5771=LINE('',#5768,#5770);
#5772=EDGE_CURVE('',#5732,#5708,#5771,.T.);
#5773=ORIENTED_EDGE('',*,*,#5772,.F.);
#5774=EDGE_LOOP('',(#5765,#5766,#5767,#5773));
#5775=FACE_BOUND('',#5774,.T.);
#5776=ADVANCED_FACE('',(#5775),#5764,.T.);
#5777=CARTESIAN_POINT('',(-35.51454083,6.330306997,42.689589739));
#5778=DIRECTION('',(-0.,1.,-0.));
#5779=DIRECTION('',(1.,0.,0.));
#5780=AXIS2_PLACEMENT_3D('',#5777,#5778,#5779);
#5781=CYLINDRICAL_SURFACE('',#5780,2.776621716);
#5782=ORIENTED_EDGE('',*,*,#5714,.T.);
#5783=ORIENTED_EDGE('',*,*,#5640,.T.);
#5784=ORIENTED_EDGE('',*,*,#5744,.T.);
#5785=ORIENTED_EDGE('',*,*,#5772,.T.);
#5786=EDGE_LOOP('',(#5782,#5783,#5784,#5785));
#5787=FACE_BOUND('',#5786,.T.);
#5788=ADVANCED_FACE('',(#5787),#5781,.T.);
#5789=CARTESIAN_POINT('',(-45.551618545,39.907663433,26.393723456));
#5790=DIRECTION('',(0.,-1.,0.));
#5791=DIRECTION('',(1.,0.,0.));
#5792=AXIS2_PLACEMENT_3D('',#5789,#5790,#5791);
#5793=PLANE('',#5792);
#5794=ORIENTED_EDGE('',*,*,#184,.F.);
#5795=ORIENTED_EDGE('',*,*,#287,.F.);
#5796=CARTESIAN_POINT('',(-42.436213747,39.907663433,41.224980132));
#5797=VERTEX_POINT('',#5796);
#5798=CARTESIAN_POINT('',(-42.436213747,39.907663433,44.699364505));
#5799=DIRECTION('',(0.,-0.,-1.));
#5800=VECTOR('',#5799,3.474384374);
#5801=LINE('',#5798,#5800);
#5802=EDGE_CURVE('',#275,#5797,#5801,.T.);
#5803=ORIENTED_EDGE('',*,*,#5802,.T.);
#5804=CARTESIAN_POINT('',(-39.748228968,39.907663433,38.536995353));
#5805=VERTEX_POINT('',#5804);
#5806=CARTESIAN_POINT('',(-42.436213747,39.907663433,41.224980132));
#5807=DIRECTION('',(0.707106781,0.,-0.707106781));
#5808=VECTOR('',#5807,3.801384529);
#5809=LINE('',#5806,#5808);
#5810=EDGE_CURVE('',#5797,#5805,#5809,.T.);
#5811=ORIENTED_EDGE('',*,*,#5810,.T.);
#5812=CARTESIAN_POINT('',(-31.059243152,39.907663433,38.536995353));
#5813=VERTEX_POINT('',#5812);
#5814=CARTESIAN_POINT('',(-39.748228968,39.907663433,38.536995353));
#5815=DIRECTION('',(1.,0.,0.));
#5816=VECTOR('',#5815,8.688985817);
#5817=LINE('',#5814,#5816);
#5818=EDGE_CURVE('',#5805,#5813,#5817,.T.);
#5819=ORIENTED_EDGE('',*,*,#5818,.T.);
#5820=CARTESIAN_POINT('',(-31.059243152,39.907663433,36.3707379));
#5821=VERTEX_POINT('',#5820);
#5822=CARTESIAN_POINT('',(-31.059243152,39.907663433,36.3707379));
#5823=DIRECTION('',(0.,0.,1.));
#5824=VECTOR('',#5823,2.166257453);
#5825=LINE('',#5822,#5824);
#5826=EDGE_CURVE('',#5821,#5813,#5825,.T.);
#5827=ORIENTED_EDGE('',*,*,#5826,.F.);
#5828=CARTESIAN_POINT('',(-44.291178492,39.907663433,36.3707379));
#5829=DIRECTION('',(1.,0.,0.));
#5830=VECTOR('',#5829,13.23193534);
#5831=LINE('',#5828,#5830);
#5832=EDGE_CURVE('',#179,#5821,#5831,.T.);
#5833=ORIENTED_EDGE('',*,*,#5832,.F.);
#5834=EDGE_LOOP('',(#5794,#5795,#5803,#5811,#5819,#5827,#5833));
#5835=FACE_BOUND('',#5834,.T.);
#5836=ADVANCED_FACE('',(#5835),#5793,.F.);
#5837=CARTESIAN_POINT('',(-45.551643958,33.715602607,26.393723456));
#5838=DIRECTION('',(-0.,1.,-0.));
#5839=DIRECTION('',(-1.,-0.,-0.));
#5840=AXIS2_PLACEMENT_3D('',#5837,#5838,#5839);
#5841=PLANE('',#5840);
#5842=ORIENTED_EDGE('',*,*,#200,.F.);
#5843=CARTESIAN_POINT('',(-31.059243152,33.715602607,36.3707379));
#5844=VERTEX_POINT('',#5843);
#5845=CARTESIAN_POINT('',(-44.291178492,33.715602607,36.3707379));
#5846=DIRECTION('',(1.,0.,0.));
#5847=VECTOR('',#5846,13.23193534);
#5848=LINE('',#5845,#5847);
#5849=EDGE_CURVE('',#187,#5844,#5848,.T.);
#5850=ORIENTED_EDGE('',*,*,#5849,.T.);
#5851=CARTESIAN_POINT('',(-31.059243152,33.715602607,38.536995353));
#5852=VERTEX_POINT('',#5851);
#5853=CARTESIAN_POINT('',(-31.059243152,33.715602607,38.536995353));
#5854=DIRECTION('',(-0.,-0.,-1.));
#5855=VECTOR('',#5854,2.166257453);
#5856=LINE('',#5853,#5855);
#5857=EDGE_CURVE('',#5852,#5844,#5856,.T.);
#5858=ORIENTED_EDGE('',*,*,#5857,.F.);
#5859=CARTESIAN_POINT('',(-39.748228968,33.715602607,38.536995353));
#5860=VERTEX_POINT('',#5859);
#5861=CARTESIAN_POINT('',(-31.059243152,33.715602607,38.536995353));
#5862=DIRECTION('',(-1.,-0.,-0.));
#5863=VECTOR('',#5862,8.688985817);
#5864=LINE('',#5861,#5863);
#5865=EDGE_CURVE('',#5852,#5860,#5864,.T.);
#5866=ORIENTED_EDGE('',*,*,#5865,.T.);
#5867=CARTESIAN_POINT('',(-42.436213747,33.715602607,41.224980132));
#5868=VERTEX_POINT('',#5867);
#5869=CARTESIAN_POINT('',(-39.748228968,33.715602607,38.536995353));
#5870=DIRECTION('',(-0.707106781,-0.,0.707106781));
#5871=VECTOR('',#5870,3.801384529);
#5872=LINE('',#5869,#5871);
#5873=EDGE_CURVE('',#5860,#5868,#5872,.T.);
#5874=ORIENTED_EDGE('',*,*,#5873,.T.);
#5875=CARTESIAN_POINT('',(-42.436213747,33.715602607,44.699364505));
#5876=DIRECTION('',(0.,-0.,-1.));
#5877=VECTOR('',#5876,3.474384374);
#5878=LINE('',#5875,#5877);
#5879=EDGE_CURVE('',#273,#5868,#5878,.T.);
#5880=ORIENTED_EDGE('',*,*,#5879,.F.);
#5881=ORIENTED_EDGE('',*,*,#320,.F.);
#5882=EDGE_LOOP('',(#5842,#5850,#5858,#5866,#5874,#5880,#5881));
#5883=FACE_BOUND('',#5882,.T.);
#5884=ADVANCED_FACE('',(#5883),#5841,.F.);
#5885=CARTESIAN_POINT('',(-42.436213747,39.107663433,38.536995353));
#5886=DIRECTION('',(-1.,-0.,-0.));
#5887=DIRECTION('',(0.,-1.,0.));
#5888=AXIS2_PLACEMENT_3D('',#5885,#5886,#5887);
#5889=PLANE('',#5888);
#5890=ORIENTED_EDGE('',*,*,#280,.F.);
#5891=ORIENTED_EDGE('',*,*,#5879,.T.);
#5892=CARTESIAN_POINT('',(-42.436213747,33.715602607,41.224980132));
#5893=DIRECTION('',(-0.,1.,-0.));
#5894=VECTOR('',#5893,6.192060826);
#5895=LINE('',#5892,#5894);
#5896=EDGE_CURVE('',#5868,#5797,#5895,.T.);
#5897=ORIENTED_EDGE('',*,*,#5896,.T.);
#5898=ORIENTED_EDGE('',*,*,#5802,.F.);
#5899=EDGE_LOOP('',(#5890,#5891,#5897,#5898));
#5900=FACE_BOUND('',#5899,.T.);
#5901=ADVANCED_FACE('',(#5900),#5889,.F.);
#5902=CARTESIAN_POINT('',(-54.731593132,34.680154441,36.3707379));
#5903=DIRECTION('',(-0.,0.,1.));
#5904=DIRECTION('',(-0.,1.,-0.));
#5905=AXIS2_PLACEMENT_3D('',#5902,#5903,#5904);
#5906=PLANE('',#5905);
#5907=ORIENTED_EDGE('',*,*,#192,.F.);
#5908=ORIENTED_EDGE('',*,*,#5832,.T.);
#5909=CARTESIAN_POINT('',(-27.963212739,36.81163302,36.3707379));
#5910=VERTEX_POINT('',#5909);
#5911=CARTESIAN_POINT('',(-31.059243152,36.81163302,36.3707379));
#5912=DIRECTION('',(-0.,0.,1.));
#5913=DIRECTION('',(0.,-1.,0.));
#5914=AXIS2_PLACEMENT_3D('',#5911,#5912,#5913);
#5915=CIRCLE('',#5914,3.096030413);
#5916=EDGE_CURVE('',#5910,#5821,#5915,.T.);
#5917=ORIENTED_EDGE('',*,*,#5916,.F.);
#5918=CARTESIAN_POINT('',(-31.059243152,36.81163302,36.3707379));
#5919=DIRECTION('',(-0.,0.,1.));
#5920=DIRECTION('',(0.,-1.,0.));
#5921=AXIS2_PLACEMENT_3D('',#5918,#5919,#5920);
#5922=CIRCLE('',#5921,3.096030413);
#5923=EDGE_CURVE('',#5844,#5910,#5922,.T.);
#5924=ORIENTED_EDGE('',*,*,#5923,.F.);
#5925=ORIENTED_EDGE('',*,*,#5849,.F.);
#5926=EDGE_LOOP('',(#5907,#5908,#5917,#5924,#5925));
#5927=FACE_BOUND('',#5926,.T.);
#5928=CARTESIAN_POINT('',(-29.904839668,36.81163302,36.3707379));
#5929=VERTEX_POINT('',#5928);
#5930=CARTESIAN_POINT('',(-31.059243152,35.657229536,36.3707379));
#5931=VERTEX_POINT('',#5930);
#5932=CARTESIAN_POINT('',(-31.059243152,36.81163302,36.3707379));
#5933=DIRECTION('',(0.,-0.,-1.));
#5934=DIRECTION('',(0.,-1.,0.));
#5935=AXIS2_PLACEMENT_3D('',#5932,#5933,#5934);
#5936=CIRCLE('',#5935,1.154403484);
#5937=EDGE_CURVE('',#5929,#5931,#5936,.T.);
#5938=ORIENTED_EDGE('',*,*,#5937,.F.);
#5939=CARTESIAN_POINT('',(-31.059243152,36.81163302,36.3707379));
#5940=DIRECTION('',(0.,-0.,-1.));
#5941=DIRECTION('',(0.,-1.,0.));
#5942=AXIS2_PLACEMENT_3D('',#5939,#5940,#5941);
#5943=CIRCLE('',#5942,1.154403484);
#5944=EDGE_CURVE('',#5931,#5929,#5943,.T.);
#5945=ORIENTED_EDGE('',*,*,#5944,.F.);
#5946=EDGE_LOOP('',(#5938,#5945));
#5947=FACE_BOUND('',#5946,.T.);
#5948=ADVANCED_FACE('',(#5927,#5947),#5906,.F.);
#5949=CARTESIAN_POINT('',(-31.059243152,36.81163302,20.153621654));
#5950=DIRECTION('',(0.,0.,1.));
#5951=DIRECTION('',(1.,0.,-0.));
#5952=AXIS2_PLACEMENT_3D('',#5949,#5950,#5951);
#5953=CYLINDRICAL_SURFACE('',#5952,1.154403484);
#5954=CARTESIAN_POINT('',(-29.904839668,36.81163302,38.536995353));
#5955=VERTEX_POINT('',#5954);
#5956=CARTESIAN_POINT('',(-29.904839668,36.81163302,38.536995353));
#5957=DIRECTION('',(-0.,-0.,-1.));
#5958=VECTOR('',#5957,2.166257453);
#5959=LINE('',#5956,#5958);
#5960=EDGE_CURVE('',#5955,#5929,#5959,.T.);
#5961=ORIENTED_EDGE('',*,*,#5960,.F.);
#5962=CARTESIAN_POINT('',(-31.059243152,37.966036504,38.536995353));
#5963=VERTEX_POINT('',#5962);
#5964=CARTESIAN_POINT('',(-31.059243152,36.81163302,38.536995353));
#5965=DIRECTION('',(0.,-0.,-1.));
#5966=DIRECTION('',(-0.,1.,-0.));
#5967=AXIS2_PLACEMENT_3D('',#5964,#5965,#5966);
#5968=CIRCLE('',#5967,1.154403484);
#5969=EDGE_CURVE('',#5963,#5955,#5968,.T.);
#5970=ORIENTED_EDGE('',*,*,#5969,.F.);
#5971=CARTESIAN_POINT('',(-31.059243152,36.81163302,38.536995353));
#5972=DIRECTION('',(0.,-0.,-1.));
#5973=DIRECTION('',(-0.,1.,-0.));
#5974=AXIS2_PLACEMENT_3D('',#5971,#5972,#5973);
#5975=CIRCLE('',#5974,1.154403484);
#5976=EDGE_CURVE('',#5955,#5963,#5975,.T.);
#5977=ORIENTED_EDGE('',*,*,#5976,.F.);
#5978=ORIENTED_EDGE('',*,*,#5960,.T.);
#5979=ORIENTED_EDGE('',*,*,#5937,.T.);
#5980=ORIENTED_EDGE('',*,*,#5944,.T.);
#5981=EDGE_LOOP('',(#5961,#5970,#5977,#5978,#5979,#5980));
#5982=FACE_BOUND('',#5981,.T.);
#5983=ADVANCED_FACE('',(#5982),#5953,.F.);
#5984=CARTESIAN_POINT('',(-31.059243152,36.81163302,35.699003697));
#5985=DIRECTION('',(0.,0.,1.));
#5986=DIRECTION('',(1.,0.,-0.));
#5987=AXIS2_PLACEMENT_3D('',#5984,#5985,#5986);
#5988=CYLINDRICAL_SURFACE('',#5987,3.096030413);
#5989=CARTESIAN_POINT('',(-27.963212739,36.81163302,38.536995353));
#5990=VERTEX_POINT('',#5989);
#5991=CARTESIAN_POINT('',(-27.963212739,36.81163302,38.536995353));
#5992=DIRECTION('',(-0.,-0.,-1.));
#5993=VECTOR('',#5992,2.166257453);
#5994=LINE('',#5991,#5993);
#5995=EDGE_CURVE('',#5990,#5910,#5994,.T.);
#5996=ORIENTED_EDGE('',*,*,#5995,.T.);
#5997=ORIENTED_EDGE('',*,*,#5916,.T.);
#5998=ORIENTED_EDGE('',*,*,#5826,.T.);
#5999=CARTESIAN_POINT('',(-31.059243152,36.81163302,38.536995353));
#6000=DIRECTION('',(0.,-0.,-1.));
#6001=DIRECTION('',(0.,-1.,0.));
#6002=AXIS2_PLACEMENT_3D('',#5999,#6000,#6001);
#6003=CIRCLE('',#6002,3.096030413);
#6004=EDGE_CURVE('',#5813,#5990,#6003,.T.);
#6005=ORIENTED_EDGE('',*,*,#6004,.T.);
#6006=EDGE_LOOP('',(#5996,#5997,#5998,#6005));
#6007=FACE_BOUND('',#6006,.T.);
#6008=ADVANCED_FACE('',(#6007),#5988,.T.);
#6009=CARTESIAN_POINT('',(-58.21992354,104.972189132,38.536995353));
#6010=DIRECTION('',(-0.,0.,1.));
#6011=DIRECTION('',(-0.,1.,-0.));
#6012=AXIS2_PLACEMENT_3D('',#6009,#6010,#6011);
#6013=PLANE('',#6012);
#6014=ORIENTED_EDGE('',*,*,#5818,.F.);
#6015=CARTESIAN_POINT('',(-39.748228968,39.907663433,38.536995353));
#6016=DIRECTION('',(0.,-1.,0.));
#6017=VECTOR('',#6016,6.192060826);
#6018=LINE('',#6015,#6017);
#6019=EDGE_CURVE('',#5805,#5860,#6018,.T.);
#6020=ORIENTED_EDGE('',*,*,#6019,.T.);
#6021=ORIENTED_EDGE('',*,*,#5865,.F.);
#6022=CARTESIAN_POINT('',(-31.059243152,36.81163302,38.536995353));
#6023=DIRECTION('',(0.,-0.,-1.));
#6024=DIRECTION('',(0.,-1.,0.));
#6025=AXIS2_PLACEMENT_3D('',#6022,#6023,#6024);
#6026=CIRCLE('',#6025,3.096030413);
#6027=EDGE_CURVE('',#5990,#5852,#6026,.T.);
#6028=ORIENTED_EDGE('',*,*,#6027,.F.);
#6029=ORIENTED_EDGE('',*,*,#6004,.F.);
#6030=EDGE_LOOP('',(#6014,#6020,#6021,#6028,#6029));
#6031=FACE_BOUND('',#6030,.T.);
#6032=ORIENTED_EDGE('',*,*,#5969,.T.);
#6033=ORIENTED_EDGE('',*,*,#5976,.T.);
#6034=EDGE_LOOP('',(#6032,#6033));
#6035=FACE_BOUND('',#6034,.T.);
#6036=ADVANCED_FACE('',(#6031,#6035),#6013,.T.);
#6037=CARTESIAN_POINT('',(-42.436213747,39.107663433,41.224980132));
#6038=DIRECTION('',(-0.707106781,-0.,-0.707106781));
#6039=DIRECTION('',(-0.,1.,-0.));
#6040=AXIS2_PLACEMENT_3D('',#6037,#6038,#6039);
#6041=PLANE('',#6040);
#6042=ORIENTED_EDGE('',*,*,#5873,.F.);
#6043=ORIENTED_EDGE('',*,*,#6019,.F.);
#6044=ORIENTED_EDGE('',*,*,#5810,.F.);
#6045=ORIENTED_EDGE('',*,*,#5896,.F.);
#6046=EDGE_LOOP('',(#6042,#6043,#6044,#6045));
#6047=FACE_BOUND('',#6046,.T.);
#6048=ADVANCED_FACE('',(#6047),#6041,.F.);
#6049=CARTESIAN_POINT('',(-37.335835397,7.974490022,15.821441755));
#6050=DIRECTION('',(0.,-1.,0.));
#6051=DIRECTION('',(1.,0.,0.));
#6052=AXIS2_PLACEMENT_3D('',#6049,#6050,#6051);
#6053=CYLINDRICAL_SURFACE('',#6052,3.6);
#6054=ORIENTED_EDGE('',*,*,#905,.F.);
#6055=ORIENTED_EDGE('',*,*,#847,.T.);
#6056=ORIENTED_EDGE('',*,*,#2496,.T.);
#6057=ORIENTED_EDGE('',*,*,#1771,.F.);
#6058=ORIENTED_EDGE('',*,*,#948,.T.);
#6059=EDGE_LOOP('',(#6054,#6055,#6056,#6057,#6058));
#6060=FACE_BOUND('',#6059,.T.);
#6061=ADVANCED_FACE('',(#6060),#6053,.T.);
#6062=CARTESIAN_POINT('',(-37.335835397,7.974490022,30.858500248));
#6063=DIRECTION('',(0.,-1.,0.));
#6064=DIRECTION('',(1.,0.,0.));
#6065=AXIS2_PLACEMENT_3D('',#6062,#6063,#6064);
#6066=CYLINDRICAL_SURFACE('',#6065,3.6);
#6067=ORIENTED_EDGE('',*,*,#1057,.F.);
#6068=ORIENTED_EDGE('',*,*,#999,.T.);
#6069=ORIENTED_EDGE('',*,*,#2553,.T.);
#6070=ORIENTED_EDGE('',*,*,#1965,.F.);
#6071=ORIENTED_EDGE('',*,*,#1100,.T.);
#6072=EDGE_LOOP('',(#6067,#6068,#6069,#6070,#6071));
#6073=FACE_BOUND('',#6072,.T.);
#6074=ADVANCED_FACE('',(#6073),#6066,.T.);
#6075=CARTESIAN_POINT('',(-37.335835397,38.421495596,15.821441755));
#6076=DIRECTION('',(0.,1.,0.));
#6077=DIRECTION('',(1.,-0.,0.));
#6078=AXIS2_PLACEMENT_3D('',#6075,#6076,#6077);
#6079=CYLINDRICAL_SURFACE('',#6078,3.6);
#6080=ORIENTED_EDGE('',*,*,#1209,.F.);
#6081=ORIENTED_EDGE('',*,*,#1151,.F.);
#6082=ORIENTED_EDGE('',*,*,#2667,.F.);
#6083=ORIENTED_EDGE('',*,*,#2386,.T.);
#6084=ORIENTED_EDGE('',*,*,#1252,.F.);
#6085=EDGE_LOOP('',(#6080,#6081,#6082,#6083,#6084));
#6086=FACE_BOUND('',#6085,.T.);
#6087=ADVANCED_FACE('',(#6086),#6079,.T.);
#6088=CARTESIAN_POINT('',(-37.335835397,38.421495596,30.858500248));
#6089=DIRECTION('',(0.,1.,0.));
#6090=DIRECTION('',(1.,-0.,0.));
#6091=AXIS2_PLACEMENT_3D('',#6088,#6089,#6090);
#6092=CYLINDRICAL_SURFACE('',#6091,3.6);
#6093=ORIENTED_EDGE('',*,*,#1361,.F.);
#6094=ORIENTED_EDGE('',*,*,#1303,.F.);
#6095=ORIENTED_EDGE('',*,*,#2610,.F.);
#6096=ORIENTED_EDGE('',*,*,#2183,.T.);
#6097=ORIENTED_EDGE('',*,*,#1404,.F.);
#6098=EDGE_LOOP('',(#6093,#6094,#6095,#6096,#6097));
#6099=FACE_BOUND('',#6098,.T.);
#6100=ADVANCED_FACE('',(#6099),#6092,.T.);
#6101=CARTESIAN_POINT('',(37.335835397,7.974490022,15.821441755));
#6102=DIRECTION('',(-0.,-1.,0.));
#6103=DIRECTION('',(-1.,0.,0.));
#6104=AXIS2_PLACEMENT_3D('',#6101,#6102,#6103);
#6105=CYLINDRICAL_SURFACE('',#6104,3.6);
#6106=ORIENTED_EDGE('',*,*,#1454,.F.);
#6107=ORIENTED_EDGE('',*,*,#4148,.F.);
#6108=ORIENTED_EDGE('',*,*,#4126,.F.);
#6109=ORIENTED_EDGE('',*,*,#3311,.T.);
#6110=ORIENTED_EDGE('',*,*,#3072,.F.);
#6111=EDGE_LOOP('',(#6106,#6107,#6108,#6109,#6110));
#6112=FACE_BOUND('',#6111,.T.);
#6113=ADVANCED_FACE('',(#6112),#6105,.T.);
#6114=CARTESIAN_POINT('',(37.335835397,7.974490022,30.858500248));
#6115=DIRECTION('',(-0.,-1.,0.));
#6116=DIRECTION('',(-1.,0.,0.));
#6117=AXIS2_PLACEMENT_3D('',#6114,#6115,#6116);
#6118=CYLINDRICAL_SURFACE('',#6117,3.6);
#6119=ORIENTED_EDGE('',*,*,#1505,.F.);
#6120=ORIENTED_EDGE('',*,*,#4240,.F.);
#6121=ORIENTED_EDGE('',*,*,#4218,.F.);
#6122=ORIENTED_EDGE('',*,*,#3521,.T.);
#6123=ORIENTED_EDGE('',*,*,#3122,.F.);
#6124=EDGE_LOOP('',(#6119,#6120,#6121,#6122,#6123));
#6125=FACE_BOUND('',#6124,.T.);
#6126=ADVANCED_FACE('',(#6125),#6118,.T.);
#6127=CARTESIAN_POINT('',(37.335835397,38.421495596,30.858500248));
#6128=DIRECTION('',(-0.,1.,0.));
#6129=DIRECTION('',(-1.,-0.,0.));
#6130=AXIS2_PLACEMENT_3D('',#6127,#6128,#6129);
#6131=CYLINDRICAL_SURFACE('',#6130,3.6);
#6132=ORIENTED_EDGE('',*,*,#1556,.F.);
#6133=ORIENTED_EDGE('',*,*,#4331,.T.);
#6134=ORIENTED_EDGE('',*,*,#4310,.T.);
#6135=ORIENTED_EDGE('',*,*,#3713,.F.);
#6136=ORIENTED_EDGE('',*,*,#3180,.T.);
#6137=EDGE_LOOP('',(#6132,#6133,#6134,#6135,#6136));
#6138=FACE_BOUND('',#6137,.T.);
#6139=ADVANCED_FACE('',(#6138),#6131,.T.);
#6140=CARTESIAN_POINT('',(37.335835397,38.421495596,15.821441755));
#6141=DIRECTION('',(-0.,1.,0.));
#6142=DIRECTION('',(-1.,-0.,0.));
#6143=AXIS2_PLACEMENT_3D('',#6140,#6141,#6142);
#6144=CYLINDRICAL_SURFACE('',#6143,3.6);
#6145=ORIENTED_EDGE('',*,*,#1616,.F.);
#6146=ORIENTED_EDGE('',*,*,#4423,.T.);
#6147=ORIENTED_EDGE('',*,*,#4402,.T.);
#6148=ORIENTED_EDGE('',*,*,#3926,.F.);
#6149=ORIENTED_EDGE('',*,*,#3230,.T.);
#6150=EDGE_LOOP('',(#6145,#6146,#6147,#6148,#6149));
#6151=FACE_BOUND('',#6150,.T.);
#6152=ADVANCED_FACE('',(#6151),#6144,.T.);
#6153=CARTESIAN_POINT('',(31.059243152,36.81163302,35.699003697));
#6154=DIRECTION('',(0.,0.,1.));
#6155=DIRECTION('',(-1.,0.,0.));
#6156=AXIS2_PLACEMENT_3D('',#6153,#6154,#6155);
#6157=CYLINDRICAL_SURFACE('',#6156,3.096030413);
#6158=ORIENTED_EDGE('',*,*,#4921,.F.);
#6159=ORIENTED_EDGE('',*,*,#4946,.F.);
#6160=ORIENTED_EDGE('',*,*,#4735,.F.);
#6161=ORIENTED_EDGE('',*,*,#4849,.F.);
#6162=EDGE_LOOP('',(#6158,#6159,#6160,#6161));
#6163=FACE_BOUND('',#6162,.T.);
#6164=ADVANCED_FACE('',(#6163),#6157,.T.);
#6165=CARTESIAN_POINT('',(29.59477769,8.461785575,43.732023525));
#6166=DIRECTION('',(-0.,0.,1.));
#6167=DIRECTION('',(-1.,0.,-0.));
#6168=AXIS2_PLACEMENT_3D('',#6165,#6166,#6167);
#6169=CYLINDRICAL_SURFACE('',#6168,2.296030413);
#6170=ORIENTED_EDGE('',*,*,#5344,.F.);
#6171=ORIENTED_EDGE('',*,*,#5068,.F.);
#6172=ORIENTED_EDGE('',*,*,#5021,.F.);
#6173=ORIENTED_EDGE('',*,*,#5330,.T.);
#6174=ORIENTED_EDGE('',*,*,#5195,.F.);
#6175=EDGE_LOOP('',(#6170,#6171,#6172,#6173,#6174));
#6176=FACE_BOUND('',#6175,.T.);
#6177=ADVANCED_FACE('',(#6176),#6169,.T.);
#6178=CARTESIAN_POINT('',(-29.59477769,8.461785575,43.732023525));
#6179=DIRECTION('',(0.,0.,1.));
#6180=DIRECTION('',(1.,0.,-0.));
#6181=AXIS2_PLACEMENT_3D('',#6178,#6179,#6180);
#6182=CYLINDRICAL_SURFACE('',#6181,2.296030413);
#6183=ORIENTED_EDGE('',*,*,#5681,.F.);
#6184=ORIENTED_EDGE('',*,*,#5423,.T.);
#6185=ORIENTED_EDGE('',*,*,#5752,.T.);
#6186=ORIENTED_EDGE('',*,*,#5534,.F.);
#6187=ORIENTED_EDGE('',*,*,#5474,.T.);
#6188=EDGE_LOOP('',(#6183,#6184,#6185,#6186,#6187));
#6189=FACE_BOUND('',#6188,.T.);
#6190=ADVANCED_FACE('',(#6189),#6182,.T.);
#6191=CARTESIAN_POINT('',(-31.059243152,36.81163302,35.699003697));
#6192=DIRECTION('',(0.,0.,1.));
#6193=DIRECTION('',(1.,0.,-0.));
#6194=AXIS2_PLACEMENT_3D('',#6191,#6192,#6193);
#6195=CYLINDRICAL_SURFACE('',#6194,3.096030413);
#6196=ORIENTED_EDGE('',*,*,#5995,.F.);
#6197=ORIENTED_EDGE('',*,*,#6027,.T.);
#6198=ORIENTED_EDGE('',*,*,#5857,.T.);
#6199=ORIENTED_EDGE('',*,*,#5923,.T.);
#6200=EDGE_LOOP('',(#6196,#6197,#6198,#6199));
#6201=FACE_BOUND('',#6200,.T.);
#6202=ADVANCED_FACE('',(#6201),#6195,.T.);
#6203=CLOSED_SHELL('',(#266,#324,#357,#438,#519,#759,#808,#832,#893,#934,#984,#1045,#1086,#1136,#1197,#1238,#1288,#1349,#1390,#1440,#1491,#1542,#1602,#1662,#1711,#1756,
#1790,#1823,#1856,#1905,#1950,#1984,#2017,#2050,#2093,#2144,#2187,#2220,#2253,#2296,#2347,#2390,#2423,#2456,#2476,#2501,#2513,#2533,#2558,#2570,#2590,
#2615,#2627,#2647,#2672,#2684,#2726,#2757,#2790,#2823,#2897,#2971,#3058,#3108,#3158,#3208,#3258,#3315,#3376,#3402,#3435,#3468,#3525,#3586,#3612,#3645,
#3678,#3732,#3799,#3825,#3858,#3891,#3945,#4012,#4038,#4071,#4104,#4136,#4164,#4184,#4196,#4228,#4256,#4276,#4288,#4320,#4348,#4368,#4380,#4412,#4440,
#4460,#4472,#4489,#4506,#4523,#4540,#4569,#4586,#4603,#4620,#4637,#4661,#4678,#4690,#4702,#4714,#4762,#4810,#4827,#4874,#4909,#4934,#4962,#4974,#5033,
#5087,#5139,#5199,#5240,#5291,#5315,#5334,#5352,#5369,#5381,#5442,#5502,#5553,#5604,#5644,#5671,#5694,#5724,#5759,#5776,#5788,#5836,#5884,#5901,#5948,
#5983,#6008,#6036,#6048,#6061,#6074,#6087,#6100,#6113,#6126,#6139,#6152,#6164,#6177,#6190,#6202));
#6204=MANIFOLD_SOLID_BREP('CASE_BASE',#6203);
#26=STYLED_ITEM('',(),#6204);
#16=SHAPE_REPRESENTATION('root',(#15),#10);
#17=ADVANCED_BREP_SHAPE_REPRESENTATION('root',(#6204),#10);
#6212=SHAPE_REPRESENTATION_RELATIONSHIP('','',#16,#17);
#6213=APPLICATION_CONTEXT('configuration controlled 3D design of mechanical parts and assemblies');
#6214=APPLICATION_PROTOCOL_DEFINITION('international standard','configuration_control_3d_design_ed2_mim',2004,#6213);
#6215=PRODUCT_CONTEXT('',#6213,'mechanical');
#6216=PRODUCT_DEFINITION_CONTEXT('part definition',#6213,'design');
#24=PRODUCT('root','root','',(#6215));
#6217=PRODUCT_RELATED_PRODUCT_CATEGORY('part','',(#24));
#6218=PRODUCT_DEFINITION_FORMATION_WITH_SPECIFIED_SOURCE('','',#24,.NOT_KNOWN.);
#25=PRODUCT_DEFINITION('design','',#6218,#6216);
#23=PRODUCT_DEFINITION_SHAPE('','',#25);
#6219=SHAPE_DEFINITION_REPRESENTATION(#23,#16);
#11=DRAUGHTING_MODEL('',(),#10);
#1=MECHANICAL_DESIGN_GEOMETRIC_PRESENTATION_REPRESENTATION('',(#26),#10);
ENDSEC;
END-ISO-10303-21;
