ISO-10303-21;
HEADER;

/* File generated by HOOPS Exchange Version 24.2.0 */

FILE_DESCRIPTION(('HOOPS Exchange Step'),'2;1');

FILE_NAME('D:\\downloads\\captioncast\\captioncast\\enclosure\\exports\\v1\\KEYCAPS.stp',
'2026-06-22T23:26:46+06:-30',
('sushi'),
('Unknown organisation'),
'HOOPS Exchange 2024.2',
'HOOPS Exchange',
'Unknown authorisation');

FILE_SCHEMA( ('AP203_CONFIGURATION_CONTROLLED_3D_DESIGN_OF_MECHANICAL_PARTS_AND_ASSEMBLIES_MIM_LF') );

ENDSEC;

DATA;
#3=(NAMED_UNIT(*)PLANE_ANGLE_UNIT()SI_UNIT($,.RADIAN.));
#4=PLANE_ANGLE_MEASURE_WITH_UNIT(PLANE_ANGLE_MEASURE(0.0174532925),#3);
#5=(CONVERSION_BASED_UNIT('DEGREE',#4)NAMED_UNIT(#6)PLANE_ANGLE_UNIT());
#6=DIMENSIONAL_EXPONENTS(0.,0.,0.,0.,0.,0.,0.);
#7=(NAMED_UNIT(*)SI_UNIT($,.STERADIAN.)SOLID_ANGLE_UNIT());
#8=(LENGTH_UNIT()NAMED_UNIT(*)SI_UNIT(.MILLI.,.METRE.));
#9=UNCERTAINTY_MEASURE_WITH_UNIT(LENGTH_MEASURE(1.000000E-03),#8,'DISTANCE_ACCURACY_VALUE','Maximum Tolerance applied to model');
#10=(GEOMETRIC_REPRESENTATION_CONTEXT(3)GLOBAL_UNCERTAINTY_ASSIGNED_CONTEXT((#9))GLOBAL_UNIT_ASSIGNED_CONTEXT((#8,#5,#7))REPRESENTATION_CONTEXT('','root'));
#12=CARTESIAN_POINT('',(0.,0.,0.));
#13=DIRECTION('',(0.,0.,1.));
#14=DIRECTION('',(1.,0.,0.));
#15=AXIS2_PLACEMENT_3D('',#12,#13,#14);
#26=(NAMED_UNIT(*)PLANE_ANGLE_UNIT()SI_UNIT($,.RADIAN.));
#27=PLANE_ANGLE_MEASURE_WITH_UNIT(PLANE_ANGLE_MEASURE(0.0174532925),#26);
#28=(CONVERSION_BASED_UNIT('DEGREE',#27)NAMED_UNIT(#29)PLANE_ANGLE_UNIT());
#29=DIMENSIONAL_EXPONENTS(0.,0.,0.,0.,0.,0.,0.);
#30=(NAMED_UNIT(*)SI_UNIT($,.STERADIAN.)SOLID_ANGLE_UNIT());
#31=(LENGTH_UNIT()NAMED_UNIT(*)SI_UNIT(.MILLI.,.METRE.));
#32=UNCERTAINTY_MEASURE_WITH_UNIT(LENGTH_MEASURE(1.000000E-03),#31,'DISTANCE_ACCURACY_VALUE','Maximum Tolerance applied to model');
#33=(GEOMETRIC_REPRESENTATION_CONTEXT(3)GLOBAL_UNCERTAINTY_ASSIGNED_CONTEXT((#32))GLOBAL_UNIT_ASSIGNED_CONTEXT((#31,#28,#30))REPRESENTATION_CONTEXT('','0'));
#35=CARTESIAN_POINT('',(0.,0.,0.));
#36=DIRECTION('',(0.,0.,1.));
#37=DIRECTION('',(1.,0.,0.));
#38=AXIS2_PLACEMENT_3D('',#35,#36,#37);
#49=CARTESIAN_POINT('',(0.,0.,0.));
#50=DIRECTION('',(0.,0.,1.));
#51=DIRECTION('',(1.,0.,-0.));
#52=AXIS2_PLACEMENT_3D('',#49,#50,#51);
#53=ITEM_DEFINED_TRANSFORMATION('','',#52,#38);
#54=(REPRESENTATION_RELATIONSHIP('','',#39,#16)REPRESENTATION_RELATIONSHIP_WITH_TRANSFORMATION(#53)SHAPE_REPRESENTATION_RELATIONSHIP());
#55=NEXT_ASSEMBLY_USAGE_OCCURRENCE('Cherry MX keycaps.step_1','Cherry MX keycaps.step','Cherry MX keycaps.step',#25,#48,$);
#56=PRODUCT_DEFINITION_SHAPE('','',#55);
#57=CONTEXT_DEPENDENT_SHAPE_REPRESENTATION(#54,#56);
#58=(NAMED_UNIT(*)PLANE_ANGLE_UNIT()SI_UNIT($,.RADIAN.));
#59=PLANE_ANGLE_MEASURE_WITH_UNIT(PLANE_ANGLE_MEASURE(0.0174532925),#58);
#60=(CONVERSION_BASED_UNIT('DEGREE',#59)NAMED_UNIT(#61)PLANE_ANGLE_UNIT());
#61=DIMENSIONAL_EXPONENTS(0.,0.,0.,0.,0.,0.,0.);
#62=(NAMED_UNIT(*)SI_UNIT($,.STERADIAN.)SOLID_ANGLE_UNIT());
#63=(LENGTH_UNIT()NAMED_UNIT(*)SI_UNIT(.MILLI.,.METRE.));
#64=UNCERTAINTY_MEASURE_WITH_UNIT(LENGTH_MEASURE(1.000000E-03),#63,'DISTANCE_ACCURACY_VALUE','Maximum Tolerance applied to model');
#65=(GEOMETRIC_REPRESENTATION_CONTEXT(3)GLOBAL_UNCERTAINTY_ASSIGNED_CONTEXT((#64))GLOBAL_UNIT_ASSIGNED_CONTEXT((#63,#60,#62))REPRESENTATION_CONTEXT('','0'));
#67=CARTESIAN_POINT('',(0.,0.,0.));
#68=DIRECTION('',(0.,0.,1.));
#69=DIRECTION('',(1.,0.,0.));
#70=AXIS2_PLACEMENT_3D('',#67,#68,#69);
#81=CARTESIAN_POINT('',(0.,0.,0.));
#82=DIRECTION('',(0.,0.,1.));
#83=DIRECTION('',(1.,0.,-0.));
#84=AXIS2_PLACEMENT_3D('',#81,#82,#83);
#85=ITEM_DEFINED_TRANSFORMATION('','',#84,#70);
#86=(REPRESENTATION_RELATIONSHIP('','',#71,#39)REPRESENTATION_RELATIONSHIP_WITH_TRANSFORMATION(#85)SHAPE_REPRESENTATION_RELATIONSHIP());
#87=NEXT_ASSEMBLY_USAGE_OCCURRENCE('1x1:1_2','1x1:1','1x1:1',#48,#80,$);
#88=PRODUCT_DEFINITION_SHAPE('','',#87);
#89=CONTEXT_DEPENDENT_SHAPE_REPRESENTATION(#86,#88);
#90=(NAMED_UNIT(*)PLANE_ANGLE_UNIT()SI_UNIT($,.RADIAN.));
#91=PLANE_ANGLE_MEASURE_WITH_UNIT(PLANE_ANGLE_MEASURE(0.0174532925),#90);
#92=(CONVERSION_BASED_UNIT('DEGREE',#91)NAMED_UNIT(#93)PLANE_ANGLE_UNIT());
#93=DIMENSIONAL_EXPONENTS(0.,0.,0.,0.,0.,0.,0.);
#94=(NAMED_UNIT(*)SI_UNIT($,.STERADIAN.)SOLID_ANGLE_UNIT());
#95=(LENGTH_UNIT()NAMED_UNIT(*)SI_UNIT(.MILLI.,.METRE.));
#96=UNCERTAINTY_MEASURE_WITH_UNIT(LENGTH_MEASURE(1.000000E-05),#95,'DISTANCE_ACCURACY_VALUE','Maximum Tolerance applied to model');
#97=(GEOMETRIC_REPRESENTATION_CONTEXT(3)GLOBAL_UNCERTAINTY_ASSIGNED_CONTEXT((#96))GLOBAL_UNIT_ASSIGNED_CONTEXT((#95,#92,#94))REPRESENTATION_CONTEXT('','0'));
#99=CARTESIAN_POINT('',(0.,0.,0.));
#100=DIRECTION('',(0.,0.,1.));
#101=DIRECTION('',(1.,0.,0.));
#102=AXIS2_PLACEMENT_3D('',#99,#100,#101);
#113=CARTESIAN_POINT('',(0.,0.,0.));
#114=DIRECTION('',(0.,0.,1.));
#115=DIRECTION('',(1.,0.,-0.));
#116=AXIS2_PLACEMENT_3D('',#113,#114,#115);
#117=ITEM_DEFINED_TRANSFORMATION('','',#116,#102);
#118=(REPRESENTATION_RELATIONSHIP('','',#103,#71)REPRESENTATION_RELATIONSHIP_WITH_TRANSFORMATION(#117)SHAPE_REPRESENTATION_RELATIONSHIP());
#119=NEXT_ASSEMBLY_USAGE_OCCURRENCE('1x1 R1 v23:1_3','1x1 R1 v23:1','1x1 R1 v23:1',#80,#112,$);
#120=PRODUCT_DEFINITION_SHAPE('','',#119);
#121=CONTEXT_DEPENDENT_SHAPE_REPRESENTATION(#118,#120);
#123=CARTESIAN_POINT('',(21.55452272,27.31163302,54.070015182));
#124=DIRECTION('',(0.,0.,-1.));
#125=DIRECTION('',(-1.,0.,0.));
#126=AXIS2_PLACEMENT_3D('',#123,#124,#125);
#127=PLANE('',#126);
#128=CARTESIAN_POINT('',(12.05452272,38.81163302,54.070015182));
#129=VERTEX_POINT('',#128);
#130=CARTESIAN_POINT('',(10.05452272,36.81163302,54.070015182));
#131=VERTEX_POINT('',#130);
#132=CARTESIAN_POINT('',(12.05452272,36.81163302,54.070015182));
#133=DIRECTION('',(-0.,-0.,1.));
#134=DIRECTION('',(-1.,0.,0.));
#135=AXIS2_PLACEMENT_3D('',#132,#133,#134);
#136=CIRCLE('',#135,2.);
#137=EDGE_CURVE('',#129,#131,#136,.T.);
#138=ORIENTED_EDGE('',*,*,#137,.T.);
#139=CARTESIAN_POINT('',(10.05452272,17.81163302,54.070015182));
#140=VERTEX_POINT('',#139);
#141=CARTESIAN_POINT('',(10.05452272,36.81163302,54.070015182));
#142=DIRECTION('',(-0.,-1.,-0.));
#143=VECTOR('',#142,19.);
#144=LINE('',#141,#143);
#145=EDGE_CURVE('',#131,#140,#144,.T.);
#146=ORIENTED_EDGE('',*,*,#145,.T.);
#147=CARTESIAN_POINT('',(12.05452272,15.81163302,54.070015182));
#148=VERTEX_POINT('',#147);
#149=CARTESIAN_POINT('',(12.05452272,17.81163302,54.070015182));
#150=DIRECTION('',(-0.,-0.,1.));
#151=DIRECTION('',(-1.,0.,0.));
#152=AXIS2_PLACEMENT_3D('',#149,#150,#151);
#153=CIRCLE('',#152,2.);
#154=EDGE_CURVE('',#140,#148,#153,.T.);
#155=ORIENTED_EDGE('',*,*,#154,.T.);
#156=CARTESIAN_POINT('',(31.05452272,15.81163302,54.070015182));
#157=VERTEX_POINT('',#156);
#158=CARTESIAN_POINT('',(12.05452272,15.81163302,54.070015182));
#159=DIRECTION('',(1.,-0.,-0.));
#160=VECTOR('',#159,19.);
#161=LINE('',#158,#160);
#162=EDGE_CURVE('',#148,#157,#161,.T.);
#163=ORIENTED_EDGE('',*,*,#162,.T.);
#164=CARTESIAN_POINT('',(33.05452272,17.81163302,54.070015182));
#165=VERTEX_POINT('',#164);
#166=CARTESIAN_POINT('',(31.05452272,17.81163302,54.070015182));
#167=DIRECTION('',(-0.,-0.,1.));
#168=DIRECTION('',(-1.,0.,0.));
#169=AXIS2_PLACEMENT_3D('',#166,#167,#168);
#170=CIRCLE('',#169,2.);
#171=EDGE_CURVE('',#157,#165,#170,.T.);
#172=ORIENTED_EDGE('',*,*,#171,.T.);
#173=CARTESIAN_POINT('',(33.05452272,36.81163302,54.070015182));
#174=VERTEX_POINT('',#173);
#175=CARTESIAN_POINT('',(33.05452272,17.81163302,54.070015182));
#176=DIRECTION('',(-0.,1.,-0.));
#177=VECTOR('',#176,19.);
#178=LINE('',#175,#177);
#179=EDGE_CURVE('',#165,#174,#178,.T.);
#180=ORIENTED_EDGE('',*,*,#179,.T.);
#181=CARTESIAN_POINT('',(31.05452272,38.81163302,54.070015182));
#182=VERTEX_POINT('',#181);
#183=CARTESIAN_POINT('',(31.05452272,36.81163302,54.070015182));
#184=DIRECTION('',(-0.,-0.,1.));
#185=DIRECTION('',(-1.,0.,0.));
#186=AXIS2_PLACEMENT_3D('',#183,#184,#185);
#187=CIRCLE('',#186,2.);
#188=EDGE_CURVE('',#174,#182,#187,.T.);
#189=ORIENTED_EDGE('',*,*,#188,.T.);
#190=CARTESIAN_POINT('',(31.05452272,38.81163302,54.070015182));
#191=DIRECTION('',(-1.,-0.,0.));
#192=VECTOR('',#191,19.);
#193=LINE('',#190,#192);
#194=EDGE_CURVE('',#182,#129,#193,.T.);
#195=ORIENTED_EDGE('',*,*,#194,.T.);
#196=EDGE_LOOP('',(#138,#146,#155,#163,#172,#180,#189,#195));
#197=FACE_BOUND('',#196,.T.);
#198=CARTESIAN_POINT('',(22.968736283,27.31163302,54.070015182));
#199=VERTEX_POINT('',#198);
#200=CARTESIAN_POINT('',(28.190572256,22.089797047,54.070015182));
#201=VERTEX_POINT('',#200);
#202=CARTESIAN_POINT('',(22.968736283,27.31163302,54.070015182));
#203=DIRECTION('',(0.707106781,-0.707106781,0.));
#204=VECTOR('',#203,7.384791253);
#205=LINE('',#202,#204);
#206=EDGE_CURVE('',#199,#201,#205,.T.);
#207=ORIENTED_EDGE('',*,*,#206,.T.);
#208=CARTESIAN_POINT('',(26.776358693,20.675583485,54.070015182));
#209=VERTEX_POINT('',#208);
#210=CARTESIAN_POINT('',(28.190572256,22.089797047,54.070015182));
#211=DIRECTION('',(-0.707106781,-0.707106781,0.));
#212=VECTOR('',#211,2.);
#213=LINE('',#210,#212);
#214=EDGE_CURVE('',#201,#209,#213,.T.);
#215=ORIENTED_EDGE('',*,*,#214,.T.);
#216=CARTESIAN_POINT('',(21.55452272,25.897419458,54.070015182));
#217=VERTEX_POINT('',#216);
#218=CARTESIAN_POINT('',(26.776358693,20.675583485,54.070015182));
#219=DIRECTION('',(-0.707106781,0.707106781,0.));
#220=VECTOR('',#219,7.384791253);
#221=LINE('',#218,#220);
#222=EDGE_CURVE('',#209,#217,#221,.T.);
#223=ORIENTED_EDGE('',*,*,#222,.T.);
#224=CARTESIAN_POINT('',(16.332686747,20.675583485,54.070015182));
#225=VERTEX_POINT('',#224);
#226=CARTESIAN_POINT('',(21.55452272,25.897419458,54.070015182));
#227=DIRECTION('',(-0.707106781,-0.707106781,0.));
#228=VECTOR('',#227,7.384791253);
#229=LINE('',#226,#228);
#230=EDGE_CURVE('',#217,#225,#229,.T.);
#231=ORIENTED_EDGE('',*,*,#230,.T.);
#232=CARTESIAN_POINT('',(14.918473185,22.089797047,54.070015182));
#233=VERTEX_POINT('',#232);
#234=CARTESIAN_POINT('',(16.332686747,20.675583485,54.070015182));
#235=DIRECTION('',(-0.707106781,0.707106781,0.));
#236=VECTOR('',#235,2.);
#237=LINE('',#234,#236);
#238=EDGE_CURVE('',#225,#233,#237,.T.);
#239=ORIENTED_EDGE('',*,*,#238,.T.);
#240=CARTESIAN_POINT('',(20.140309158,27.31163302,54.070015182));
#241=VERTEX_POINT('',#240);
#242=CARTESIAN_POINT('',(14.918473185,22.089797047,54.070015182));
#243=DIRECTION('',(0.707106781,0.707106781,0.));
#244=VECTOR('',#243,7.384791253);
#245=LINE('',#242,#244);
#246=EDGE_CURVE('',#233,#241,#245,.T.);
#247=ORIENTED_EDGE('',*,*,#246,.T.);
#248=CARTESIAN_POINT('',(14.918473185,32.533468993,54.070015182));
#249=VERTEX_POINT('',#248);
#250=CARTESIAN_POINT('',(20.140309158,27.31163302,54.070015182));
#251=DIRECTION('',(-0.707106781,0.707106781,0.));
#252=VECTOR('',#251,7.384791253);
#253=LINE('',#250,#252);
#254=EDGE_CURVE('',#241,#249,#253,.T.);
#255=ORIENTED_EDGE('',*,*,#254,.T.);
#256=CARTESIAN_POINT('',(16.332686747,33.947682555,54.070015182));
#257=VERTEX_POINT('',#256);
#258=CARTESIAN_POINT('',(14.918473185,32.533468993,54.070015182));
#259=DIRECTION('',(0.707106781,0.707106781,0.));
#260=VECTOR('',#259,2.);
#261=LINE('',#258,#260);
#262=EDGE_CURVE('',#249,#257,#261,.T.);
#263=ORIENTED_EDGE('',*,*,#262,.T.);
#264=CARTESIAN_POINT('',(21.55452272,28.725846582,54.070015182));
#265=VERTEX_POINT('',#264);
#266=CARTESIAN_POINT('',(16.332686747,33.947682555,54.070015182));
#267=DIRECTION('',(0.707106781,-0.707106781,0.));
#268=VECTOR('',#267,7.384791253);
#269=LINE('',#266,#268);
#270=EDGE_CURVE('',#257,#265,#269,.T.);
#271=ORIENTED_EDGE('',*,*,#270,.T.);
#272=CARTESIAN_POINT('',(26.776358693,33.947682555,54.070015182));
#273=VERTEX_POINT('',#272);
#274=CARTESIAN_POINT('',(21.55452272,28.725846582,54.070015182));
#275=DIRECTION('',(0.707106781,0.707106781,0.));
#276=VECTOR('',#275,7.384791253);
#277=LINE('',#274,#276);
#278=EDGE_CURVE('',#265,#273,#277,.T.);
#279=ORIENTED_EDGE('',*,*,#278,.T.);
#280=CARTESIAN_POINT('',(28.190572256,32.533468993,54.070015182));
#281=VERTEX_POINT('',#280);
#282=CARTESIAN_POINT('',(26.776358693,33.947682555,54.070015182));
#283=DIRECTION('',(0.707106781,-0.707106781,0.));
#284=VECTOR('',#283,2.);
#285=LINE('',#282,#284);
#286=EDGE_CURVE('',#273,#281,#285,.T.);
#287=ORIENTED_EDGE('',*,*,#286,.T.);
#288=CARTESIAN_POINT('',(28.190572256,32.533468993,54.070015182));
#289=DIRECTION('',(-0.707106781,-0.707106781,0.));
#290=VECTOR('',#289,7.384791253);
#291=LINE('',#288,#290);
#292=EDGE_CURVE('',#281,#199,#291,.T.);
#293=ORIENTED_EDGE('',*,*,#292,.T.);
#294=EDGE_LOOP('',(#207,#215,#223,#231,#239,#247,#255,#263,#271,#279,#287,#293));
#295=FACE_BOUND('',#294,.T.);
#296=ADVANCED_FACE('',(#197,#295),#127,.F.);
#297=CARTESIAN_POINT('',(21.55452272,27.31163302,46.755286844));
#298=DIRECTION('',(-0.,0.,1.));
#299=DIRECTION('',(1.,0.,0.));
#300=AXIS2_PLACEMENT_3D('',#297,#298,#299);
#301=CYLINDRICAL_SURFACE('',#300,2.8);
#302=CARTESIAN_POINT('',(24.35452272,27.31163302,52.070015182));
#303=VERTEX_POINT('',#302);
#304=CARTESIAN_POINT('',(24.35452272,27.31163302,46.755286844));
#305=VERTEX_POINT('',#304);
#306=CARTESIAN_POINT('',(24.35452272,27.31163302,52.070015182));
#307=DIRECTION('',(-0.,-0.,-1.));
#308=VECTOR('',#307,5.314728338);
#309=LINE('',#306,#308);
#310=EDGE_CURVE('',#303,#305,#309,.T.);
#311=ORIENTED_EDGE('',*,*,#310,.T.);
#312=CARTESIAN_POINT('',(18.75452272,27.31163302,46.755286844));
#313=VERTEX_POINT('',#312);
#314=CARTESIAN_POINT('',(18.75452272,27.31163302,46.755286844));
#315=CARTESIAN_POINT('',(18.75452272,27.220003234,46.755286844));
#316=CARTESIAN_POINT('',(18.759024196,27.12837359,46.755286844));
#317=CARTESIAN_POINT('',(18.768005486,27.037185027,46.755286844));
#318=CARTESIAN_POINT('',(18.776986775,26.945996464,46.755286844));
#319=CARTESIAN_POINT('',(18.790447851,26.855249263,46.755286844));
#320=CARTESIAN_POINT('',(18.808323935,26.765380118,46.755286844));
#321=CARTESIAN_POINT('',(18.82620002,26.675510973,46.755286844));
#322=CARTESIAN_POINT('',(18.848491057,26.586520162,46.755286844));
#323=CARTESIAN_POINT('',(18.87508978,26.498835924,46.755286844));
#324=CARTESIAN_POINT('',(18.901688503,26.411151686,46.755286844));
#325=CARTESIAN_POINT('',(18.932594828,26.324774293,46.755286844));
#326=CARTESIAN_POINT('',(18.967660029,26.240119409,46.755286844));
#327=CARTESIAN_POINT('',(19.00272523,26.155464526,46.755286844));
#328=CARTESIAN_POINT('',(19.041949198,26.072532413,46.755286844));
#329=CARTESIAN_POINT('',(19.08514318,25.991722157,46.755286844));
#330=CARTESIAN_POINT('',(19.128337162,25.9109119,46.755286844));
#331=CARTESIAN_POINT('',(19.175501024,25.83222375,46.755286844));
#332=CARTESIAN_POINT('',(19.226407806,25.756036368,46.755286844));
#333=CARTESIAN_POINT('',(19.277314587,25.679848985,46.755286844));
#334=CARTESIAN_POINT('',(19.33196413,25.606162607,46.755286844));
#335=CARTESIAN_POINT('',(19.390093451,25.535331824,46.755286844));
#336=CARTESIAN_POINT('',(19.448222772,25.464501042,46.755286844));
#337=CARTESIAN_POINT('',(19.50983169,25.396526076,46.755286844));
#338=CARTESIAN_POINT('',(19.574623733,25.331734033,46.755286844));
#339=CARTESIAN_POINT('',(19.639415776,25.26694199,46.755286844));
#340=CARTESIAN_POINT('',(19.707390742,25.205333071,46.755286844));
#341=CARTESIAN_POINT('',(19.778221525,25.147203751,46.755286844));
#342=CARTESIAN_POINT('',(19.849052307,25.08907443,46.755286844));
#343=CARTESIAN_POINT('',(19.922738685,25.034424887,46.755286844));
#344=CARTESIAN_POINT('',(19.998926068,24.983518106,46.755286844));
#345=CARTESIAN_POINT('',(20.07511345,24.932611324,46.755286844));
#346=CARTESIAN_POINT('',(20.153801601,24.885447462,46.755286844));
#347=CARTESIAN_POINT('',(20.234611857,24.84225348,46.755286844));
#348=CARTESIAN_POINT('',(20.315422114,24.799059498,46.755286844));
#349=CARTESIAN_POINT('',(20.398354226,24.75983553,46.755286844));
#350=CARTESIAN_POINT('',(20.48300911,24.724770329,46.755286844));
#351=CARTESIAN_POINT('',(20.567663993,24.689705128,46.755286844));
#352=CARTESIAN_POINT('',(20.654041386,24.658798803,46.755286844));
#353=CARTESIAN_POINT('',(20.741725624,24.63220008,46.755286844));
#354=CARTESIAN_POINT('',(20.829409862,24.605601357,46.755286844));
#355=CARTESIAN_POINT('',(20.918400674,24.583310319,46.755286844));
#356=CARTESIAN_POINT('',(21.008269819,24.565434235,46.755286844));
#357=CARTESIAN_POINT('',(21.098138964,24.547558151,46.755286844));
#358=CARTESIAN_POINT('',(21.188886164,24.534097075,46.755286844));
#359=CARTESIAN_POINT('',(21.280074727,24.525115785,46.755286844));
#360=CARTESIAN_POINT('',(21.371263291,24.516134496,46.755286844));
#361=CARTESIAN_POINT('',(21.462892935,24.51163302,46.755286844));
#362=CARTESIAN_POINT('',(21.55452272,24.51163302,46.755286844));
#363=CARTESIAN_POINT('',(21.646152506,24.51163302,46.755286844));
#364=CARTESIAN_POINT('',(21.73778215,24.516134496,46.755286844));
#365=CARTESIAN_POINT('',(21.828970713,24.525115785,46.755286844));
#366=CARTESIAN_POINT('',(21.920159277,24.534097075,46.755286844));
#367=CARTESIAN_POINT('',(22.010906477,24.547558151,46.755286844));
#368=CARTESIAN_POINT('',(22.100775622,24.565434235,46.755286844));
#369=CARTESIAN_POINT('',(22.190644767,24.583310319,46.755286844));
#370=CARTESIAN_POINT('',(22.279635579,24.605601357,46.755286844));
#371=CARTESIAN_POINT('',(22.367319817,24.63220008,46.755286844));
#372=CARTESIAN_POINT('',(22.455004055,24.658798803,46.755286844));
#373=CARTESIAN_POINT('',(22.541381447,24.689705128,46.755286844));
#374=CARTESIAN_POINT('',(22.626036331,24.724770329,46.755286844));
#375=CARTESIAN_POINT('',(22.710691215,24.75983553,46.755286844));
#376=CARTESIAN_POINT('',(22.793623327,24.799059498,46.755286844));
#377=CARTESIAN_POINT('',(22.874433583,24.84225348,46.755286844));
#378=CARTESIAN_POINT('',(22.95524384,24.885447462,46.755286844));
#379=CARTESIAN_POINT('',(23.03393199,24.932611324,46.755286844));
#380=CARTESIAN_POINT('',(23.110119373,24.983518106,46.755286844));
#381=CARTESIAN_POINT('',(23.186306755,25.034424887,46.755286844));
#382=CARTESIAN_POINT('',(23.259993134,25.08907443,46.755286844));
#383=CARTESIAN_POINT('',(23.330823916,25.147203751,46.755286844));
#384=CARTESIAN_POINT('',(23.401654698,25.205333071,46.755286844));
#385=CARTESIAN_POINT('',(23.469629665,25.26694199,46.755286844));
#386=CARTESIAN_POINT('',(23.534421708,25.331734033,46.755286844));
#387=CARTESIAN_POINT('',(23.59921375,25.396526076,46.755286844));
#388=CARTESIAN_POINT('',(23.660822669,25.464501042,46.755286844));
#389=CARTESIAN_POINT('',(23.71895199,25.535331824,46.755286844));
#390=CARTESIAN_POINT('',(23.77708131,25.606162607,46.755286844));
#391=CARTESIAN_POINT('',(23.831730853,25.679848985,46.755286844));
#392=CARTESIAN_POINT('',(23.882637635,25.756036368,46.755286844));
#393=CARTESIAN_POINT('',(23.933544416,25.83222375,46.755286844));
#394=CARTESIAN_POINT('',(23.980708279,25.9109119,46.755286844));
#395=CARTESIAN_POINT('',(24.02390226,25.991722157,46.755286844));
#396=CARTESIAN_POINT('',(24.067096242,26.072532413,46.755286844));
#397=CARTESIAN_POINT('',(24.10632021,26.155464526,46.755286844));
#398=CARTESIAN_POINT('',(24.141385411,26.240119409,46.755286844));
#399=CARTESIAN_POINT('',(24.176450612,26.324774293,46.755286844));
#400=CARTESIAN_POINT('',(24.207356938,26.411151686,46.755286844));
#401=CARTESIAN_POINT('',(24.23395566,26.498835924,46.755286844));
#402=CARTESIAN_POINT('',(24.260554383,26.586520162,46.755286844));
#403=CARTESIAN_POINT('',(24.282845421,26.675510973,46.755286844));
#404=CARTESIAN_POINT('',(24.300721505,26.765380118,46.755286844));
#405=CARTESIAN_POINT('',(24.31859759,26.855249263,46.755286844));
#406=CARTESIAN_POINT('',(24.332058665,26.945996464,46.755286844));
#407=CARTESIAN_POINT('',(24.341039955,27.037185027,46.755286844));
#408=CARTESIAN_POINT('',(24.350021245,27.12837359,46.755286844));
#409=CARTESIAN_POINT('',(24.35452272,27.220003234,46.755286844));
#410=CARTESIAN_POINT('',(24.35452272,27.31163302,46.755286844));
#411=CARTESIAN_POINT('',(24.35452272,27.403262806,46.755286844));
#412=CARTESIAN_POINT('',(24.350021245,27.49489245,46.755286844));
#413=CARTESIAN_POINT('',(24.341039955,27.586081013,46.755286844));
#414=CARTESIAN_POINT('',(24.332058665,27.677269576,46.755286844));
#415=CARTESIAN_POINT('',(24.31859759,27.768016777,46.755286844));
#416=CARTESIAN_POINT('',(24.300721505,27.857885922,46.755286844));
#417=CARTESIAN_POINT('',(24.282845421,27.947755067,46.755286844));
#418=CARTESIAN_POINT('',(24.260554383,28.036745878,46.755286844));
#419=CARTESIAN_POINT('',(24.23395566,28.124430116,46.755286844));
#420=CARTESIAN_POINT('',(24.207356938,28.212114354,46.755286844));
#421=CARTESIAN_POINT('',(24.176450612,28.298491747,46.755286844));
#422=CARTESIAN_POINT('',(24.141385411,28.383146631,46.755286844));
#423=CARTESIAN_POINT('',(24.10632021,28.467801514,46.755286844));
#424=CARTESIAN_POINT('',(24.067096242,28.550733627,46.755286844));
#425=CARTESIAN_POINT('',(24.02390226,28.631543883,46.755286844));
#426=CARTESIAN_POINT('',(23.980708279,28.71235414,46.755286844));
#427=CARTESIAN_POINT('',(23.933544416,28.79104229,46.755286844));
#428=CARTESIAN_POINT('',(23.882637635,28.867229673,46.755286844));
#429=CARTESIAN_POINT('',(23.831730853,28.943417055,46.755286844));
#430=CARTESIAN_POINT('',(23.77708131,29.017103433,46.755286844));
#431=CARTESIAN_POINT('',(23.71895199,29.087934216,46.755286844));
#432=CARTESIAN_POINT('',(23.660822669,29.158764998,46.755286844));
#433=CARTESIAN_POINT('',(23.59921375,29.226739965,46.755286844));
#434=CARTESIAN_POINT('',(23.534421708,29.291532007,46.755286844));
#435=CARTESIAN_POINT('',(23.469629665,29.35632405,46.755286844));
#436=CARTESIAN_POINT('',(23.401654698,29.417932969,46.755286844));
#437=CARTESIAN_POINT('',(23.330823916,29.476062289,46.755286844));
#438=CARTESIAN_POINT('',(23.259993134,29.53419161,46.755286844));
#439=CARTESIAN_POINT('',(23.186306755,29.588841153,46.755286844));
#440=CARTESIAN_POINT('',(23.110119373,29.639747934,46.755286844));
#441=CARTESIAN_POINT('',(23.03393199,29.690654716,46.755286844));
#442=CARTESIAN_POINT('',(22.95524384,29.737818578,46.755286844));
#443=CARTESIAN_POINT('',(22.874433583,29.78101256,46.755286844));
#444=CARTESIAN_POINT('',(22.793623327,29.824206542,46.755286844));
#445=CARTESIAN_POINT('',(22.710691215,29.86343051,46.755286844));
#446=CARTESIAN_POINT('',(22.626036331,29.898495711,46.755286844));
#447=CARTESIAN_POINT('',(22.541381447,29.933560912,46.755286844));
#448=CARTESIAN_POINT('',(22.455004055,29.964467237,46.755286844));
#449=CARTESIAN_POINT('',(22.367319817,29.99106596,46.755286844));
#450=CARTESIAN_POINT('',(22.279635579,30.017664683,46.755286844));
#451=CARTESIAN_POINT('',(22.190644767,30.039955721,46.755286844));
#452=CARTESIAN_POINT('',(22.100775622,30.057831805,46.755286844));
#453=CARTESIAN_POINT('',(22.010906477,30.07570789,46.755286844));
#454=CARTESIAN_POINT('',(21.920159277,30.089168965,46.755286844));
#455=CARTESIAN_POINT('',(21.828970713,30.098150255,46.755286844));
#456=CARTESIAN_POINT('',(21.73778215,30.107131544,46.755286844));
#457=CARTESIAN_POINT('',(21.646152506,30.11163302,46.755286844));
#458=CARTESIAN_POINT('',(21.55452272,30.11163302,46.755286844));
#459=CARTESIAN_POINT('',(21.462892935,30.11163302,46.755286844));
#460=CARTESIAN_POINT('',(21.371263291,30.107131544,46.755286844));
#461=CARTESIAN_POINT('',(21.280074727,30.098150255,46.755286844));
#462=CARTESIAN_POINT('',(21.188886164,30.089168965,46.755286844));
#463=CARTESIAN_POINT('',(21.098138964,30.07570789,46.755286844));
#464=CARTESIAN_POINT('',(21.008269819,30.057831805,46.755286844));
#465=CARTESIAN_POINT('',(20.918400674,30.039955721,46.755286844));
#466=CARTESIAN_POINT('',(20.829409862,30.017664683,46.755286844));
#467=CARTESIAN_POINT('',(20.741725624,29.99106596,46.755286844));
#468=CARTESIAN_POINT('',(20.654041386,29.964467237,46.755286844));
#469=CARTESIAN_POINT('',(20.567663993,29.933560912,46.755286844));
#470=CARTESIAN_POINT('',(20.48300911,29.898495711,46.755286844));
#471=CARTESIAN_POINT('',(20.398354226,29.86343051,46.755286844));
#472=CARTESIAN_POINT('',(20.315422114,29.824206542,46.755286844));
#473=CARTESIAN_POINT('',(20.234611857,29.78101256,46.755286844));
#474=CARTESIAN_POINT('',(20.153801601,29.737818578,46.755286844));
#475=CARTESIAN_POINT('',(20.07511345,29.690654716,46.755286844));
#476=CARTESIAN_POINT('',(19.998926068,29.639747934,46.755286844));
#477=CARTESIAN_POINT('',(19.922738685,29.588841153,46.755286844));
#478=CARTESIAN_POINT('',(19.849052307,29.53419161,46.755286844));
#479=CARTESIAN_POINT('',(19.778221525,29.476062289,46.755286844));
#480=CARTESIAN_POINT('',(19.707390742,29.417932969,46.755286844));
#481=CARTESIAN_POINT('',(19.639415776,29.35632405,46.755286844));
#482=CARTESIAN_POINT('',(19.574623733,29.291532007,46.755286844));
#483=CARTESIAN_POINT('',(19.50983169,29.226739965,46.755286844));
#484=CARTESIAN_POINT('',(19.448222772,29.158764998,46.755286844));
#485=CARTESIAN_POINT('',(19.390093451,29.087934216,46.755286844));
#486=CARTESIAN_POINT('',(19.33196413,29.017103433,46.755286844));
#487=CARTESIAN_POINT('',(19.277314587,28.943417055,46.755286844));
#488=CARTESIAN_POINT('',(19.226407806,28.867229673,46.755286844));
#489=CARTESIAN_POINT('',(19.175501024,28.79104229,46.755286844));
#490=CARTESIAN_POINT('',(19.128337162,28.71235414,46.755286844));
#491=CARTESIAN_POINT('',(19.08514318,28.631543883,46.755286844));
#492=CARTESIAN_POINT('',(19.041949198,28.550733627,46.755286844));
#493=CARTESIAN_POINT('',(19.00272523,28.467801514,46.755286844));
#494=CARTESIAN_POINT('',(18.967660029,28.383146631,46.755286844));
#495=CARTESIAN_POINT('',(18.932594828,28.298491747,46.755286844));
#496=CARTESIAN_POINT('',(18.901688503,28.212114354,46.755286844));
#497=CARTESIAN_POINT('',(18.87508978,28.124430116,46.755286844));
#498=CARTESIAN_POINT('',(18.848491057,28.036745878,46.755286844));
#499=CARTESIAN_POINT('',(18.82620002,27.947755067,46.755286844));
#500=CARTESIAN_POINT('',(18.808323935,27.857885922,46.755286844));
#501=CARTESIAN_POINT('',(18.790447851,27.768016777,46.755286844));
#502=CARTESIAN_POINT('',(18.776986775,27.677269576,46.755286844));
#503=CARTESIAN_POINT('',(18.768005486,27.586081013,46.755286844));
#504=CARTESIAN_POINT('',(18.759024196,27.49489245,46.755286844));
#505=CARTESIAN_POINT('',(18.75452272,27.403262806,46.755286844));
#506=CARTESIAN_POINT('',(18.75452272,27.31163302,46.755286844));
#507=B_SPLINE_CURVE_WITH_KNOTS('',3,(#314,#315,#316,#317,#318,#319,#320,#321,#322,#323,#324,#325,#326,#327,#328,#329,#330,#331,#332,#333,#334,#335,#336,#337,#338,#339,
#340,#341,#342,#343,#344,#345,#346,#347,#348,#349,#350,#351,#352,#353,#354,#355,#356,#357,#358,#359,#360,#361,#362,#363,#364,
#365,#366,#367,#368,#369,#370,#371,#372,#373,#374,#375,#376,#377,#378,#379,#380,#381,#382,#383,#384,#385,#386,#387,#388,#389,
#390,#391,#392,#393,#394,#395,#396,#397,#398,#399,#400,#401,#402,#403,#404,#405,#406,#407,#408,#409,#410,#411,#412,#413,#414,
#415,#416,#417,#418,#419,#420,#421,#422,#423,#424,#425,#426,#427,#428,#429,#430,#431,#432,#433,#434,#435,#436,#437,#438,#439,
#440,#441,#442,#443,#444,#445,#446,#447,#448,#449,#450,#451,#452,#453,#454,#455,#456,#457,#458,#459,#460,#461,#462,#463,#464,
#465,#466,#467,#468,#469,#470,#471,#472,#473,#474,#475,#476,#477,#478,#479,#480,#481,#482,#483,#484,#485,#486,#487,#488,#489,
#490,#491,#492,#493,#494,#495,#496,#497,#498,#499,#500,#501,#502,#503,#504,#505,#506),.UNSPECIFIED.,.T.,.F.,(4,3,3,3,3,3,3,3,3,3,3,3,3,3,3,3,3,3,3,3,3,3,3,3,3,3,
3,3,3,3,3,3,3,3,3,3,3,3,3,3,3,3,3,3,3,3,3,3,3,3,3,
3,3,3,3,3,3,3,3,3,3,3,3,3,4),(180.,185.625,191.25,196.875,202.5,208.125,213.75,219.375,225.,230.625,236.25,241.875,247.5,253.125,258.75,264.375,270.,275.625,281.25,286.875,292.5,298.125,303.75,309.375,315.,320.625,
326.25,331.875,337.5,343.125,348.75,354.375,360.,365.625,371.25,376.875,382.5,388.125,393.75,399.375,405.,410.625,416.25,421.875,427.5,433.125,438.75,444.375,450.,455.625,461.25,
466.875,472.5,478.125,483.75,489.375,495.,500.625,506.25,511.875,517.5,523.125,528.75,534.375,540.),.UNSPECIFIED.);
#508=EDGE_CURVE('',#305,#313,#507,.T.);
#509=ORIENTED_EDGE('',*,*,#508,.T.);
#510=CARTESIAN_POINT('',(18.75452272,27.31163302,46.755286844));
#511=CARTESIAN_POINT('',(18.75452272,27.220003234,46.755286844));
#512=CARTESIAN_POINT('',(18.759024196,27.12837359,46.755286844));
#513=CARTESIAN_POINT('',(18.768005486,27.037185027,46.755286844));
#514=CARTESIAN_POINT('',(18.776986775,26.945996464,46.755286844));
#515=CARTESIAN_POINT('',(18.790447851,26.855249263,46.755286844));
#516=CARTESIAN_POINT('',(18.808323935,26.765380118,46.755286844));
#517=CARTESIAN_POINT('',(18.82620002,26.675510973,46.755286844));
#518=CARTESIAN_POINT('',(18.848491057,26.586520162,46.755286844));
#519=CARTESIAN_POINT('',(18.87508978,26.498835924,46.755286844));
#520=CARTESIAN_POINT('',(18.901688503,26.411151686,46.755286844));
#521=CARTESIAN_POINT('',(18.932594828,26.324774293,46.755286844));
#522=CARTESIAN_POINT('',(18.967660029,26.240119409,46.755286844));
#523=CARTESIAN_POINT('',(19.00272523,26.155464526,46.755286844));
#524=CARTESIAN_POINT('',(19.041949198,26.072532413,46.755286844));
#525=CARTESIAN_POINT('',(19.08514318,25.991722157,46.755286844));
#526=CARTESIAN_POINT('',(19.128337162,25.9109119,46.755286844));
#527=CARTESIAN_POINT('',(19.175501024,25.83222375,46.755286844));
#528=CARTESIAN_POINT('',(19.226407806,25.756036368,46.755286844));
#529=CARTESIAN_POINT('',(19.277314587,25.679848985,46.755286844));
#530=CARTESIAN_POINT('',(19.33196413,25.606162607,46.755286844));
#531=CARTESIAN_POINT('',(19.390093451,25.535331824,46.755286844));
#532=CARTESIAN_POINT('',(19.448222772,25.464501042,46.755286844));
#533=CARTESIAN_POINT('',(19.50983169,25.396526076,46.755286844));
#534=CARTESIAN_POINT('',(19.574623733,25.331734033,46.755286844));
#535=CARTESIAN_POINT('',(19.639415776,25.26694199,46.755286844));
#536=CARTESIAN_POINT('',(19.707390742,25.205333071,46.755286844));
#537=CARTESIAN_POINT('',(19.778221525,25.147203751,46.755286844));
#538=CARTESIAN_POINT('',(19.849052307,25.08907443,46.755286844));
#539=CARTESIAN_POINT('',(19.922738685,25.034424887,46.755286844));
#540=CARTESIAN_POINT('',(19.998926068,24.983518106,46.755286844));
#541=CARTESIAN_POINT('',(20.07511345,24.932611324,46.755286844));
#542=CARTESIAN_POINT('',(20.153801601,24.885447462,46.755286844));
#543=CARTESIAN_POINT('',(20.234611857,24.84225348,46.755286844));
#544=CARTESIAN_POINT('',(20.315422114,24.799059498,46.755286844));
#545=CARTESIAN_POINT('',(20.398354226,24.75983553,46.755286844));
#546=CARTESIAN_POINT('',(20.48300911,24.724770329,46.755286844));
#547=CARTESIAN_POINT('',(20.567663993,24.689705128,46.755286844));
#548=CARTESIAN_POINT('',(20.654041386,24.658798803,46.755286844));
#549=CARTESIAN_POINT('',(20.741725624,24.63220008,46.755286844));
#550=CARTESIAN_POINT('',(20.829409862,24.605601357,46.755286844));
#551=CARTESIAN_POINT('',(20.918400674,24.583310319,46.755286844));
#552=CARTESIAN_POINT('',(21.008269819,24.565434235,46.755286844));
#553=CARTESIAN_POINT('',(21.098138964,24.547558151,46.755286844));
#554=CARTESIAN_POINT('',(21.188886164,24.534097075,46.755286844));
#555=CARTESIAN_POINT('',(21.280074727,24.525115785,46.755286844));
#556=CARTESIAN_POINT('',(21.371263291,24.516134496,46.755286844));
#557=CARTESIAN_POINT('',(21.462892935,24.51163302,46.755286844));
#558=CARTESIAN_POINT('',(21.55452272,24.51163302,46.755286844));
#559=CARTESIAN_POINT('',(21.646152506,24.51163302,46.755286844));
#560=CARTESIAN_POINT('',(21.73778215,24.516134496,46.755286844));
#561=CARTESIAN_POINT('',(21.828970713,24.525115785,46.755286844));
#562=CARTESIAN_POINT('',(21.920159277,24.534097075,46.755286844));
#563=CARTESIAN_POINT('',(22.010906477,24.547558151,46.755286844));
#564=CARTESIAN_POINT('',(22.100775622,24.565434235,46.755286844));
#565=CARTESIAN_POINT('',(22.190644767,24.583310319,46.755286844));
#566=CARTESIAN_POINT('',(22.279635579,24.605601357,46.755286844));
#567=CARTESIAN_POINT('',(22.367319817,24.63220008,46.755286844));
#568=CARTESIAN_POINT('',(22.455004055,24.658798803,46.755286844));
#569=CARTESIAN_POINT('',(22.541381447,24.689705128,46.755286844));
#570=CARTESIAN_POINT('',(22.626036331,24.724770329,46.755286844));
#571=CARTESIAN_POINT('',(22.710691215,24.75983553,46.755286844));
#572=CARTESIAN_POINT('',(22.793623327,24.799059498,46.755286844));
#573=CARTESIAN_POINT('',(22.874433583,24.84225348,46.755286844));
#574=CARTESIAN_POINT('',(22.95524384,24.885447462,46.755286844));
#575=CARTESIAN_POINT('',(23.03393199,24.932611324,46.755286844));
#576=CARTESIAN_POINT('',(23.110119373,24.983518106,46.755286844));
#577=CARTESIAN_POINT('',(23.186306755,25.034424887,46.755286844));
#578=CARTESIAN_POINT('',(23.259993134,25.08907443,46.755286844));
#579=CARTESIAN_POINT('',(23.330823916,25.147203751,46.755286844));
#580=CARTESIAN_POINT('',(23.401654698,25.205333071,46.755286844));
#581=CARTESIAN_POINT('',(23.469629665,25.26694199,46.755286844));
#582=CARTESIAN_POINT('',(23.534421708,25.331734033,46.755286844));
#583=CARTESIAN_POINT('',(23.59921375,25.396526076,46.755286844));
#584=CARTESIAN_POINT('',(23.660822669,25.464501042,46.755286844));
#585=CARTESIAN_POINT('',(23.71895199,25.535331824,46.755286844));
#586=CARTESIAN_POINT('',(23.77708131,25.606162607,46.755286844));
#587=CARTESIAN_POINT('',(23.831730853,25.679848985,46.755286844));
#588=CARTESIAN_POINT('',(23.882637635,25.756036368,46.755286844));
#589=CARTESIAN_POINT('',(23.933544416,25.83222375,46.755286844));
#590=CARTESIAN_POINT('',(23.980708279,25.9109119,46.755286844));
#591=CARTESIAN_POINT('',(24.02390226,25.991722157,46.755286844));
#592=CARTESIAN_POINT('',(24.067096242,26.072532413,46.755286844));
#593=CARTESIAN_POINT('',(24.10632021,26.155464526,46.755286844));
#594=CARTESIAN_POINT('',(24.141385411,26.240119409,46.755286844));
#595=CARTESIAN_POINT('',(24.176450612,26.324774293,46.755286844));
#596=CARTESIAN_POINT('',(24.207356938,26.411151686,46.755286844));
#597=CARTESIAN_POINT('',(24.23395566,26.498835924,46.755286844));
#598=CARTESIAN_POINT('',(24.260554383,26.586520162,46.755286844));
#599=CARTESIAN_POINT('',(24.282845421,26.675510973,46.755286844));
#600=CARTESIAN_POINT('',(24.300721505,26.765380118,46.755286844));
#601=CARTESIAN_POINT('',(24.31859759,26.855249263,46.755286844));
#602=CARTESIAN_POINT('',(24.332058665,26.945996464,46.755286844));
#603=CARTESIAN_POINT('',(24.341039955,27.037185027,46.755286844));
#604=CARTESIAN_POINT('',(24.350021245,27.12837359,46.755286844));
#605=CARTESIAN_POINT('',(24.35452272,27.220003234,46.755286844));
#606=CARTESIAN_POINT('',(24.35452272,27.31163302,46.755286844));
#607=CARTESIAN_POINT('',(24.35452272,27.403262806,46.755286844));
#608=CARTESIAN_POINT('',(24.350021245,27.49489245,46.755286844));
#609=CARTESIAN_POINT('',(24.341039955,27.586081013,46.755286844));
#610=CARTESIAN_POINT('',(24.332058665,27.677269576,46.755286844));
#611=CARTESIAN_POINT('',(24.31859759,27.768016777,46.755286844));
#612=CARTESIAN_POINT('',(24.300721505,27.857885922,46.755286844));
#613=CARTESIAN_POINT('',(24.282845421,27.947755067,46.755286844));
#614=CARTESIAN_POINT('',(24.260554383,28.036745878,46.755286844));
#615=CARTESIAN_POINT('',(24.23395566,28.124430116,46.755286844));
#616=CARTESIAN_POINT('',(24.207356938,28.212114354,46.755286844));
#617=CARTESIAN_POINT('',(24.176450612,28.298491747,46.755286844));
#618=CARTESIAN_POINT('',(24.141385411,28.383146631,46.755286844));
#619=CARTESIAN_POINT('',(24.10632021,28.467801514,46.755286844));
#620=CARTESIAN_POINT('',(24.067096242,28.550733627,46.755286844));
#621=CARTESIAN_POINT('',(24.02390226,28.631543883,46.755286844));
#622=CARTESIAN_POINT('',(23.980708279,28.71235414,46.755286844));
#623=CARTESIAN_POINT('',(23.933544416,28.79104229,46.755286844));
#624=CARTESIAN_POINT('',(23.882637635,28.867229673,46.755286844));
#625=CARTESIAN_POINT('',(23.831730853,28.943417055,46.755286844));
#626=CARTESIAN_POINT('',(23.77708131,29.017103433,46.755286844));
#627=CARTESIAN_POINT('',(23.71895199,29.087934216,46.755286844));
#628=CARTESIAN_POINT('',(23.660822669,29.158764998,46.755286844));
#629=CARTESIAN_POINT('',(23.59921375,29.226739965,46.755286844));
#630=CARTESIAN_POINT('',(23.534421708,29.291532007,46.755286844));
#631=CARTESIAN_POINT('',(23.469629665,29.35632405,46.755286844));
#632=CARTESIAN_POINT('',(23.401654698,29.417932969,46.755286844));
#633=CARTESIAN_POINT('',(23.330823916,29.476062289,46.755286844));
#634=CARTESIAN_POINT('',(23.259993134,29.53419161,46.755286844));
#635=CARTESIAN_POINT('',(23.186306755,29.588841153,46.755286844));
#636=CARTESIAN_POINT('',(23.110119373,29.639747934,46.755286844));
#637=CARTESIAN_POINT('',(23.03393199,29.690654716,46.755286844));
#638=CARTESIAN_POINT('',(22.95524384,29.737818578,46.755286844));
#639=CARTESIAN_POINT('',(22.874433583,29.78101256,46.755286844));
#640=CARTESIAN_POINT('',(22.793623327,29.824206542,46.755286844));
#641=CARTESIAN_POINT('',(22.710691215,29.86343051,46.755286844));
#642=CARTESIAN_POINT('',(22.626036331,29.898495711,46.755286844));
#643=CARTESIAN_POINT('',(22.541381447,29.933560912,46.755286844));
#644=CARTESIAN_POINT('',(22.455004055,29.964467237,46.755286844));
#645=CARTESIAN_POINT('',(22.367319817,29.99106596,46.755286844));
#646=CARTESIAN_POINT('',(22.279635579,30.017664683,46.755286844));
#647=CARTESIAN_POINT('',(22.190644767,30.039955721,46.755286844));
#648=CARTESIAN_POINT('',(22.100775622,30.057831805,46.755286844));
#649=CARTESIAN_POINT('',(22.010906477,30.07570789,46.755286844));
#650=CARTESIAN_POINT('',(21.920159277,30.089168965,46.755286844));
#651=CARTESIAN_POINT('',(21.828970713,30.098150255,46.755286844));
#652=CARTESIAN_POINT('',(21.73778215,30.107131544,46.755286844));
#653=CARTESIAN_POINT('',(21.646152506,30.11163302,46.755286844));
#654=CARTESIAN_POINT('',(21.55452272,30.11163302,46.755286844));
#655=CARTESIAN_POINT('',(21.462892935,30.11163302,46.755286844));
#656=CARTESIAN_POINT('',(21.371263291,30.107131544,46.755286844));
#657=CARTESIAN_POINT('',(21.280074727,30.098150255,46.755286844));
#658=CARTESIAN_POINT('',(21.188886164,30.089168965,46.755286844));
#659=CARTESIAN_POINT('',(21.098138964,30.07570789,46.755286844));
#660=CARTESIAN_POINT('',(21.008269819,30.057831805,46.755286844));
#661=CARTESIAN_POINT('',(20.918400674,30.039955721,46.755286844));
#662=CARTESIAN_POINT('',(20.829409862,30.017664683,46.755286844));
#663=CARTESIAN_POINT('',(20.741725624,29.99106596,46.755286844));
#664=CARTESIAN_POINT('',(20.654041386,29.964467237,46.755286844));
#665=CARTESIAN_POINT('',(20.567663993,29.933560912,46.755286844));
#666=CARTESIAN_POINT('',(20.48300911,29.898495711,46.755286844));
#667=CARTESIAN_POINT('',(20.398354226,29.86343051,46.755286844));
#668=CARTESIAN_POINT('',(20.315422114,29.824206542,46.755286844));
#669=CARTESIAN_POINT('',(20.234611857,29.78101256,46.755286844));
#670=CARTESIAN_POINT('',(20.153801601,29.737818578,46.755286844));
#671=CARTESIAN_POINT('',(20.07511345,29.690654716,46.755286844));
#672=CARTESIAN_POINT('',(19.998926068,29.639747934,46.755286844));
#673=CARTESIAN_POINT('',(19.922738685,29.588841153,46.755286844));
#674=CARTESIAN_POINT('',(19.849052307,29.53419161,46.755286844));
#675=CARTESIAN_POINT('',(19.778221525,29.476062289,46.755286844));
#676=CARTESIAN_POINT('',(19.707390742,29.417932969,46.755286844));
#677=CARTESIAN_POINT('',(19.639415776,29.35632405,46.755286844));
#678=CARTESIAN_POINT('',(19.574623733,29.291532007,46.755286844));
#679=CARTESIAN_POINT('',(19.50983169,29.226739965,46.755286844));
#680=CARTESIAN_POINT('',(19.448222772,29.158764998,46.755286844));
#681=CARTESIAN_POINT('',(19.390093451,29.087934216,46.755286844));
#682=CARTESIAN_POINT('',(19.33196413,29.017103433,46.755286844));
#683=CARTESIAN_POINT('',(19.277314587,28.943417055,46.755286844));
#684=CARTESIAN_POINT('',(19.226407806,28.867229673,46.755286844));
#685=CARTESIAN_POINT('',(19.175501024,28.79104229,46.755286844));
#686=CARTESIAN_POINT('',(19.128337162,28.71235414,46.755286844));
#687=CARTESIAN_POINT('',(19.08514318,28.631543883,46.755286844));
#688=CARTESIAN_POINT('',(19.041949198,28.550733627,46.755286844));
#689=CARTESIAN_POINT('',(19.00272523,28.467801514,46.755286844));
#690=CARTESIAN_POINT('',(18.967660029,28.383146631,46.755286844));
#691=CARTESIAN_POINT('',(18.932594828,28.298491747,46.755286844));
#692=CARTESIAN_POINT('',(18.901688503,28.212114354,46.755286844));
#693=CARTESIAN_POINT('',(18.87508978,28.124430116,46.755286844));
#694=CARTESIAN_POINT('',(18.848491057,28.036745878,46.755286844));
#695=CARTESIAN_POINT('',(18.82620002,27.947755067,46.755286844));
#696=CARTESIAN_POINT('',(18.808323935,27.857885922,46.755286844));
#697=CARTESIAN_POINT('',(18.790447851,27.768016777,46.755286844));
#698=CARTESIAN_POINT('',(18.776986775,27.677269576,46.755286844));
#699=CARTESIAN_POINT('',(18.768005486,27.586081013,46.755286844));
#700=CARTESIAN_POINT('',(18.759024196,27.49489245,46.755286844));
#701=CARTESIAN_POINT('',(18.75452272,27.403262806,46.755286844));
#702=CARTESIAN_POINT('',(18.75452272,27.31163302,46.755286844));
#703=B_SPLINE_CURVE_WITH_KNOTS('',3,(#510,#511,#512,#513,#514,#515,#516,#517,#518,#519,#520,#521,#522,#523,#524,#525,#526,#527,#528,#529,#530,#531,#532,#533,#534,#535,
#536,#537,#538,#539,#540,#541,#542,#543,#544,#545,#546,#547,#548,#549,#550,#551,#552,#553,#554,#555,#556,#557,#558,#559,#560,
#561,#562,#563,#564,#565,#566,#567,#568,#569,#570,#571,#572,#573,#574,#575,#576,#577,#578,#579,#580,#581,#582,#583,#584,#585,
#586,#587,#588,#589,#590,#591,#592,#593,#594,#595,#596,#597,#598,#599,#600,#601,#602,#603,#604,#605,#606,#607,#608,#609,#610,
#611,#612,#613,#614,#615,#616,#617,#618,#619,#620,#621,#622,#623,#624,#625,#626,#627,#628,#629,#630,#631,#632,#633,#634,#635,
#636,#637,#638,#639,#640,#641,#642,#643,#644,#645,#646,#647,#648,#649,#650,#651,#652,#653,#654,#655,#656,#657,#658,#659,#660,
#661,#662,#663,#664,#665,#666,#667,#668,#669,#670,#671,#672,#673,#674,#675,#676,#677,#678,#679,#680,#681,#682,#683,#684,#685,
#686,#687,#688,#689,#690,#691,#692,#693,#694,#695,#696,#697,#698,#699,#700,#701,#702),.UNSPECIFIED.,.T.,.F.,(4,3,3,3,3,3,3,3,3,3,3,3,3,3,3,3,3,3,3,3,3,3,3,3,3,3,
3,3,3,3,3,3,3,3,3,3,3,3,3,3,3,3,3,3,3,3,3,3,3,3,3,
3,3,3,3,3,3,3,3,3,3,3,3,3,4),(180.,185.625,191.25,196.875,202.5,208.125,213.75,219.375,225.,230.625,236.25,241.875,247.5,253.125,258.75,264.375,270.,275.625,281.25,286.875,292.5,298.125,303.75,309.375,315.,320.625,
326.25,331.875,337.5,343.125,348.75,354.375,360.,365.625,371.25,376.875,382.5,388.125,393.75,399.375,405.,410.625,416.25,421.875,427.5,433.125,438.75,444.375,450.,455.625,461.25,
466.875,472.5,478.125,483.75,489.375,495.,500.625,506.25,511.875,517.5,523.125,528.75,534.375,540.),.UNSPECIFIED.);
#704=EDGE_CURVE('',#313,#305,#703,.T.);
#705=ORIENTED_EDGE('',*,*,#704,.T.);
#706=ORIENTED_EDGE('',*,*,#310,.F.);
#707=CARTESIAN_POINT('',(18.75452272,27.31163302,52.070015182));
#708=VERTEX_POINT('',#707);
#709=CARTESIAN_POINT('',(21.55452272,27.31163302,52.070015182));
#710=DIRECTION('',(-0.,-0.,1.));
#711=DIRECTION('',(-1.,0.,0.));
#712=AXIS2_PLACEMENT_3D('',#709,#710,#711);
#713=CIRCLE('',#712,2.8);
#714=EDGE_CURVE('',#708,#303,#713,.T.);
#715=ORIENTED_EDGE('',*,*,#714,.F.);
#716=CARTESIAN_POINT('',(21.55452272,27.31163302,52.070015182));
#717=DIRECTION('',(-0.,-0.,1.));
#718=DIRECTION('',(-1.,0.,0.));
#719=AXIS2_PLACEMENT_3D('',#716,#717,#718);
#720=CIRCLE('',#719,2.8);
#721=EDGE_CURVE('',#303,#708,#720,.T.);
#722=ORIENTED_EDGE('',*,*,#721,.F.);
#723=EDGE_LOOP('',(#311,#509,#705,#706,#715,#722));
#724=FACE_BOUND('',#723,.T.);
#725=ADVANCED_FACE('',(#724),#301,.T.);
#726=CARTESIAN_POINT('',(21.55452272,27.31163302,46.755286844));
#727=DIRECTION('',(0.,0.,1.));
#728=DIRECTION('',(1.,0.,0.));
#729=AXIS2_PLACEMENT_3D('',#726,#727,#728);
#730=PLANE('',#729);
#731=ORIENTED_EDGE('',*,*,#508,.F.);
#732=ORIENTED_EDGE('',*,*,#704,.F.);
#733=EDGE_LOOP('',(#731,#732));
#734=FACE_BOUND('',#733,.T.);
#735=CARTESIAN_POINT('',(22.10452272,29.31163302,46.755286844));
#736=VERTEX_POINT('',#735);
#737=CARTESIAN_POINT('',(22.10452272,27.91163302,46.755286844));
#738=VERTEX_POINT('',#737);
#739=CARTESIAN_POINT('',(22.10452272,29.31163302,46.755286844));
#740=DIRECTION('',(-0.,-1.,0.));
#741=VECTOR('',#740,1.4);
#742=LINE('',#739,#741);
#743=EDGE_CURVE('',#736,#738,#742,.T.);
#744=ORIENTED_EDGE('',*,*,#743,.F.);
#745=CARTESIAN_POINT('',(21.00452272,29.31163302,46.755286844));
#746=VERTEX_POINT('',#745);
#747=CARTESIAN_POINT('',(21.00452272,29.31163302,46.755286844));
#748=DIRECTION('',(1.,0.,0.));
#749=VECTOR('',#748,1.1);
#750=LINE('',#747,#749);
#751=EDGE_CURVE('',#746,#736,#750,.T.);
#752=ORIENTED_EDGE('',*,*,#751,.F.);
#753=CARTESIAN_POINT('',(21.00452272,27.91163302,46.755286844));
#754=VERTEX_POINT('',#753);
#755=CARTESIAN_POINT('',(21.00452272,27.91163302,46.755286844));
#756=DIRECTION('',(0.,1.,-0.));
#757=VECTOR('',#756,1.4);
#758=LINE('',#755,#757);
#759=EDGE_CURVE('',#754,#746,#758,.T.);
#760=ORIENTED_EDGE('',*,*,#759,.F.);
#761=CARTESIAN_POINT('',(19.55452272,27.91163302,46.755286844));
#762=VERTEX_POINT('',#761);
#763=CARTESIAN_POINT('',(19.55452272,27.91163302,46.755286844));
#764=DIRECTION('',(1.,0.,0.));
#765=VECTOR('',#764,1.45);
#766=LINE('',#763,#765);
#767=EDGE_CURVE('',#762,#754,#766,.T.);
#768=ORIENTED_EDGE('',*,*,#767,.F.);
#769=CARTESIAN_POINT('',(19.55452272,26.71163302,46.755286844));
#770=VERTEX_POINT('',#769);
#771=CARTESIAN_POINT('',(19.55452272,26.71163302,46.755286844));
#772=DIRECTION('',(0.,1.,-0.));
#773=VECTOR('',#772,1.2);
#774=LINE('',#771,#773);
#775=EDGE_CURVE('',#770,#762,#774,.T.);
#776=ORIENTED_EDGE('',*,*,#775,.F.);
#777=CARTESIAN_POINT('',(21.00452272,26.71163302,46.755286844));
#778=VERTEX_POINT('',#777);
#779=CARTESIAN_POINT('',(21.00452272,26.71163302,46.755286844));
#780=DIRECTION('',(-1.,-0.,-0.));
#781=VECTOR('',#780,1.45);
#782=LINE('',#779,#781);
#783=EDGE_CURVE('',#778,#770,#782,.T.);
#784=ORIENTED_EDGE('',*,*,#783,.F.);
#785=CARTESIAN_POINT('',(21.00452272,25.31163302,46.755286844));
#786=VERTEX_POINT('',#785);
#787=CARTESIAN_POINT('',(21.00452272,25.31163302,46.755286844));
#788=DIRECTION('',(0.,1.,-0.));
#789=VECTOR('',#788,1.4);
#790=LINE('',#787,#789);
#791=EDGE_CURVE('',#786,#778,#790,.T.);
#792=ORIENTED_EDGE('',*,*,#791,.F.);
#793=CARTESIAN_POINT('',(22.10452272,25.31163302,46.755286844));
#794=VERTEX_POINT('',#793);
#795=CARTESIAN_POINT('',(22.10452272,25.31163302,46.755286844));
#796=DIRECTION('',(-1.,-0.,-0.));
#797=VECTOR('',#796,1.1);
#798=LINE('',#795,#797);
#799=EDGE_CURVE('',#794,#786,#798,.T.);
#800=ORIENTED_EDGE('',*,*,#799,.F.);
#801=CARTESIAN_POINT('',(22.10452272,26.71163302,46.755286844));
#802=VERTEX_POINT('',#801);
#803=CARTESIAN_POINT('',(22.10452272,26.71163302,46.755286844));
#804=DIRECTION('',(-0.,-1.,0.));
#805=VECTOR('',#804,1.4);
#806=LINE('',#803,#805);
#807=EDGE_CURVE('',#802,#794,#806,.T.);
#808=ORIENTED_EDGE('',*,*,#807,.F.);
#809=CARTESIAN_POINT('',(23.55452272,26.71163302,46.755286844));
#810=VERTEX_POINT('',#809);
#811=CARTESIAN_POINT('',(23.55452272,26.71163302,46.755286844));
#812=DIRECTION('',(-1.,-0.,-0.));
#813=VECTOR('',#812,1.45);
#814=LINE('',#811,#813);
#815=EDGE_CURVE('',#810,#802,#814,.T.);
#816=ORIENTED_EDGE('',*,*,#815,.F.);
#817=CARTESIAN_POINT('',(23.55452272,27.91163302,46.755286844));
#818=VERTEX_POINT('',#817);
#819=CARTESIAN_POINT('',(23.55452272,27.91163302,46.755286844));
#820=DIRECTION('',(-0.,-1.,0.));
#821=VECTOR('',#820,1.2);
#822=LINE('',#819,#821);
#823=EDGE_CURVE('',#818,#810,#822,.T.);
#824=ORIENTED_EDGE('',*,*,#823,.F.);
#825=CARTESIAN_POINT('',(22.10452272,27.91163302,46.755286844));
#826=DIRECTION('',(1.,0.,0.));
#827=VECTOR('',#826,1.45);
#828=LINE('',#825,#827);
#829=EDGE_CURVE('',#738,#818,#828,.T.);
#830=ORIENTED_EDGE('',*,*,#829,.F.);
#831=EDGE_LOOP('',(#744,#752,#760,#768,#776,#784,#792,#800,#808,#816,#824,#830));
#832=FACE_BOUND('',#831,.T.);
#833=ADVANCED_FACE('',(#734,#832),#730,.F.);
#834=CARTESIAN_POINT('',(22.10452272,29.31163302,46.755286844));
#835=DIRECTION('',(-1.,-0.,0.));
#836=DIRECTION('',(0.,-1.,0.));
#837=AXIS2_PLACEMENT_3D('',#834,#835,#836);
#838=PLANE('',#837);
#839=CARTESIAN_POINT('',(22.10452272,29.31163302,52.070015182));
#840=VERTEX_POINT('',#839);
#841=CARTESIAN_POINT('',(22.10452272,27.91163302,52.070015182));
#842=VERTEX_POINT('',#841);
#843=CARTESIAN_POINT('',(22.10452272,29.31163302,52.070015182));
#844=DIRECTION('',(0.,-1.,0.));
#845=VECTOR('',#844,1.4);
#846=LINE('',#843,#845);
#847=EDGE_CURVE('',#840,#842,#846,.T.);
#848=ORIENTED_EDGE('',*,*,#847,.F.);
#849=CARTESIAN_POINT('',(22.10452272,29.31163302,46.755286844));
#850=DIRECTION('',(-0.,0.,1.));
#851=VECTOR('',#850,5.314728338);
#852=LINE('',#849,#851);
#853=EDGE_CURVE('',#736,#840,#852,.T.);
#854=ORIENTED_EDGE('',*,*,#853,.F.);
#855=ORIENTED_EDGE('',*,*,#743,.T.);
#856=CARTESIAN_POINT('',(22.10452272,27.91163302,46.755286844));
#857=DIRECTION('',(-0.,0.,1.));
#858=VECTOR('',#857,5.314728338);
#859=LINE('',#856,#858);
#860=EDGE_CURVE('',#738,#842,#859,.T.);
#861=ORIENTED_EDGE('',*,*,#860,.T.);
#862=EDGE_LOOP('',(#848,#854,#855,#861));
#863=FACE_BOUND('',#862,.T.);
#864=ADVANCED_FACE('',(#863),#838,.T.);
#865=CARTESIAN_POINT('',(22.10452272,27.91163302,46.755286844));
#866=DIRECTION('',(-0.,-1.,0.));
#867=DIRECTION('',(1.,-0.,0.));
#868=AXIS2_PLACEMENT_3D('',#865,#866,#867);
#869=PLANE('',#868);
#870=CARTESIAN_POINT('',(23.55452272,27.91163302,52.070015182));
#871=VERTEX_POINT('',#870);
#872=CARTESIAN_POINT('',(22.10452272,27.91163302,52.070015182));
#873=DIRECTION('',(1.,-0.,0.));
#874=VECTOR('',#873,1.45);
#875=LINE('',#872,#874);
#876=EDGE_CURVE('',#842,#871,#875,.T.);
#877=ORIENTED_EDGE('',*,*,#876,.F.);
#878=ORIENTED_EDGE('',*,*,#860,.F.);
#879=ORIENTED_EDGE('',*,*,#829,.T.);
#880=CARTESIAN_POINT('',(23.55452272,27.91163302,46.755286844));
#881=DIRECTION('',(0.,0.,1.));
#882=VECTOR('',#881,5.314728338);
#883=LINE('',#880,#882);
#884=EDGE_CURVE('',#818,#871,#883,.T.);
#885=ORIENTED_EDGE('',*,*,#884,.T.);
#886=EDGE_LOOP('',(#877,#878,#879,#885));
#887=FACE_BOUND('',#886,.T.);
#888=ADVANCED_FACE('',(#887),#869,.T.);
#889=CARTESIAN_POINT('',(23.55452272,27.91163302,46.755286844));
#890=DIRECTION('',(-1.,0.,0.));
#891=DIRECTION('',(0.,-1.,0.));
#892=AXIS2_PLACEMENT_3D('',#889,#890,#891);
#893=PLANE('',#892);
#894=CARTESIAN_POINT('',(23.55452272,26.71163302,52.070015182));
#895=VERTEX_POINT('',#894);
#896=CARTESIAN_POINT('',(23.55452272,27.91163302,52.070015182));
#897=DIRECTION('',(0.,-1.,0.));
#898=VECTOR('',#897,1.2);
#899=LINE('',#896,#898);
#900=EDGE_CURVE('',#871,#895,#899,.T.);
#901=ORIENTED_EDGE('',*,*,#900,.F.);
#902=ORIENTED_EDGE('',*,*,#884,.F.);
#903=ORIENTED_EDGE('',*,*,#823,.T.);
#904=CARTESIAN_POINT('',(23.55452272,26.71163302,46.755286844));
#905=DIRECTION('',(0.,0.,1.));
#906=VECTOR('',#905,5.314728338);
#907=LINE('',#904,#906);
#908=EDGE_CURVE('',#810,#895,#907,.T.);
#909=ORIENTED_EDGE('',*,*,#908,.T.);
#910=EDGE_LOOP('',(#901,#902,#903,#909));
#911=FACE_BOUND('',#910,.T.);
#912=ADVANCED_FACE('',(#911),#893,.T.);
#913=CARTESIAN_POINT('',(23.55452272,26.71163302,46.755286844));
#914=DIRECTION('',(0.,1.,-0.));
#915=DIRECTION('',(-1.,0.,-0.));
#916=AXIS2_PLACEMENT_3D('',#913,#914,#915);
#917=PLANE('',#916);
#918=CARTESIAN_POINT('',(22.10452272,26.71163302,52.070015182));
#919=VERTEX_POINT('',#918);
#920=CARTESIAN_POINT('',(23.55452272,26.71163302,52.070015182));
#921=DIRECTION('',(-1.,0.,0.));
#922=VECTOR('',#921,1.45);
#923=LINE('',#920,#922);
#924=EDGE_CURVE('',#895,#919,#923,.T.);
#925=ORIENTED_EDGE('',*,*,#924,.F.);
#926=ORIENTED_EDGE('',*,*,#908,.F.);
#927=ORIENTED_EDGE('',*,*,#815,.T.);
#928=CARTESIAN_POINT('',(22.10452272,26.71163302,46.755286844));
#929=DIRECTION('',(0.,0.,1.));
#930=VECTOR('',#929,5.314728338);
#931=LINE('',#928,#930);
#932=EDGE_CURVE('',#802,#919,#931,.T.);
#933=ORIENTED_EDGE('',*,*,#932,.T.);
#934=EDGE_LOOP('',(#925,#926,#927,#933));
#935=FACE_BOUND('',#934,.T.);
#936=ADVANCED_FACE('',(#935),#917,.T.);
#937=CARTESIAN_POINT('',(22.10452272,26.71163302,46.755286844));
#938=DIRECTION('',(-1.,0.,-0.));
#939=DIRECTION('',(-0.,-1.,0.));
#940=AXIS2_PLACEMENT_3D('',#937,#938,#939);
#941=PLANE('',#940);
#942=CARTESIAN_POINT('',(22.10452272,25.31163302,52.070015182));
#943=VERTEX_POINT('',#942);
#944=CARTESIAN_POINT('',(22.10452272,26.71163302,52.070015182));
#945=DIRECTION('',(-0.,-1.,0.));
#946=VECTOR('',#945,1.4);
#947=LINE('',#944,#946);
#948=EDGE_CURVE('',#919,#943,#947,.T.);
#949=ORIENTED_EDGE('',*,*,#948,.F.);
#950=ORIENTED_EDGE('',*,*,#932,.F.);
#951=ORIENTED_EDGE('',*,*,#807,.T.);
#952=CARTESIAN_POINT('',(22.10452272,25.31163302,46.755286844));
#953=DIRECTION('',(0.,0.,1.));
#954=VECTOR('',#953,5.314728338);
#955=LINE('',#952,#954);
#956=EDGE_CURVE('',#794,#943,#955,.T.);
#957=ORIENTED_EDGE('',*,*,#956,.T.);
#958=EDGE_LOOP('',(#949,#950,#951,#957));
#959=FACE_BOUND('',#958,.T.);
#960=ADVANCED_FACE('',(#959),#941,.T.);
#961=CARTESIAN_POINT('',(21.00452272,29.31163302,46.755286844));
#962=DIRECTION('',(0.,-1.,0.));
#963=DIRECTION('',(1.,0.,0.));
#964=AXIS2_PLACEMENT_3D('',#961,#962,#963);
#965=PLANE('',#964);
#966=CARTESIAN_POINT('',(21.00452272,29.31163302,52.070015182));
#967=VERTEX_POINT('',#966);
#968=CARTESIAN_POINT('',(21.00452272,29.31163302,52.070015182));
#969=DIRECTION('',(1.,0.,-0.));
#970=VECTOR('',#969,1.1);
#971=LINE('',#968,#970);
#972=EDGE_CURVE('',#967,#840,#971,.T.);
#973=ORIENTED_EDGE('',*,*,#972,.F.);
#974=CARTESIAN_POINT('',(21.00452272,29.31163302,46.755286844));
#975=DIRECTION('',(0.,0.,1.));
#976=VECTOR('',#975,5.314728338);
#977=LINE('',#974,#976);
#978=EDGE_CURVE('',#746,#967,#977,.T.);
#979=ORIENTED_EDGE('',*,*,#978,.F.);
#980=ORIENTED_EDGE('',*,*,#751,.T.);
#981=ORIENTED_EDGE('',*,*,#853,.T.);
#982=EDGE_LOOP('',(#973,#979,#980,#981));
#983=FACE_BOUND('',#982,.T.);
#984=ADVANCED_FACE('',(#983),#965,.T.);
#985=CARTESIAN_POINT('',(22.10452272,25.31163302,46.755286844));
#986=DIRECTION('',(0.,1.,-0.));
#987=DIRECTION('',(-1.,0.,0.));
#988=AXIS2_PLACEMENT_3D('',#985,#986,#987);
#989=PLANE('',#988);
#990=CARTESIAN_POINT('',(21.00452272,25.31163302,52.070015182));
#991=VERTEX_POINT('',#990);
#992=CARTESIAN_POINT('',(22.10452272,25.31163302,52.070015182));
#993=DIRECTION('',(-1.,0.,0.));
#994=VECTOR('',#993,1.1);
#995=LINE('',#992,#994);
#996=EDGE_CURVE('',#943,#991,#995,.T.);
#997=ORIENTED_EDGE('',*,*,#996,.F.);
#998=ORIENTED_EDGE('',*,*,#956,.F.);
#999=ORIENTED_EDGE('',*,*,#799,.T.);
#1000=CARTESIAN_POINT('',(21.00452272,25.31163302,46.755286844));
#1001=DIRECTION('',(0.,0.,1.));
#1002=VECTOR('',#1001,5.314728338);
#1003=LINE('',#1000,#1002);
#1004=EDGE_CURVE('',#786,#991,#1003,.T.);
#1005=ORIENTED_EDGE('',*,*,#1004,.T.);
#1006=EDGE_LOOP('',(#997,#998,#999,#1005));
#1007=FACE_BOUND('',#1006,.T.);
#1008=ADVANCED_FACE('',(#1007),#989,.T.);
#1009=CARTESIAN_POINT('',(21.00452272,25.31163302,46.755286844));
#1010=DIRECTION('',(1.,0.,-0.));
#1011=DIRECTION('',(-0.,1.,-0.));
#1012=AXIS2_PLACEMENT_3D('',#1009,#1010,#1011);
#1013=PLANE('',#1012);
#1014=CARTESIAN_POINT('',(21.00452272,26.71163302,52.070015182));
#1015=VERTEX_POINT('',#1014);
#1016=CARTESIAN_POINT('',(21.00452272,25.31163302,52.070015182));
#1017=DIRECTION('',(-0.,1.,0.));
#1018=VECTOR('',#1017,1.4);
#1019=LINE('',#1016,#1018);
#1020=EDGE_CURVE('',#991,#1015,#1019,.T.);
#1021=ORIENTED_EDGE('',*,*,#1020,.F.);
#1022=ORIENTED_EDGE('',*,*,#1004,.F.);
#1023=ORIENTED_EDGE('',*,*,#791,.T.);
#1024=CARTESIAN_POINT('',(21.00452272,26.71163302,46.755286844));
#1025=DIRECTION('',(-0.,0.,1.));
#1026=VECTOR('',#1025,5.314728338);
#1027=LINE('',#1024,#1026);
#1028=EDGE_CURVE('',#778,#1015,#1027,.T.);
#1029=ORIENTED_EDGE('',*,*,#1028,.T.);
#1030=EDGE_LOOP('',(#1021,#1022,#1023,#1029));
#1031=FACE_BOUND('',#1030,.T.);
#1032=ADVANCED_FACE('',(#1031),#1013,.T.);
#1033=CARTESIAN_POINT('',(21.00452272,26.71163302,46.755286844));
#1034=DIRECTION('',(-0.,1.,-0.));
#1035=DIRECTION('',(-1.,-0.,0.));
#1036=AXIS2_PLACEMENT_3D('',#1033,#1034,#1035);
#1037=PLANE('',#1036);
#1038=CARTESIAN_POINT('',(19.55452272,26.71163302,52.070015182));
#1039=VERTEX_POINT('',#1038);
#1040=CARTESIAN_POINT('',(21.00452272,26.71163302,52.070015182));
#1041=DIRECTION('',(-1.,-0.,0.));
#1042=VECTOR('',#1041,1.45);
#1043=LINE('',#1040,#1042);
#1044=EDGE_CURVE('',#1015,#1039,#1043,.T.);
#1045=ORIENTED_EDGE('',*,*,#1044,.F.);
#1046=ORIENTED_EDGE('',*,*,#1028,.F.);
#1047=ORIENTED_EDGE('',*,*,#783,.T.);
#1048=CARTESIAN_POINT('',(19.55452272,26.71163302,46.755286844));
#1049=DIRECTION('',(-0.,0.,1.));
#1050=VECTOR('',#1049,5.314728338);
#1051=LINE('',#1048,#1050);
#1052=EDGE_CURVE('',#770,#1039,#1051,.T.);
#1053=ORIENTED_EDGE('',*,*,#1052,.T.);
#1054=EDGE_LOOP('',(#1045,#1046,#1047,#1053));
#1055=FACE_BOUND('',#1054,.T.);
#1056=ADVANCED_FACE('',(#1055),#1037,.T.);
#1057=CARTESIAN_POINT('',(19.55452272,26.71163302,46.755286844));
#1058=DIRECTION('',(1.,0.,0.));
#1059=DIRECTION('',(0.,1.,-0.));
#1060=AXIS2_PLACEMENT_3D('',#1057,#1058,#1059);
#1061=PLANE('',#1060);
#1062=CARTESIAN_POINT('',(19.55452272,27.91163302,52.070015182));
#1063=VERTEX_POINT('',#1062);
#1064=CARTESIAN_POINT('',(19.55452272,26.71163302,52.070015182));
#1065=DIRECTION('',(0.,1.,0.));
#1066=VECTOR('',#1065,1.2);
#1067=LINE('',#1064,#1066);
#1068=EDGE_CURVE('',#1039,#1063,#1067,.T.);
#1069=ORIENTED_EDGE('',*,*,#1068,.F.);
#1070=ORIENTED_EDGE('',*,*,#1052,.F.);
#1071=ORIENTED_EDGE('',*,*,#775,.T.);
#1072=CARTESIAN_POINT('',(19.55452272,27.91163302,46.755286844));
#1073=DIRECTION('',(0.,0.,1.));
#1074=VECTOR('',#1073,5.314728338);
#1075=LINE('',#1072,#1074);
#1076=EDGE_CURVE('',#762,#1063,#1075,.T.);
#1077=ORIENTED_EDGE('',*,*,#1076,.T.);
#1078=EDGE_LOOP('',(#1069,#1070,#1071,#1077));
#1079=FACE_BOUND('',#1078,.T.);
#1080=ADVANCED_FACE('',(#1079),#1061,.T.);
#1081=CARTESIAN_POINT('',(19.55452272,27.91163302,46.755286844));
#1082=DIRECTION('',(0.,-1.,0.));
#1083=DIRECTION('',(1.,0.,-0.));
#1084=AXIS2_PLACEMENT_3D('',#1081,#1082,#1083);
#1085=PLANE('',#1084);
#1086=CARTESIAN_POINT('',(21.00452272,27.91163302,52.070015182));
#1087=VERTEX_POINT('',#1086);
#1088=CARTESIAN_POINT('',(19.55452272,27.91163302,52.070015182));
#1089=DIRECTION('',(1.,0.,0.));
#1090=VECTOR('',#1089,1.45);
#1091=LINE('',#1088,#1090);
#1092=EDGE_CURVE('',#1063,#1087,#1091,.T.);
#1093=ORIENTED_EDGE('',*,*,#1092,.F.);
#1094=ORIENTED_EDGE('',*,*,#1076,.F.);
#1095=ORIENTED_EDGE('',*,*,#767,.T.);
#1096=CARTESIAN_POINT('',(21.00452272,27.91163302,46.755286844));
#1097=DIRECTION('',(-0.,0.,1.));
#1098=VECTOR('',#1097,5.314728338);
#1099=LINE('',#1096,#1098);
#1100=EDGE_CURVE('',#754,#1087,#1099,.T.);
#1101=ORIENTED_EDGE('',*,*,#1100,.T.);
#1102=EDGE_LOOP('',(#1093,#1094,#1095,#1101));
#1103=FACE_BOUND('',#1102,.T.);
#1104=ADVANCED_FACE('',(#1103),#1085,.T.);
#1105=CARTESIAN_POINT('',(21.00452272,27.91163302,46.755286844));
#1106=DIRECTION('',(1.,-0.,0.));
#1107=DIRECTION('',(0.,1.,-0.));
#1108=AXIS2_PLACEMENT_3D('',#1105,#1106,#1107);
#1109=PLANE('',#1108);
#1110=CARTESIAN_POINT('',(21.00452272,27.91163302,52.070015182));
#1111=DIRECTION('',(0.,1.,0.));
#1112=VECTOR('',#1111,1.4);
#1113=LINE('',#1110,#1112);
#1114=EDGE_CURVE('',#1087,#967,#1113,.T.);
#1115=ORIENTED_EDGE('',*,*,#1114,.F.);
#1116=ORIENTED_EDGE('',*,*,#1100,.F.);
#1117=ORIENTED_EDGE('',*,*,#759,.T.);
#1118=ORIENTED_EDGE('',*,*,#978,.T.);
#1119=EDGE_LOOP('',(#1115,#1116,#1117,#1118));
#1120=FACE_BOUND('',#1119,.T.);
#1121=ADVANCED_FACE('',(#1120),#1109,.T.);
#1122=CARTESIAN_POINT('',(21.55452272,27.31163302,52.070015182));
#1123=DIRECTION('',(0.,0.,-1.));
#1124=DIRECTION('',(-1.,0.,0.));
#1125=AXIS2_PLACEMENT_3D('',#1122,#1123,#1124);
#1126=PLANE('',#1125);
#1127=ORIENTED_EDGE('',*,*,#972,.T.);
#1128=ORIENTED_EDGE('',*,*,#847,.T.);
#1129=ORIENTED_EDGE('',*,*,#876,.T.);
#1130=ORIENTED_EDGE('',*,*,#900,.T.);
#1131=ORIENTED_EDGE('',*,*,#924,.T.);
#1132=ORIENTED_EDGE('',*,*,#948,.T.);
#1133=ORIENTED_EDGE('',*,*,#996,.T.);
#1134=ORIENTED_EDGE('',*,*,#1020,.T.);
#1135=ORIENTED_EDGE('',*,*,#1044,.T.);
#1136=ORIENTED_EDGE('',*,*,#1068,.T.);
#1137=ORIENTED_EDGE('',*,*,#1092,.T.);
#1138=ORIENTED_EDGE('',*,*,#1114,.T.);
#1139=EDGE_LOOP('',(#1127,#1128,#1129,#1130,#1131,#1132,#1133,#1134,#1135,#1136,#1137,#1138));
#1140=FACE_BOUND('',#1139,.T.);
#1141=ADVANCED_FACE('',(#1140),#1126,.T.);
#1142=CARTESIAN_POINT('',(21.55452272,27.31163302,52.070015182));
#1143=DIRECTION('',(0.,0.,-1.));
#1144=DIRECTION('',(-1.,0.,0.));
#1145=AXIS2_PLACEMENT_3D('',#1142,#1143,#1144);
#1146=PLANE('',#1145);
#1147=ORIENTED_EDGE('',*,*,#714,.T.);
#1148=ORIENTED_EDGE('',*,*,#721,.T.);
#1149=EDGE_LOOP('',(#1147,#1148));
#1150=FACE_BOUND('',#1149,.T.);
#1151=CARTESIAN_POINT('',(30.478731787,36.235842087,52.070015182));
#1152=VERTEX_POINT('',#1151);
#1153=CARTESIAN_POINT('',(30.478731787,18.387423953,52.070015182));
#1154=VERTEX_POINT('',#1153);
#1155=CARTESIAN_POINT('',(30.478731787,36.235842087,52.070015182));
#1156=DIRECTION('',(0.,-1.,0.));
#1157=VECTOR('',#1156,17.848418134);
#1158=LINE('',#1155,#1157);
#1159=EDGE_CURVE('',#1152,#1154,#1158,.T.);
#1160=ORIENTED_EDGE('',*,*,#1159,.T.);
#1161=CARTESIAN_POINT('',(12.630313653,18.387423953,52.070015182));
#1162=VERTEX_POINT('',#1161);
#1163=CARTESIAN_POINT('',(30.478731787,18.387423953,52.070015182));
#1164=DIRECTION('',(-1.,0.,0.));
#1165=VECTOR('',#1164,17.848418134);
#1166=LINE('',#1163,#1165);
#1167=EDGE_CURVE('',#1154,#1162,#1166,.T.);
#1168=ORIENTED_EDGE('',*,*,#1167,.T.);
#1169=CARTESIAN_POINT('',(12.630313653,36.235842087,52.070015182));
#1170=VERTEX_POINT('',#1169);
#1171=CARTESIAN_POINT('',(12.630313653,18.387423953,52.070015182));
#1172=DIRECTION('',(0.,1.,0.));
#1173=VECTOR('',#1172,17.848418134);
#1174=LINE('',#1171,#1173);
#1175=EDGE_CURVE('',#1162,#1170,#1174,.T.);
#1176=ORIENTED_EDGE('',*,*,#1175,.T.);
#1177=CARTESIAN_POINT('',(12.630313653,36.235842087,52.070015182));
#1178=DIRECTION('',(1.,0.,-0.));
#1179=VECTOR('',#1178,17.848418134);
#1180=LINE('',#1177,#1179);
#1181=EDGE_CURVE('',#1170,#1152,#1180,.T.);
#1182=ORIENTED_EDGE('',*,*,#1181,.T.);
#1183=EDGE_LOOP('',(#1160,#1168,#1176,#1182));
#1184=FACE_BOUND('',#1183,.T.);
#1185=ADVANCED_FACE('',(#1150,#1184),#1146,.T.);
#1186=CARTESIAN_POINT('',(34.05452272,39.81163302,53.070015182));
#1187=DIRECTION('',(1.,0.,0.));
#1188=DIRECTION('',(0.,0.,-1.));
#1189=AXIS2_PLACEMENT_3D('',#1186,#1187,#1188);
#1190=PLANE('',#1189);
#1191=CARTESIAN_POINT('',(34.05452272,36.81163302,46.570015182));
#1192=VERTEX_POINT('',#1191);
#1193=CARTESIAN_POINT('',(34.05452272,36.81163302,53.070015182));
#1194=VERTEX_POINT('',#1193);
#1195=CARTESIAN_POINT('',(34.05452272,36.81163302,46.570015182));
#1196=DIRECTION('',(-0.,-0.,1.));
#1197=VECTOR('',#1196,6.5);
#1198=LINE('',#1195,#1197);
#1199=EDGE_CURVE('',#1192,#1194,#1198,.T.);
#1200=ORIENTED_EDGE('',*,*,#1199,.T.);
#1201=CARTESIAN_POINT('',(34.05452272,17.81163302,53.070015182));
#1202=VERTEX_POINT('',#1201);
#1203=CARTESIAN_POINT('',(34.05452272,36.81163302,53.070015182));
#1204=DIRECTION('',(0.,-1.,0.));
#1205=VECTOR('',#1204,19.);
#1206=LINE('',#1203,#1205);
#1207=EDGE_CURVE('',#1194,#1202,#1206,.T.);
#1208=ORIENTED_EDGE('',*,*,#1207,.T.);
#1209=CARTESIAN_POINT('',(34.05452272,17.81163302,46.570015182));
#1210=VERTEX_POINT('',#1209);
#1211=CARTESIAN_POINT('',(34.05452272,17.81163302,53.070015182));
#1212=DIRECTION('',(0.,0.,-1.));
#1213=VECTOR('',#1212,6.5);
#1214=LINE('',#1211,#1213);
#1215=EDGE_CURVE('',#1202,#1210,#1214,.T.);
#1216=ORIENTED_EDGE('',*,*,#1215,.T.);
#1217=CARTESIAN_POINT('',(34.05452272,36.81163302,46.570015182));
#1218=DIRECTION('',(0.,-1.,0.));
#1219=VECTOR('',#1218,19.);
#1220=LINE('',#1217,#1219);
#1221=EDGE_CURVE('',#1192,#1210,#1220,.T.);
#1222=ORIENTED_EDGE('',*,*,#1221,.F.);
#1223=EDGE_LOOP('',(#1200,#1208,#1216,#1222));
#1224=FACE_BOUND('',#1223,.T.);
#1225=ADVANCED_FACE('',(#1224),#1190,.T.);
#1226=CARTESIAN_POINT('',(34.05452272,14.81163302,53.070015182));
#1227=DIRECTION('',(0.,-1.,0.));
#1228=DIRECTION('',(0.,0.,-1.));
#1229=AXIS2_PLACEMENT_3D('',#1226,#1227,#1228);
#1230=PLANE('',#1229);
#1231=CARTESIAN_POINT('',(31.05452272,14.81163302,46.570015182));
#1232=VERTEX_POINT('',#1231);
#1233=CARTESIAN_POINT('',(31.05452272,14.81163302,53.070015182));
#1234=VERTEX_POINT('',#1233);
#1235=CARTESIAN_POINT('',(31.05452272,14.81163302,46.570015182));
#1236=DIRECTION('',(-0.,-0.,1.));
#1237=VECTOR('',#1236,6.5);
#1238=LINE('',#1235,#1237);
#1239=EDGE_CURVE('',#1232,#1234,#1238,.T.);
#1240=ORIENTED_EDGE('',*,*,#1239,.T.);
#1241=CARTESIAN_POINT('',(12.05452272,14.81163302,53.070015182));
#1242=VERTEX_POINT('',#1241);
#1243=CARTESIAN_POINT('',(31.05452272,14.81163302,53.070015182));
#1244=DIRECTION('',(-1.,0.,0.));
#1245=VECTOR('',#1244,19.);
#1246=LINE('',#1243,#1245);
#1247=EDGE_CURVE('',#1234,#1242,#1246,.T.);
#1248=ORIENTED_EDGE('',*,*,#1247,.T.);
#1249=CARTESIAN_POINT('',(12.05452272,14.81163302,46.570015182));
#1250=VERTEX_POINT('',#1249);
#1251=CARTESIAN_POINT('',(12.05452272,14.81163302,53.070015182));
#1252=DIRECTION('',(0.,0.,-1.));
#1253=VECTOR('',#1252,6.5);
#1254=LINE('',#1251,#1253);
#1255=EDGE_CURVE('',#1242,#1250,#1254,.T.);
#1256=ORIENTED_EDGE('',*,*,#1255,.T.);
#1257=CARTESIAN_POINT('',(31.05452272,14.81163302,46.570015182));
#1258=DIRECTION('',(-1.,0.,0.));
#1259=VECTOR('',#1258,19.);
#1260=LINE('',#1257,#1259);
#1261=EDGE_CURVE('',#1232,#1250,#1260,.T.);
#1262=ORIENTED_EDGE('',*,*,#1261,.F.);
#1263=EDGE_LOOP('',(#1240,#1248,#1256,#1262));
#1264=FACE_BOUND('',#1263,.T.);
#1265=ADVANCED_FACE('',(#1264),#1230,.T.);
#1266=CARTESIAN_POINT('',(9.05452272,14.81163302,53.070015182));
#1267=DIRECTION('',(-1.,0.,0.));
#1268=DIRECTION('',(0.,0.,1.));
#1269=AXIS2_PLACEMENT_3D('',#1266,#1267,#1268);
#1270=PLANE('',#1269);
#1271=CARTESIAN_POINT('',(9.05452272,17.81163302,46.570015182));
#1272=VERTEX_POINT('',#1271);
#1273=CARTESIAN_POINT('',(9.05452272,17.81163302,53.070015182));
#1274=VERTEX_POINT('',#1273);
#1275=CARTESIAN_POINT('',(9.05452272,17.81163302,46.570015182));
#1276=DIRECTION('',(-0.,-0.,1.));
#1277=VECTOR('',#1276,6.5);
#1278=LINE('',#1275,#1277);
#1279=EDGE_CURVE('',#1272,#1274,#1278,.T.);
#1280=ORIENTED_EDGE('',*,*,#1279,.T.);
#1281=CARTESIAN_POINT('',(9.05452272,36.81163302,53.070015182));
#1282=VERTEX_POINT('',#1281);
#1283=CARTESIAN_POINT('',(9.05452272,17.81163302,53.070015182));
#1284=DIRECTION('',(0.,1.,0.));
#1285=VECTOR('',#1284,19.);
#1286=LINE('',#1283,#1285);
#1287=EDGE_CURVE('',#1274,#1282,#1286,.T.);
#1288=ORIENTED_EDGE('',*,*,#1287,.T.);
#1289=CARTESIAN_POINT('',(9.05452272,36.81163302,46.570015182));
#1290=VERTEX_POINT('',#1289);
#1291=CARTESIAN_POINT('',(9.05452272,36.81163302,53.070015182));
#1292=DIRECTION('',(0.,0.,-1.));
#1293=VECTOR('',#1292,6.5);
#1294=LINE('',#1291,#1293);
#1295=EDGE_CURVE('',#1282,#1290,#1294,.T.);
#1296=ORIENTED_EDGE('',*,*,#1295,.T.);
#1297=CARTESIAN_POINT('',(9.05452272,17.81163302,46.570015182));
#1298=DIRECTION('',(0.,1.,0.));
#1299=VECTOR('',#1298,19.);
#1300=LINE('',#1297,#1299);
#1301=EDGE_CURVE('',#1272,#1290,#1300,.T.);
#1302=ORIENTED_EDGE('',*,*,#1301,.F.);
#1303=EDGE_LOOP('',(#1280,#1288,#1296,#1302));
#1304=FACE_BOUND('',#1303,.T.);
#1305=ADVANCED_FACE('',(#1304),#1270,.T.);
#1306=CARTESIAN_POINT('',(9.05452272,39.81163302,53.070015182));
#1307=DIRECTION('',(0.,1.,0.));
#1308=DIRECTION('',(0.,0.,1.));
#1309=AXIS2_PLACEMENT_3D('',#1306,#1307,#1308);
#1310=PLANE('',#1309);
#1311=CARTESIAN_POINT('',(12.05452272,39.81163302,46.570015182));
#1312=VERTEX_POINT('',#1311);
#1313=CARTESIAN_POINT('',(12.05452272,39.81163302,53.070015182));
#1314=VERTEX_POINT('',#1313);
#1315=CARTESIAN_POINT('',(12.05452272,39.81163302,46.570015182));
#1316=DIRECTION('',(-0.,-0.,1.));
#1317=VECTOR('',#1316,6.5);
#1318=LINE('',#1315,#1317);
#1319=EDGE_CURVE('',#1312,#1314,#1318,.T.);
#1320=ORIENTED_EDGE('',*,*,#1319,.T.);
#1321=CARTESIAN_POINT('',(31.05452272,39.81163302,53.070015182));
#1322=VERTEX_POINT('',#1321);
#1323=CARTESIAN_POINT('',(12.05452272,39.81163302,53.070015182));
#1324=DIRECTION('',(1.,0.,-0.));
#1325=VECTOR('',#1324,19.);
#1326=LINE('',#1323,#1325);
#1327=EDGE_CURVE('',#1314,#1322,#1326,.T.);
#1328=ORIENTED_EDGE('',*,*,#1327,.T.);
#1329=CARTESIAN_POINT('',(31.05452272,39.81163302,46.570015182));
#1330=VERTEX_POINT('',#1329);
#1331=CARTESIAN_POINT('',(31.05452272,39.81163302,53.070015182));
#1332=DIRECTION('',(0.,0.,-1.));
#1333=VECTOR('',#1332,6.5);
#1334=LINE('',#1331,#1333);
#1335=EDGE_CURVE('',#1322,#1330,#1334,.T.);
#1336=ORIENTED_EDGE('',*,*,#1335,.T.);
#1337=CARTESIAN_POINT('',(12.05452272,39.81163302,46.570015182));
#1338=DIRECTION('',(1.,0.,-0.));
#1339=VECTOR('',#1338,19.);
#1340=LINE('',#1337,#1339);
#1341=EDGE_CURVE('',#1312,#1330,#1340,.T.);
#1342=ORIENTED_EDGE('',*,*,#1341,.F.);
#1343=EDGE_LOOP('',(#1320,#1328,#1336,#1342));
#1344=FACE_BOUND('',#1343,.T.);
#1345=ADVANCED_FACE('',(#1344),#1310,.T.);
#1346=CARTESIAN_POINT('',(9.05452272,36.235842087,46.570015182));
#1347=DIRECTION('',(0.,-1.,0.));
#1348=DIRECTION('',(0.,0.,-1.));
#1349=AXIS2_PLACEMENT_3D('',#1346,#1347,#1348);
#1350=PLANE('',#1349);
#1351=CARTESIAN_POINT('',(12.630313653,36.235842087,46.570015182));
#1352=VERTEX_POINT('',#1351);
#1353=CARTESIAN_POINT('',(30.478731787,36.235842087,46.570015182));
#1354=VERTEX_POINT('',#1353);
#1355=CARTESIAN_POINT('',(12.630313653,36.235842087,46.570015182));
#1356=DIRECTION('',(1.,0.,-0.));
#1357=VECTOR('',#1356,17.848418134);
#1358=LINE('',#1355,#1357);
#1359=EDGE_CURVE('',#1352,#1354,#1358,.T.);
#1360=ORIENTED_EDGE('',*,*,#1359,.T.);
#1361=CARTESIAN_POINT('',(30.478731787,36.235842087,52.070015182));
#1362=DIRECTION('',(0.,0.,-1.));
#1363=VECTOR('',#1362,5.5);
#1364=LINE('',#1361,#1363);
#1365=EDGE_CURVE('',#1152,#1354,#1364,.T.);
#1366=ORIENTED_EDGE('',*,*,#1365,.F.);
#1367=ORIENTED_EDGE('',*,*,#1181,.F.);
#1368=CARTESIAN_POINT('',(12.630313653,36.235842087,52.070015182));
#1369=DIRECTION('',(0.,0.,-1.));
#1370=VECTOR('',#1369,5.5);
#1371=LINE('',#1368,#1370);
#1372=EDGE_CURVE('',#1170,#1352,#1371,.T.);
#1373=ORIENTED_EDGE('',*,*,#1372,.T.);
#1374=EDGE_LOOP('',(#1360,#1366,#1367,#1373));
#1375=FACE_BOUND('',#1374,.T.);
#1376=ADVANCED_FACE('',(#1375),#1350,.T.);
#1377=CARTESIAN_POINT('',(12.630313653,14.81163302,46.570015182));
#1378=DIRECTION('',(1.,0.,0.));
#1379=DIRECTION('',(0.,0.,-1.));
#1380=AXIS2_PLACEMENT_3D('',#1377,#1378,#1379);
#1381=PLANE('',#1380);
#1382=CARTESIAN_POINT('',(12.630313653,18.387423953,46.570015182));
#1383=VERTEX_POINT('',#1382);
#1384=CARTESIAN_POINT('',(12.630313653,18.387423953,46.570015182));
#1385=DIRECTION('',(0.,1.,0.));
#1386=VECTOR('',#1385,17.848418134);
#1387=LINE('',#1384,#1386);
#1388=EDGE_CURVE('',#1383,#1352,#1387,.T.);
#1389=ORIENTED_EDGE('',*,*,#1388,.T.);
#1390=ORIENTED_EDGE('',*,*,#1372,.F.);
#1391=ORIENTED_EDGE('',*,*,#1175,.F.);
#1392=CARTESIAN_POINT('',(12.630313653,18.387423953,52.070015182));
#1393=DIRECTION('',(0.,0.,-1.));
#1394=VECTOR('',#1393,5.5);
#1395=LINE('',#1392,#1394);
#1396=EDGE_CURVE('',#1162,#1383,#1395,.T.);
#1397=ORIENTED_EDGE('',*,*,#1396,.T.);
#1398=EDGE_LOOP('',(#1389,#1390,#1391,#1397));
#1399=FACE_BOUND('',#1398,.T.);
#1400=ADVANCED_FACE('',(#1399),#1381,.T.);
#1401=CARTESIAN_POINT('',(34.05452272,18.387423953,46.570015182));
#1402=DIRECTION('',(0.,1.,0.));
#1403=DIRECTION('',(0.,0.,1.));
#1404=AXIS2_PLACEMENT_3D('',#1401,#1402,#1403);
#1405=PLANE('',#1404);
#1406=ORIENTED_EDGE('',*,*,#1167,.F.);
#1407=CARTESIAN_POINT('',(30.478731787,18.387423953,46.570015182));
#1408=VERTEX_POINT('',#1407);
#1409=CARTESIAN_POINT('',(30.478731787,18.387423953,52.070015182));
#1410=DIRECTION('',(0.,0.,-1.));
#1411=VECTOR('',#1410,5.5);
#1412=LINE('',#1409,#1411);
#1413=EDGE_CURVE('',#1154,#1408,#1412,.T.);
#1414=ORIENTED_EDGE('',*,*,#1413,.T.);
#1415=CARTESIAN_POINT('',(30.478731787,18.387423953,46.570015182));
#1416=DIRECTION('',(-1.,0.,0.));
#1417=VECTOR('',#1416,17.848418134);
#1418=LINE('',#1415,#1417);
#1419=EDGE_CURVE('',#1408,#1383,#1418,.T.);
#1420=ORIENTED_EDGE('',*,*,#1419,.T.);
#1421=ORIENTED_EDGE('',*,*,#1396,.F.);
#1422=EDGE_LOOP('',(#1406,#1414,#1420,#1421));
#1423=FACE_BOUND('',#1422,.T.);
#1424=ADVANCED_FACE('',(#1423),#1405,.T.);
#1425=CARTESIAN_POINT('',(30.478731787,39.81163302,46.570015182));
#1426=DIRECTION('',(-1.,0.,0.));
#1427=DIRECTION('',(0.,0.,1.));
#1428=AXIS2_PLACEMENT_3D('',#1425,#1426,#1427);
#1429=PLANE('',#1428);
#1430=CARTESIAN_POINT('',(30.478731787,36.235842087,46.570015182));
#1431=DIRECTION('',(0.,-1.,0.));
#1432=VECTOR('',#1431,17.848418134);
#1433=LINE('',#1430,#1432);
#1434=EDGE_CURVE('',#1354,#1408,#1433,.T.);
#1435=ORIENTED_EDGE('',*,*,#1434,.T.);
#1436=ORIENTED_EDGE('',*,*,#1413,.F.);
#1437=ORIENTED_EDGE('',*,*,#1159,.F.);
#1438=ORIENTED_EDGE('',*,*,#1365,.T.);
#1439=EDGE_LOOP('',(#1435,#1436,#1437,#1438));
#1440=FACE_BOUND('',#1439,.T.);
#1441=ADVANCED_FACE('',(#1440),#1429,.T.);
#1442=CARTESIAN_POINT('',(21.55452272,27.31163302,46.570015182));
#1443=DIRECTION('',(0.,0.,-1.));
#1444=DIRECTION('',(-1.,0.,0.));
#1445=AXIS2_PLACEMENT_3D('',#1442,#1443,#1444);
#1446=PLANE('',#1445);
#1447=ORIENTED_EDGE('',*,*,#1359,.F.);
#1448=ORIENTED_EDGE('',*,*,#1388,.F.);
#1449=ORIENTED_EDGE('',*,*,#1419,.F.);
#1450=ORIENTED_EDGE('',*,*,#1434,.F.);
#1451=EDGE_LOOP('',(#1447,#1448,#1449,#1450));
#1452=FACE_BOUND('',#1451,.T.);
#1453=ORIENTED_EDGE('',*,*,#1261,.T.);
#1454=CARTESIAN_POINT('',(12.05452272,17.81163302,46.570015182));
#1455=DIRECTION('',(0.,0.,-1.));
#1456=DIRECTION('',(-1.,0.,0.));
#1457=AXIS2_PLACEMENT_3D('',#1454,#1455,#1456);
#1458=CIRCLE('',#1457,3.);
#1459=EDGE_CURVE('',#1250,#1272,#1458,.T.);
#1460=ORIENTED_EDGE('',*,*,#1459,.T.);
#1461=ORIENTED_EDGE('',*,*,#1301,.T.);
#1462=CARTESIAN_POINT('',(12.05452272,36.81163302,46.570015182));
#1463=DIRECTION('',(0.,0.,-1.));
#1464=DIRECTION('',(-1.,0.,0.));
#1465=AXIS2_PLACEMENT_3D('',#1462,#1463,#1464);
#1466=CIRCLE('',#1465,3.);
#1467=EDGE_CURVE('',#1290,#1312,#1466,.T.);
#1468=ORIENTED_EDGE('',*,*,#1467,.T.);
#1469=ORIENTED_EDGE('',*,*,#1341,.T.);
#1470=CARTESIAN_POINT('',(31.05452272,36.81163302,46.570015182));
#1471=DIRECTION('',(0.,0.,-1.));
#1472=DIRECTION('',(-1.,0.,0.));
#1473=AXIS2_PLACEMENT_3D('',#1470,#1471,#1472);
#1474=CIRCLE('',#1473,3.);
#1475=EDGE_CURVE('',#1330,#1192,#1474,.T.);
#1476=ORIENTED_EDGE('',*,*,#1475,.T.);
#1477=ORIENTED_EDGE('',*,*,#1221,.T.);
#1478=CARTESIAN_POINT('',(31.05452272,17.81163302,46.570015182));
#1479=DIRECTION('',(0.,0.,-1.));
#1480=DIRECTION('',(-1.,0.,0.));
#1481=AXIS2_PLACEMENT_3D('',#1478,#1479,#1480);
#1482=CIRCLE('',#1481,3.);
#1483=EDGE_CURVE('',#1210,#1232,#1482,.T.);
#1484=ORIENTED_EDGE('',*,*,#1483,.T.);
#1485=EDGE_LOOP('',(#1453,#1460,#1461,#1468,#1469,#1476,#1477,#1484));
#1486=FACE_BOUND('',#1485,.T.);
#1487=ADVANCED_FACE('',(#1452,#1486),#1446,.T.);
#1488=CARTESIAN_POINT('',(12.05452272,17.81163302,53.070015182));
#1489=DIRECTION('',(0.,0.,-1.));
#1490=DIRECTION('',(-1.,0.,0.));
#1491=AXIS2_PLACEMENT_3D('',#1488,#1489,#1490);
#1492=CYLINDRICAL_SURFACE('',#1491,3.);
#1493=ORIENTED_EDGE('',*,*,#1255,.F.);
#1494=CARTESIAN_POINT('',(12.05452272,17.81163302,53.070015182));
#1495=DIRECTION('',(0.,0.,-1.));
#1496=DIRECTION('',(-1.,0.,0.));
#1497=AXIS2_PLACEMENT_3D('',#1494,#1495,#1496);
#1498=CIRCLE('',#1497,3.);
#1499=EDGE_CURVE('',#1242,#1274,#1498,.T.);
#1500=ORIENTED_EDGE('',*,*,#1499,.T.);
#1501=ORIENTED_EDGE('',*,*,#1279,.F.);
#1502=ORIENTED_EDGE('',*,*,#1459,.F.);
#1503=EDGE_LOOP('',(#1493,#1500,#1501,#1502));
#1504=FACE_BOUND('',#1503,.T.);
#1505=ADVANCED_FACE('',(#1504),#1492,.T.);
#1506=CARTESIAN_POINT('',(12.05452272,36.81163302,53.070015182));
#1507=DIRECTION('',(0.,0.,-1.));
#1508=DIRECTION('',(-1.,0.,0.));
#1509=AXIS2_PLACEMENT_3D('',#1506,#1507,#1508);
#1510=CYLINDRICAL_SURFACE('',#1509,3.);
#1511=ORIENTED_EDGE('',*,*,#1295,.F.);
#1512=CARTESIAN_POINT('',(12.05452272,36.81163302,53.070015182));
#1513=DIRECTION('',(0.,0.,-1.));
#1514=DIRECTION('',(-1.,0.,0.));
#1515=AXIS2_PLACEMENT_3D('',#1512,#1513,#1514);
#1516=CIRCLE('',#1515,3.);
#1517=EDGE_CURVE('',#1282,#1314,#1516,.T.);
#1518=ORIENTED_EDGE('',*,*,#1517,.T.);
#1519=ORIENTED_EDGE('',*,*,#1319,.F.);
#1520=ORIENTED_EDGE('',*,*,#1467,.F.);
#1521=EDGE_LOOP('',(#1511,#1518,#1519,#1520));
#1522=FACE_BOUND('',#1521,.T.);
#1523=ADVANCED_FACE('',(#1522),#1510,.T.);
#1524=CARTESIAN_POINT('',(31.05452272,36.81163302,53.070015182));
#1525=DIRECTION('',(0.,0.,-1.));
#1526=DIRECTION('',(-1.,0.,0.));
#1527=AXIS2_PLACEMENT_3D('',#1524,#1525,#1526);
#1528=CYLINDRICAL_SURFACE('',#1527,3.);
#1529=ORIENTED_EDGE('',*,*,#1335,.F.);
#1530=CARTESIAN_POINT('',(31.05452272,36.81163302,53.070015182));
#1531=DIRECTION('',(0.,0.,-1.));
#1532=DIRECTION('',(-1.,0.,0.));
#1533=AXIS2_PLACEMENT_3D('',#1530,#1531,#1532);
#1534=CIRCLE('',#1533,3.);
#1535=EDGE_CURVE('',#1322,#1194,#1534,.T.);
#1536=ORIENTED_EDGE('',*,*,#1535,.T.);
#1537=ORIENTED_EDGE('',*,*,#1199,.F.);
#1538=ORIENTED_EDGE('',*,*,#1475,.F.);
#1539=EDGE_LOOP('',(#1529,#1536,#1537,#1538));
#1540=FACE_BOUND('',#1539,.T.);
#1541=ADVANCED_FACE('',(#1540),#1528,.T.);
#1542=CARTESIAN_POINT('',(31.05452272,17.81163302,53.070015182));
#1543=DIRECTION('',(0.,0.,-1.));
#1544=DIRECTION('',(-1.,0.,0.));
#1545=AXIS2_PLACEMENT_3D('',#1542,#1543,#1544);
#1546=CYLINDRICAL_SURFACE('',#1545,3.);
#1547=ORIENTED_EDGE('',*,*,#1215,.F.);
#1548=CARTESIAN_POINT('',(31.05452272,17.81163302,53.070015182));
#1549=DIRECTION('',(0.,0.,-1.));
#1550=DIRECTION('',(-1.,0.,0.));
#1551=AXIS2_PLACEMENT_3D('',#1548,#1549,#1550);
#1552=CIRCLE('',#1551,3.);
#1553=EDGE_CURVE('',#1202,#1234,#1552,.T.);
#1554=ORIENTED_EDGE('',*,*,#1553,.T.);
#1555=ORIENTED_EDGE('',*,*,#1239,.F.);
#1556=ORIENTED_EDGE('',*,*,#1483,.F.);
#1557=EDGE_LOOP('',(#1547,#1554,#1555,#1556));
#1558=FACE_BOUND('',#1557,.T.);
#1559=ADVANCED_FACE('',(#1558),#1546,.T.);
#1560=CARTESIAN_POINT('',(9.05452272,38.81163302,53.070015182));
#1561=DIRECTION('',(-1.,0.,0.));
#1562=DIRECTION('',(0.,0.,1.));
#1563=AXIS2_PLACEMENT_3D('',#1560,#1561,#1562);
#1564=CYLINDRICAL_SURFACE('',#1563,1.);
#1565=CARTESIAN_POINT('',(12.05452272,38.81163302,53.070015182));
#1566=DIRECTION('',(-1.,0.,0.));
#1567=DIRECTION('',(0.,0.,1.));
#1568=AXIS2_PLACEMENT_3D('',#1565,#1566,#1567);
#1569=CIRCLE('',#1568,1.);
#1570=EDGE_CURVE('',#129,#1314,#1569,.T.);
#1571=ORIENTED_EDGE('',*,*,#1570,.F.);
#1572=ORIENTED_EDGE('',*,*,#194,.F.);
#1573=CARTESIAN_POINT('',(31.05452272,38.81163302,53.070015182));
#1574=DIRECTION('',(1.,0.,0.));
#1575=DIRECTION('',(0.,0.,-1.));
#1576=AXIS2_PLACEMENT_3D('',#1573,#1574,#1575);
#1577=CIRCLE('',#1576,1.);
#1578=EDGE_CURVE('',#1322,#182,#1577,.T.);
#1579=ORIENTED_EDGE('',*,*,#1578,.F.);
#1580=ORIENTED_EDGE('',*,*,#1327,.F.);
#1581=EDGE_LOOP('',(#1571,#1572,#1579,#1580));
#1582=FACE_BOUND('',#1581,.T.);
#1583=ADVANCED_FACE('',(#1582),#1564,.T.);
#1584=CARTESIAN_POINT('',(31.05452272,36.81163302,53.070015182));
#1585=DIRECTION('',(0.,0.,-1.));
#1586=DIRECTION('',(-1.,0.,0.));
#1587=AXIS2_PLACEMENT_3D('',#1584,#1585,#1586);
#1588=TOROIDAL_SURFACE('',#1587,2.,1.);
#1589=ORIENTED_EDGE('',*,*,#1578,.T.);
#1590=ORIENTED_EDGE('',*,*,#188,.F.);
#1591=CARTESIAN_POINT('',(33.05452272,36.81163302,53.070015182));
#1592=DIRECTION('',(0.,-1.,0.));
#1593=DIRECTION('',(0.,0.,-1.));
#1594=AXIS2_PLACEMENT_3D('',#1591,#1592,#1593);
#1595=CIRCLE('',#1594,1.);
#1596=EDGE_CURVE('',#1194,#174,#1595,.T.);
#1597=ORIENTED_EDGE('',*,*,#1596,.F.);
#1598=ORIENTED_EDGE('',*,*,#1535,.F.);
#1599=EDGE_LOOP('',(#1589,#1590,#1597,#1598));
#1600=FACE_BOUND('',#1599,.T.);
#1601=ADVANCED_FACE('',(#1600),#1588,.T.);
#1602=CARTESIAN_POINT('',(12.05452272,36.81163302,53.070015182));
#1603=DIRECTION('',(0.,0.,-1.));
#1604=DIRECTION('',(-1.,0.,0.));
#1605=AXIS2_PLACEMENT_3D('',#1602,#1603,#1604);
#1606=TOROIDAL_SURFACE('',#1605,2.,1.);
#1607=ORIENTED_EDGE('',*,*,#1570,.T.);
#1608=ORIENTED_EDGE('',*,*,#1517,.F.);
#1609=CARTESIAN_POINT('',(10.05452272,36.81163302,53.070015182));
#1610=DIRECTION('',(0.,-1.,0.));
#1611=DIRECTION('',(0.,0.,-1.));
#1612=AXIS2_PLACEMENT_3D('',#1609,#1610,#1611);
#1613=CIRCLE('',#1612,1.);
#1614=EDGE_CURVE('',#131,#1282,#1613,.T.);
#1615=ORIENTED_EDGE('',*,*,#1614,.F.);
#1616=ORIENTED_EDGE('',*,*,#137,.F.);
#1617=EDGE_LOOP('',(#1607,#1608,#1615,#1616));
#1618=FACE_BOUND('',#1617,.T.);
#1619=ADVANCED_FACE('',(#1618),#1606,.T.);
#1620=CARTESIAN_POINT('',(33.05452272,39.81163302,53.070015182));
#1621=DIRECTION('',(0.,1.,0.));
#1622=DIRECTION('',(0.,-0.,1.));
#1623=AXIS2_PLACEMENT_3D('',#1620,#1621,#1622);
#1624=CYLINDRICAL_SURFACE('',#1623,1.);
#1625=ORIENTED_EDGE('',*,*,#1596,.T.);
#1626=ORIENTED_EDGE('',*,*,#179,.F.);
#1627=CARTESIAN_POINT('',(33.05452272,17.81163302,53.070015182));
#1628=DIRECTION('',(0.,-1.,0.));
#1629=DIRECTION('',(0.,0.,-1.));
#1630=AXIS2_PLACEMENT_3D('',#1627,#1628,#1629);
#1631=CIRCLE('',#1630,1.);
#1632=EDGE_CURVE('',#1202,#165,#1631,.T.);
#1633=ORIENTED_EDGE('',*,*,#1632,.F.);
#1634=ORIENTED_EDGE('',*,*,#1207,.F.);
#1635=EDGE_LOOP('',(#1625,#1626,#1633,#1634));
#1636=FACE_BOUND('',#1635,.T.);
#1637=ADVANCED_FACE('',(#1636),#1624,.T.);
#1638=CARTESIAN_POINT('',(10.05452272,14.81163302,53.070015182));
#1639=DIRECTION('',(0.,-1.,0.));
#1640=DIRECTION('',(0.,0.,-1.));
#1641=AXIS2_PLACEMENT_3D('',#1638,#1639,#1640);
#1642=CYLINDRICAL_SURFACE('',#1641,1.);
#1643=ORIENTED_EDGE('',*,*,#1614,.T.);
#1644=ORIENTED_EDGE('',*,*,#1287,.F.);
#1645=CARTESIAN_POINT('',(10.05452272,17.81163302,53.070015182));
#1646=DIRECTION('',(0.,-1.,0.));
#1647=DIRECTION('',(0.,0.,-1.));
#1648=AXIS2_PLACEMENT_3D('',#1645,#1646,#1647);
#1649=CIRCLE('',#1648,1.);
#1650=EDGE_CURVE('',#140,#1274,#1649,.T.);
#1651=ORIENTED_EDGE('',*,*,#1650,.F.);
#1652=ORIENTED_EDGE('',*,*,#145,.F.);
#1653=EDGE_LOOP('',(#1643,#1644,#1651,#1652));
#1654=FACE_BOUND('',#1653,.T.);
#1655=ADVANCED_FACE('',(#1654),#1642,.T.);
#1656=CARTESIAN_POINT('',(31.05452272,17.81163302,53.070015182));
#1657=DIRECTION('',(0.,0.,-1.));
#1658=DIRECTION('',(-1.,0.,0.));
#1659=AXIS2_PLACEMENT_3D('',#1656,#1657,#1658);
#1660=TOROIDAL_SURFACE('',#1659,2.,1.);
#1661=ORIENTED_EDGE('',*,*,#1632,.T.);
#1662=ORIENTED_EDGE('',*,*,#171,.F.);
#1663=CARTESIAN_POINT('',(31.05452272,15.81163302,53.070015182));
#1664=DIRECTION('',(-1.,0.,0.));
#1665=DIRECTION('',(0.,0.,1.));
#1666=AXIS2_PLACEMENT_3D('',#1663,#1664,#1665);
#1667=CIRCLE('',#1666,1.);
#1668=EDGE_CURVE('',#1234,#157,#1667,.T.);
#1669=ORIENTED_EDGE('',*,*,#1668,.F.);
#1670=ORIENTED_EDGE('',*,*,#1553,.F.);
#1671=EDGE_LOOP('',(#1661,#1662,#1669,#1670));
#1672=FACE_BOUND('',#1671,.T.);
#1673=ADVANCED_FACE('',(#1672),#1660,.T.);
#1674=CARTESIAN_POINT('',(12.05452272,17.81163302,53.070015182));
#1675=DIRECTION('',(0.,0.,-1.));
#1676=DIRECTION('',(-1.,0.,0.));
#1677=AXIS2_PLACEMENT_3D('',#1674,#1675,#1676);
#1678=TOROIDAL_SURFACE('',#1677,2.,1.);
#1679=ORIENTED_EDGE('',*,*,#1650,.T.);
#1680=ORIENTED_EDGE('',*,*,#1499,.F.);
#1681=CARTESIAN_POINT('',(12.05452272,15.81163302,53.070015182));
#1682=DIRECTION('',(1.,0.,0.));
#1683=DIRECTION('',(0.,0.,-1.));
#1684=AXIS2_PLACEMENT_3D('',#1681,#1682,#1683);
#1685=CIRCLE('',#1684,1.);
#1686=EDGE_CURVE('',#148,#1242,#1685,.T.);
#1687=ORIENTED_EDGE('',*,*,#1686,.F.);
#1688=ORIENTED_EDGE('',*,*,#154,.F.);
#1689=EDGE_LOOP('',(#1679,#1680,#1687,#1688));
#1690=FACE_BOUND('',#1689,.T.);
#1691=ADVANCED_FACE('',(#1690),#1678,.T.);
#1692=CARTESIAN_POINT('',(34.05452272,15.81163302,53.070015182));
#1693=DIRECTION('',(1.,0.,0.));
#1694=DIRECTION('',(0.,0.,-1.));
#1695=AXIS2_PLACEMENT_3D('',#1692,#1693,#1694);
#1696=CYLINDRICAL_SURFACE('',#1695,1.);
#1697=ORIENTED_EDGE('',*,*,#1668,.T.);
#1698=ORIENTED_EDGE('',*,*,#162,.F.);
#1699=ORIENTED_EDGE('',*,*,#1686,.T.);
#1700=ORIENTED_EDGE('',*,*,#1247,.F.);
#1701=EDGE_LOOP('',(#1697,#1698,#1699,#1700));
#1702=FACE_BOUND('',#1701,.T.);
#1703=ADVANCED_FACE('',(#1702),#1696,.T.);
#1704=CARTESIAN_POINT('',(16.332686747,33.947682555,53.570015182));
#1705=DIRECTION('',(-0.707106781,-0.707106781,0.));
#1706=DIRECTION('',(0.707106781,-0.707106781,0.));
#1707=AXIS2_PLACEMENT_3D('',#1704,#1705,#1706);
#1708=PLANE('',#1707);
#1709=ORIENTED_EDGE('',*,*,#206,.F.);
#1710=CARTESIAN_POINT('',(22.968736283,27.31163302,53.570015182));
#1711=VERTEX_POINT('',#1710);
#1712=CARTESIAN_POINT('',(22.968736283,27.31163302,53.570015182));
#1713=DIRECTION('',(0.,0.,1.));
#1714=VECTOR('',#1713,0.5);
#1715=LINE('',#1712,#1714);
#1716=EDGE_CURVE('',#1711,#199,#1715,.T.);
#1717=ORIENTED_EDGE('',*,*,#1716,.F.);
#1718=CARTESIAN_POINT('',(28.190572256,22.089797047,53.570015182));
#1719=VERTEX_POINT('',#1718);
#1720=CARTESIAN_POINT('',(22.968736283,27.31163302,53.570015182));
#1721=DIRECTION('',(0.707106781,-0.707106781,0.));
#1722=VECTOR('',#1721,7.384791253);
#1723=LINE('',#1720,#1722);
#1724=EDGE_CURVE('',#1711,#1719,#1723,.T.);
#1725=ORIENTED_EDGE('',*,*,#1724,.T.);
#1726=CARTESIAN_POINT('',(28.190572256,22.089797047,53.570015182));
#1727=DIRECTION('',(0.,0.,1.));
#1728=VECTOR('',#1727,0.5);
#1729=LINE('',#1726,#1728);
#1730=EDGE_CURVE('',#1719,#201,#1729,.T.);
#1731=ORIENTED_EDGE('',*,*,#1730,.T.);
#1732=EDGE_LOOP('',(#1709,#1717,#1725,#1731));
#1733=FACE_BOUND('',#1732,.T.);
#1734=ADVANCED_FACE('',(#1733),#1708,.T.);
#1735=CARTESIAN_POINT('',(28.190572256,32.533468993,53.570015182));
#1736=DIRECTION('',(-0.707106781,0.707106781,0.));
#1737=DIRECTION('',(-0.707106781,-0.707106781,0.));
#1738=AXIS2_PLACEMENT_3D('',#1735,#1736,#1737);
#1739=PLANE('',#1738);
#1740=ORIENTED_EDGE('',*,*,#292,.F.);
#1741=CARTESIAN_POINT('',(28.190572256,32.533468993,53.570015182));
#1742=VERTEX_POINT('',#1741);
#1743=CARTESIAN_POINT('',(28.190572256,32.533468993,53.570015182));
#1744=DIRECTION('',(0.,0.,1.));
#1745=VECTOR('',#1744,0.5);
#1746=LINE('',#1743,#1745);
#1747=EDGE_CURVE('',#1742,#281,#1746,.T.);
#1748=ORIENTED_EDGE('',*,*,#1747,.F.);
#1749=CARTESIAN_POINT('',(28.190572256,32.533468993,53.570015182));
#1750=DIRECTION('',(-0.707106781,-0.707106781,0.));
#1751=VECTOR('',#1750,7.384791253);
#1752=LINE('',#1749,#1751);
#1753=EDGE_CURVE('',#1742,#1711,#1752,.T.);
#1754=ORIENTED_EDGE('',*,*,#1753,.T.);
#1755=ORIENTED_EDGE('',*,*,#1716,.T.);
#1756=EDGE_LOOP('',(#1740,#1748,#1754,#1755));
#1757=FACE_BOUND('',#1756,.T.);
#1758=ADVANCED_FACE('',(#1757),#1739,.T.);
#1759=CARTESIAN_POINT('',(26.776358693,33.947682555,53.570015182));
#1760=DIRECTION('',(-0.707106781,-0.707106781,0.));
#1761=DIRECTION('',(0.707106781,-0.707106781,0.));
#1762=AXIS2_PLACEMENT_3D('',#1759,#1760,#1761);
#1763=PLANE('',#1762);
#1764=ORIENTED_EDGE('',*,*,#286,.F.);
#1765=CARTESIAN_POINT('',(26.776358693,33.947682555,53.570015182));
#1766=VERTEX_POINT('',#1765);
#1767=CARTESIAN_POINT('',(26.776358693,33.947682555,53.570015182));
#1768=DIRECTION('',(0.,0.,1.));
#1769=VECTOR('',#1768,0.5);
#1770=LINE('',#1767,#1769);
#1771=EDGE_CURVE('',#1766,#273,#1770,.T.);
#1772=ORIENTED_EDGE('',*,*,#1771,.F.);
#1773=CARTESIAN_POINT('',(26.776358693,33.947682555,53.570015182));
#1774=DIRECTION('',(0.707106781,-0.707106781,0.));
#1775=VECTOR('',#1774,2.);
#1776=LINE('',#1773,#1775);
#1777=EDGE_CURVE('',#1766,#1742,#1776,.T.);
#1778=ORIENTED_EDGE('',*,*,#1777,.T.);
#1779=ORIENTED_EDGE('',*,*,#1747,.T.);
#1780=EDGE_LOOP('',(#1764,#1772,#1778,#1779));
#1781=FACE_BOUND('',#1780,.T.);
#1782=ADVANCED_FACE('',(#1781),#1763,.T.);
#1783=CARTESIAN_POINT('',(14.918473185,22.089797047,53.570015182));
#1784=DIRECTION('',(0.707106781,-0.707106781,0.));
#1785=DIRECTION('',(0.707106781,0.707106781,0.));
#1786=AXIS2_PLACEMENT_3D('',#1783,#1784,#1785);
#1787=PLANE('',#1786);
#1788=ORIENTED_EDGE('',*,*,#278,.F.);
#1789=CARTESIAN_POINT('',(21.55452272,28.725846582,53.570015182));
#1790=VERTEX_POINT('',#1789);
#1791=CARTESIAN_POINT('',(21.55452272,28.725846582,53.570015182));
#1792=DIRECTION('',(0.,0.,1.));
#1793=VECTOR('',#1792,0.5);
#1794=LINE('',#1791,#1793);
#1795=EDGE_CURVE('',#1790,#265,#1794,.T.);
#1796=ORIENTED_EDGE('',*,*,#1795,.F.);
#1797=CARTESIAN_POINT('',(21.55452272,28.725846582,53.570015182));
#1798=DIRECTION('',(0.707106781,0.707106781,0.));
#1799=VECTOR('',#1798,7.384791253);
#1800=LINE('',#1797,#1799);
#1801=EDGE_CURVE('',#1790,#1766,#1800,.T.);
#1802=ORIENTED_EDGE('',*,*,#1801,.T.);
#1803=ORIENTED_EDGE('',*,*,#1771,.T.);
#1804=EDGE_LOOP('',(#1788,#1796,#1802,#1803));
#1805=FACE_BOUND('',#1804,.T.);
#1806=ADVANCED_FACE('',(#1805),#1787,.T.);
#1807=CARTESIAN_POINT('',(16.332686747,33.947682555,53.570015182));
#1808=DIRECTION('',(-0.707106781,-0.707106781,0.));
#1809=DIRECTION('',(0.707106781,-0.707106781,0.));
#1810=AXIS2_PLACEMENT_3D('',#1807,#1808,#1809);
#1811=PLANE('',#1810);
#1812=ORIENTED_EDGE('',*,*,#270,.F.);
#1813=CARTESIAN_POINT('',(16.332686747,33.947682555,53.570015182));
#1814=VERTEX_POINT('',#1813);
#1815=CARTESIAN_POINT('',(16.332686747,33.947682555,53.570015182));
#1816=DIRECTION('',(0.,0.,1.));
#1817=VECTOR('',#1816,0.5);
#1818=LINE('',#1815,#1817);
#1819=EDGE_CURVE('',#1814,#257,#1818,.T.);
#1820=ORIENTED_EDGE('',*,*,#1819,.F.);
#1821=CARTESIAN_POINT('',(16.332686747,33.947682555,53.570015182));
#1822=DIRECTION('',(0.707106781,-0.707106781,0.));
#1823=VECTOR('',#1822,7.384791253);
#1824=LINE('',#1821,#1823);
#1825=EDGE_CURVE('',#1814,#1790,#1824,.T.);
#1826=ORIENTED_EDGE('',*,*,#1825,.T.);
#1827=ORIENTED_EDGE('',*,*,#1795,.T.);
#1828=EDGE_LOOP('',(#1812,#1820,#1826,#1827));
#1829=FACE_BOUND('',#1828,.T.);
#1830=ADVANCED_FACE('',(#1829),#1811,.T.);
#1831=CARTESIAN_POINT('',(14.918473185,32.533468993,53.570015182));
#1832=DIRECTION('',(0.707106781,-0.707106781,0.));
#1833=DIRECTION('',(0.707106781,0.707106781,0.));
#1834=AXIS2_PLACEMENT_3D('',#1831,#1832,#1833);
#1835=PLANE('',#1834);
#1836=ORIENTED_EDGE('',*,*,#262,.F.);
#1837=CARTESIAN_POINT('',(14.918473185,32.533468993,53.570015182));
#1838=VERTEX_POINT('',#1837);
#1839=CARTESIAN_POINT('',(14.918473185,32.533468993,53.570015182));
#1840=DIRECTION('',(0.,0.,1.));
#1841=VECTOR('',#1840,0.5);
#1842=LINE('',#1839,#1841);
#1843=EDGE_CURVE('',#1838,#249,#1842,.T.);
#1844=ORIENTED_EDGE('',*,*,#1843,.F.);
#1845=CARTESIAN_POINT('',(14.918473185,32.533468993,53.570015182));
#1846=DIRECTION('',(0.707106781,0.707106781,0.));
#1847=VECTOR('',#1846,2.);
#1848=LINE('',#1845,#1847);
#1849=EDGE_CURVE('',#1838,#1814,#1848,.T.);
#1850=ORIENTED_EDGE('',*,*,#1849,.T.);
#1851=ORIENTED_EDGE('',*,*,#1819,.T.);
#1852=EDGE_LOOP('',(#1836,#1844,#1850,#1851));
#1853=FACE_BOUND('',#1852,.T.);
#1854=ADVANCED_FACE('',(#1853),#1835,.T.);
#1855=CARTESIAN_POINT('',(26.776358693,20.675583485,53.570015182));
#1856=DIRECTION('',(0.707106781,0.707106781,0.));
#1857=DIRECTION('',(-0.707106781,0.707106781,0.));
#1858=AXIS2_PLACEMENT_3D('',#1855,#1856,#1857);
#1859=PLANE('',#1858);
#1860=ORIENTED_EDGE('',*,*,#254,.F.);
#1861=CARTESIAN_POINT('',(20.140309158,27.31163302,53.570015182));
#1862=VERTEX_POINT('',#1861);
#1863=CARTESIAN_POINT('',(20.140309158,27.31163302,53.570015182));
#1864=DIRECTION('',(0.,0.,1.));
#1865=VECTOR('',#1864,0.5);
#1866=LINE('',#1863,#1865);
#1867=EDGE_CURVE('',#1862,#241,#1866,.T.);
#1868=ORIENTED_EDGE('',*,*,#1867,.F.);
#1869=CARTESIAN_POINT('',(20.140309158,27.31163302,53.570015182));
#1870=DIRECTION('',(-0.707106781,0.707106781,0.));
#1871=VECTOR('',#1870,7.384791253);
#1872=LINE('',#1869,#1871);
#1873=EDGE_CURVE('',#1862,#1838,#1872,.T.);
#1874=ORIENTED_EDGE('',*,*,#1873,.T.);
#1875=ORIENTED_EDGE('',*,*,#1843,.T.);
#1876=EDGE_LOOP('',(#1860,#1868,#1874,#1875));
#1877=FACE_BOUND('',#1876,.T.);
#1878=ADVANCED_FACE('',(#1877),#1859,.T.);
#1879=CARTESIAN_POINT('',(14.918473185,22.089797047,53.570015182));
#1880=DIRECTION('',(0.707106781,-0.707106781,0.));
#1881=DIRECTION('',(0.707106781,0.707106781,0.));
#1882=AXIS2_PLACEMENT_3D('',#1879,#1880,#1881);
#1883=PLANE('',#1882);
#1884=ORIENTED_EDGE('',*,*,#246,.F.);
#1885=CARTESIAN_POINT('',(14.918473185,22.089797047,53.570015182));
#1886=VERTEX_POINT('',#1885);
#1887=CARTESIAN_POINT('',(14.918473185,22.089797047,53.570015182));
#1888=DIRECTION('',(0.,0.,1.));
#1889=VECTOR('',#1888,0.5);
#1890=LINE('',#1887,#1889);
#1891=EDGE_CURVE('',#1886,#233,#1890,.T.);
#1892=ORIENTED_EDGE('',*,*,#1891,.F.);
#1893=CARTESIAN_POINT('',(14.918473185,22.089797047,53.570015182));
#1894=DIRECTION('',(0.707106781,0.707106781,0.));
#1895=VECTOR('',#1894,7.384791253);
#1896=LINE('',#1893,#1895);
#1897=EDGE_CURVE('',#1886,#1862,#1896,.T.);
#1898=ORIENTED_EDGE('',*,*,#1897,.T.);
#1899=ORIENTED_EDGE('',*,*,#1867,.T.);
#1900=EDGE_LOOP('',(#1884,#1892,#1898,#1899));
#1901=FACE_BOUND('',#1900,.T.);
#1902=ADVANCED_FACE('',(#1901),#1883,.T.);
#1903=CARTESIAN_POINT('',(16.332686747,20.675583485,53.570015182));
#1904=DIRECTION('',(0.707106781,0.707106781,0.));
#1905=DIRECTION('',(-0.707106781,0.707106781,0.));
#1906=AXIS2_PLACEMENT_3D('',#1903,#1904,#1905);
#1907=PLANE('',#1906);
#1908=ORIENTED_EDGE('',*,*,#238,.F.);
#1909=CARTESIAN_POINT('',(16.332686747,20.675583485,53.570015182));
#1910=VERTEX_POINT('',#1909);
#1911=CARTESIAN_POINT('',(16.332686747,20.675583485,53.570015182));
#1912=DIRECTION('',(0.,0.,1.));
#1913=VECTOR('',#1912,0.5);
#1914=LINE('',#1911,#1913);
#1915=EDGE_CURVE('',#1910,#225,#1914,.T.);
#1916=ORIENTED_EDGE('',*,*,#1915,.F.);
#1917=CARTESIAN_POINT('',(16.332686747,20.675583485,53.570015182));
#1918=DIRECTION('',(-0.707106781,0.707106781,0.));
#1919=VECTOR('',#1918,2.);
#1920=LINE('',#1917,#1919);
#1921=EDGE_CURVE('',#1910,#1886,#1920,.T.);
#1922=ORIENTED_EDGE('',*,*,#1921,.T.);
#1923=ORIENTED_EDGE('',*,*,#1891,.T.);
#1924=EDGE_LOOP('',(#1908,#1916,#1922,#1923));
#1925=FACE_BOUND('',#1924,.T.);
#1926=ADVANCED_FACE('',(#1925),#1907,.T.);
#1927=CARTESIAN_POINT('',(28.190572256,32.533468993,53.570015182));
#1928=DIRECTION('',(-0.707106781,0.707106781,0.));
#1929=DIRECTION('',(-0.707106781,-0.707106781,0.));
#1930=AXIS2_PLACEMENT_3D('',#1927,#1928,#1929);
#1931=PLANE('',#1930);
#1932=ORIENTED_EDGE('',*,*,#230,.F.);
#1933=CARTESIAN_POINT('',(21.55452272,25.897419458,53.570015182));
#1934=VERTEX_POINT('',#1933);
#1935=CARTESIAN_POINT('',(21.55452272,25.897419458,53.570015182));
#1936=DIRECTION('',(0.,0.,1.));
#1937=VECTOR('',#1936,0.5);
#1938=LINE('',#1935,#1937);
#1939=EDGE_CURVE('',#1934,#217,#1938,.T.);
#1940=ORIENTED_EDGE('',*,*,#1939,.F.);
#1941=CARTESIAN_POINT('',(21.55452272,25.897419458,53.570015182));
#1942=DIRECTION('',(-0.707106781,-0.707106781,0.));
#1943=VECTOR('',#1942,7.384791253);
#1944=LINE('',#1941,#1943);
#1945=EDGE_CURVE('',#1934,#1910,#1944,.T.);
#1946=ORIENTED_EDGE('',*,*,#1945,.T.);
#1947=ORIENTED_EDGE('',*,*,#1915,.T.);
#1948=EDGE_LOOP('',(#1932,#1940,#1946,#1947));
#1949=FACE_BOUND('',#1948,.T.);
#1950=ADVANCED_FACE('',(#1949),#1931,.T.);
#1951=CARTESIAN_POINT('',(26.776358693,20.675583485,53.570015182));
#1952=DIRECTION('',(0.707106781,0.707106781,0.));
#1953=DIRECTION('',(-0.707106781,0.707106781,0.));
#1954=AXIS2_PLACEMENT_3D('',#1951,#1952,#1953);
#1955=PLANE('',#1954);
#1956=ORIENTED_EDGE('',*,*,#222,.F.);
#1957=CARTESIAN_POINT('',(26.776358693,20.675583485,53.570015182));
#1958=VERTEX_POINT('',#1957);
#1959=CARTESIAN_POINT('',(26.776358693,20.675583485,53.570015182));
#1960=DIRECTION('',(0.,0.,1.));
#1961=VECTOR('',#1960,0.5);
#1962=LINE('',#1959,#1961);
#1963=EDGE_CURVE('',#1958,#209,#1962,.T.);
#1964=ORIENTED_EDGE('',*,*,#1963,.F.);
#1965=CARTESIAN_POINT('',(26.776358693,20.675583485,53.570015182));
#1966=DIRECTION('',(-0.707106781,0.707106781,0.));
#1967=VECTOR('',#1966,7.384791253);
#1968=LINE('',#1965,#1967);
#1969=EDGE_CURVE('',#1958,#1934,#1968,.T.);
#1970=ORIENTED_EDGE('',*,*,#1969,.T.);
#1971=ORIENTED_EDGE('',*,*,#1939,.T.);
#1972=EDGE_LOOP('',(#1956,#1964,#1970,#1971));
#1973=FACE_BOUND('',#1972,.T.);
#1974=ADVANCED_FACE('',(#1973),#1955,.T.);
#1975=CARTESIAN_POINT('',(28.190572256,22.089797047,53.570015182));
#1976=DIRECTION('',(-0.707106781,0.707106781,0.));
#1977=DIRECTION('',(-0.707106781,-0.707106781,0.));
#1978=AXIS2_PLACEMENT_3D('',#1975,#1976,#1977);
#1979=PLANE('',#1978);
#1980=ORIENTED_EDGE('',*,*,#214,.F.);
#1981=ORIENTED_EDGE('',*,*,#1730,.F.);
#1982=CARTESIAN_POINT('',(28.190572256,22.089797047,53.570015182));
#1983=DIRECTION('',(-0.707106781,-0.707106781,0.));
#1984=VECTOR('',#1983,2.);
#1985=LINE('',#1982,#1984);
#1986=EDGE_CURVE('',#1719,#1958,#1985,.T.);
#1987=ORIENTED_EDGE('',*,*,#1986,.T.);
#1988=ORIENTED_EDGE('',*,*,#1963,.T.);
#1989=EDGE_LOOP('',(#1980,#1981,#1987,#1988));
#1990=FACE_BOUND('',#1989,.T.);
#1991=ADVANCED_FACE('',(#1990),#1979,.T.);
#1992=CARTESIAN_POINT('',(-21.527471197,27.31163302,53.570015182));
#1993=DIRECTION('',(0.,0.,1.));
#1994=DIRECTION('',(1.,0.,0.));
#1995=AXIS2_PLACEMENT_3D('',#1992,#1993,#1994);
#1996=PLANE('',#1995);
#1997=ORIENTED_EDGE('',*,*,#1724,.F.);
#1998=ORIENTED_EDGE('',*,*,#1753,.F.);
#1999=ORIENTED_EDGE('',*,*,#1777,.F.);
#2000=ORIENTED_EDGE('',*,*,#1801,.F.);
#2001=ORIENTED_EDGE('',*,*,#1825,.F.);
#2002=ORIENTED_EDGE('',*,*,#1849,.F.);
#2003=ORIENTED_EDGE('',*,*,#1873,.F.);
#2004=ORIENTED_EDGE('',*,*,#1897,.F.);
#2005=ORIENTED_EDGE('',*,*,#1921,.F.);
#2006=ORIENTED_EDGE('',*,*,#1945,.F.);
#2007=ORIENTED_EDGE('',*,*,#1969,.F.);
#2008=ORIENTED_EDGE('',*,*,#1986,.F.);
#2009=EDGE_LOOP('',(#1997,#1998,#1999,#2000,#2001,#2002,#2003,#2004,#2005,#2006,#2007,#2008));
#2010=FACE_BOUND('',#2009,.T.);
#2011=ADVANCED_FACE('',(#2010),#1996,.T.);
#2012=CLOSED_SHELL('',(#296,#725,#833,#864,#888,#912,#936,#960,#984,#1008,#1032,#1056,#1080,#1104,#1121,#1141,#1185,#1225,#1265,#1305,#1345,#1376,#1400,#1424,#1441,#1487,
#1505,#1523,#1541,#1559,#1583,#1601,#1619,#1637,#1655,#1673,#1691,#1703,#1734,#1758,#1782,#1806,#1830,#1854,#1878,#1902,#1926,#1950,#1974,#1991,#2011));
#2013=MANIFOLD_SOLID_BREP('Solid.004',#2012);
#2014=COLOUR_RGB('',0.313725501,0.309803933,0.309803933);
#2015=FILL_AREA_STYLE_COLOUR('',#2014);
#2016=FILL_AREA_STYLE('',(#2015));
#2017=SURFACE_STYLE_FILL_AREA(#2016);
#2018=SURFACE_SIDE_STYLE('',(#2017));
#2019=SURFACE_STYLE_USAGE(.BOTH.,#2018);
#2020=PRESENTATION_STYLE_ASSIGNMENT((#2019));
#122=STYLED_ITEM('',(#2020),#2013);
#2022=CARTESIAN_POINT('',(-21.527471197,27.31163302,46.755286844));
#2023=DIRECTION('',(-0.,0.,1.));
#2024=DIRECTION('',(1.,0.,0.));
#2025=AXIS2_PLACEMENT_3D('',#2022,#2023,#2024);
#2026=CYLINDRICAL_SURFACE('',#2025,2.8);
#2027=CARTESIAN_POINT('',(-18.727471197,27.31163302,52.070015182));
#2028=VERTEX_POINT('',#2027);
#2029=CARTESIAN_POINT('',(-18.727471197,27.31163302,46.755286844));
#2030=VERTEX_POINT('',#2029);
#2031=CARTESIAN_POINT('',(-18.727471197,27.31163302,52.070015182));
#2032=DIRECTION('',(-0.,-0.,-1.));
#2033=VECTOR('',#2032,5.314728338);
#2034=LINE('',#2031,#2033);
#2035=EDGE_CURVE('',#2028,#2030,#2034,.T.);
#2036=ORIENTED_EDGE('',*,*,#2035,.T.);
#2037=CARTESIAN_POINT('',(-24.327471197,27.31163302,46.755286844));
#2038=VERTEX_POINT('',#2037);
#2039=CARTESIAN_POINT('',(-24.327471197,27.31163302,46.755286844));
#2040=CARTESIAN_POINT('',(-24.327471197,27.220003234,46.755286844));
#2041=CARTESIAN_POINT('',(-24.322969722,27.12837359,46.755286844));
#2042=CARTESIAN_POINT('',(-24.313988432,27.037185027,46.755286844));
#2043=CARTESIAN_POINT('',(-24.305007143,26.945996464,46.755286844));
#2044=CARTESIAN_POINT('',(-24.291546067,26.855249263,46.755286844));
#2045=CARTESIAN_POINT('',(-24.273669983,26.765380118,46.755286844));
#2046=CARTESIAN_POINT('',(-24.255793898,26.675510973,46.755286844));
#2047=CARTESIAN_POINT('',(-24.23350286,26.586520162,46.755286844));
#2048=CARTESIAN_POINT('',(-24.206904138,26.498835924,46.755286844));
#2049=CARTESIAN_POINT('',(-24.180305415,26.411151686,46.755286844));
#2050=CARTESIAN_POINT('',(-24.149399089,26.324774293,46.755286844));
#2051=CARTESIAN_POINT('',(-24.114333889,26.240119409,46.755286844));
#2052=CARTESIAN_POINT('',(-24.079268688,26.155464526,46.755286844));
#2053=CARTESIAN_POINT('',(-24.04004472,26.072532413,46.755286844));
#2054=CARTESIAN_POINT('',(-23.996850738,25.991722157,46.755286844));
#2055=CARTESIAN_POINT('',(-23.953656756,25.9109119,46.755286844));
#2056=CARTESIAN_POINT('',(-23.906492893,25.83222375,46.755286844));
#2057=CARTESIAN_POINT('',(-23.855586112,25.756036368,46.755286844));
#2058=CARTESIAN_POINT('',(-23.804679331,25.679848985,46.755286844));
#2059=CARTESIAN_POINT('',(-23.750029788,25.606162607,46.755286844));
#2060=CARTESIAN_POINT('',(-23.691900467,25.535331824,46.755286844));
#2061=CARTESIAN_POINT('',(-23.633771146,25.464501042,46.755286844));
#2062=CARTESIAN_POINT('',(-23.572162228,25.396526076,46.755286844));
#2063=CARTESIAN_POINT('',(-23.507370185,25.331734033,46.755286844));
#2064=CARTESIAN_POINT('',(-23.442578142,25.26694199,46.755286844));
#2065=CARTESIAN_POINT('',(-23.374603175,25.205333071,46.755286844));
#2066=CARTESIAN_POINT('',(-23.303772393,25.147203751,46.755286844));
#2067=CARTESIAN_POINT('',(-23.232941611,25.08907443,46.755286844));
#2068=CARTESIAN_POINT('',(-23.159255232,25.034424887,46.755286844));
#2069=CARTESIAN_POINT('',(-23.08306785,24.983518106,46.755286844));
#2070=CARTESIAN_POINT('',(-23.006880468,24.932611324,46.755286844));
#2071=CARTESIAN_POINT('',(-22.928192317,24.885447462,46.755286844));
#2072=CARTESIAN_POINT('',(-22.847382061,24.84225348,46.755286844));
#2073=CARTESIAN_POINT('',(-22.766571804,24.799059498,46.755286844));
#2074=CARTESIAN_POINT('',(-22.683639692,24.75983553,46.755286844));
#2075=CARTESIAN_POINT('',(-22.598984808,24.724770329,46.755286844));
#2076=CARTESIAN_POINT('',(-22.514329924,24.689705128,46.755286844));
#2077=CARTESIAN_POINT('',(-22.427952532,24.658798803,46.755286844));
#2078=CARTESIAN_POINT('',(-22.340268294,24.63220008,46.755286844));
#2079=CARTESIAN_POINT('',(-22.252584056,24.605601357,46.755286844));
#2080=CARTESIAN_POINT('',(-22.163593244,24.583310319,46.755286844));
#2081=CARTESIAN_POINT('',(-22.073724099,24.565434235,46.755286844));
#2082=CARTESIAN_POINT('',(-21.983854954,24.547558151,46.755286844));
#2083=CARTESIAN_POINT('',(-21.893107754,24.534097075,46.755286844));
#2084=CARTESIAN_POINT('',(-21.80191919,24.525115785,46.755286844));
#2085=CARTESIAN_POINT('',(-21.710730627,24.516134496,46.755286844));
#2086=CARTESIAN_POINT('',(-21.619100983,24.51163302,46.755286844));
#2087=CARTESIAN_POINT('',(-21.527471197,24.51163302,46.755286844));
#2088=CARTESIAN_POINT('',(-21.435841412,24.51163302,46.755286844));
#2089=CARTESIAN_POINT('',(-21.344211768,24.516134496,46.755286844));
#2090=CARTESIAN_POINT('',(-21.253023205,24.525115785,46.755286844));
#2091=CARTESIAN_POINT('',(-21.161834641,24.534097075,46.755286844));
#2092=CARTESIAN_POINT('',(-21.071087441,24.547558151,46.755286844));
#2093=CARTESIAN_POINT('',(-20.981218296,24.565434235,46.755286844));
#2094=CARTESIAN_POINT('',(-20.891349151,24.583310319,46.755286844));
#2095=CARTESIAN_POINT('',(-20.802358339,24.605601357,46.755286844));
#2096=CARTESIAN_POINT('',(-20.714674101,24.63220008,46.755286844));
#2097=CARTESIAN_POINT('',(-20.626989863,24.658798803,46.755286844));
#2098=CARTESIAN_POINT('',(-20.54061247,24.689705128,46.755286844));
#2099=CARTESIAN_POINT('',(-20.455957587,24.724770329,46.755286844));
#2100=CARTESIAN_POINT('',(-20.371302703,24.75983553,46.755286844));
#2101=CARTESIAN_POINT('',(-20.288370591,24.799059498,46.755286844));
#2102=CARTESIAN_POINT('',(-20.207560334,24.84225348,46.755286844));
#2103=CARTESIAN_POINT('',(-20.126750078,24.885447462,46.755286844));
#2104=CARTESIAN_POINT('',(-20.048061927,24.932611324,46.755286844));
#2105=CARTESIAN_POINT('',(-19.971874545,24.983518106,46.755286844));
#2106=CARTESIAN_POINT('',(-19.895687163,25.034424887,46.755286844));
#2107=CARTESIAN_POINT('',(-19.822000784,25.08907443,46.755286844));
#2108=CARTESIAN_POINT('',(-19.751170002,25.147203751,46.755286844));
#2109=CARTESIAN_POINT('',(-19.68033922,25.205333071,46.755286844));
#2110=CARTESIAN_POINT('',(-19.612364253,25.26694199,46.755286844));
#2111=CARTESIAN_POINT('',(-19.54757221,25.331734033,46.755286844));
#2112=CARTESIAN_POINT('',(-19.482780167,25.396526076,46.755286844));
#2113=CARTESIAN_POINT('',(-19.421171249,25.464501042,46.755286844));
#2114=CARTESIAN_POINT('',(-19.363041928,25.535331824,46.755286844));
#2115=CARTESIAN_POINT('',(-19.304912607,25.606162607,46.755286844));
#2116=CARTESIAN_POINT('',(-19.250263064,25.679848985,46.755286844));
#2117=CARTESIAN_POINT('',(-19.199356283,25.756036368,46.755286844));
#2118=CARTESIAN_POINT('',(-19.148449502,25.83222375,46.755286844));
#2119=CARTESIAN_POINT('',(-19.101285639,25.9109119,46.755286844));
#2120=CARTESIAN_POINT('',(-19.058091657,25.991722157,46.755286844));
#2121=CARTESIAN_POINT('',(-19.014897675,26.072532413,46.755286844));
#2122=CARTESIAN_POINT('',(-18.975673707,26.155464526,46.755286844));
#2123=CARTESIAN_POINT('',(-18.940608506,26.240119409,46.755286844));
#2124=CARTESIAN_POINT('',(-18.905543306,26.324774293,46.755286844));
#2125=CARTESIAN_POINT('',(-18.87463698,26.411151686,46.755286844));
#2126=CARTESIAN_POINT('',(-18.848038257,26.498835924,46.755286844));
#2127=CARTESIAN_POINT('',(-18.821439535,26.586520162,46.755286844));
#2128=CARTESIAN_POINT('',(-18.799148497,26.675510973,46.755286844));
#2129=CARTESIAN_POINT('',(-18.781272412,26.765380118,46.755286844));
#2130=CARTESIAN_POINT('',(-18.763396328,26.855249263,46.755286844));
#2131=CARTESIAN_POINT('',(-18.749935252,26.945996464,46.755286844));
#2132=CARTESIAN_POINT('',(-18.740953963,27.037185027,46.755286844));
#2133=CARTESIAN_POINT('',(-18.731972673,27.12837359,46.755286844));
#2134=CARTESIAN_POINT('',(-18.727471197,27.220003234,46.755286844));
#2135=CARTESIAN_POINT('',(-18.727471197,27.31163302,46.755286844));
#2136=CARTESIAN_POINT('',(-18.727471197,27.403262806,46.755286844));
#2137=CARTESIAN_POINT('',(-18.731972673,27.49489245,46.755286844));
#2138=CARTESIAN_POINT('',(-18.740953963,27.586081013,46.755286844));
#2139=CARTESIAN_POINT('',(-18.749935252,27.677269576,46.755286844));
#2140=CARTESIAN_POINT('',(-18.763396328,27.768016777,46.755286844));
#2141=CARTESIAN_POINT('',(-18.781272412,27.857885922,46.755286844));
#2142=CARTESIAN_POINT('',(-18.799148497,27.947755067,46.755286844));
#2143=CARTESIAN_POINT('',(-18.821439535,28.036745878,46.755286844));
#2144=CARTESIAN_POINT('',(-18.848038257,28.124430116,46.755286844));
#2145=CARTESIAN_POINT('',(-18.87463698,28.212114354,46.755286844));
#2146=CARTESIAN_POINT('',(-18.905543306,28.298491747,46.755286844));
#2147=CARTESIAN_POINT('',(-18.940608506,28.383146631,46.755286844));
#2148=CARTESIAN_POINT('',(-18.975673707,28.467801514,46.755286844));
#2149=CARTESIAN_POINT('',(-19.014897675,28.550733627,46.755286844));
#2150=CARTESIAN_POINT('',(-19.058091657,28.631543883,46.755286844));
#2151=CARTESIAN_POINT('',(-19.101285639,28.71235414,46.755286844));
#2152=CARTESIAN_POINT('',(-19.148449502,28.79104229,46.755286844));
#2153=CARTESIAN_POINT('',(-19.199356283,28.867229673,46.755286844));
#2154=CARTESIAN_POINT('',(-19.250263064,28.943417055,46.755286844));
#2155=CARTESIAN_POINT('',(-19.304912607,29.017103433,46.755286844));
#2156=CARTESIAN_POINT('',(-19.363041928,29.087934216,46.755286844));
#2157=CARTESIAN_POINT('',(-19.421171249,29.158764998,46.755286844));
#2158=CARTESIAN_POINT('',(-19.482780167,29.226739965,46.755286844));
#2159=CARTESIAN_POINT('',(-19.54757221,29.291532007,46.755286844));
#2160=CARTESIAN_POINT('',(-19.612364253,29.35632405,46.755286844));
#2161=CARTESIAN_POINT('',(-19.68033922,29.417932969,46.755286844));
#2162=CARTESIAN_POINT('',(-19.751170002,29.476062289,46.755286844));
#2163=CARTESIAN_POINT('',(-19.822000784,29.53419161,46.755286844));
#2164=CARTESIAN_POINT('',(-19.895687163,29.588841153,46.755286844));
#2165=CARTESIAN_POINT('',(-19.971874545,29.639747934,46.755286844));
#2166=CARTESIAN_POINT('',(-20.048061927,29.690654716,46.755286844));
#2167=CARTESIAN_POINT('',(-20.126750078,29.737818578,46.755286844));
#2168=CARTESIAN_POINT('',(-20.207560334,29.78101256,46.755286844));
#2169=CARTESIAN_POINT('',(-20.288370591,29.824206542,46.755286844));
#2170=CARTESIAN_POINT('',(-20.371302703,29.86343051,46.755286844));
#2171=CARTESIAN_POINT('',(-20.455957587,29.898495711,46.755286844));
#2172=CARTESIAN_POINT('',(-20.54061247,29.933560912,46.755286844));
#2173=CARTESIAN_POINT('',(-20.626989863,29.964467237,46.755286844));
#2174=CARTESIAN_POINT('',(-20.714674101,29.99106596,46.755286844));
#2175=CARTESIAN_POINT('',(-20.802358339,30.017664683,46.755286844));
#2176=CARTESIAN_POINT('',(-20.891349151,30.039955721,46.755286844));
#2177=CARTESIAN_POINT('',(-20.981218296,30.057831805,46.755286844));
#2178=CARTESIAN_POINT('',(-21.071087441,30.07570789,46.755286844));
#2179=CARTESIAN_POINT('',(-21.161834641,30.089168965,46.755286844));
#2180=CARTESIAN_POINT('',(-21.253023205,30.098150255,46.755286844));
#2181=CARTESIAN_POINT('',(-21.344211768,30.107131544,46.755286844));
#2182=CARTESIAN_POINT('',(-21.435841412,30.11163302,46.755286844));
#2183=CARTESIAN_POINT('',(-21.527471197,30.11163302,46.755286844));
#2184=CARTESIAN_POINT('',(-21.619100983,30.11163302,46.755286844));
#2185=CARTESIAN_POINT('',(-21.710730627,30.107131544,46.755286844));
#2186=CARTESIAN_POINT('',(-21.80191919,30.098150255,46.755286844));
#2187=CARTESIAN_POINT('',(-21.893107754,30.089168965,46.755286844));
#2188=CARTESIAN_POINT('',(-21.983854954,30.07570789,46.755286844));
#2189=CARTESIAN_POINT('',(-22.073724099,30.057831805,46.755286844));
#2190=CARTESIAN_POINT('',(-22.163593244,30.039955721,46.755286844));
#2191=CARTESIAN_POINT('',(-22.252584056,30.017664683,46.755286844));
#2192=CARTESIAN_POINT('',(-22.340268294,29.99106596,46.755286844));
#2193=CARTESIAN_POINT('',(-22.427952532,29.964467237,46.755286844));
#2194=CARTESIAN_POINT('',(-22.514329924,29.933560912,46.755286844));
#2195=CARTESIAN_POINT('',(-22.598984808,29.898495711,46.755286844));
#2196=CARTESIAN_POINT('',(-22.683639692,29.86343051,46.755286844));
#2197=CARTESIAN_POINT('',(-22.766571804,29.824206542,46.755286844));
#2198=CARTESIAN_POINT('',(-22.847382061,29.78101256,46.755286844));
#2199=CARTESIAN_POINT('',(-22.928192317,29.737818578,46.755286844));
#2200=CARTESIAN_POINT('',(-23.006880468,29.690654716,46.755286844));
#2201=CARTESIAN_POINT('',(-23.08306785,29.639747934,46.755286844));
#2202=CARTESIAN_POINT('',(-23.159255232,29.588841153,46.755286844));
#2203=CARTESIAN_POINT('',(-23.232941611,29.53419161,46.755286844));
#2204=CARTESIAN_POINT('',(-23.303772393,29.476062289,46.755286844));
#2205=CARTESIAN_POINT('',(-23.374603175,29.417932969,46.755286844));
#2206=CARTESIAN_POINT('',(-23.442578142,29.35632405,46.755286844));
#2207=CARTESIAN_POINT('',(-23.507370185,29.291532007,46.755286844));
#2208=CARTESIAN_POINT('',(-23.572162228,29.226739965,46.755286844));
#2209=CARTESIAN_POINT('',(-23.633771146,29.158764998,46.755286844));
#2210=CARTESIAN_POINT('',(-23.691900467,29.087934216,46.755286844));
#2211=CARTESIAN_POINT('',(-23.750029788,29.017103433,46.755286844));
#2212=CARTESIAN_POINT('',(-23.804679331,28.943417055,46.755286844));
#2213=CARTESIAN_POINT('',(-23.855586112,28.867229673,46.755286844));
#2214=CARTESIAN_POINT('',(-23.906492893,28.79104229,46.755286844));
#2215=CARTESIAN_POINT('',(-23.953656756,28.71235414,46.755286844));
#2216=CARTESIAN_POINT('',(-23.996850738,28.631543883,46.755286844));
#2217=CARTESIAN_POINT('',(-24.04004472,28.550733627,46.755286844));
#2218=CARTESIAN_POINT('',(-24.079268688,28.467801514,46.755286844));
#2219=CARTESIAN_POINT('',(-24.114333889,28.383146631,46.755286844));
#2220=CARTESIAN_POINT('',(-24.149399089,28.298491747,46.755286844));
#2221=CARTESIAN_POINT('',(-24.180305415,28.212114354,46.755286844));
#2222=CARTESIAN_POINT('',(-24.206904138,28.124430116,46.755286844));
#2223=CARTESIAN_POINT('',(-24.23350286,28.036745878,46.755286844));
#2224=CARTESIAN_POINT('',(-24.255793898,27.947755067,46.755286844));
#2225=CARTESIAN_POINT('',(-24.273669983,27.857885922,46.755286844));
#2226=CARTESIAN_POINT('',(-24.291546067,27.768016777,46.755286844));
#2227=CARTESIAN_POINT('',(-24.305007143,27.677269576,46.755286844));
#2228=CARTESIAN_POINT('',(-24.313988432,27.586081013,46.755286844));
#2229=CARTESIAN_POINT('',(-24.322969722,27.49489245,46.755286844));
#2230=CARTESIAN_POINT('',(-24.327471197,27.403262806,46.755286844));
#2231=CARTESIAN_POINT('',(-24.327471197,27.31163302,46.755286844));
#2232=B_SPLINE_CURVE_WITH_KNOTS('',3,(#2039,#2040,#2041,#2042,#2043,#2044,#2045,#2046,#2047,#2048,#2049,#2050,#2051,#2052,#2053,#2054,#2055,#2056,#2057,#2058,#2059,#2060,#2061,#2062,#2063,#2064,
#2065,#2066,#2067,#2068,#2069,#2070,#2071,#2072,#2073,#2074,#2075,#2076,#2077,#2078,#2079,#2080,#2081,#2082,#2083,#2084,#2085,#2086,#2087,#2088,#2089,
#2090,#2091,#2092,#2093,#2094,#2095,#2096,#2097,#2098,#2099,#2100,#2101,#2102,#2103,#2104,#2105,#2106,#2107,#2108,#2109,#2110,#2111,#2112,#2113,#2114,
#2115,#2116,#2117,#2118,#2119,#2120,#2121,#2122,#2123,#2124,#2125,#2126,#2127,#2128,#2129,#2130,#2131,#2132,#2133,#2134,#2135,#2136,#2137,#2138,#2139,
#2140,#2141,#2142,#2143,#2144,#2145,#2146,#2147,#2148,#2149,#2150,#2151,#2152,#2153,#2154,#2155,#2156,#2157,#2158,#2159,#2160,#2161,#2162,#2163,#2164,
#2165,#2166,#2167,#2168,#2169,#2170,#2171,#2172,#2173,#2174,#2175,#2176,#2177,#2178,#2179,#2180,#2181,#2182,#2183,#2184,#2185,#2186,#2187,#2188,#2189,
#2190,#2191,#2192,#2193,#2194,#2195,#2196,#2197,#2198,#2199,#2200,#2201,#2202,#2203,#2204,#2205,#2206,#2207,#2208,#2209,#2210,#2211,#2212,#2213,#2214,
#2215,#2216,#2217,#2218,#2219,#2220,#2221,#2222,#2223,#2224,#2225,#2226,#2227,#2228,#2229,#2230,#2231),.UNSPECIFIED.,.T.,.F.,(4,3,3,3,3,3,3,3,3,3,3,3,3,3,3,3,3,3,3,3,3,3,3,3,3,3,
3,3,3,3,3,3,3,3,3,3,3,3,3,3,3,3,3,3,3,3,3,3,3,3,3,
3,3,3,3,3,3,3,3,3,3,3,3,3,4),(180.,185.625,191.25,196.875,202.5,208.125,213.75,219.375,225.,230.625,236.25,241.875,247.5,253.125,258.75,264.375,270.,275.625,281.25,286.875,292.5,298.125,303.75,309.375,315.,320.625,
326.25,331.875,337.5,343.125,348.75,354.375,360.,365.625,371.25,376.875,382.5,388.125,393.75,399.375,405.,410.625,416.25,421.875,427.5,433.125,438.75,444.375,450.,455.625,461.25,
466.875,472.5,478.125,483.75,489.375,495.,500.625,506.25,511.875,517.5,523.125,528.75,534.375,540.),.UNSPECIFIED.);
#2233=EDGE_CURVE('',#2030,#2038,#2232,.T.);
#2234=ORIENTED_EDGE('',*,*,#2233,.T.);
#2235=CARTESIAN_POINT('',(-24.327471197,27.31163302,46.755286844));
#2236=CARTESIAN_POINT('',(-24.327471197,27.220003234,46.755286844));
#2237=CARTESIAN_POINT('',(-24.322969722,27.12837359,46.755286844));
#2238=CARTESIAN_POINT('',(-24.313988432,27.037185027,46.755286844));
#2239=CARTESIAN_POINT('',(-24.305007143,26.945996464,46.755286844));
#2240=CARTESIAN_POINT('',(-24.291546067,26.855249263,46.755286844));
#2241=CARTESIAN_POINT('',(-24.273669983,26.765380118,46.755286844));
#2242=CARTESIAN_POINT('',(-24.255793898,26.675510973,46.755286844));
#2243=CARTESIAN_POINT('',(-24.23350286,26.586520162,46.755286844));
#2244=CARTESIAN_POINT('',(-24.206904138,26.498835924,46.755286844));
#2245=CARTESIAN_POINT('',(-24.180305415,26.411151686,46.755286844));
#2246=CARTESIAN_POINT('',(-24.149399089,26.324774293,46.755286844));
#2247=CARTESIAN_POINT('',(-24.114333889,26.240119409,46.755286844));
#2248=CARTESIAN_POINT('',(-24.079268688,26.155464526,46.755286844));
#2249=CARTESIAN_POINT('',(-24.04004472,26.072532413,46.755286844));
#2250=CARTESIAN_POINT('',(-23.996850738,25.991722157,46.755286844));
#2251=CARTESIAN_POINT('',(-23.953656756,25.9109119,46.755286844));
#2252=CARTESIAN_POINT('',(-23.906492893,25.83222375,46.755286844));
#2253=CARTESIAN_POINT('',(-23.855586112,25.756036368,46.755286844));
#2254=CARTESIAN_POINT('',(-23.804679331,25.679848985,46.755286844));
#2255=CARTESIAN_POINT('',(-23.750029788,25.606162607,46.755286844));
#2256=CARTESIAN_POINT('',(-23.691900467,25.535331824,46.755286844));
#2257=CARTESIAN_POINT('',(-23.633771146,25.464501042,46.755286844));
#2258=CARTESIAN_POINT('',(-23.572162228,25.396526076,46.755286844));
#2259=CARTESIAN_POINT('',(-23.507370185,25.331734033,46.755286844));
#2260=CARTESIAN_POINT('',(-23.442578142,25.26694199,46.755286844));
#2261=CARTESIAN_POINT('',(-23.374603175,25.205333071,46.755286844));
#2262=CARTESIAN_POINT('',(-23.303772393,25.147203751,46.755286844));
#2263=CARTESIAN_POINT('',(-23.232941611,25.08907443,46.755286844));
#2264=CARTESIAN_POINT('',(-23.159255232,25.034424887,46.755286844));
#2265=CARTESIAN_POINT('',(-23.08306785,24.983518106,46.755286844));
#2266=CARTESIAN_POINT('',(-23.006880468,24.932611324,46.755286844));
#2267=CARTESIAN_POINT('',(-22.928192317,24.885447462,46.755286844));
#2268=CARTESIAN_POINT('',(-22.847382061,24.84225348,46.755286844));
#2269=CARTESIAN_POINT('',(-22.766571804,24.799059498,46.755286844));
#2270=CARTESIAN_POINT('',(-22.683639692,24.75983553,46.755286844));
#2271=CARTESIAN_POINT('',(-22.598984808,24.724770329,46.755286844));
#2272=CARTESIAN_POINT('',(-22.514329924,24.689705128,46.755286844));
#2273=CARTESIAN_POINT('',(-22.427952532,24.658798803,46.755286844));
#2274=CARTESIAN_POINT('',(-22.340268294,24.63220008,46.755286844));
#2275=CARTESIAN_POINT('',(-22.252584056,24.605601357,46.755286844));
#2276=CARTESIAN_POINT('',(-22.163593244,24.583310319,46.755286844));
#2277=CARTESIAN_POINT('',(-22.073724099,24.565434235,46.755286844));
#2278=CARTESIAN_POINT('',(-21.983854954,24.547558151,46.755286844));
#2279=CARTESIAN_POINT('',(-21.893107754,24.534097075,46.755286844));
#2280=CARTESIAN_POINT('',(-21.80191919,24.525115785,46.755286844));
#2281=CARTESIAN_POINT('',(-21.710730627,24.516134496,46.755286844));
#2282=CARTESIAN_POINT('',(-21.619100983,24.51163302,46.755286844));
#2283=CARTESIAN_POINT('',(-21.527471197,24.51163302,46.755286844));
#2284=CARTESIAN_POINT('',(-21.435841412,24.51163302,46.755286844));
#2285=CARTESIAN_POINT('',(-21.344211768,24.516134496,46.755286844));
#2286=CARTESIAN_POINT('',(-21.253023205,24.525115785,46.755286844));
#2287=CARTESIAN_POINT('',(-21.161834641,24.534097075,46.755286844));
#2288=CARTESIAN_POINT('',(-21.071087441,24.547558151,46.755286844));
#2289=CARTESIAN_POINT('',(-20.981218296,24.565434235,46.755286844));
#2290=CARTESIAN_POINT('',(-20.891349151,24.583310319,46.755286844));
#2291=CARTESIAN_POINT('',(-20.802358339,24.605601357,46.755286844));
#2292=CARTESIAN_POINT('',(-20.714674101,24.63220008,46.755286844));
#2293=CARTESIAN_POINT('',(-20.626989863,24.658798803,46.755286844));
#2294=CARTESIAN_POINT('',(-20.54061247,24.689705128,46.755286844));
#2295=CARTESIAN_POINT('',(-20.455957587,24.724770329,46.755286844));
#2296=CARTESIAN_POINT('',(-20.371302703,24.75983553,46.755286844));
#2297=CARTESIAN_POINT('',(-20.288370591,24.799059498,46.755286844));
#2298=CARTESIAN_POINT('',(-20.207560334,24.84225348,46.755286844));
#2299=CARTESIAN_POINT('',(-20.126750078,24.885447462,46.755286844));
#2300=CARTESIAN_POINT('',(-20.048061927,24.932611324,46.755286844));
#2301=CARTESIAN_POINT('',(-19.971874545,24.983518106,46.755286844));
#2302=CARTESIAN_POINT('',(-19.895687163,25.034424887,46.755286844));
#2303=CARTESIAN_POINT('',(-19.822000784,25.08907443,46.755286844));
#2304=CARTESIAN_POINT('',(-19.751170002,25.147203751,46.755286844));
#2305=CARTESIAN_POINT('',(-19.68033922,25.205333071,46.755286844));
#2306=CARTESIAN_POINT('',(-19.612364253,25.26694199,46.755286844));
#2307=CARTESIAN_POINT('',(-19.54757221,25.331734033,46.755286844));
#2308=CARTESIAN_POINT('',(-19.482780167,25.396526076,46.755286844));
#2309=CARTESIAN_POINT('',(-19.421171249,25.464501042,46.755286844));
#2310=CARTESIAN_POINT('',(-19.363041928,25.535331824,46.755286844));
#2311=CARTESIAN_POINT('',(-19.304912607,25.606162607,46.755286844));
#2312=CARTESIAN_POINT('',(-19.250263064,25.679848985,46.755286844));
#2313=CARTESIAN_POINT('',(-19.199356283,25.756036368,46.755286844));
#2314=CARTESIAN_POINT('',(-19.148449502,25.83222375,46.755286844));
#2315=CARTESIAN_POINT('',(-19.101285639,25.9109119,46.755286844));
#2316=CARTESIAN_POINT('',(-19.058091657,25.991722157,46.755286844));
#2317=CARTESIAN_POINT('',(-19.014897675,26.072532413,46.755286844));
#2318=CARTESIAN_POINT('',(-18.975673707,26.155464526,46.755286844));
#2319=CARTESIAN_POINT('',(-18.940608506,26.240119409,46.755286844));
#2320=CARTESIAN_POINT('',(-18.905543306,26.324774293,46.755286844));
#2321=CARTESIAN_POINT('',(-18.87463698,26.411151686,46.755286844));
#2322=CARTESIAN_POINT('',(-18.848038257,26.498835924,46.755286844));
#2323=CARTESIAN_POINT('',(-18.821439535,26.586520162,46.755286844));
#2324=CARTESIAN_POINT('',(-18.799148497,26.675510973,46.755286844));
#2325=CARTESIAN_POINT('',(-18.781272412,26.765380118,46.755286844));
#2326=CARTESIAN_POINT('',(-18.763396328,26.855249263,46.755286844));
#2327=CARTESIAN_POINT('',(-18.749935252,26.945996464,46.755286844));
#2328=CARTESIAN_POINT('',(-18.740953963,27.037185027,46.755286844));
#2329=CARTESIAN_POINT('',(-18.731972673,27.12837359,46.755286844));
#2330=CARTESIAN_POINT('',(-18.727471197,27.220003234,46.755286844));
#2331=CARTESIAN_POINT('',(-18.727471197,27.31163302,46.755286844));
#2332=CARTESIAN_POINT('',(-18.727471197,27.403262806,46.755286844));
#2333=CARTESIAN_POINT('',(-18.731972673,27.49489245,46.755286844));
#2334=CARTESIAN_POINT('',(-18.740953963,27.586081013,46.755286844));
#2335=CARTESIAN_POINT('',(-18.749935252,27.677269576,46.755286844));
#2336=CARTESIAN_POINT('',(-18.763396328,27.768016777,46.755286844));
#2337=CARTESIAN_POINT('',(-18.781272412,27.857885922,46.755286844));
#2338=CARTESIAN_POINT('',(-18.799148497,27.947755067,46.755286844));
#2339=CARTESIAN_POINT('',(-18.821439535,28.036745878,46.755286844));
#2340=CARTESIAN_POINT('',(-18.848038257,28.124430116,46.755286844));
#2341=CARTESIAN_POINT('',(-18.87463698,28.212114354,46.755286844));
#2342=CARTESIAN_POINT('',(-18.905543306,28.298491747,46.755286844));
#2343=CARTESIAN_POINT('',(-18.940608506,28.383146631,46.755286844));
#2344=CARTESIAN_POINT('',(-18.975673707,28.467801514,46.755286844));
#2345=CARTESIAN_POINT('',(-19.014897675,28.550733627,46.755286844));
#2346=CARTESIAN_POINT('',(-19.058091657,28.631543883,46.755286844));
#2347=CARTESIAN_POINT('',(-19.101285639,28.71235414,46.755286844));
#2348=CARTESIAN_POINT('',(-19.148449502,28.79104229,46.755286844));
#2349=CARTESIAN_POINT('',(-19.199356283,28.867229673,46.755286844));
#2350=CARTESIAN_POINT('',(-19.250263064,28.943417055,46.755286844));
#2351=CARTESIAN_POINT('',(-19.304912607,29.017103433,46.755286844));
#2352=CARTESIAN_POINT('',(-19.363041928,29.087934216,46.755286844));
#2353=CARTESIAN_POINT('',(-19.421171249,29.158764998,46.755286844));
#2354=CARTESIAN_POINT('',(-19.482780167,29.226739965,46.755286844));
#2355=CARTESIAN_POINT('',(-19.54757221,29.291532007,46.755286844));
#2356=CARTESIAN_POINT('',(-19.612364253,29.35632405,46.755286844));
#2357=CARTESIAN_POINT('',(-19.68033922,29.417932969,46.755286844));
#2358=CARTESIAN_POINT('',(-19.751170002,29.476062289,46.755286844));
#2359=CARTESIAN_POINT('',(-19.822000784,29.53419161,46.755286844));
#2360=CARTESIAN_POINT('',(-19.895687163,29.588841153,46.755286844));
#2361=CARTESIAN_POINT('',(-19.971874545,29.639747934,46.755286844));
#2362=CARTESIAN_POINT('',(-20.048061927,29.690654716,46.755286844));
#2363=CARTESIAN_POINT('',(-20.126750078,29.737818578,46.755286844));
#2364=CARTESIAN_POINT('',(-20.207560334,29.78101256,46.755286844));
#2365=CARTESIAN_POINT('',(-20.288370591,29.824206542,46.755286844));
#2366=CARTESIAN_POINT('',(-20.371302703,29.86343051,46.755286844));
#2367=CARTESIAN_POINT('',(-20.455957587,29.898495711,46.755286844));
#2368=CARTESIAN_POINT('',(-20.54061247,29.933560912,46.755286844));
#2369=CARTESIAN_POINT('',(-20.626989863,29.964467237,46.755286844));
#2370=CARTESIAN_POINT('',(-20.714674101,29.99106596,46.755286844));
#2371=CARTESIAN_POINT('',(-20.802358339,30.017664683,46.755286844));
#2372=CARTESIAN_POINT('',(-20.891349151,30.039955721,46.755286844));
#2373=CARTESIAN_POINT('',(-20.981218296,30.057831805,46.755286844));
#2374=CARTESIAN_POINT('',(-21.071087441,30.07570789,46.755286844));
#2375=CARTESIAN_POINT('',(-21.161834641,30.089168965,46.755286844));
#2376=CARTESIAN_POINT('',(-21.253023205,30.098150255,46.755286844));
#2377=CARTESIAN_POINT('',(-21.344211768,30.107131544,46.755286844));
#2378=CARTESIAN_POINT('',(-21.435841412,30.11163302,46.755286844));
#2379=CARTESIAN_POINT('',(-21.527471197,30.11163302,46.755286844));
#2380=CARTESIAN_POINT('',(-21.619100983,30.11163302,46.755286844));
#2381=CARTESIAN_POINT('',(-21.710730627,30.107131544,46.755286844));
#2382=CARTESIAN_POINT('',(-21.80191919,30.098150255,46.755286844));
#2383=CARTESIAN_POINT('',(-21.893107754,30.089168965,46.755286844));
#2384=CARTESIAN_POINT('',(-21.983854954,30.07570789,46.755286844));
#2385=CARTESIAN_POINT('',(-22.073724099,30.057831805,46.755286844));
#2386=CARTESIAN_POINT('',(-22.163593244,30.039955721,46.755286844));
#2387=CARTESIAN_POINT('',(-22.252584056,30.017664683,46.755286844));
#2388=CARTESIAN_POINT('',(-22.340268294,29.99106596,46.755286844));
#2389=CARTESIAN_POINT('',(-22.427952532,29.964467237,46.755286844));
#2390=CARTESIAN_POINT('',(-22.514329924,29.933560912,46.755286844));
#2391=CARTESIAN_POINT('',(-22.598984808,29.898495711,46.755286844));
#2392=CARTESIAN_POINT('',(-22.683639692,29.86343051,46.755286844));
#2393=CARTESIAN_POINT('',(-22.766571804,29.824206542,46.755286844));
#2394=CARTESIAN_POINT('',(-22.847382061,29.78101256,46.755286844));
#2395=CARTESIAN_POINT('',(-22.928192317,29.737818578,46.755286844));
#2396=CARTESIAN_POINT('',(-23.006880468,29.690654716,46.755286844));
#2397=CARTESIAN_POINT('',(-23.08306785,29.639747934,46.755286844));
#2398=CARTESIAN_POINT('',(-23.159255232,29.588841153,46.755286844));
#2399=CARTESIAN_POINT('',(-23.232941611,29.53419161,46.755286844));
#2400=CARTESIAN_POINT('',(-23.303772393,29.476062289,46.755286844));
#2401=CARTESIAN_POINT('',(-23.374603175,29.417932969,46.755286844));
#2402=CARTESIAN_POINT('',(-23.442578142,29.35632405,46.755286844));
#2403=CARTESIAN_POINT('',(-23.507370185,29.291532007,46.755286844));
#2404=CARTESIAN_POINT('',(-23.572162228,29.226739965,46.755286844));
#2405=CARTESIAN_POINT('',(-23.633771146,29.158764998,46.755286844));
#2406=CARTESIAN_POINT('',(-23.691900467,29.087934216,46.755286844));
#2407=CARTESIAN_POINT('',(-23.750029788,29.017103433,46.755286844));
#2408=CARTESIAN_POINT('',(-23.804679331,28.943417055,46.755286844));
#2409=CARTESIAN_POINT('',(-23.855586112,28.867229673,46.755286844));
#2410=CARTESIAN_POINT('',(-23.906492893,28.79104229,46.755286844));
#2411=CARTESIAN_POINT('',(-23.953656756,28.71235414,46.755286844));
#2412=CARTESIAN_POINT('',(-23.996850738,28.631543883,46.755286844));
#2413=CARTESIAN_POINT('',(-24.04004472,28.550733627,46.755286844));
#2414=CARTESIAN_POINT('',(-24.079268688,28.467801514,46.755286844));
#2415=CARTESIAN_POINT('',(-24.114333889,28.383146631,46.755286844));
#2416=CARTESIAN_POINT('',(-24.149399089,28.298491747,46.755286844));
#2417=CARTESIAN_POINT('',(-24.180305415,28.212114354,46.755286844));
#2418=CARTESIAN_POINT('',(-24.206904138,28.124430116,46.755286844));
#2419=CARTESIAN_POINT('',(-24.23350286,28.036745878,46.755286844));
#2420=CARTESIAN_POINT('',(-24.255793898,27.947755067,46.755286844));
#2421=CARTESIAN_POINT('',(-24.273669983,27.857885922,46.755286844));
#2422=CARTESIAN_POINT('',(-24.291546067,27.768016777,46.755286844));
#2423=CARTESIAN_POINT('',(-24.305007143,27.677269576,46.755286844));
#2424=CARTESIAN_POINT('',(-24.313988432,27.586081013,46.755286844));
#2425=CARTESIAN_POINT('',(-24.322969722,27.49489245,46.755286844));
#2426=CARTESIAN_POINT('',(-24.327471197,27.403262806,46.755286844));
#2427=CARTESIAN_POINT('',(-24.327471197,27.31163302,46.755286844));
#2428=B_SPLINE_CURVE_WITH_KNOTS('',3,(#2235,#2236,#2237,#2238,#2239,#2240,#2241,#2242,#2243,#2244,#2245,#2246,#2247,#2248,#2249,#2250,#2251,#2252,#2253,#2254,#2255,#2256,#2257,#2258,#2259,#2260,
#2261,#2262,#2263,#2264,#2265,#2266,#2267,#2268,#2269,#2270,#2271,#2272,#2273,#2274,#2275,#2276,#2277,#2278,#2279,#2280,#2281,#2282,#2283,#2284,#2285,
#2286,#2287,#2288,#2289,#2290,#2291,#2292,#2293,#2294,#2295,#2296,#2297,#2298,#2299,#2300,#2301,#2302,#2303,#2304,#2305,#2306,#2307,#2308,#2309,#2310,
#2311,#2312,#2313,#2314,#2315,#2316,#2317,#2318,#2319,#2320,#2321,#2322,#2323,#2324,#2325,#2326,#2327,#2328,#2329,#2330,#2331,#2332,#2333,#2334,#2335,
#2336,#2337,#2338,#2339,#2340,#2341,#2342,#2343,#2344,#2345,#2346,#2347,#2348,#2349,#2350,#2351,#2352,#2353,#2354,#2355,#2356,#2357,#2358,#2359,#2360,
#2361,#2362,#2363,#2364,#2365,#2366,#2367,#2368,#2369,#2370,#2371,#2372,#2373,#2374,#2375,#2376,#2377,#2378,#2379,#2380,#2381,#2382,#2383,#2384,#2385,
#2386,#2387,#2388,#2389,#2390,#2391,#2392,#2393,#2394,#2395,#2396,#2397,#2398,#2399,#2400,#2401,#2402,#2403,#2404,#2405,#2406,#2407,#2408,#2409,#2410,
#2411,#2412,#2413,#2414,#2415,#2416,#2417,#2418,#2419,#2420,#2421,#2422,#2423,#2424,#2425,#2426,#2427),.UNSPECIFIED.,.T.,.F.,(4,3,3,3,3,3,3,3,3,3,3,3,3,3,3,3,3,3,3,3,3,3,3,3,3,3,
3,3,3,3,3,3,3,3,3,3,3,3,3,3,3,3,3,3,3,3,3,3,3,3,3,
3,3,3,3,3,3,3,3,3,3,3,3,3,4),(180.,185.625,191.25,196.875,202.5,208.125,213.75,219.375,225.,230.625,236.25,241.875,247.5,253.125,258.75,264.375,270.,275.625,281.25,286.875,292.5,298.125,303.75,309.375,315.,320.625,
326.25,331.875,337.5,343.125,348.75,354.375,360.,365.625,371.25,376.875,382.5,388.125,393.75,399.375,405.,410.625,416.25,421.875,427.5,433.125,438.75,444.375,450.,455.625,461.25,
466.875,472.5,478.125,483.75,489.375,495.,500.625,506.25,511.875,517.5,523.125,528.75,534.375,540.),.UNSPECIFIED.);
#2429=EDGE_CURVE('',#2038,#2030,#2428,.T.);
#2430=ORIENTED_EDGE('',*,*,#2429,.T.);
#2431=ORIENTED_EDGE('',*,*,#2035,.F.);
#2432=CARTESIAN_POINT('',(-24.327471197,27.31163302,52.070015182));
#2433=VERTEX_POINT('',#2432);
#2434=CARTESIAN_POINT('',(-21.527471197,27.31163302,52.070015182));
#2435=DIRECTION('',(-0.,-0.,1.));
#2436=DIRECTION('',(-1.,0.,0.));
#2437=AXIS2_PLACEMENT_3D('',#2434,#2435,#2436);
#2438=CIRCLE('',#2437,2.8);
#2439=EDGE_CURVE('',#2433,#2028,#2438,.T.);
#2440=ORIENTED_EDGE('',*,*,#2439,.F.);
#2441=CARTESIAN_POINT('',(-21.527471197,27.31163302,52.070015182));
#2442=DIRECTION('',(-0.,-0.,1.));
#2443=DIRECTION('',(-1.,0.,0.));
#2444=AXIS2_PLACEMENT_3D('',#2441,#2442,#2443);
#2445=CIRCLE('',#2444,2.8);
#2446=EDGE_CURVE('',#2028,#2433,#2445,.T.);
#2447=ORIENTED_EDGE('',*,*,#2446,.F.);
#2448=EDGE_LOOP('',(#2036,#2234,#2430,#2431,#2440,#2447));
#2449=FACE_BOUND('',#2448,.T.);
#2450=ADVANCED_FACE('',(#2449),#2026,.T.);
#2451=CARTESIAN_POINT('',(-21.527471197,27.31163302,46.755286844));
#2452=DIRECTION('',(0.,0.,1.));
#2453=DIRECTION('',(1.,0.,0.));
#2454=AXIS2_PLACEMENT_3D('',#2451,#2452,#2453);
#2455=PLANE('',#2454);
#2456=ORIENTED_EDGE('',*,*,#2233,.F.);
#2457=ORIENTED_EDGE('',*,*,#2429,.F.);
#2458=EDGE_LOOP('',(#2456,#2457));
#2459=FACE_BOUND('',#2458,.T.);
#2460=CARTESIAN_POINT('',(-20.977471197,29.31163302,46.755286844));
#2461=VERTEX_POINT('',#2460);
#2462=CARTESIAN_POINT('',(-20.977471197,27.91163302,46.755286844));
#2463=VERTEX_POINT('',#2462);
#2464=CARTESIAN_POINT('',(-20.977471197,29.31163302,46.755286844));
#2465=DIRECTION('',(-0.,-1.,0.));
#2466=VECTOR('',#2465,1.4);
#2467=LINE('',#2464,#2466);
#2468=EDGE_CURVE('',#2461,#2463,#2467,.T.);
#2469=ORIENTED_EDGE('',*,*,#2468,.F.);
#2470=CARTESIAN_POINT('',(-22.077471197,29.31163302,46.755286844));
#2471=VERTEX_POINT('',#2470);
#2472=CARTESIAN_POINT('',(-22.077471197,29.31163302,46.755286844));
#2473=DIRECTION('',(1.,0.,0.));
#2474=VECTOR('',#2473,1.1);
#2475=LINE('',#2472,#2474);
#2476=EDGE_CURVE('',#2471,#2461,#2475,.T.);
#2477=ORIENTED_EDGE('',*,*,#2476,.F.);
#2478=CARTESIAN_POINT('',(-22.077471197,27.91163302,46.755286844));
#2479=VERTEX_POINT('',#2478);
#2480=CARTESIAN_POINT('',(-22.077471197,27.91163302,46.755286844));
#2481=DIRECTION('',(0.,1.,-0.));
#2482=VECTOR('',#2481,1.4);
#2483=LINE('',#2480,#2482);
#2484=EDGE_CURVE('',#2479,#2471,#2483,.T.);
#2485=ORIENTED_EDGE('',*,*,#2484,.F.);
#2486=CARTESIAN_POINT('',(-23.527471197,27.91163302,46.755286844));
#2487=VERTEX_POINT('',#2486);
#2488=CARTESIAN_POINT('',(-23.527471197,27.91163302,46.755286844));
#2489=DIRECTION('',(1.,0.,0.));
#2490=VECTOR('',#2489,1.45);
#2491=LINE('',#2488,#2490);
#2492=EDGE_CURVE('',#2487,#2479,#2491,.T.);
#2493=ORIENTED_EDGE('',*,*,#2492,.F.);
#2494=CARTESIAN_POINT('',(-23.527471197,26.71163302,46.755286844));
#2495=VERTEX_POINT('',#2494);
#2496=CARTESIAN_POINT('',(-23.527471197,26.71163302,46.755286844));
#2497=DIRECTION('',(0.,1.,-0.));
#2498=VECTOR('',#2497,1.2);
#2499=LINE('',#2496,#2498);
#2500=EDGE_CURVE('',#2495,#2487,#2499,.T.);
#2501=ORIENTED_EDGE('',*,*,#2500,.F.);
#2502=CARTESIAN_POINT('',(-22.077471197,26.71163302,46.755286844));
#2503=VERTEX_POINT('',#2502);
#2504=CARTESIAN_POINT('',(-22.077471197,26.71163302,46.755286844));
#2505=DIRECTION('',(-1.,-0.,-0.));
#2506=VECTOR('',#2505,1.45);
#2507=LINE('',#2504,#2506);
#2508=EDGE_CURVE('',#2503,#2495,#2507,.T.);
#2509=ORIENTED_EDGE('',*,*,#2508,.F.);
#2510=CARTESIAN_POINT('',(-22.077471197,25.31163302,46.755286844));
#2511=VERTEX_POINT('',#2510);
#2512=CARTESIAN_POINT('',(-22.077471197,25.31163302,46.755286844));
#2513=DIRECTION('',(0.,1.,-0.));
#2514=VECTOR('',#2513,1.4);
#2515=LINE('',#2512,#2514);
#2516=EDGE_CURVE('',#2511,#2503,#2515,.T.);
#2517=ORIENTED_EDGE('',*,*,#2516,.F.);
#2518=CARTESIAN_POINT('',(-20.977471197,25.31163302,46.755286844));
#2519=VERTEX_POINT('',#2518);
#2520=CARTESIAN_POINT('',(-20.977471197,25.31163302,46.755286844));
#2521=DIRECTION('',(-1.,-0.,-0.));
#2522=VECTOR('',#2521,1.1);
#2523=LINE('',#2520,#2522);
#2524=EDGE_CURVE('',#2519,#2511,#2523,.T.);
#2525=ORIENTED_EDGE('',*,*,#2524,.F.);
#2526=CARTESIAN_POINT('',(-20.977471197,26.71163302,46.755286844));
#2527=VERTEX_POINT('',#2526);
#2528=CARTESIAN_POINT('',(-20.977471197,26.71163302,46.755286844));
#2529=DIRECTION('',(-0.,-1.,0.));
#2530=VECTOR('',#2529,1.4);
#2531=LINE('',#2528,#2530);
#2532=EDGE_CURVE('',#2527,#2519,#2531,.T.);
#2533=ORIENTED_EDGE('',*,*,#2532,.F.);
#2534=CARTESIAN_POINT('',(-19.527471197,26.71163302,46.755286844));
#2535=VERTEX_POINT('',#2534);
#2536=CARTESIAN_POINT('',(-19.527471197,26.71163302,46.755286844));
#2537=DIRECTION('',(-1.,-0.,-0.));
#2538=VECTOR('',#2537,1.45);
#2539=LINE('',#2536,#2538);
#2540=EDGE_CURVE('',#2535,#2527,#2539,.T.);
#2541=ORIENTED_EDGE('',*,*,#2540,.F.);
#2542=CARTESIAN_POINT('',(-19.527471197,27.91163302,46.755286844));
#2543=VERTEX_POINT('',#2542);
#2544=CARTESIAN_POINT('',(-19.527471197,27.91163302,46.755286844));
#2545=DIRECTION('',(-0.,-1.,0.));
#2546=VECTOR('',#2545,1.2);
#2547=LINE('',#2544,#2546);
#2548=EDGE_CURVE('',#2543,#2535,#2547,.T.);
#2549=ORIENTED_EDGE('',*,*,#2548,.F.);
#2550=CARTESIAN_POINT('',(-20.977471197,27.91163302,46.755286844));
#2551=DIRECTION('',(1.,0.,0.));
#2552=VECTOR('',#2551,1.45);
#2553=LINE('',#2550,#2552);
#2554=EDGE_CURVE('',#2463,#2543,#2553,.T.);
#2555=ORIENTED_EDGE('',*,*,#2554,.F.);
#2556=EDGE_LOOP('',(#2469,#2477,#2485,#2493,#2501,#2509,#2517,#2525,#2533,#2541,#2549,#2555));
#2557=FACE_BOUND('',#2556,.T.);
#2558=ADVANCED_FACE('',(#2459,#2557),#2455,.F.);
#2559=CARTESIAN_POINT('',(-20.977471197,29.31163302,46.755286844));
#2560=DIRECTION('',(-1.,-0.,0.));
#2561=DIRECTION('',(0.,-1.,0.));
#2562=AXIS2_PLACEMENT_3D('',#2559,#2560,#2561);
#2563=PLANE('',#2562);
#2564=CARTESIAN_POINT('',(-20.977471197,29.31163302,52.070015182));
#2565=VERTEX_POINT('',#2564);
#2566=CARTESIAN_POINT('',(-20.977471197,27.91163302,52.070015182));
#2567=VERTEX_POINT('',#2566);
#2568=CARTESIAN_POINT('',(-20.977471197,29.31163302,52.070015182));
#2569=DIRECTION('',(0.,-1.,0.));
#2570=VECTOR('',#2569,1.4);
#2571=LINE('',#2568,#2570);
#2572=EDGE_CURVE('',#2565,#2567,#2571,.T.);
#2573=ORIENTED_EDGE('',*,*,#2572,.F.);
#2574=CARTESIAN_POINT('',(-20.977471197,29.31163302,46.755286844));
#2575=DIRECTION('',(-0.,0.,1.));
#2576=VECTOR('',#2575,5.314728338);
#2577=LINE('',#2574,#2576);
#2578=EDGE_CURVE('',#2461,#2565,#2577,.T.);
#2579=ORIENTED_EDGE('',*,*,#2578,.F.);
#2580=ORIENTED_EDGE('',*,*,#2468,.T.);
#2581=CARTESIAN_POINT('',(-20.977471197,27.91163302,46.755286844));
#2582=DIRECTION('',(-0.,0.,1.));
#2583=VECTOR('',#2582,5.314728338);
#2584=LINE('',#2581,#2583);
#2585=EDGE_CURVE('',#2463,#2567,#2584,.T.);
#2586=ORIENTED_EDGE('',*,*,#2585,.T.);
#2587=EDGE_LOOP('',(#2573,#2579,#2580,#2586));
#2588=FACE_BOUND('',#2587,.T.);
#2589=ADVANCED_FACE('',(#2588),#2563,.T.);
#2590=CARTESIAN_POINT('',(-20.977471197,27.91163302,46.755286844));
#2591=DIRECTION('',(-0.,-1.,0.));
#2592=DIRECTION('',(1.,-0.,0.));
#2593=AXIS2_PLACEMENT_3D('',#2590,#2591,#2592);
#2594=PLANE('',#2593);
#2595=CARTESIAN_POINT('',(-19.527471197,27.91163302,52.070015182));
#2596=VERTEX_POINT('',#2595);
#2597=CARTESIAN_POINT('',(-20.977471197,27.91163302,52.070015182));
#2598=DIRECTION('',(1.,-0.,0.));
#2599=VECTOR('',#2598,1.45);
#2600=LINE('',#2597,#2599);
#2601=EDGE_CURVE('',#2567,#2596,#2600,.T.);
#2602=ORIENTED_EDGE('',*,*,#2601,.F.);
#2603=ORIENTED_EDGE('',*,*,#2585,.F.);
#2604=ORIENTED_EDGE('',*,*,#2554,.T.);
#2605=CARTESIAN_POINT('',(-19.527471197,27.91163302,46.755286844));
#2606=DIRECTION('',(0.,0.,1.));
#2607=VECTOR('',#2606,5.314728338);
#2608=LINE('',#2605,#2607);
#2609=EDGE_CURVE('',#2543,#2596,#2608,.T.);
#2610=ORIENTED_EDGE('',*,*,#2609,.T.);
#2611=EDGE_LOOP('',(#2602,#2603,#2604,#2610));
#2612=FACE_BOUND('',#2611,.T.);
#2613=ADVANCED_FACE('',(#2612),#2594,.T.);
#2614=CARTESIAN_POINT('',(-19.527471197,27.91163302,46.755286844));
#2615=DIRECTION('',(-1.,0.,0.));
#2616=DIRECTION('',(0.,-1.,0.));
#2617=AXIS2_PLACEMENT_3D('',#2614,#2615,#2616);
#2618=PLANE('',#2617);
#2619=CARTESIAN_POINT('',(-19.527471197,26.71163302,52.070015182));
#2620=VERTEX_POINT('',#2619);
#2621=CARTESIAN_POINT('',(-19.527471197,27.91163302,52.070015182));
#2622=DIRECTION('',(0.,-1.,0.));
#2623=VECTOR('',#2622,1.2);
#2624=LINE('',#2621,#2623);
#2625=EDGE_CURVE('',#2596,#2620,#2624,.T.);
#2626=ORIENTED_EDGE('',*,*,#2625,.F.);
#2627=ORIENTED_EDGE('',*,*,#2609,.F.);
#2628=ORIENTED_EDGE('',*,*,#2548,.T.);
#2629=CARTESIAN_POINT('',(-19.527471197,26.71163302,46.755286844));
#2630=DIRECTION('',(0.,0.,1.));
#2631=VECTOR('',#2630,5.314728338);
#2632=LINE('',#2629,#2631);
#2633=EDGE_CURVE('',#2535,#2620,#2632,.T.);
#2634=ORIENTED_EDGE('',*,*,#2633,.T.);
#2635=EDGE_LOOP('',(#2626,#2627,#2628,#2634));
#2636=FACE_BOUND('',#2635,.T.);
#2637=ADVANCED_FACE('',(#2636),#2618,.T.);
#2638=CARTESIAN_POINT('',(-19.527471197,26.71163302,46.755286844));
#2639=DIRECTION('',(0.,1.,-0.));
#2640=DIRECTION('',(-1.,0.,-0.));
#2641=AXIS2_PLACEMENT_3D('',#2638,#2639,#2640);
#2642=PLANE('',#2641);
#2643=CARTESIAN_POINT('',(-20.977471197,26.71163302,52.070015182));
#2644=VERTEX_POINT('',#2643);
#2645=CARTESIAN_POINT('',(-19.527471197,26.71163302,52.070015182));
#2646=DIRECTION('',(-1.,0.,0.));
#2647=VECTOR('',#2646,1.45);
#2648=LINE('',#2645,#2647);
#2649=EDGE_CURVE('',#2620,#2644,#2648,.T.);
#2650=ORIENTED_EDGE('',*,*,#2649,.F.);
#2651=ORIENTED_EDGE('',*,*,#2633,.F.);
#2652=ORIENTED_EDGE('',*,*,#2540,.T.);
#2653=CARTESIAN_POINT('',(-20.977471197,26.71163302,46.755286844));
#2654=DIRECTION('',(0.,0.,1.));
#2655=VECTOR('',#2654,5.314728338);
#2656=LINE('',#2653,#2655);
#2657=EDGE_CURVE('',#2527,#2644,#2656,.T.);
#2658=ORIENTED_EDGE('',*,*,#2657,.T.);
#2659=EDGE_LOOP('',(#2650,#2651,#2652,#2658));
#2660=FACE_BOUND('',#2659,.T.);
#2661=ADVANCED_FACE('',(#2660),#2642,.T.);
#2662=CARTESIAN_POINT('',(-20.977471197,26.71163302,46.755286844));
#2663=DIRECTION('',(-1.,0.,-0.));
#2664=DIRECTION('',(-0.,-1.,0.));
#2665=AXIS2_PLACEMENT_3D('',#2662,#2663,#2664);
#2666=PLANE('',#2665);
#2667=CARTESIAN_POINT('',(-20.977471197,25.31163302,52.070015182));
#2668=VERTEX_POINT('',#2667);
#2669=CARTESIAN_POINT('',(-20.977471197,26.71163302,52.070015182));
#2670=DIRECTION('',(-0.,-1.,0.));
#2671=VECTOR('',#2670,1.4);
#2672=LINE('',#2669,#2671);
#2673=EDGE_CURVE('',#2644,#2668,#2672,.T.);
#2674=ORIENTED_EDGE('',*,*,#2673,.F.);
#2675=ORIENTED_EDGE('',*,*,#2657,.F.);
#2676=ORIENTED_EDGE('',*,*,#2532,.T.);
#2677=CARTESIAN_POINT('',(-20.977471197,25.31163302,46.755286844));
#2678=DIRECTION('',(0.,0.,1.));
#2679=VECTOR('',#2678,5.314728338);
#2680=LINE('',#2677,#2679);
#2681=EDGE_CURVE('',#2519,#2668,#2680,.T.);
#2682=ORIENTED_EDGE('',*,*,#2681,.T.);
#2683=EDGE_LOOP('',(#2674,#2675,#2676,#2682));
#2684=FACE_BOUND('',#2683,.T.);
#2685=ADVANCED_FACE('',(#2684),#2666,.T.);
#2686=CARTESIAN_POINT('',(-22.077471197,29.31163302,46.755286844));
#2687=DIRECTION('',(0.,-1.,0.));
#2688=DIRECTION('',(1.,0.,0.));
#2689=AXIS2_PLACEMENT_3D('',#2686,#2687,#2688);
#2690=PLANE('',#2689);
#2691=CARTESIAN_POINT('',(-22.077471197,29.31163302,52.070015182));
#2692=VERTEX_POINT('',#2691);
#2693=CARTESIAN_POINT('',(-22.077471197,29.31163302,52.070015182));
#2694=DIRECTION('',(1.,0.,-0.));
#2695=VECTOR('',#2694,1.1);
#2696=LINE('',#2693,#2695);
#2697=EDGE_CURVE('',#2692,#2565,#2696,.T.);
#2698=ORIENTED_EDGE('',*,*,#2697,.F.);
#2699=CARTESIAN_POINT('',(-22.077471197,29.31163302,46.755286844));
#2700=DIRECTION('',(0.,0.,1.));
#2701=VECTOR('',#2700,5.314728338);
#2702=LINE('',#2699,#2701);
#2703=EDGE_CURVE('',#2471,#2692,#2702,.T.);
#2704=ORIENTED_EDGE('',*,*,#2703,.F.);
#2705=ORIENTED_EDGE('',*,*,#2476,.T.);
#2706=ORIENTED_EDGE('',*,*,#2578,.T.);
#2707=EDGE_LOOP('',(#2698,#2704,#2705,#2706));
#2708=FACE_BOUND('',#2707,.T.);
#2709=ADVANCED_FACE('',(#2708),#2690,.T.);
#2710=CARTESIAN_POINT('',(-20.977471197,25.31163302,46.755286844));
#2711=DIRECTION('',(0.,1.,-0.));
#2712=DIRECTION('',(-1.,0.,0.));
#2713=AXIS2_PLACEMENT_3D('',#2710,#2711,#2712);
#2714=PLANE('',#2713);
#2715=CARTESIAN_POINT('',(-22.077471197,25.31163302,52.070015182));
#2716=VERTEX_POINT('',#2715);
#2717=CARTESIAN_POINT('',(-20.977471197,25.31163302,52.070015182));
#2718=DIRECTION('',(-1.,0.,0.));
#2719=VECTOR('',#2718,1.1);
#2720=LINE('',#2717,#2719);
#2721=EDGE_CURVE('',#2668,#2716,#2720,.T.);
#2722=ORIENTED_EDGE('',*,*,#2721,.F.);
#2723=ORIENTED_EDGE('',*,*,#2681,.F.);
#2724=ORIENTED_EDGE('',*,*,#2524,.T.);
#2725=CARTESIAN_POINT('',(-22.077471197,25.31163302,46.755286844));
#2726=DIRECTION('',(0.,0.,1.));
#2727=VECTOR('',#2726,5.314728338);
#2728=LINE('',#2725,#2727);
#2729=EDGE_CURVE('',#2511,#2716,#2728,.T.);
#2730=ORIENTED_EDGE('',*,*,#2729,.T.);
#2731=EDGE_LOOP('',(#2722,#2723,#2724,#2730));
#2732=FACE_BOUND('',#2731,.T.);
#2733=ADVANCED_FACE('',(#2732),#2714,.T.);
#2734=CARTESIAN_POINT('',(-22.077471197,25.31163302,46.755286844));
#2735=DIRECTION('',(1.,0.,-0.));
#2736=DIRECTION('',(-0.,1.,-0.));
#2737=AXIS2_PLACEMENT_3D('',#2734,#2735,#2736);
#2738=PLANE('',#2737);
#2739=CARTESIAN_POINT('',(-22.077471197,26.71163302,52.070015182));
#2740=VERTEX_POINT('',#2739);
#2741=CARTESIAN_POINT('',(-22.077471197,25.31163302,52.070015182));
#2742=DIRECTION('',(-0.,1.,0.));
#2743=VECTOR('',#2742,1.4);
#2744=LINE('',#2741,#2743);
#2745=EDGE_CURVE('',#2716,#2740,#2744,.T.);
#2746=ORIENTED_EDGE('',*,*,#2745,.F.);
#2747=ORIENTED_EDGE('',*,*,#2729,.F.);
#2748=ORIENTED_EDGE('',*,*,#2516,.T.);
#2749=CARTESIAN_POINT('',(-22.077471197,26.71163302,46.755286844));
#2750=DIRECTION('',(-0.,0.,1.));
#2751=VECTOR('',#2750,5.314728338);
#2752=LINE('',#2749,#2751);
#2753=EDGE_CURVE('',#2503,#2740,#2752,.T.);
#2754=ORIENTED_EDGE('',*,*,#2753,.T.);
#2755=EDGE_LOOP('',(#2746,#2747,#2748,#2754));
#2756=FACE_BOUND('',#2755,.T.);
#2757=ADVANCED_FACE('',(#2756),#2738,.T.);
#2758=CARTESIAN_POINT('',(-22.077471197,26.71163302,46.755286844));
#2759=DIRECTION('',(-0.,1.,-0.));
#2760=DIRECTION('',(-1.,-0.,0.));
#2761=AXIS2_PLACEMENT_3D('',#2758,#2759,#2760);
#2762=PLANE('',#2761);
#2763=CARTESIAN_POINT('',(-23.527471197,26.71163302,52.070015182));
#2764=VERTEX_POINT('',#2763);
#2765=CARTESIAN_POINT('',(-22.077471197,26.71163302,52.070015182));
#2766=DIRECTION('',(-1.,-0.,0.));
#2767=VECTOR('',#2766,1.45);
#2768=LINE('',#2765,#2767);
#2769=EDGE_CURVE('',#2740,#2764,#2768,.T.);
#2770=ORIENTED_EDGE('',*,*,#2769,.F.);
#2771=ORIENTED_EDGE('',*,*,#2753,.F.);
#2772=ORIENTED_EDGE('',*,*,#2508,.T.);
#2773=CARTESIAN_POINT('',(-23.527471197,26.71163302,46.755286844));
#2774=DIRECTION('',(-0.,0.,1.));
#2775=VECTOR('',#2774,5.314728338);
#2776=LINE('',#2773,#2775);
#2777=EDGE_CURVE('',#2495,#2764,#2776,.T.);
#2778=ORIENTED_EDGE('',*,*,#2777,.T.);
#2779=EDGE_LOOP('',(#2770,#2771,#2772,#2778));
#2780=FACE_BOUND('',#2779,.T.);
#2781=ADVANCED_FACE('',(#2780),#2762,.T.);
#2782=CARTESIAN_POINT('',(-23.527471197,26.71163302,46.755286844));
#2783=DIRECTION('',(1.,0.,0.));
#2784=DIRECTION('',(0.,1.,-0.));
#2785=AXIS2_PLACEMENT_3D('',#2782,#2783,#2784);
#2786=PLANE('',#2785);
#2787=CARTESIAN_POINT('',(-23.527471197,27.91163302,52.070015182));
#2788=VERTEX_POINT('',#2787);
#2789=CARTESIAN_POINT('',(-23.527471197,26.71163302,52.070015182));
#2790=DIRECTION('',(0.,1.,0.));
#2791=VECTOR('',#2790,1.2);
#2792=LINE('',#2789,#2791);
#2793=EDGE_CURVE('',#2764,#2788,#2792,.T.);
#2794=ORIENTED_EDGE('',*,*,#2793,.F.);
#2795=ORIENTED_EDGE('',*,*,#2777,.F.);
#2796=ORIENTED_EDGE('',*,*,#2500,.T.);
#2797=CARTESIAN_POINT('',(-23.527471197,27.91163302,46.755286844));
#2798=DIRECTION('',(0.,0.,1.));
#2799=VECTOR('',#2798,5.314728338);
#2800=LINE('',#2797,#2799);
#2801=EDGE_CURVE('',#2487,#2788,#2800,.T.);
#2802=ORIENTED_EDGE('',*,*,#2801,.T.);
#2803=EDGE_LOOP('',(#2794,#2795,#2796,#2802));
#2804=FACE_BOUND('',#2803,.T.);
#2805=ADVANCED_FACE('',(#2804),#2786,.T.);
#2806=CARTESIAN_POINT('',(-23.527471197,27.91163302,46.755286844));
#2807=DIRECTION('',(0.,-1.,0.));
#2808=DIRECTION('',(1.,0.,-0.));
#2809=AXIS2_PLACEMENT_3D('',#2806,#2807,#2808);
#2810=PLANE('',#2809);
#2811=CARTESIAN_POINT('',(-22.077471197,27.91163302,52.070015182));
#2812=VERTEX_POINT('',#2811);
#2813=CARTESIAN_POINT('',(-23.527471197,27.91163302,52.070015182));
#2814=DIRECTION('',(1.,0.,0.));
#2815=VECTOR('',#2814,1.45);
#2816=LINE('',#2813,#2815);
#2817=EDGE_CURVE('',#2788,#2812,#2816,.T.);
#2818=ORIENTED_EDGE('',*,*,#2817,.F.);
#2819=ORIENTED_EDGE('',*,*,#2801,.F.);
#2820=ORIENTED_EDGE('',*,*,#2492,.T.);
#2821=CARTESIAN_POINT('',(-22.077471197,27.91163302,46.755286844));
#2822=DIRECTION('',(-0.,0.,1.));
#2823=VECTOR('',#2822,5.314728338);
#2824=LINE('',#2821,#2823);
#2825=EDGE_CURVE('',#2479,#2812,#2824,.T.);
#2826=ORIENTED_EDGE('',*,*,#2825,.T.);
#2827=EDGE_LOOP('',(#2818,#2819,#2820,#2826));
#2828=FACE_BOUND('',#2827,.T.);
#2829=ADVANCED_FACE('',(#2828),#2810,.T.);
#2830=CARTESIAN_POINT('',(-22.077471197,27.91163302,46.755286844));
#2831=DIRECTION('',(1.,-0.,0.));
#2832=DIRECTION('',(0.,1.,-0.));
#2833=AXIS2_PLACEMENT_3D('',#2830,#2831,#2832);
#2834=PLANE('',#2833);
#2835=CARTESIAN_POINT('',(-22.077471197,27.91163302,52.070015182));
#2836=DIRECTION('',(0.,1.,0.));
#2837=VECTOR('',#2836,1.4);
#2838=LINE('',#2835,#2837);
#2839=EDGE_CURVE('',#2812,#2692,#2838,.T.);
#2840=ORIENTED_EDGE('',*,*,#2839,.F.);
#2841=ORIENTED_EDGE('',*,*,#2825,.F.);
#2842=ORIENTED_EDGE('',*,*,#2484,.T.);
#2843=ORIENTED_EDGE('',*,*,#2703,.T.);
#2844=EDGE_LOOP('',(#2840,#2841,#2842,#2843));
#2845=FACE_BOUND('',#2844,.T.);
#2846=ADVANCED_FACE('',(#2845),#2834,.T.);
#2847=CARTESIAN_POINT('',(-21.527471197,27.31163302,52.070015182));
#2848=DIRECTION('',(0.,0.,-1.));
#2849=DIRECTION('',(-1.,0.,0.));
#2850=AXIS2_PLACEMENT_3D('',#2847,#2848,#2849);
#2851=PLANE('',#2850);
#2852=ORIENTED_EDGE('',*,*,#2697,.T.);
#2853=ORIENTED_EDGE('',*,*,#2572,.T.);
#2854=ORIENTED_EDGE('',*,*,#2601,.T.);
#2855=ORIENTED_EDGE('',*,*,#2625,.T.);
#2856=ORIENTED_EDGE('',*,*,#2649,.T.);
#2857=ORIENTED_EDGE('',*,*,#2673,.T.);
#2858=ORIENTED_EDGE('',*,*,#2721,.T.);
#2859=ORIENTED_EDGE('',*,*,#2745,.T.);
#2860=ORIENTED_EDGE('',*,*,#2769,.T.);
#2861=ORIENTED_EDGE('',*,*,#2793,.T.);
#2862=ORIENTED_EDGE('',*,*,#2817,.T.);
#2863=ORIENTED_EDGE('',*,*,#2839,.T.);
#2864=EDGE_LOOP('',(#2852,#2853,#2854,#2855,#2856,#2857,#2858,#2859,#2860,#2861,#2862,#2863));
#2865=FACE_BOUND('',#2864,.T.);
#2866=ADVANCED_FACE('',(#2865),#2851,.T.);
#2867=CARTESIAN_POINT('',(-21.527471197,27.31163302,52.070015182));
#2868=DIRECTION('',(0.,0.,-1.));
#2869=DIRECTION('',(-1.,0.,0.));
#2870=AXIS2_PLACEMENT_3D('',#2867,#2868,#2869);
#2871=PLANE('',#2870);
#2872=ORIENTED_EDGE('',*,*,#2439,.T.);
#2873=ORIENTED_EDGE('',*,*,#2446,.T.);
#2874=EDGE_LOOP('',(#2872,#2873));
#2875=FACE_BOUND('',#2874,.T.);
#2876=CARTESIAN_POINT('',(-12.603262131,36.235842087,52.070015182));
#2877=VERTEX_POINT('',#2876);
#2878=CARTESIAN_POINT('',(-12.603262131,18.387423953,52.070015182));
#2879=VERTEX_POINT('',#2878);
#2880=CARTESIAN_POINT('',(-12.603262131,36.235842087,52.070015182));
#2881=DIRECTION('',(0.,-1.,0.));
#2882=VECTOR('',#2881,17.848418134);
#2883=LINE('',#2880,#2882);
#2884=EDGE_CURVE('',#2877,#2879,#2883,.T.);
#2885=ORIENTED_EDGE('',*,*,#2884,.T.);
#2886=CARTESIAN_POINT('',(-30.451680264,18.387423953,52.070015182));
#2887=VERTEX_POINT('',#2886);
#2888=CARTESIAN_POINT('',(-12.603262131,18.387423953,52.070015182));
#2889=DIRECTION('',(-1.,0.,0.));
#2890=VECTOR('',#2889,17.848418134);
#2891=LINE('',#2888,#2890);
#2892=EDGE_CURVE('',#2879,#2887,#2891,.T.);
#2893=ORIENTED_EDGE('',*,*,#2892,.T.);
#2894=CARTESIAN_POINT('',(-30.451680264,36.235842087,52.070015182));
#2895=VERTEX_POINT('',#2894);
#2896=CARTESIAN_POINT('',(-30.451680264,18.387423953,52.070015182));
#2897=DIRECTION('',(0.,1.,0.));
#2898=VECTOR('',#2897,17.848418134);
#2899=LINE('',#2896,#2898);
#2900=EDGE_CURVE('',#2887,#2895,#2899,.T.);
#2901=ORIENTED_EDGE('',*,*,#2900,.T.);
#2902=CARTESIAN_POINT('',(-30.451680264,36.235842087,52.070015182));
#2903=DIRECTION('',(1.,0.,-0.));
#2904=VECTOR('',#2903,17.848418134);
#2905=LINE('',#2902,#2904);
#2906=EDGE_CURVE('',#2895,#2877,#2905,.T.);
#2907=ORIENTED_EDGE('',*,*,#2906,.T.);
#2908=EDGE_LOOP('',(#2885,#2893,#2901,#2907));
#2909=FACE_BOUND('',#2908,.T.);
#2910=ADVANCED_FACE('',(#2875,#2909),#2871,.T.);
#2911=CARTESIAN_POINT('',(-9.027471197,39.81163302,53.070015182));
#2912=DIRECTION('',(1.,0.,0.));
#2913=DIRECTION('',(0.,0.,-1.));
#2914=AXIS2_PLACEMENT_3D('',#2911,#2912,#2913);
#2915=PLANE('',#2914);
#2916=CARTESIAN_POINT('',(-9.027471197,36.81163302,46.570015182));
#2917=VERTEX_POINT('',#2916);
#2918=CARTESIAN_POINT('',(-9.027471197,36.81163302,53.070015182));
#2919=VERTEX_POINT('',#2918);
#2920=CARTESIAN_POINT('',(-9.027471197,36.81163302,46.570015182));
#2921=DIRECTION('',(-0.,-0.,1.));
#2922=VECTOR('',#2921,6.5);
#2923=LINE('',#2920,#2922);
#2924=EDGE_CURVE('',#2917,#2919,#2923,.T.);
#2925=ORIENTED_EDGE('',*,*,#2924,.T.);
#2926=CARTESIAN_POINT('',(-9.027471197,17.81163302,53.070015182));
#2927=VERTEX_POINT('',#2926);
#2928=CARTESIAN_POINT('',(-9.027471197,36.81163302,53.070015182));
#2929=DIRECTION('',(0.,-1.,0.));
#2930=VECTOR('',#2929,19.);
#2931=LINE('',#2928,#2930);
#2932=EDGE_CURVE('',#2919,#2927,#2931,.T.);
#2933=ORIENTED_EDGE('',*,*,#2932,.T.);
#2934=CARTESIAN_POINT('',(-9.027471197,17.81163302,46.570015182));
#2935=VERTEX_POINT('',#2934);
#2936=CARTESIAN_POINT('',(-9.027471197,17.81163302,53.070015182));
#2937=DIRECTION('',(0.,0.,-1.));
#2938=VECTOR('',#2937,6.5);
#2939=LINE('',#2936,#2938);
#2940=EDGE_CURVE('',#2927,#2935,#2939,.T.);
#2941=ORIENTED_EDGE('',*,*,#2940,.T.);
#2942=CARTESIAN_POINT('',(-9.027471197,36.81163302,46.570015182));
#2943=DIRECTION('',(0.,-1.,0.));
#2944=VECTOR('',#2943,19.);
#2945=LINE('',#2942,#2944);
#2946=EDGE_CURVE('',#2917,#2935,#2945,.T.);
#2947=ORIENTED_EDGE('',*,*,#2946,.F.);
#2948=EDGE_LOOP('',(#2925,#2933,#2941,#2947));
#2949=FACE_BOUND('',#2948,.T.);
#2950=ADVANCED_FACE('',(#2949),#2915,.T.);
#2951=CARTESIAN_POINT('',(-9.027471197,14.81163302,53.070015182));
#2952=DIRECTION('',(0.,-1.,0.));
#2953=DIRECTION('',(0.,0.,-1.));
#2954=AXIS2_PLACEMENT_3D('',#2951,#2952,#2953);
#2955=PLANE('',#2954);
#2956=CARTESIAN_POINT('',(-12.027471197,14.81163302,46.570015182));
#2957=VERTEX_POINT('',#2956);
#2958=CARTESIAN_POINT('',(-12.027471197,14.81163302,53.070015182));
#2959=VERTEX_POINT('',#2958);
#2960=CARTESIAN_POINT('',(-12.027471197,14.81163302,46.570015182));
#2961=DIRECTION('',(-0.,-0.,1.));
#2962=VECTOR('',#2961,6.5);
#2963=LINE('',#2960,#2962);
#2964=EDGE_CURVE('',#2957,#2959,#2963,.T.);
#2965=ORIENTED_EDGE('',*,*,#2964,.T.);
#2966=CARTESIAN_POINT('',(-31.027471197,14.81163302,53.070015182));
#2967=VERTEX_POINT('',#2966);
#2968=CARTESIAN_POINT('',(-12.027471197,14.81163302,53.070015182));
#2969=DIRECTION('',(-1.,0.,0.));
#2970=VECTOR('',#2969,19.);
#2971=LINE('',#2968,#2970);
#2972=EDGE_CURVE('',#2959,#2967,#2971,.T.);
#2973=ORIENTED_EDGE('',*,*,#2972,.T.);
#2974=CARTESIAN_POINT('',(-31.027471197,14.81163302,46.570015182));
#2975=VERTEX_POINT('',#2974);
#2976=CARTESIAN_POINT('',(-31.027471197,14.81163302,53.070015182));
#2977=DIRECTION('',(0.,0.,-1.));
#2978=VECTOR('',#2977,6.5);
#2979=LINE('',#2976,#2978);
#2980=EDGE_CURVE('',#2967,#2975,#2979,.T.);
#2981=ORIENTED_EDGE('',*,*,#2980,.T.);
#2982=CARTESIAN_POINT('',(-12.027471197,14.81163302,46.570015182));
#2983=DIRECTION('',(-1.,0.,0.));
#2984=VECTOR('',#2983,19.);
#2985=LINE('',#2982,#2984);
#2986=EDGE_CURVE('',#2957,#2975,#2985,.T.);
#2987=ORIENTED_EDGE('',*,*,#2986,.F.);
#2988=EDGE_LOOP('',(#2965,#2973,#2981,#2987));
#2989=FACE_BOUND('',#2988,.T.);
#2990=ADVANCED_FACE('',(#2989),#2955,.T.);
#2991=CARTESIAN_POINT('',(-34.027471197,14.81163302,53.070015182));
#2992=DIRECTION('',(-1.,0.,0.));
#2993=DIRECTION('',(0.,0.,1.));
#2994=AXIS2_PLACEMENT_3D('',#2991,#2992,#2993);
#2995=PLANE('',#2994);
#2996=CARTESIAN_POINT('',(-34.027471197,17.81163302,46.570015182));
#2997=VERTEX_POINT('',#2996);
#2998=CARTESIAN_POINT('',(-34.027471197,17.81163302,53.070015182));
#2999=VERTEX_POINT('',#2998);
#3000=CARTESIAN_POINT('',(-34.027471197,17.81163302,46.570015182));
#3001=DIRECTION('',(-0.,-0.,1.));
#3002=VECTOR('',#3001,6.5);
#3003=LINE('',#3000,#3002);
#3004=EDGE_CURVE('',#2997,#2999,#3003,.T.);
#3005=ORIENTED_EDGE('',*,*,#3004,.T.);
#3006=CARTESIAN_POINT('',(-34.027471197,36.81163302,53.070015182));
#3007=VERTEX_POINT('',#3006);
#3008=CARTESIAN_POINT('',(-34.027471197,17.81163302,53.070015182));
#3009=DIRECTION('',(0.,1.,0.));
#3010=VECTOR('',#3009,19.);
#3011=LINE('',#3008,#3010);
#3012=EDGE_CURVE('',#2999,#3007,#3011,.T.);
#3013=ORIENTED_EDGE('',*,*,#3012,.T.);
#3014=CARTESIAN_POINT('',(-34.027471197,36.81163302,46.570015182));
#3015=VERTEX_POINT('',#3014);
#3016=CARTESIAN_POINT('',(-34.027471197,36.81163302,53.070015182));
#3017=DIRECTION('',(0.,0.,-1.));
#3018=VECTOR('',#3017,6.5);
#3019=LINE('',#3016,#3018);
#3020=EDGE_CURVE('',#3007,#3015,#3019,.T.);
#3021=ORIENTED_EDGE('',*,*,#3020,.T.);
#3022=CARTESIAN_POINT('',(-34.027471197,17.81163302,46.570015182));
#3023=DIRECTION('',(0.,1.,0.));
#3024=VECTOR('',#3023,19.);
#3025=LINE('',#3022,#3024);
#3026=EDGE_CURVE('',#2997,#3015,#3025,.T.);
#3027=ORIENTED_EDGE('',*,*,#3026,.F.);
#3028=EDGE_LOOP('',(#3005,#3013,#3021,#3027));
#3029=FACE_BOUND('',#3028,.T.);
#3030=ADVANCED_FACE('',(#3029),#2995,.T.);
#3031=CARTESIAN_POINT('',(-34.027471197,39.81163302,53.070015182));
#3032=DIRECTION('',(0.,1.,0.));
#3033=DIRECTION('',(0.,0.,1.));
#3034=AXIS2_PLACEMENT_3D('',#3031,#3032,#3033);
#3035=PLANE('',#3034);
#3036=CARTESIAN_POINT('',(-31.027471197,39.81163302,46.570015182));
#3037=VERTEX_POINT('',#3036);
#3038=CARTESIAN_POINT('',(-31.027471197,39.81163302,53.070015182));
#3039=VERTEX_POINT('',#3038);
#3040=CARTESIAN_POINT('',(-31.027471197,39.81163302,46.570015182));
#3041=DIRECTION('',(-0.,-0.,1.));
#3042=VECTOR('',#3041,6.5);
#3043=LINE('',#3040,#3042);
#3044=EDGE_CURVE('',#3037,#3039,#3043,.T.);
#3045=ORIENTED_EDGE('',*,*,#3044,.T.);
#3046=CARTESIAN_POINT('',(-12.027471197,39.81163302,53.070015182));
#3047=VERTEX_POINT('',#3046);
#3048=CARTESIAN_POINT('',(-31.027471197,39.81163302,53.070015182));
#3049=DIRECTION('',(1.,0.,-0.));
#3050=VECTOR('',#3049,19.);
#3051=LINE('',#3048,#3050);
#3052=EDGE_CURVE('',#3039,#3047,#3051,.T.);
#3053=ORIENTED_EDGE('',*,*,#3052,.T.);
#3054=CARTESIAN_POINT('',(-12.027471197,39.81163302,46.570015182));
#3055=VERTEX_POINT('',#3054);
#3056=CARTESIAN_POINT('',(-12.027471197,39.81163302,53.070015182));
#3057=DIRECTION('',(0.,0.,-1.));
#3058=VECTOR('',#3057,6.5);
#3059=LINE('',#3056,#3058);
#3060=EDGE_CURVE('',#3047,#3055,#3059,.T.);
#3061=ORIENTED_EDGE('',*,*,#3060,.T.);
#3062=CARTESIAN_POINT('',(-31.027471197,39.81163302,46.570015182));
#3063=DIRECTION('',(1.,0.,-0.));
#3064=VECTOR('',#3063,19.);
#3065=LINE('',#3062,#3064);
#3066=EDGE_CURVE('',#3037,#3055,#3065,.T.);
#3067=ORIENTED_EDGE('',*,*,#3066,.F.);
#3068=EDGE_LOOP('',(#3045,#3053,#3061,#3067));
#3069=FACE_BOUND('',#3068,.T.);
#3070=ADVANCED_FACE('',(#3069),#3035,.T.);
#3071=CARTESIAN_POINT('',(-21.527471197,27.31163302,54.070015182));
#3072=DIRECTION('',(0.,0.,-1.));
#3073=DIRECTION('',(-1.,0.,0.));
#3074=AXIS2_PLACEMENT_3D('',#3071,#3072,#3073);
#3075=PLANE('',#3074);
#3076=CARTESIAN_POINT('',(-13.019539137,27.31163302,54.070015182));
#3077=VERTEX_POINT('',#3076);
#3078=CARTESIAN_POINT('',(-21.527471197,27.31163302,54.070015182));
#3079=DIRECTION('',(0.,0.,1.));
#3080=DIRECTION('',(1.,0.,-0.));
#3081=AXIS2_PLACEMENT_3D('',#3078,#3079,#3080);
#3082=CIRCLE('',#3081,8.50793206);
#3083=EDGE_CURVE('',#3077,#3077,#3082,.T.);
#3084=ORIENTED_EDGE('',*,*,#3083,.F.);
#3085=EDGE_LOOP('',(#3084));
#3086=FACE_BOUND('',#3085,.T.);
#3087=CARTESIAN_POINT('',(-31.027471197,38.81163302,54.070015182));
#3088=VERTEX_POINT('',#3087);
#3089=CARTESIAN_POINT('',(-33.027471197,36.81163302,54.070015182));
#3090=VERTEX_POINT('',#3089);
#3091=CARTESIAN_POINT('',(-31.027471197,36.81163302,54.070015182));
#3092=DIRECTION('',(-0.,-0.,1.));
#3093=DIRECTION('',(-1.,0.,0.));
#3094=AXIS2_PLACEMENT_3D('',#3091,#3092,#3093);
#3095=CIRCLE('',#3094,2.);
#3096=EDGE_CURVE('',#3088,#3090,#3095,.T.);
#3097=ORIENTED_EDGE('',*,*,#3096,.T.);
#3098=CARTESIAN_POINT('',(-33.027471197,17.81163302,54.070015182));
#3099=VERTEX_POINT('',#3098);
#3100=CARTESIAN_POINT('',(-33.027471197,36.81163302,54.070015182));
#3101=DIRECTION('',(-0.,-1.,-0.));
#3102=VECTOR('',#3101,19.);
#3103=LINE('',#3100,#3102);
#3104=EDGE_CURVE('',#3090,#3099,#3103,.T.);
#3105=ORIENTED_EDGE('',*,*,#3104,.T.);
#3106=CARTESIAN_POINT('',(-31.027471197,15.81163302,54.070015182));
#3107=VERTEX_POINT('',#3106);
#3108=CARTESIAN_POINT('',(-31.027471197,17.81163302,54.070015182));
#3109=DIRECTION('',(-0.,-0.,1.));
#3110=DIRECTION('',(-1.,0.,0.));
#3111=AXIS2_PLACEMENT_3D('',#3108,#3109,#3110);
#3112=CIRCLE('',#3111,2.);
#3113=EDGE_CURVE('',#3099,#3107,#3112,.T.);
#3114=ORIENTED_EDGE('',*,*,#3113,.T.);
#3115=CARTESIAN_POINT('',(-12.027471197,15.81163302,54.070015182));
#3116=VERTEX_POINT('',#3115);
#3117=CARTESIAN_POINT('',(-31.027471197,15.81163302,54.070015182));
#3118=DIRECTION('',(1.,-0.,-0.));
#3119=VECTOR('',#3118,19.);
#3120=LINE('',#3117,#3119);
#3121=EDGE_CURVE('',#3107,#3116,#3120,.T.);
#3122=ORIENTED_EDGE('',*,*,#3121,.T.);
#3123=CARTESIAN_POINT('',(-10.027471197,17.81163302,54.070015182));
#3124=VERTEX_POINT('',#3123);
#3125=CARTESIAN_POINT('',(-12.027471197,17.81163302,54.070015182));
#3126=DIRECTION('',(-0.,-0.,1.));
#3127=DIRECTION('',(-1.,0.,0.));
#3128=AXIS2_PLACEMENT_3D('',#3125,#3126,#3127);
#3129=CIRCLE('',#3128,2.);
#3130=EDGE_CURVE('',#3116,#3124,#3129,.T.);
#3131=ORIENTED_EDGE('',*,*,#3130,.T.);
#3132=CARTESIAN_POINT('',(-10.027471197,36.81163302,54.070015182));
#3133=VERTEX_POINT('',#3132);
#3134=CARTESIAN_POINT('',(-10.027471197,17.81163302,54.070015182));
#3135=DIRECTION('',(-0.,1.,-0.));
#3136=VECTOR('',#3135,19.);
#3137=LINE('',#3134,#3136);
#3138=EDGE_CURVE('',#3124,#3133,#3137,.T.);
#3139=ORIENTED_EDGE('',*,*,#3138,.T.);
#3140=CARTESIAN_POINT('',(-12.027471197,38.81163302,54.070015182));
#3141=VERTEX_POINT('',#3140);
#3142=CARTESIAN_POINT('',(-12.027471197,36.81163302,54.070015182));
#3143=DIRECTION('',(-0.,-0.,1.));
#3144=DIRECTION('',(-1.,0.,0.));
#3145=AXIS2_PLACEMENT_3D('',#3142,#3143,#3144);
#3146=CIRCLE('',#3145,2.);
#3147=EDGE_CURVE('',#3133,#3141,#3146,.T.);
#3148=ORIENTED_EDGE('',*,*,#3147,.T.);
#3149=CARTESIAN_POINT('',(-12.027471197,38.81163302,54.070015182));
#3150=DIRECTION('',(-1.,-0.,0.));
#3151=VECTOR('',#3150,19.);
#3152=LINE('',#3149,#3151);
#3153=EDGE_CURVE('',#3141,#3088,#3152,.T.);
#3154=ORIENTED_EDGE('',*,*,#3153,.T.);
#3155=EDGE_LOOP('',(#3097,#3105,#3114,#3122,#3131,#3139,#3148,#3154));
#3156=FACE_BOUND('',#3155,.T.);
#3157=ADVANCED_FACE('',(#3086,#3156),#3075,.F.);
#3158=CARTESIAN_POINT('',(-34.027471197,36.235842087,46.570015182));
#3159=DIRECTION('',(0.,-1.,0.));
#3160=DIRECTION('',(0.,0.,-1.));
#3161=AXIS2_PLACEMENT_3D('',#3158,#3159,#3160);
#3162=PLANE('',#3161);
#3163=CARTESIAN_POINT('',(-30.451680264,36.235842087,46.570015182));
#3164=VERTEX_POINT('',#3163);
#3165=CARTESIAN_POINT('',(-12.603262131,36.235842087,46.570015182));
#3166=VERTEX_POINT('',#3165);
#3167=CARTESIAN_POINT('',(-30.451680264,36.235842087,46.570015182));
#3168=DIRECTION('',(1.,0.,-0.));
#3169=VECTOR('',#3168,17.848418134);
#3170=LINE('',#3167,#3169);
#3171=EDGE_CURVE('',#3164,#3166,#3170,.T.);
#3172=ORIENTED_EDGE('',*,*,#3171,.T.);
#3173=CARTESIAN_POINT('',(-12.603262131,36.235842087,52.070015182));
#3174=DIRECTION('',(0.,0.,-1.));
#3175=VECTOR('',#3174,5.5);
#3176=LINE('',#3173,#3175);
#3177=EDGE_CURVE('',#2877,#3166,#3176,.T.);
#3178=ORIENTED_EDGE('',*,*,#3177,.F.);
#3179=ORIENTED_EDGE('',*,*,#2906,.F.);
#3180=CARTESIAN_POINT('',(-30.451680264,36.235842087,52.070015182));
#3181=DIRECTION('',(0.,0.,-1.));
#3182=VECTOR('',#3181,5.5);
#3183=LINE('',#3180,#3182);
#3184=EDGE_CURVE('',#2895,#3164,#3183,.T.);
#3185=ORIENTED_EDGE('',*,*,#3184,.T.);
#3186=EDGE_LOOP('',(#3172,#3178,#3179,#3185));
#3187=FACE_BOUND('',#3186,.T.);
#3188=ADVANCED_FACE('',(#3187),#3162,.T.);
#3189=CARTESIAN_POINT('',(-30.451680264,14.81163302,46.570015182));
#3190=DIRECTION('',(1.,0.,0.));
#3191=DIRECTION('',(0.,0.,-1.));
#3192=AXIS2_PLACEMENT_3D('',#3189,#3190,#3191);
#3193=PLANE('',#3192);
#3194=CARTESIAN_POINT('',(-30.451680264,18.387423953,46.570015182));
#3195=VERTEX_POINT('',#3194);
#3196=CARTESIAN_POINT('',(-30.451680264,18.387423953,46.570015182));
#3197=DIRECTION('',(0.,1.,0.));
#3198=VECTOR('',#3197,17.848418134);
#3199=LINE('',#3196,#3198);
#3200=EDGE_CURVE('',#3195,#3164,#3199,.T.);
#3201=ORIENTED_EDGE('',*,*,#3200,.T.);
#3202=ORIENTED_EDGE('',*,*,#3184,.F.);
#3203=ORIENTED_EDGE('',*,*,#2900,.F.);
#3204=CARTESIAN_POINT('',(-30.451680264,18.387423953,52.070015182));
#3205=DIRECTION('',(0.,0.,-1.));
#3206=VECTOR('',#3205,5.5);
#3207=LINE('',#3204,#3206);
#3208=EDGE_CURVE('',#2887,#3195,#3207,.T.);
#3209=ORIENTED_EDGE('',*,*,#3208,.T.);
#3210=EDGE_LOOP('',(#3201,#3202,#3203,#3209));
#3211=FACE_BOUND('',#3210,.T.);
#3212=ADVANCED_FACE('',(#3211),#3193,.T.);
#3213=CARTESIAN_POINT('',(-9.027471197,18.387423953,46.570015182));
#3214=DIRECTION('',(0.,1.,0.));
#3215=DIRECTION('',(0.,0.,1.));
#3216=AXIS2_PLACEMENT_3D('',#3213,#3214,#3215);
#3217=PLANE('',#3216);
#3218=ORIENTED_EDGE('',*,*,#2892,.F.);
#3219=CARTESIAN_POINT('',(-12.603262131,18.387423953,46.570015182));
#3220=VERTEX_POINT('',#3219);
#3221=CARTESIAN_POINT('',(-12.603262131,18.387423953,52.070015182));
#3222=DIRECTION('',(0.,0.,-1.));
#3223=VECTOR('',#3222,5.5);
#3224=LINE('',#3221,#3223);
#3225=EDGE_CURVE('',#2879,#3220,#3224,.T.);
#3226=ORIENTED_EDGE('',*,*,#3225,.T.);
#3227=CARTESIAN_POINT('',(-12.603262131,18.387423953,46.570015182));
#3228=DIRECTION('',(-1.,0.,0.));
#3229=VECTOR('',#3228,17.848418134);
#3230=LINE('',#3227,#3229);
#3231=EDGE_CURVE('',#3220,#3195,#3230,.T.);
#3232=ORIENTED_EDGE('',*,*,#3231,.T.);
#3233=ORIENTED_EDGE('',*,*,#3208,.F.);
#3234=EDGE_LOOP('',(#3218,#3226,#3232,#3233));
#3235=FACE_BOUND('',#3234,.T.);
#3236=ADVANCED_FACE('',(#3235),#3217,.T.);
#3237=CARTESIAN_POINT('',(-12.603262131,39.81163302,46.570015182));
#3238=DIRECTION('',(-1.,0.,0.));
#3239=DIRECTION('',(0.,0.,1.));
#3240=AXIS2_PLACEMENT_3D('',#3237,#3238,#3239);
#3241=PLANE('',#3240);
#3242=CARTESIAN_POINT('',(-12.603262131,36.235842087,46.570015182));
#3243=DIRECTION('',(0.,-1.,0.));
#3244=VECTOR('',#3243,17.848418134);
#3245=LINE('',#3242,#3244);
#3246=EDGE_CURVE('',#3166,#3220,#3245,.T.);
#3247=ORIENTED_EDGE('',*,*,#3246,.T.);
#3248=ORIENTED_EDGE('',*,*,#3225,.F.);
#3249=ORIENTED_EDGE('',*,*,#2884,.F.);
#3250=ORIENTED_EDGE('',*,*,#3177,.T.);
#3251=EDGE_LOOP('',(#3247,#3248,#3249,#3250));
#3252=FACE_BOUND('',#3251,.T.);
#3253=ADVANCED_FACE('',(#3252),#3241,.T.);
#3254=CARTESIAN_POINT('',(-21.527471197,27.31163302,46.570015182));
#3255=DIRECTION('',(0.,0.,-1.));
#3256=DIRECTION('',(-1.,0.,0.));
#3257=AXIS2_PLACEMENT_3D('',#3254,#3255,#3256);
#3258=PLANE('',#3257);
#3259=ORIENTED_EDGE('',*,*,#3171,.F.);
#3260=ORIENTED_EDGE('',*,*,#3200,.F.);
#3261=ORIENTED_EDGE('',*,*,#3231,.F.);
#3262=ORIENTED_EDGE('',*,*,#3246,.F.);
#3263=EDGE_LOOP('',(#3259,#3260,#3261,#3262));
#3264=FACE_BOUND('',#3263,.T.);
#3265=ORIENTED_EDGE('',*,*,#2986,.T.);
#3266=CARTESIAN_POINT('',(-31.027471197,17.81163302,46.570015182));
#3267=DIRECTION('',(0.,0.,-1.));
#3268=DIRECTION('',(-1.,0.,0.));
#3269=AXIS2_PLACEMENT_3D('',#3266,#3267,#3268);
#3270=CIRCLE('',#3269,3.);
#3271=EDGE_CURVE('',#2975,#2997,#3270,.T.);
#3272=ORIENTED_EDGE('',*,*,#3271,.T.);
#3273=ORIENTED_EDGE('',*,*,#3026,.T.);
#3274=CARTESIAN_POINT('',(-31.027471197,36.81163302,46.570015182));
#3275=DIRECTION('',(0.,0.,-1.));
#3276=DIRECTION('',(-1.,0.,0.));
#3277=AXIS2_PLACEMENT_3D('',#3274,#3275,#3276);
#3278=CIRCLE('',#3277,3.);
#3279=EDGE_CURVE('',#3015,#3037,#3278,.T.);
#3280=ORIENTED_EDGE('',*,*,#3279,.T.);
#3281=ORIENTED_EDGE('',*,*,#3066,.T.);
#3282=CARTESIAN_POINT('',(-12.027471197,36.81163302,46.570015182));
#3283=DIRECTION('',(0.,0.,-1.));
#3284=DIRECTION('',(-1.,0.,0.));
#3285=AXIS2_PLACEMENT_3D('',#3282,#3283,#3284);
#3286=CIRCLE('',#3285,3.);
#3287=EDGE_CURVE('',#3055,#2917,#3286,.T.);
#3288=ORIENTED_EDGE('',*,*,#3287,.T.);
#3289=ORIENTED_EDGE('',*,*,#2946,.T.);
#3290=CARTESIAN_POINT('',(-12.027471197,17.81163302,46.570015182));
#3291=DIRECTION('',(0.,0.,-1.));
#3292=DIRECTION('',(-1.,0.,0.));
#3293=AXIS2_PLACEMENT_3D('',#3290,#3291,#3292);
#3294=CIRCLE('',#3293,3.);
#3295=EDGE_CURVE('',#2935,#2957,#3294,.T.);
#3296=ORIENTED_EDGE('',*,*,#3295,.T.);
#3297=EDGE_LOOP('',(#3265,#3272,#3273,#3280,#3281,#3288,#3289,#3296));
#3298=FACE_BOUND('',#3297,.T.);
#3299=ADVANCED_FACE('',(#3264,#3298),#3258,.T.);
#3300=CARTESIAN_POINT('',(-31.027471197,17.81163302,53.070015182));
#3301=DIRECTION('',(0.,0.,-1.));
#3302=DIRECTION('',(-1.,0.,0.));
#3303=AXIS2_PLACEMENT_3D('',#3300,#3301,#3302);
#3304=CYLINDRICAL_SURFACE('',#3303,3.);
#3305=ORIENTED_EDGE('',*,*,#2980,.F.);
#3306=CARTESIAN_POINT('',(-31.027471197,17.81163302,53.070015182));
#3307=DIRECTION('',(0.,0.,-1.));
#3308=DIRECTION('',(-1.,0.,0.));
#3309=AXIS2_PLACEMENT_3D('',#3306,#3307,#3308);
#3310=CIRCLE('',#3309,3.);
#3311=EDGE_CURVE('',#2967,#2999,#3310,.T.);
#3312=ORIENTED_EDGE('',*,*,#3311,.T.);
#3313=ORIENTED_EDGE('',*,*,#3004,.F.);
#3314=ORIENTED_EDGE('',*,*,#3271,.F.);
#3315=EDGE_LOOP('',(#3305,#3312,#3313,#3314));
#3316=FACE_BOUND('',#3315,.T.);
#3317=ADVANCED_FACE('',(#3316),#3304,.T.);
#3318=CARTESIAN_POINT('',(-31.027471197,36.81163302,53.070015182));
#3319=DIRECTION('',(0.,0.,-1.));
#3320=DIRECTION('',(-1.,0.,0.));
#3321=AXIS2_PLACEMENT_3D('',#3318,#3319,#3320);
#3322=CYLINDRICAL_SURFACE('',#3321,3.);
#3323=ORIENTED_EDGE('',*,*,#3020,.F.);
#3324=CARTESIAN_POINT('',(-31.027471197,36.81163302,53.070015182));
#3325=DIRECTION('',(0.,0.,-1.));
#3326=DIRECTION('',(-1.,0.,0.));
#3327=AXIS2_PLACEMENT_3D('',#3324,#3325,#3326);
#3328=CIRCLE('',#3327,3.);
#3329=EDGE_CURVE('',#3007,#3039,#3328,.T.);
#3330=ORIENTED_EDGE('',*,*,#3329,.T.);
#3331=ORIENTED_EDGE('',*,*,#3044,.F.);
#3332=ORIENTED_EDGE('',*,*,#3279,.F.);
#3333=EDGE_LOOP('',(#3323,#3330,#3331,#3332));
#3334=FACE_BOUND('',#3333,.T.);
#3335=ADVANCED_FACE('',(#3334),#3322,.T.);
#3336=CARTESIAN_POINT('',(-12.027471197,36.81163302,53.070015182));
#3337=DIRECTION('',(0.,0.,-1.));
#3338=DIRECTION('',(-1.,0.,0.));
#3339=AXIS2_PLACEMENT_3D('',#3336,#3337,#3338);
#3340=CYLINDRICAL_SURFACE('',#3339,3.);
#3341=ORIENTED_EDGE('',*,*,#3060,.F.);
#3342=CARTESIAN_POINT('',(-12.027471197,36.81163302,53.070015182));
#3343=DIRECTION('',(0.,0.,-1.));
#3344=DIRECTION('',(-1.,0.,0.));
#3345=AXIS2_PLACEMENT_3D('',#3342,#3343,#3344);
#3346=CIRCLE('',#3345,3.);
#3347=EDGE_CURVE('',#3047,#2919,#3346,.T.);
#3348=ORIENTED_EDGE('',*,*,#3347,.T.);
#3349=ORIENTED_EDGE('',*,*,#2924,.F.);
#3350=ORIENTED_EDGE('',*,*,#3287,.F.);
#3351=EDGE_LOOP('',(#3341,#3348,#3349,#3350));
#3352=FACE_BOUND('',#3351,.T.);
#3353=ADVANCED_FACE('',(#3352),#3340,.T.);
#3354=CARTESIAN_POINT('',(-12.027471197,17.81163302,53.070015182));
#3355=DIRECTION('',(0.,0.,-1.));
#3356=DIRECTION('',(-1.,0.,0.));
#3357=AXIS2_PLACEMENT_3D('',#3354,#3355,#3356);
#3358=CYLINDRICAL_SURFACE('',#3357,3.);
#3359=ORIENTED_EDGE('',*,*,#2940,.F.);
#3360=CARTESIAN_POINT('',(-12.027471197,17.81163302,53.070015182));
#3361=DIRECTION('',(0.,0.,-1.));
#3362=DIRECTION('',(-1.,0.,0.));
#3363=AXIS2_PLACEMENT_3D('',#3360,#3361,#3362);
#3364=CIRCLE('',#3363,3.);
#3365=EDGE_CURVE('',#2927,#2959,#3364,.T.);
#3366=ORIENTED_EDGE('',*,*,#3365,.T.);
#3367=ORIENTED_EDGE('',*,*,#2964,.F.);
#3368=ORIENTED_EDGE('',*,*,#3295,.F.);
#3369=EDGE_LOOP('',(#3359,#3366,#3367,#3368));
#3370=FACE_BOUND('',#3369,.T.);
#3371=ADVANCED_FACE('',(#3370),#3358,.T.);
#3372=CARTESIAN_POINT('',(-34.027471197,38.81163302,53.070015182));
#3373=DIRECTION('',(-1.,0.,0.));
#3374=DIRECTION('',(0.,0.,1.));
#3375=AXIS2_PLACEMENT_3D('',#3372,#3373,#3374);
#3376=CYLINDRICAL_SURFACE('',#3375,1.);
#3377=CARTESIAN_POINT('',(-31.027471197,38.81163302,53.070015182));
#3378=DIRECTION('',(-1.,0.,0.));
#3379=DIRECTION('',(0.,0.,1.));
#3380=AXIS2_PLACEMENT_3D('',#3377,#3378,#3379);
#3381=CIRCLE('',#3380,1.);
#3382=EDGE_CURVE('',#3088,#3039,#3381,.T.);
#3383=ORIENTED_EDGE('',*,*,#3382,.F.);
#3384=ORIENTED_EDGE('',*,*,#3153,.F.);
#3385=CARTESIAN_POINT('',(-12.027471197,38.81163302,53.070015182));
#3386=DIRECTION('',(1.,0.,0.));
#3387=DIRECTION('',(0.,0.,-1.));
#3388=AXIS2_PLACEMENT_3D('',#3385,#3386,#3387);
#3389=CIRCLE('',#3388,1.);
#3390=EDGE_CURVE('',#3047,#3141,#3389,.T.);
#3391=ORIENTED_EDGE('',*,*,#3390,.F.);
#3392=ORIENTED_EDGE('',*,*,#3052,.F.);
#3393=EDGE_LOOP('',(#3383,#3384,#3391,#3392));
#3394=FACE_BOUND('',#3393,.T.);
#3395=ADVANCED_FACE('',(#3394),#3376,.T.);
#3396=CARTESIAN_POINT('',(-12.027471197,36.81163302,53.070015182));
#3397=DIRECTION('',(0.,0.,-1.));
#3398=DIRECTION('',(-1.,0.,0.));
#3399=AXIS2_PLACEMENT_3D('',#3396,#3397,#3398);
#3400=TOROIDAL_SURFACE('',#3399,2.,1.);
#3401=ORIENTED_EDGE('',*,*,#3390,.T.);
#3402=ORIENTED_EDGE('',*,*,#3147,.F.);
#3403=CARTESIAN_POINT('',(-10.027471197,36.81163302,53.070015182));
#3404=DIRECTION('',(0.,-1.,0.));
#3405=DIRECTION('',(0.,0.,-1.));
#3406=AXIS2_PLACEMENT_3D('',#3403,#3404,#3405);
#3407=CIRCLE('',#3406,1.);
#3408=EDGE_CURVE('',#2919,#3133,#3407,.T.);
#3409=ORIENTED_EDGE('',*,*,#3408,.F.);
#3410=ORIENTED_EDGE('',*,*,#3347,.F.);
#3411=EDGE_LOOP('',(#3401,#3402,#3409,#3410));
#3412=FACE_BOUND('',#3411,.T.);
#3413=ADVANCED_FACE('',(#3412),#3400,.T.);
#3414=CARTESIAN_POINT('',(-31.027471197,36.81163302,53.070015182));
#3415=DIRECTION('',(0.,0.,-1.));
#3416=DIRECTION('',(-1.,0.,0.));
#3417=AXIS2_PLACEMENT_3D('',#3414,#3415,#3416);
#3418=TOROIDAL_SURFACE('',#3417,2.,1.);
#3419=ORIENTED_EDGE('',*,*,#3382,.T.);
#3420=ORIENTED_EDGE('',*,*,#3329,.F.);
#3421=CARTESIAN_POINT('',(-33.027471197,36.81163302,53.070015182));
#3422=DIRECTION('',(0.,-1.,0.));
#3423=DIRECTION('',(0.,0.,-1.));
#3424=AXIS2_PLACEMENT_3D('',#3421,#3422,#3423);
#3425=CIRCLE('',#3424,1.);
#3426=EDGE_CURVE('',#3090,#3007,#3425,.T.);
#3427=ORIENTED_EDGE('',*,*,#3426,.F.);
#3428=ORIENTED_EDGE('',*,*,#3096,.F.);
#3429=EDGE_LOOP('',(#3419,#3420,#3427,#3428));
#3430=FACE_BOUND('',#3429,.T.);
#3431=ADVANCED_FACE('',(#3430),#3418,.T.);
#3432=CARTESIAN_POINT('',(-10.027471197,39.81163302,53.070015182));
#3433=DIRECTION('',(0.,1.,0.));
#3434=DIRECTION('',(0.,-0.,1.));
#3435=AXIS2_PLACEMENT_3D('',#3432,#3433,#3434);
#3436=CYLINDRICAL_SURFACE('',#3435,1.);
#3437=ORIENTED_EDGE('',*,*,#3408,.T.);
#3438=ORIENTED_EDGE('',*,*,#3138,.F.);
#3439=CARTESIAN_POINT('',(-10.027471197,17.81163302,53.070015182));
#3440=DIRECTION('',(0.,-1.,0.));
#3441=DIRECTION('',(0.,0.,-1.));
#3442=AXIS2_PLACEMENT_3D('',#3439,#3440,#3441);
#3443=CIRCLE('',#3442,1.);
#3444=EDGE_CURVE('',#2927,#3124,#3443,.T.);
#3445=ORIENTED_EDGE('',*,*,#3444,.F.);
#3446=ORIENTED_EDGE('',*,*,#2932,.F.);
#3447=EDGE_LOOP('',(#3437,#3438,#3445,#3446));
#3448=FACE_BOUND('',#3447,.T.);
#3449=ADVANCED_FACE('',(#3448),#3436,.T.);
#3450=CARTESIAN_POINT('',(-33.027471197,14.81163302,53.070015182));
#3451=DIRECTION('',(0.,-1.,0.));
#3452=DIRECTION('',(0.,0.,-1.));
#3453=AXIS2_PLACEMENT_3D('',#3450,#3451,#3452);
#3454=CYLINDRICAL_SURFACE('',#3453,1.);
#3455=ORIENTED_EDGE('',*,*,#3426,.T.);
#3456=ORIENTED_EDGE('',*,*,#3012,.F.);
#3457=CARTESIAN_POINT('',(-33.027471197,17.81163302,53.070015182));
#3458=DIRECTION('',(0.,-1.,0.));
#3459=DIRECTION('',(0.,0.,-1.));
#3460=AXIS2_PLACEMENT_3D('',#3457,#3458,#3459);
#3461=CIRCLE('',#3460,1.);
#3462=EDGE_CURVE('',#3099,#2999,#3461,.T.);
#3463=ORIENTED_EDGE('',*,*,#3462,.F.);
#3464=ORIENTED_EDGE('',*,*,#3104,.F.);
#3465=EDGE_LOOP('',(#3455,#3456,#3463,#3464));
#3466=FACE_BOUND('',#3465,.T.);
#3467=ADVANCED_FACE('',(#3466),#3454,.T.);
#3468=CARTESIAN_POINT('',(-12.027471197,17.81163302,53.070015182));
#3469=DIRECTION('',(0.,0.,-1.));
#3470=DIRECTION('',(-1.,0.,0.));
#3471=AXIS2_PLACEMENT_3D('',#3468,#3469,#3470);
#3472=TOROIDAL_SURFACE('',#3471,2.,1.);
#3473=ORIENTED_EDGE('',*,*,#3444,.T.);
#3474=ORIENTED_EDGE('',*,*,#3130,.F.);
#3475=CARTESIAN_POINT('',(-12.027471197,15.81163302,53.070015182));
#3476=DIRECTION('',(-1.,0.,0.));
#3477=DIRECTION('',(0.,0.,1.));
#3478=AXIS2_PLACEMENT_3D('',#3475,#3476,#3477);
#3479=CIRCLE('',#3478,1.);
#3480=EDGE_CURVE('',#2959,#3116,#3479,.T.);
#3481=ORIENTED_EDGE('',*,*,#3480,.F.);
#3482=ORIENTED_EDGE('',*,*,#3365,.F.);
#3483=EDGE_LOOP('',(#3473,#3474,#3481,#3482));
#3484=FACE_BOUND('',#3483,.T.);
#3485=ADVANCED_FACE('',(#3484),#3472,.T.);
#3486=CARTESIAN_POINT('',(-31.027471197,17.81163302,53.070015182));
#3487=DIRECTION('',(0.,0.,-1.));
#3488=DIRECTION('',(-1.,0.,0.));
#3489=AXIS2_PLACEMENT_3D('',#3486,#3487,#3488);
#3490=TOROIDAL_SURFACE('',#3489,2.,1.);
#3491=ORIENTED_EDGE('',*,*,#3462,.T.);
#3492=ORIENTED_EDGE('',*,*,#3311,.F.);
#3493=CARTESIAN_POINT('',(-31.027471197,15.81163302,53.070015182));
#3494=DIRECTION('',(1.,0.,0.));
#3495=DIRECTION('',(0.,0.,-1.));
#3496=AXIS2_PLACEMENT_3D('',#3493,#3494,#3495);
#3497=CIRCLE('',#3496,1.);
#3498=EDGE_CURVE('',#3107,#2967,#3497,.T.);
#3499=ORIENTED_EDGE('',*,*,#3498,.F.);
#3500=ORIENTED_EDGE('',*,*,#3113,.F.);
#3501=EDGE_LOOP('',(#3491,#3492,#3499,#3500));
#3502=FACE_BOUND('',#3501,.T.);
#3503=ADVANCED_FACE('',(#3502),#3490,.T.);
#3504=CARTESIAN_POINT('',(-9.027471197,15.81163302,53.070015182));
#3505=DIRECTION('',(1.,0.,0.));
#3506=DIRECTION('',(0.,0.,-1.));
#3507=AXIS2_PLACEMENT_3D('',#3504,#3505,#3506);
#3508=CYLINDRICAL_SURFACE('',#3507,1.);
#3509=ORIENTED_EDGE('',*,*,#3480,.T.);
#3510=ORIENTED_EDGE('',*,*,#3121,.F.);
#3511=ORIENTED_EDGE('',*,*,#3498,.T.);
#3512=ORIENTED_EDGE('',*,*,#2972,.F.);
#3513=EDGE_LOOP('',(#3509,#3510,#3511,#3512));
#3514=FACE_BOUND('',#3513,.T.);
#3515=ADVANCED_FACE('',(#3514),#3508,.T.);
#3516=CARTESIAN_POINT('',(-21.527471197,27.31163302,53.570015182));
#3517=DIRECTION('',(0.,0.,1.));
#3518=DIRECTION('',(1.,0.,-0.));
#3519=AXIS2_PLACEMENT_3D('',#3516,#3517,#3518);
#3520=CYLINDRICAL_SURFACE('',#3519,6.50793206);
#3521=CARTESIAN_POINT('',(-15.019539137,27.31163302,54.070015182));
#3522=VERTEX_POINT('',#3521);
#3523=CARTESIAN_POINT('',(-15.019539137,27.31163302,53.570015182));
#3524=VERTEX_POINT('',#3523);
#3525=CARTESIAN_POINT('',(-15.019539137,27.31163302,54.070015182));
#3526=DIRECTION('',(-0.,-0.,-1.));
#3527=VECTOR('',#3526,0.5);
#3528=LINE('',#3525,#3527);
#3529=EDGE_CURVE('',#3522,#3524,#3528,.T.);
#3530=ORIENTED_EDGE('',*,*,#3529,.T.);
#3531=CARTESIAN_POINT('',(-21.527471197,27.31163302,53.570015182));
#3532=DIRECTION('',(0.,0.,1.));
#3533=DIRECTION('',(1.,0.,-0.));
#3534=AXIS2_PLACEMENT_3D('',#3531,#3532,#3533);
#3535=CIRCLE('',#3534,6.50793206);
#3536=EDGE_CURVE('',#3524,#3524,#3535,.T.);
#3537=ORIENTED_EDGE('',*,*,#3536,.T.);
#3538=ORIENTED_EDGE('',*,*,#3529,.F.);
#3539=CARTESIAN_POINT('',(-21.527471197,27.31163302,54.070015182));
#3540=DIRECTION('',(0.,0.,1.));
#3541=DIRECTION('',(1.,0.,-0.));
#3542=AXIS2_PLACEMENT_3D('',#3539,#3540,#3541);
#3543=CIRCLE('',#3542,6.50793206);
#3544=EDGE_CURVE('',#3522,#3522,#3543,.T.);
#3545=ORIENTED_EDGE('',*,*,#3544,.F.);
#3546=EDGE_LOOP('',(#3530,#3537,#3538,#3545));
#3547=FACE_BOUND('',#3546,.T.);
#3548=ADVANCED_FACE('',(#3547),#3520,.T.);
#3549=CARTESIAN_POINT('',(-21.527471197,27.31163302,53.570015182));
#3550=DIRECTION('',(0.,0.,1.));
#3551=DIRECTION('',(1.,0.,-0.));
#3552=AXIS2_PLACEMENT_3D('',#3549,#3550,#3551);
#3553=CYLINDRICAL_SURFACE('',#3552,8.50793206);
#3554=CARTESIAN_POINT('',(-13.019539137,27.31163302,53.570015182));
#3555=VERTEX_POINT('',#3554);
#3556=CARTESIAN_POINT('',(-13.019539137,27.31163302,54.070015182));
#3557=DIRECTION('',(-0.,-0.,-1.));
#3558=VECTOR('',#3557,0.5);
#3559=LINE('',#3556,#3558);
#3560=EDGE_CURVE('',#3077,#3555,#3559,.T.);
#3561=ORIENTED_EDGE('',*,*,#3560,.F.);
#3562=ORIENTED_EDGE('',*,*,#3083,.T.);
#3563=ORIENTED_EDGE('',*,*,#3560,.T.);
#3564=CARTESIAN_POINT('',(-21.527471197,27.31163302,53.570015182));
#3565=DIRECTION('',(0.,0.,1.));
#3566=DIRECTION('',(1.,0.,-0.));
#3567=AXIS2_PLACEMENT_3D('',#3564,#3565,#3566);
#3568=CIRCLE('',#3567,8.50793206);
#3569=EDGE_CURVE('',#3555,#3555,#3568,.T.);
#3570=ORIENTED_EDGE('',*,*,#3569,.F.);
#3571=EDGE_LOOP('',(#3561,#3562,#3563,#3570));
#3572=FACE_BOUND('',#3571,.T.);
#3573=ADVANCED_FACE('',(#3572),#3553,.F.);
#3574=CARTESIAN_POINT('',(-21.527471197,27.31163302,53.570015182));
#3575=DIRECTION('',(0.,0.,1.));
#3576=DIRECTION('',(1.,0.,0.));
#3577=AXIS2_PLACEMENT_3D('',#3574,#3575,#3576);
#3578=PLANE('',#3577);
#3579=ORIENTED_EDGE('',*,*,#3536,.F.);
#3580=EDGE_LOOP('',(#3579));
#3581=FACE_BOUND('',#3580,.T.);
#3582=ORIENTED_EDGE('',*,*,#3569,.T.);
#3583=EDGE_LOOP('',(#3582));
#3584=FACE_BOUND('',#3583,.T.);
#3585=ADVANCED_FACE('',(#3581,#3584),#3578,.T.);
#3586=CARTESIAN_POINT('',(-21.527471197,27.31163302,54.070015182));
#3587=DIRECTION('',(0.,0.,-1.));
#3588=DIRECTION('',(-1.,0.,0.));
#3589=AXIS2_PLACEMENT_3D('',#3586,#3587,#3588);
#3590=PLANE('',#3589);
#3591=ORIENTED_EDGE('',*,*,#3544,.T.);
#3592=EDGE_LOOP('',(#3591));
#3593=FACE_BOUND('',#3592,.T.);
#3594=ADVANCED_FACE('',(#3593),#3590,.F.);
#3595=CLOSED_SHELL('',(#2450,#2558,#2589,#2613,#2637,#2661,#2685,#2709,#2733,#2757,#2781,#2805,#2829,#2846,#2866,#2910,#2950,#2990,#3030,#3070,#3157,#3188,#3212,#3236,#3253,#3299,
#3317,#3335,#3353,#3371,#3395,#3413,#3431,#3449,#3467,#3485,#3503,#3515,#3548,#3573,#3585,#3594));
#3596=MANIFOLD_SOLID_BREP('Solid 827',#3595);
#2021=STYLED_ITEM('',(#2020),#3596);
#103=SHAPE_REPRESENTATION('1x1 R1 v23:1',(#102),#97);
#104=ADVANCED_BREP_SHAPE_REPRESENTATION('1x1 R1 v23:1',(#2013,#3596),#97);
#3604=SHAPE_REPRESENTATION_RELATIONSHIP('','',#103,#104);
#3605=APPLICATION_CONTEXT('configuration controlled 3D design of mechanical parts and assemblies');
#3606=APPLICATION_PROTOCOL_DEFINITION('international standard','configuration_control_3d_design_ed2_mim',2004,#3605);
#3607=PRODUCT_CONTEXT('',#3605,'mechanical');
#3608=PRODUCT_DEFINITION_CONTEXT('part definition',#3605,'design');
#111=PRODUCT('0','0','',(#3607));
#3609=PRODUCT_RELATED_PRODUCT_CATEGORY('part','',(#111));
#3610=PRODUCT_DEFINITION_FORMATION_WITH_SPECIFIED_SOURCE('','',#111,.NOT_KNOWN.);
#112=PRODUCT_DEFINITION('design','',#3610,#3608);
#110=PRODUCT_DEFINITION_SHAPE('','',#112);
#3611=SHAPE_DEFINITION_REPRESENTATION(#110,#103);
#98=DRAUGHTING_MODEL('',(),#97);
#71=SHAPE_REPRESENTATION('1x1:1',(#70,#116),#65);
#79=PRODUCT('0','0','',(#3607));
#3612=PRODUCT_RELATED_PRODUCT_CATEGORY('part','',(#79));
#3613=PRODUCT_DEFINITION_FORMATION_WITH_SPECIFIED_SOURCE('','',#79,.NOT_KNOWN.);
#80=PRODUCT_DEFINITION('design','',#3613,#3608);
#78=PRODUCT_DEFINITION_SHAPE('','',#80);
#3614=SHAPE_DEFINITION_REPRESENTATION(#78,#71);
#66=DRAUGHTING_MODEL('',(),#65);
#39=SHAPE_REPRESENTATION('Cherry MX keycaps.step',(#38,#84),#33);
#47=PRODUCT('0','0','',(#3607));
#3615=PRODUCT_RELATED_PRODUCT_CATEGORY('part','',(#47));
#3616=PRODUCT_DEFINITION_FORMATION_WITH_SPECIFIED_SOURCE('','',#47,.NOT_KNOWN.);
#48=PRODUCT_DEFINITION('design','',#3616,#3608);
#46=PRODUCT_DEFINITION_SHAPE('','',#48);
#3617=SHAPE_DEFINITION_REPRESENTATION(#46,#39);
#34=DRAUGHTING_MODEL('',(),#33);
#16=SHAPE_REPRESENTATION('root',(#15,#52),#10);
#24=PRODUCT('root','root','',(#3607));
#3618=PRODUCT_RELATED_PRODUCT_CATEGORY('part','',(#24));
#3619=PRODUCT_DEFINITION_FORMATION_WITH_SPECIFIED_SOURCE('','',#24,.NOT_KNOWN.);
#25=PRODUCT_DEFINITION('design','',#3619,#3608);
#23=PRODUCT_DEFINITION_SHAPE('','',#25);
#3620=SHAPE_DEFINITION_REPRESENTATION(#23,#16);
#11=DRAUGHTING_MODEL('',(),#10);
#1=MECHANICAL_DESIGN_GEOMETRIC_PRESENTATION_REPRESENTATION('',(#122,#2021),#10);
ENDSEC;
END-ISO-10303-21;
